time,lambda,chain,IPR,norm
0.0,0.5,fibonacci,0.00940313707633849,1.0
1.0,0.5,fibonacci,0.00940295623900584,1.0000000000000235
1.023340212191642,0.5,fibonacci,0.009402943199284646,1.000000000000112
1.0472251898884348,0.5,fibonacci,0.009402929176559457,1.0000000000002427
1.0716676480328635,0.5,fibonacci,0.009402914098057494,1.0000000000004081
1.0966805983368684,0.5,fibonacci,0.009402897886205368,1.0000000000005917
1.1222773562085078,0.5,fibonacci,0.009402880458414885,1.000000000000769
1.1484715478402894,0.5,fibonacci,0.009402861726876082,1.0000000000009097
1.1752771174629453,0.5,fibonacci,0.00940284159836072,1.0000000000009803
1.2027083347685117,0.5,fibonacci,0.00940281997404014,1.0000000000009501
1.2307798025066652,0.5,fibonacci,0.009402796749321771,1.000000000000796
1.259506464258358,0.5,fibonacci,0.009402771813708981,1.0000000000005103
1.2889036123908928,0.5,fibonacci,0.00940274505068948,1.0000000000001072
1.3189868961986702,0.5,fibonacci,0.009402716337657909,0.9999999999996276
1.3497723302339424,0.5,fibonacci,0.009402685545878354,0.999999999999141
1.3812763028320096,0.5,fibonacci,0.009402652540492959,0.9999999999987409
1.4135155848353955,0.5,fibonacci,0.009402617180582605,0.9999999999985306
1.4465073385216465,0.5,fibonacci,0.009402579319285353,0.9999999999985969
1.4802691267395092,0.5,fibonacci,0.009402538803977832,0.999999999998963
1.514818922258346,0.5,fibonacci,0.009402495476523456,0.9999999999995224
1.55017511733577,0.5,fibonacci,0.009402449173589667,0.9999999999999433
1.5863565335085905,0.5,fibonacci,0.00940239972725172,0.9999999999999836
1.6233824316122787,0.5,fibonacci,0.009402346965919954,1.0000000000000062
1.661272522034293,0.5,fibonacci,0.009402290714541284,0.9999999999999792
1.7000469752067175,0.5,fibonacci,0.00940223079561647,0.9999999999999436
1.7397264323438015,0.5,fibonacci,0.009402167030205053,0.9999999999999722
1.780332016430114,0.5,fibonacci,0.009402099239072568,1.0000000000001188
1.8218853434651667,0.5,fibonacci,0.009402027243994861,1.0000000000003824
1.8644085339704863,0.5,fibonacci,0.009401950869225408,1.0000000000006941
1.9079242247652657,0.5,fibonacci,0.009401869943129299,1.000000000000929
1.9524555810168611,0.5,fibonacci,0.009401784299984946,1.0000000000009452
1.9980263085725503,0.5,fibonacci,0.009401693781951605,1.0000000000006417
2.0446606665791167,0.5,fibonacci,0.009401598241196523,1.000000000000023
2.0923834803969776,0.5,fibonacci,0.009401497542170942,0.9999999999992485
2.1412201548157292,0.5,fibonacci,0.00940139156401817,0.9999999999986259
2.1911966875781492,0.5,fibonacci,0.009401280203089817,0.9999999999985144
2.242339683219846,0.5,fibonacci,0.009401163375537574,0.9999999999990812
2.2946763672319364,0.5,fibonacci,0.00940104101993711,0.9999999999998676
2.3482346005542762,0.5,fibonacci,0.00940091309990534,0.9999999999999746
2.4030428944069686,0.5,fibonacci,0.00940077960686727,0.999999999999973
2.459130425468045,0.5,fibonacci,0.009400640562431908,0.9999999999999164
2.5165270514053915,0.5,fibonacci,0.009400496020706028,1.00000000000002
2.575263326771201,0.5,fibonacci,0.009400346070597716,1.0000000000003935
2.6353705192673944,0.5,fibonacci,0.009400190837769867,1.000000000000877
2.6968806263906933,0.5,fibonacci,0.009400030486166552,1.0000000000010938
2.7598263924661803,0.5,fibonacci,0.009399865219056017,1.0000000000006908
2.824241326078435,0.5,fibonacci,0.009399695279561091,0.9999999999996627
2.8901597179095098,0.5,fibonacci,0.009399520950688661,0.999999999998561
2.957616658993254,0.5,fibonacci,0.009399342554926613,0.9999999999983106
3.0266480593956917,0.5,fibonacci,0.009399160453552607,0.9999999999993209
3.097290667331409,0.5,fibonacci,0.009398975045745463,0.9999999999999262
3.169582088726116,0.5,fibonacci,0.009398786764529918,0.9999999999999407
3.2435608072358115,0.5,fibonacci,0.009398596073916429,0.9999999999998974
3.319266204733189,0.5,fibonacci,0.009398403465497177,1.0000000000002014
3.396738582272208,0.5,fibonacci,0.009398209454084127,1.00000000000079
3.4760191815419783,0.5,fibonacci,0.009398014572432216,1.0000000000009686
3.557150206821386,0.5,fibonacci,0.009397819364582864,1.0000000000001343
3.6401748474461404,0.5,fibonacci,0.009397624377942084,0.9999999999987459
3.7251373008002115,0.5,fibonacci,0.009397430154430246,0.9999999999984117
3.8120827958438888,0.5,fibonacci,0.009397237221382667,0.9999999999997272
3.9010576171909923,0.5,fibonacci,0.009397046080964033,0.9999999999999316
3.9921091297480515,0.5,fibonacci,0.009396857189729647,0.9999999999998642
4.085285803928563,0.5,fibonacci,0.009396670941953695,1.0000000000002158
4.1806372414557575,0.5,fibonacci,0.009396487645116452,1.0000000000008835
4.278214201767616,0.5,fibonacci,0.00939630748886314,1.0000000000006068
4.378068629038169,0.5,fibonacci,0.009396130504772891,0.9999999999990513
4.480253679829491,0.5,fibonacci,0.009395956515879482,0.9999999999983945
4.584823751389096,0.5,fibonacci,0.009395785076177455,0.9999999999998382
4.691834510607798,0.5,fibonacci,0.009395615397203034,0.999999999999891
4.801342923653452,0.5,fibonacci,0.009395446251955524,0.999999999999948
4.913407286296363,0.5,fibonacci,0.009395275870533532,1.0000000000008216
5.028087254942479,0.5,fibonacci,0.009395101815955305,1.0000000000008946
5.145443878390927,0.5,fibonacci,0.009394920846173566,0.9999999999989096
5.265539630332757,0.5,fibonacci,0.009394728765187522,0.9999999999982653
5.388438442608224,0.5,fibonacci,0.009394520270005358,0.9999999999998455
5.5142057392403006,0.5,fibonacci,0.00939428880225546,0.9999999999998052
5.6429084712625395,0.5,fibonacci,0.009394026416202806,1.0000000000003952
5.7746151523598215,0.5,fibonacci,0.009393723679281488,1.0000000000009954
5.909395895340971,0.5,fibonacci,0.00939336962378821,0.9999999999990354
6.047322449462647,0.5,fibonacci,0.009392951774531744,0.9999999999984452
6.188468238624385,0.5,fibonacci,0.009392456264349425,0.9999999999998435
6.332908400455114,0.5,fibonacci,0.009391868067715173,0.9999999999998467
6.48071982631197,0.5,fibonacci,0.00939117137369778,1.0000000000008125
6.631981202212672,0.5,fibonacci,0.00939035009438912,0.9999999999997837
6.786773050723297,0.5,fibonacci,0.0093893885310137,0.9999999999983099
6.945177773823696,0.5,fibonacci,0.009388272170946982,0.9999999999998213
7.107279696773417,0.5,fibonacci,0.009386988588058837,0.9999999999998773
7.273165113001458,0.5,fibonacci,0.009385528424157043,1.000000000001003
7.44292233004376,0.5,fibonacci,0.009383886356550268,0.9999999999989052
7.616641716552892,0.5,fibonacci,0.00938206200546639,0.9999999999991014
7.794415750404949,0.5,fibonacci,0.009380060665393555,0.9999999999997338
7.976339067929277,0.5,fibonacci,0.009377893794502502,1.000000000000586
8.162508514287229,0.5,fibonacci,0.009375579169052703,0.9999999999998184
8.353023195026777,0.5,fibonacci,0.009373140641901688,0.999999999998509
8.54798452884041,0.5,fibonacci,0.00937060747794458,0.999999999999724
8.747496301554417,0.5,fibonacci,0.009368013271073634,1.0000000000006257
8.951664721378302,0.5,fibonacci,0.009365394492416853,0.9999999999994531
9.160598475443708,0.5,fibonacci,0.009362788737216726,0.9999999999990702
9.374408787662995,0.5,fibonacci,0.00936023277279283,0.9999999999996603
9.593209477938244,0.5,fibonacci,0.009357760454981235,1.0000000000009837
9.817117022752193,0.5,fibonacci,0.009355400563717888,0.9999999999978975
10.046250617173408,0.5,fibonacci,0.009353174531436467,0.9999999999996989
10.280732238308651,0.5,fibonacci,0.009351094070528483,1.0000000000003648
10.520686710236228,0.5,fibonacci,0.009349158601198207,0.9999999999989407
10.766241770454933,0.5,fibonacci,0.009347352597164522,0.9999999999996365
11.017528137883868,0.5,fibonacci,0.009345643114870813,1.0000000000001739
11.274679582449467,0.5,fibonacci,0.009343978074571633,0.9999999999993086
11.537832996296608,0.5,fibonacci,0.009342286225516045,0.9999999999995811
11.807128466661897,0.5,fibonacci,0.00934047991486204,1.0000000000001537
12.082709350447766,0.5,fibonacci,0.009338461708137357,0.9999999999987783
12.36472235053715,0.5,fibonacci,0.009336135391861549,0.9999999999995902
12.65331759388943,0.5,fibonacci,0.009333420837408934,1.0000000000005462
12.948648711459043,0.5,fibonacci,0.009330270878685067,0.9999999999978579
13.250872919979532,0.5,fibonacci,0.009326687024268613,0.9999999999994958
13.560151105656333,0.5,fibonacci,0.00932273003525436,1.0000000000002116
13.876647909813085,0.5,fibonacci,0.009318521855697749,0.9999999999994837
14.200531816536824,0.5,fibonacci,0.009314236835890269,1.0000000000006675
14.531975242368961,0.5,fibonacci,0.0093100827549051,0.9999999999973619
14.871154628089537,0.5,fibonacci,0.009306274615865938,0.9999999999995554
15.218250532643863,0.5,fibonacci,0.009303005627448162,0.9999999999983545
15.573447729261343,0.5,fibonacci,0.009300419369105268,0.9999999999993942
15.936935303817744,0.5,fibonacci,0.009298585367706448,0.9999999999995751
16.308906755493325,0.5,fibonacci,0.00929747850565016,0.99999999999942
16.68956009978024,0.5,fibonacci,0.009296963442737465,1.0000000000000584
17.079097973894278,0.5,fibonacci,0.009296789456834027,0.9999999999994138
17.47772774464681,0.5,fibonacci,0.009296607003935545,1.0000000000003393
17.885661618834618,0.5,fibonacci,0.009296019131418339,0.9999999999993394
18.30311675620612,0.5,fibonacci,0.009294672090858774,0.9999999999993007
18.730315385064376,0.5,fibonacci,0.009292368893359798,0.9999999999992413
19.16748492056815,0.5,fibonacci,0.009289166468502003,0.9999999999976825
19.614858085794303,0.5,fibonacci,0.009285408950883475,0.9999999999999758
20.072673035625694,0.5,fibonacci,0.009281669149109464,0.9999999999970255
20.541173483530642,0.5,fibonacci,0.00927861016546754,1.000000000000539
21.020608831301583,0.5,fibonacci,0.00927681147501854,0.9999999999991857
21.511234301821663,0.5,fibonacci,0.009276604467385692,0.9999999999978775
22.013311074930314,0.5,fibonacci,0.00927794045010511,1.00000000000015
22.527106426459802,0.5,fibonacci,0.00928031020607163,0.9999999999990847
23.052893870517085,0.5,fibonacci,0.009282770931414467,0.9999999999984575
23.59095330508635,0.5,fibonacci,0.009284165578706705,0.9999999999996395
24.14157116103019,0.5,fibonacci,0.009283552183468345,0.9999999999990428
24.705040554568253,0.5,fibonacci,0.009280687758129342,0.9999999999972886
25.28166144331499,0.5,fibonacci,0.009276275518816752,1.000000000000868
25.871740785959226,0.5,fibonacci,0.009271763137598085,0.9999999999990283
26.475592705670667,0.5,fibonacci,0.00926875193295385,0.9999999999988985
27.093538657320515,0.5,fibonacci,0.009268290006992422,0.9999999999973777
27.725907598604824,0.5,fibonacci,0.009270309037108102,0.9999999999987258
28.37303616516213,0.5,fibonacci,0.009273393783994277,1.0000000000004203
29.035268849778138,0.5,fibonacci,0.009275134501819292,0.9999999999990107
29.712958185773342,0.5,fibonacci,0.009273238906355553,0.9999999999986988
30.40646493467067,0.5,fibonacci,0.009267007634689628,0.9999999999987649
31.116158278243613,0.5,fibonacci,0.009258118023598551,0.9999999999985533
31.84241601504653,0.5,fibonacci,0.009249873959558782,0.9999999999970923
32.585624761532245,0.5,fibonacci,0.009245224183522022,0.9999999999969376
33.34618015786364,0.5,fibonacci,0.009244722982390341,0.9999999999967462
34.124487078528894,0.5,fibonacci,0.009245556327311444,0.9999999999957608
34.920959847872716,0.5,fibonacci,0.009242562928324424,0.9999999999963355
35.736022460657864,0.5,fibonacci,0.009231631462462418,0.9999999999970829
36.570108807774915,0.5,fibonacci,0.00921345821760145,0.999999999997349
37.42366290721981,0.5,fibonacci,0.009193645003284248,0.9999999999982556
38.29713914046281,0.5,fibonacci,0.00917805594771188,0.9999999999983432
39.19100249433404,0.5,fibonacci,0.009167244064709264,0.9999999999983108
40.10572880855496,0.5,fibonacci,0.009154463270695369,0.9999999999991002
41.04180502904709,0.5,fibonacci,0.009130187865135874,0.9999999999991002
41.99972946715304,0.5,fibonacci,0.009091562985723773,0.9999999999957428
42.98001206490796,0.5,fibonacci,0.009046745208460084,0.9999999999979742
43.98317466650224,0.5,fibonacci,0.00900692058386195,0.9999999999980934
45.009751296080466,0.5,fibonacci,0.008974125596834769,1.0000000000000606
46.060288442024,0.5,fibonacci,0.008937834372329529,0.9999999999953184
47.13534534786909,0.5,fibonacci,0.008886499840241115,0.9999999999977639
48.23549431001467,0.5,fibonacci,0.00882469139783784,0.9999999999997453
49.36132098237917,0.5,fibonacci,0.008770814884672061,0.9999999999973785
50.51342468816764,0.5,fibonacci,0.008734781358395883,0.9999999999996563
51.69241873891598,0.5,fibonacci,0.00870546664298534,0.9999999999950815
52.89893076098151,0.5,fibonacci,0.00866632989722707,0.9999999999986391
54.133603029653784,0.5,fibonacci,0.008623139433710188,0.9999999999951992
55.397092811064034,0.5,fibonacci,0.008597991881673898,0.9999999999987529
56.69007271207434,0.5,fibonacci,0.008594849155111575,0.9999999999972562
58.013231038333785,0.5,fibonacci,0.00859059306351651,0.999999999995383
59.36727216069123,0.5,fibonacci,0.008570628878211238,0.9999999999993536
60.75291689016074,0.5,fibonacci,0.00855408656196892,0.9999999999969041
62.17090286163827,0.5,fibonacci,0.008554557557152022,0.999999999995835
63.62198492657489,0.5,fibonacci,0.008545094641096939,0.9999999999949902
65.10693555481458,0.5,fibonacci,0.008500724453025467,0.9999999999978172
66.6265452458115,0.5,fibonacci,0.00844639765649746,0.9999999999980599
68.18162294944479,0.5,fibonacci,0.008399223776561776,0.9999999999983857
69.77299649665534,0.5,fibonacci,0.008327112673946325,0.9999999999978473
71.40151304013399,0.5,fibonacci,0.008229648752748727,0.9999999999975674
73.06803950529499,0.5,fibonacci,0.008150684737738511,0.9999999999991339
74.77346305177588,0.5,fibonacci,0.00807941673440876,0.999999999996699
76.51869154570822,0.5,fibonacci,0.007993608257213774,0.9999999999932826
78.30465404301187,0.5,fibonacci,0.007931065176199651,0.9999999999956828
80.13230128396887,0.5,fibonacci,0.007891163142135518,0.9999999999955936
82.0026061993413,0.5,fibonacci,0.007839284665280392,0.9999999999980282
83.91656442830157,0.5,fibonacci,0.0078071777874997245,0.9999999999942697
85.8751948484517,0.5,fibonacci,0.00779455102903279,0.9999999999957461
87.8795401182132,0.5,fibonacci,0.0077590784786410035,0.9999999999913023
89.93066723187619,0.5,fibonacci,0.007749697355004038,0.9999999999970062
92.02966808760415,0.5,fibonacci,0.007746218924388598,0.9999999999947967
94.17766006869519,0.5,fibonacci,0.007718040443727072,0.9999999999943417
96.37578663841089,0.5,fibonacci,0.0077255044190083855,0.9999999999959218
98.62521794868779,0.5,fibonacci,0.007694312823837171,0.9999999999943554
100.92715146305709,0.5,fibonacci,0.007651897420476933,0.9999999999942865
103.28281259410285,0.5,fibonacci,0.0076049492115959705,0.9999999999940188
105.69345535579883,0.5,fibonacci,0.007501640409880488,0.9999999999938206
108.16036303107094,0.5,fibonacci,0.00743662543006353,0.999999999993708
110.6848488549412,0.5,fibonacci,0.007351047556183476,0.9999999999934649
113.26825671361537,0.5,fibonacci,0.007333729875209146,0.999999999995749
115.91196185988856,0.5,fibonacci,0.0073425966962196556,0.9999999999892639
118.6173716452478,0.5,fibonacci,0.0074051716518858356,0.999999999992928
121.38592626906276,0.5,fibonacci,0.0074766905174438,0.9999999999922159
124.21909954526174,0.5,fibonacci,0.007532679333347836,0.9999999999927447
127.11839968690288,0.5,fibonacci,0.007519304811147428,0.9999999999905361
130.08537010905707,0.5,fibonacci,0.007458635039123835,0.9999999999915988
133.12159025043076,0.5,fibonacci,0.007350512332043981,0.9999999999941483
136.22867641416468,0.5,fibonacci,0.007294381978369522,0.9999999999934484
139.40828262825772,0.5,fibonacci,0.007249830834242211,0.9999999999929922
142.66210152607368,0.5,fibonacci,0.007298707692963521,0.9999999999913878
145.99186524739787,0.5,fibonacci,0.007342569922674785,0.9999999999904354
149.39934636052578,0.5,fibonacci,0.007409724340197715,0.9999999999915143
152.88635880587296,0.5,fibonacci,0.007480910107216831,0.9999999999889184
156.45475886160958,0.5,fibonacci,0.007496646285723815,0.9999999999910955
160.10644613183177,0.5,fibonacci,0.007524472685647655,0.9999999999905641
163.84336455779848,0.5,fibonacci,0.007462445036070926,0.9999999999864089
167.66750345276992,0.5,fibonacci,0.007343192144720231,0.9999999999891499
171.58089856100048,0.5,fibonacci,0.007294678725709844,0.9999999999881146
175.5856331414469,0.5,fibonacci,0.0073449636628642205,0.9999999999865586
179.68383907677193,0.5,fibonacci,0.007482354959931395,0.999999999989272
183.8776980082327,0.5,fibonacci,0.0076183500878104155,0.9999999999909115
188.16944249705557,0.5,fibonacci,0.0075955504508526915,0.9999999999888592
192.56135721291986,0.5,fibonacci,0.007408582807358478,0.9999999999877751
197.05578015017983,0.5,fibonacci,0.00723215308016725,0.9999999999911441
201.65510387247465,0.5,fibonacci,0.007190630192904723,0.9999999999887972
206.36177678638586,0.5,fibonacci,0.007246996306751549,0.9999999999895774
211.17830444482442,0.5,fibonacci,0.007292830488321343,0.999999999986116
216.10725088083765,0.5,fibonacci,0.007276421821122658,0.999999999987149
221.15123997254886,0.5,fibonacci,0.007158817228199545,0.9999999999871299
226.31295683995296,0.5,fibonacci,0.006911229814207998,0.9999999999869368
231.59514927431522,0.5,fibonacci,0.0066785190359569735,0.9999999999861564
237.0006292009328,0.5,fibonacci,0.006658630892351738,0.9999999999858254
242.5322741760353,0.5,fibonacci,0.006771119419507253,0.9999999999867499
248.19302891862552,0.5,fibonacci,0.006650970348321963,0.9999999999838737
253.9859068780724,0.5,fibonacci,0.006295021170832247,0.9999999999848148
259.91399183829327,0.5,fibonacci,0.006068859031105219,0.999999999980941
265.98043955937584,0.5,fibonacci,0.006015192189382656,0.9999999999845022
272.18847945751793,0.5,fibonacci,0.0059564955160677086,0.9999999999833321
278.5414163241766,0.5,fibonacci,0.005811953870604342,0.9999999999814143
285.0426320853435,0.5,fibonacci,0.005503093245278632,0.9999999999827548
291.6955876018796,0.5,fibonacci,0.005184202794781696,0.9999999999796153
298.50382451187295,0.5,fibonacci,0.0051412548657486234,0.9999999999828253
305.4709671159968,0.5,fibonacci,0.00514872914373574,0.9999999999821482
312.60072430687035,0.5,fibonacci,0.004888301848309073,0.999999999977985
319.89689154345376,0.5,fibonacci,0.004771570276222738,0.9999999999804423
327.3633528715244,0.5,fibonacci,0.0048159071799222155,0.999999999979716
335.0040829913133,0.5,fibonacci,0.004820107037663447,0.9999999999793578
342.8231493733971,0.5,fibonacci,0.004829056013926881,0.9999999999788662
350.82471442397923,0.5,fibonacci,0.004819827876540937,0.9999999999786731
359.01303770070683,0.5,fibonacci,0.004876631914347598,0.9999999999789739
367.39247818020743,0.5,fibonacci,0.004938007184320122,0.9999999999789083
375.96749657854673,0.5,fibonacci,0.004934909403146367,0.999999999974834
384.74265772585017,0.5,fibonacci,0.00501723049072301,0.9999999999770612
393.72263299634795,0.5,fibonacci,0.005082599593854543,0.9999999999760799
402.91220279513476,0.5,fibonacci,0.00519052276011706,0.9999999999777248
412.3162591029752,0.5,fibonacci,0.00516440153935052,0.9999999999735356
421.9398080805024,0.5,fibonacci,0.00527961051484675,0.9999999999723362
431.78797273320214,0.5,fibonacci,0.0051535052382964495,0.9999999999706812
441.86599563859414,0.5,fibonacci,0.005042304626136356,0.999999999972978
452.1792417370702,0.5,fibonacci,0.004920099857666411,0.9999999999696212
462.7332011878689,0.5,fibonacci,0.0047093630172288905,0.9999999999684291
473.53349229171164,0.5,fibonacci,0.004493539513169432,0.9999999999711038
484.58586448164954,0.5,fibonacci,0.004446830698873431,0.9999999999696139
495.8962013837212,0.5,fibonacci,0.004279897423501614,0.9999999999703862
507.4705239490466,0.5,fibonacci,0.00431603213034129,0.9999999999664999
519.3149936590212,0.5,fibonacci,0.0044361954665939445,0.9999999999700736
531.4359158053242,0.5,fibonacci,0.00446592208983604,0.9999999999685714
543.8397428464796,0.5,fibonacci,0.004847939674943949,0.9999999999666733
556.5330778427646,0.5,fibonacci,0.004945146653646094,0.9999999999640532
569.5226779712825,0.5,fibonacci,0.005274544404829816,0.9999999999649013
582.8154581230846,0.5,fibonacci,0.005536108868480825,0.9999999999613006
596.418494584246,0.5,fibonacci,0.005577772740089423,0.9999999999606471
610.3390288028621,0.5,fibonacci,0.005837388431888247,0.9999999999625357
624.5844712439617,0.5,fibonacci,0.0058373000816026544,0.9999999999612764
639.1624053343999,0.5,fibonacci,0.006138958597827933,0.9999999999618121
654.0805914998252,0.5,fibonacci,0.0060389279416535845,0.999999999959202
669.3469712958661,0.5,fibonacci,0.0062505719791205215,0.999999999958324
684.9696716357447,0.5,fibonacci,0.0061510397124497716,0.9999999999556389
700.9570091165617,0.5,fibonacci,0.006147321780774672,0.9999999999557023
717.3174944465612,0.5,fibonacci,0.005991814463226087,0.999999999953002
734.0598369757212,0.5,fibonacci,0.005926564035304205,0.9999999999515762
751.1929493320969,0.5,fibonacci,0.006431836155971642,0.999999999949063
768.7259521663727,0.5,fibonacci,0.006632834770979934,0.9999999999504623
786.6681790071582,0.5,fibonacci,0.00783519835224795,0.9999999999491508
805.0291812295981,0.5,fibonacci,0.008487498970953211,0.9999999999472351
823.8187331399602,0.5,fibonacci,0.00881109607766432,0.9999999999416853
843.0468371788967,0.5,fibonacci,0.008445757976224781,0.9999999999439293
862.723729246145,0.5,fibonacci,0.006849569581901416,0.9999999999431665
882.859884149515,0.5,fibonacci,0.006341097282221558,0.9999999999415925
903.4660211810525,0.5,fibonacci,0.006579699737737667,0.999999999937418
924.5531098233571,0.5,fibonacci,0.006557498481363473,0.99999999993817
946.1323755890769,0.5,fibonacci,0.00723803514634004,0.9999999999362016
968.2153059967086,0.5,fibonacci,0.008404596275158731,0.9999999999327309
990.8136566858666,0.5,fibonacci,0.008280782275607773,0.9999999999321697
1013.9394576752917,0.5,fibonacci,0.007113022193271247,0.9999999999300516
1037.6050197669117,0.5,fibonacci,0.006430578836242878,0.9999999999215795
1061.8229410993836,0.5,fibonacci,0.006233919872241273,0.9999999999277843
1086.6061138545967,0.5,fibonacci,0.005870848790789678,0.9999999999215725
1111.967731120699,0.5,fibonacci,0.005533180077372091,0.9999999999205886
1137.9212939153151,0.5,fibonacci,0.005391499709524292,0.9999999999180142
1164.4806183726855,0.5,fibonacci,0.005372025220868906,0.9999999999156288
1191.6598430985587,0.5,fibonacci,0.005635513851905136,0.9999999999108055
1219.4734366967382,0.5,fibonacci,0.005852575105250757,0.9999999999121019
1247.9362054713115,0.5,fibonacci,0.0054659534476996854,0.9999999999076352
1277.0633013086433,0.5,fibonacci,0.004972122343582129,0.9999999999093772
1306.8702297433463,0.5,fibonacci,0.004605991654828729,0.9999999999014216
1337.3728582124963,0.5,fibonacci,0.004895248439904356,0.9999999998990943
1368.5874245025177,0.5,fibonacci,0.0054170090954366755,0.9999999998930729
1400.5305453932197,0.5,fibonacci,0.0055498530670056575,0.9999999998923879
1433.2192255035739,0.5,fibonacci,0.005591663609479927,0.9999999998918971
1466.6708663439686,0.5,fibonacci,0.005885971652699253,0.9999999998856941
1500.903275579735,0.5,fibonacci,0.006140945639803433,0.9999999998775332
1535.934676510897,0.5,fibonacci,0.006134705499892611,0.9999999998751665
1571.7837177731628,0.5,fibonacci,0.006223690558637214,0.9999999998754145
1608.4694832653552,0.5,fibonacci,0.006844982070628176,0.9999999998739352
1646.0115023085498,0.5,fibonacci,0.00612265336132357,0.9999999998632899
1684.4297600423151,0.5,fibonacci,0.006140605789361793,0.9999999998637312
1723.7447080636198,0.5,fibonacci,0.006681607347704813,0.9999999998580916
1763.9772753140435,0.5,fibonacci,0.008213972002920159,0.9999999998552611
1805.1488792211082,0.5,fibonacci,0.0067395743107964015,0.9999999998511461
1847.281437099634,0.5,fibonacci,0.006041779070075248,0.9999999998472057
1890.3973778192214,0.5,fibonacci,0.00644085761726182,0.9999999998432005
1934.5196537440443,0.5,fibonacci,0.006200272090868204,0.9999999998336158
1979.6717529513326,0.5,fibonacci,0.006629311739974082,0.9999999998333466
2025.877711735017,0.5,fibonacci,0.005456317231306588,0.9999999998245471
2073.162127401229,0.5,fibonacci,0.004742134347724254,0.9999999998202223
2121.5501713624503,0.5,fibonacci,0.004570560960875986,0.9999999998209056
2171.067602537265,0.5,fibonacci,0.0044435945232661625,0.9999999998110338
2221.7407810628847,0.5,fibonacci,0.004368155647987845,0.9999999998113605
2273.596682327715,0.5,fibonacci,0.004679020146913591,0.9999999997972097
2326.662911331458,0.5,fibonacci,0.004253685313196565,0.999999999795297
2380.9677173803584,0.5,fibonacci,0.005647339678844073,0.9999999997887115
2436.540009125466,0.5,fibonacci,0.005297060231967172,0.9999999997772551
2493.409369951878,0.5,fibonacci,0.0044419749213748866,0.9999999997810094
2551.6060737271837,0.5,fibonacci,0.006922654953035626,0.9999999997678962
2611.1611009174594,0.5,fibonacci,0.004577313912343067,0.9999999997649038
2672.1061550794325,0.5,fibonacci,0.004788902452550617,0.9999999997601278
2734.47367973758,0.5,fibonacci,0.005135846596296944,0.9999999997539479
2798.296875655116,0.5,fibonacci,0.00464223422264978,0.9999999997469375
2863.6097185081157,0.5,fibonacci,0.003738551483632155,0.9999999997435218
2930.4469769721413,0.5,fibonacci,0.005217864170587399,0.9999999997335408
2998.8442312310276,0.5,fibonacci,0.004017591872065062,0.9999999997257123
3068.837891917642,0.5,fibonacci,0.004817443642255845,0.999999999722093
3140.465219496752,0.5,fibonacci,0.004627847066320242,0.9999999997165441
3213.7643441002756,0.5,fibonacci,0.004677000651139563,0.9999999997089126
3288.77428582551,0.5,fibonacci,0.004333859040647812,0.9999999996935193
3365.5349755070943,0.5,fibonacci,0.004120135010795028,0.9999999996907797
3444.08727597382,0.5,fibonacci,0.0045819856407962704,0.9999999996837701
3524.473003801584,0.5,fibonacci,0.004523371052492796,0.9999999996716543
3606.734951574028,0.5,fibonacci,0.00491984283333375,0.9999999996629884
3690.9169106627783,0.5,fibonacci,0.005343816409571531,0.9999999996592402
3777.0636945393644,0.5,fibonacci,0.0047223524593493615,0.9999999996526715
3865.221162631262,0.5,fibonacci,0.005948835987502578,0.9999999996414957
3955.4362447347016,0.5,fibonacci,0.004990340468457358,0.9999999996367281
4047.7569659973224,0.5,fibonacci,0.005085439724205214,0.9999999996281396
4142.232472483894,0.5,fibonacci,0.0049011862040393315,0.9999999996149747
4238.913057338778,0.5,fibonacci,0.004837476656140178,0.9999999996105079
4337.850187558989,0.5,fibonacci,0.004419965546307473,0.9999999996038998
4439.096531392166,0.5,fibonacci,0.005173043923466555,0.9999999995914658
4542.705986374042,0.5,fibonacci,0.0051913964904542025,0.9999999995837117
4648.733708020257,0.5,fibonacci,0.0038169664862434337,0.9999999995664691
4757.236139187889,0.5,fibonacci,0.004769209069447028,0.9999999995571542
4868.2710401222785,0.5,fibonacci,0.005061435874592448,0.9999999995515262
4981.89751920516,0.5,fibonacci,0.005228330421983747,0.9999999995310886
5098.176064420424,0.5,fibonacci,0.004451130704972427,0.9999999995255174
5217.168575554349,0.5,fibonacci,0.004159255225849115,0.9999999995149201
5338.93839714735,0.5,fibonacci,0.006776898631193973,0.9999999995011497
5463.550352214876,0.5,fibonacci,0.006491553933077066,0.9999999994857198
5591.070776755293,0.5,fibonacci,0.0046020810588478615,0.9999999994720915
5721.567555063246,0.5,fibonacci,0.004165333899053472,0.9999999994662869
5855.110155867238,0.5,fibonacci,0.0053180069200654675,0.9999999994495459
5991.769669310619,0.5,fibonacci,0.005057498364521421,0.9999999994385771
6131.618844795775,0.5,fibonacci,0.0056150362550421275,0.9999999994229284
6274.732129711574,0.5,fibonacci,0.004657841127232757,0.9999999994109423
6421.185709064758,0.5,fibonacci,0.0036545389237965086,0.9999999993918511
6571.057546036271,0.5,fibonacci,0.003687637670357047,0.9999999993773893
6724.42742348425,0.5,fibonacci,0.004107885325149218,0.9999999993612131
6881.376986415663,0.5,fibonacci,0.0045359493329065565,0.9999999993450037
7041.989785449288,0.5,fibonacci,0.006158867255446018,0.9999999993241403
7206.351321293052,0.5,fibonacci,0.004482016378923929,0.9999999993110209
7374.549090259547,0.5,fibonacci,0.00402133980018313,0.999999999290913
7546.6726308438865,0.5,fibonacci,0.0051165473820213555,0.9999999992665061
7722.813571388642,0.5,fibonacci,0.004303939683354209,0.9999999992486183
7903.065678861348,0.5,fibonacci,0.0049583388141777604,0.9999999992371414
8087.524908770449,0.5,fibonacci,0.005410081422468852,0.9999999992140456
8276.289456246344,0.5,fibonacci,0.003907552307704881,0.9999999991879566
8469.459808314585,0.5,fibonacci,0.004050092611569999,0.9999999991653745
8667.138797389232,0.5,fibonacci,0.003505590187473593,0.9999999991457201
8869.431656014704,0.5,fibonacci,0.004232062662530664,0.99999999911399
9076.446072885356,0.5,fibonacci,0.004211587286910376,0.9999999990997464
9288.292250172499,0.5,fibonacci,0.004209777239467565,0.9999999990725864
9505.082962189503,0.5,fibonacci,0.0035515977854511513,0.9999999990466899
9726.93361542617,0.5,fibonacci,0.004398937854521305,0.9999999990247823
9953.962309984234,0.5,fibonacci,0.0038978307065937025,0.9999999989956334
10186.289902446864,0.5,fibonacci,0.003946732425581122,0.9999999989720708
10424.040070215558,0.5,fibonacci,0.003599730091353374,0.9999999989375373
10667.339377348571,0.5,fibonacci,0.0039013978941991457,0.9999999989148628
10916.317341936148,0.5,fibonacci,0.004731310671157553,0.9999999988858511
11171.106505048241,0.5,fibonacci,0.0038906544610273334,0.9999999988549472
11431.842501291503,0.5,fibonacci,0.004139765983141184,0.9999999988269591
11698.664131013058,0.5,fibonacci,0.003658277811741148,0.9999999988023506
11971.713434189656,0.5,fibonacci,0.003899708315836729,0.9999999987691855
12251.135766041178,0.5,fibonacci,0.004076973834501549,0.9999999987396176
12537.079874409197,0.5,fibonacci,0.003740894784108832,0.9999999987098638
12829.697978941475,0.5,fibonacci,0.0033948304500673685,0.9999999986819227
13129.145852124653,0.5,fibonacci,0.0034320009494001667,0.9999999986484426
13435.582902208263,0.5,fibonacci,0.0029508926599058393,0.9999999986112612
13749.172258064205,0.5,fibonacci,0.003000877209450363,0.9999999985716865
14070.080856026836,0.5,fibonacci,0.0034500691934868906,0.9999999985460566
14398.479528760066,0.5,fibonacci,0.003199777672294924,0.9999999985083482
14734.543096198344,0.5,fibonacci,0.004006503374202339,0.9999999984708497
15078.45045861051,0.5,fibonacci,0.003740735744804564,0.9999999984380482
15430.384691835645,0.5,fibonacci,0.002704479037111321,0.9999999984037836
15790.533144741757,0.5,fibonacci,0.003518922197881824,0.999999998364824
16159.087538959191,0.5,fibonacci,0.0031784884208965686,0.9999999983231643
16536.244070941786,0.5,fibonacci,0.0029751777499006198,0.9999999982917134
16922.203516410354,0.5,fibonacci,0.0030776075965441856,0.9999999982503253
17317.17133723353,0.5,fibonacci,0.003124074279438611,0.9999999982115497
17721.357790803584,0.5,fibonacci,0.003403159785193971,0.9999999981742705
18134.978041964954,0.5,fibonacci,0.0032133725906299477,0.999999998131393
18558.252277555188,0.5,fibonacci,0.0029103887333167063,0.9999999980872545
18991.405823619356,0.5,fibonacci,0.003077136248556865,0.9999999980407628
19434.669265360182,0.5,fibonacci,0.003185061475645935,0.9999999979978803
19888.278569888076,0.5,fibonacci,0.0029701986497756845,0.9999999979578076
20352.475211835757,0.5,fibonacci,0.0038655909325646712,0.9999999979074079
20827.50630190514,0.5,fibonacci,0.0028609561058364472,0.9999999978661972
21313.624718414376,0.5,fibonacci,0.0030149625181454752,0.999999997819865
21811.0892419152,0.5,fibonacci,0.0030812470295730567,0.999999997767874
22320.164692952345,0.5,fibonacci,0.0032187657755420145,0.9999999977241363
22841.122073038256,0.5,fibonacci,0.0036940202041117537,0.999999997673429
23374.238708918125,0.5,fibonacci,0.0028156829156100647,0.9999999976198356
23919.798400202373,0.5,fibonacci,0.0029665463618068545,0.9999999975635211
24478.0915704444,0.5,fibonacci,0.002737226803670329,0.9999999975120046
25049.415421745023,0.5,fibonacci,0.0024540924886822433,0.9999999974481681
25634.07409296515,0.5,fibonacci,0.002814729723628175,0.9999999973911551
26232.378821631235,0.5,fibonacci,0.003117890353649965,0.9999999973306147
26844.64810961965,0.5,fibonacci,0.00283709558261894,0.9999999972693868
27471.207892708087,0.5,fibonacci,0.0026719015071386795,0.9999999972030279
28112.391714084613,0.5,fibonacci,0.0030415158764960596,0.9999999971325989
28768.54090190591,0.5,fibonacci,0.002710425777694515,0.9999999970581912
29440.00475100034,0.5,fibonacci,0.0029931982919689524,0.9999999969913693
30127.140708811643,0.5,fibonacci,0.0026562314625938983,0.9999999969125372
30830.31456568277,0.5,fibonacci,0.0025150894816751155,0.9999999968367392
31549.900649580886,0.5,fibonacci,0.002464209543546334,0.9999999967578734
32286.28202536727,0.5,fibonacci,0.0025946147436840218,0.9999999966743868
33039.85069871855,0.5,fibonacci,0.0029915115443749467,0.9999999965886178
33811.00782480682,0.5,fibonacci,0.002929647193153424,0.9999999965002595
34600.16392185109,0.5,fibonacci,0.0030566102865894826,0.9999999964161292
35407.7390896527,0.5,fibonacci,0.003055478209358642,0.9999999963260531
36234.1632332315,0.5,fibonacci,0.003510064933610988,0.9999999962299813
37079.87629168172,0.5,fibonacci,0.0026816433434456964,0.9999999961346873
37945.32847236942,0.5,fibonacci,0.0029761994195545683,0.9999999960382404
38830.98049059601,0.5,fibonacci,0.0028336518738977285,0.9999999959270058
39737.303814856044,0.5,fibonacci,0.002571266347126593,0.9999999958172269
40664.78091781854,0.5,fibonacci,0.0028388631872121877,0.9999999957069663
41613.90553316707,0.5,fibonacci,0.0031389006215452485,0.9999999955927692
42585.18291843415,0.5,fibonacci,0.003067337381985327,0.9999999954715859
43579.130123970295,0.5,fibonacci,0.002705660423679809,0.9999999953441444
44596.27626819095,0.5,fibonacci,0.002729868556175627,0.9999999952121117
45637.16281924754,0.5,fibonacci,0.002686114647640029,0.9999999950745803
46702.34388327331,0.5,fibonacci,0.0028547236463926946,0.9999999949293646
47792.38649935595,0.5,fibonacci,0.0031329320319923547,0.9999999947812303
48907.8709413959,0.5,fibonacci,0.002691227019594465,0.9999999946189008
50049.39102700954,0.5,fibonacci,0.0029511597017522683,0.9999999944634944
51217.554433642414,0.5,fibonacci,0.00329467083687777,0.9999999942888799
52412.983022060616,0.5,fibonacci,0.00262354809964852,0.9999999941022059
53636.31316739234,0.5,fibonacci,0.003091852939607534,0.9999999939075307
54888.19609789666,0.5,fibonacci,0.0033707449557444234,0.9999999937126572
56169.29824163804,0.5,fibonacci,0.0029764658352903687,0.9999999934963877
57480.30158125351,0.5,fibonacci,0.0027546153887602442,0.9999999932828041
58821.90401699956,0.5,fibonacci,0.0028058540179506535,0.9999999930482059
60194.819738272745,0.5,fibonacci,0.0033059988015988304,0.9999999928073025
61599.77960380169,0.5,fibonacci,0.0029953357351188456,0.9999999925507996
63037.53153071282,0.5,fibonacci,0.0029478739638710066,0.9999999922756446
64508.84089267686,0.5,fibonacci,0.0025866807489713234,0.9999999919808336
66014.49092734883,0.5,fibonacci,0.0027546522490753183,0.9999999916737239
67555.2831533164,0.5,fibonacci,0.0030508010858934878,0.9999999913584319
69132.03779678128,0.5,fibonacci,0.0026182557937492576,0.9999999910041593
70745.59422819878,0.5,fibonacci,0.002628311929330797,0.9999999906379489
72396.81140910876,0.5,fibonacci,0.003398434035271031,0.9999999902536171
74086.56834939567,0.5,fibonacci,0.0025531439679441115,0.9999999898531751
75815.76457522102,0.5,fibonacci,0.002859571549765916,0.9999999894081404
77585.32060787828,0.5,fibonacci,0.0032797713463684655,0.9999999889418887
79396.17845382275,0.5,fibonacci,0.00316858444518295,0.9999999884199545
81249.30210614047,0.5,fibonacci,0.002747656142744499,0.9999999878451914
83145.67805772064,0.5,fibonacci,0.0027126803980928667,0.9999999872088317
85086.31582640581,0.5,fibonacci,0.0029686922077438033,0.9999999865356374
87072.24849239922,0.5,fibonacci,0.0027193511522194003,0.9999999857649748
89104.53324821504,0.5,fibonacci,0.00260227502133373,0.9999999849340008
91184.25196146562,0.5,fibonacci,0.002763674595038194,0.9999999839557772
93312.5117507824,0.5,fibonacci,0.0028435585362054697,0.9999999828778706
95490.44557518078,0.5,fibonacci,0.003176242272889127,0.999999981732345
97719.21283717996,0.5,fibonacci,0.003029314351875561,0.9999999805147437
100000.0,0.5,fibonacci,0.0028640430656561933,0.999999979141369
0.0,1.0,fibonacci,0.00940313707633849,1.0
1.0,1.0,fibonacci,0.009402558910026153,1.0000000000011242
1.023340212191642,1.0,fibonacci,0.009402513382979653,1.0000000000014913
1.0472251898884348,1.0,fibonacci,0.009402464217252798,1.0000000000017988
1.0716676480328635,1.0,fibonacci,0.009402411133957764,1.0000000000019809
1.0966805983368684,1.0,fibonacci,0.009402353835472532,1.0000000000019722
1.1222773562085078,1.0,fibonacci,0.009402292004604013,1.0000000000017208
1.1484715478402894,1.0,fibonacci,0.009402225303779972,1.0000000000012021
1.1752771174629453,1.0,fibonacci,0.009402153374282709,1.000000000000432
1.2027083347685117,1.0,fibonacci,0.009402075835538752,0.999999999999479
1.2307798025066652,1.0,fibonacci,0.009401992284480474,0.9999999999984698
1.259506464258358,1.0,fibonacci,0.00940190229499676,0.9999999999975853
1.2889036123908928,1.0,fibonacci,0.009401805417491083,0.9999999999970371
1.3189868961986702,1.0,fibonacci,0.009401701178565936,0.9999999999970214
1.3497723302339424,1.0,fibonacci,0.009401589080852975,0.9999999999976333
1.3812763028320096,1.0,fibonacci,0.009401468603007413,0.9999999999987377
1.4135155848353955,1.0,fibonacci,0.009401339199883707,0.9999999999997787
1.4465073385216465,1.0,fibonacci,0.009401200303121282,0.9999999999999626
1.4802691267395092,1.0,fibonacci,0.009401051322941341,1.0000000000000302
1.514818922258346,1.0,fibonacci,0.009400891648278979,0.9999999999999964
1.55017511733577,1.0,fibonacci,0.009400720648544077,0.9999999999999115
1.5863565335085905,1.0,fibonacci,0.009400537675669682,0.9999999999999208
1.6233824316122787,1.0,fibonacci,0.00940034206654069,1.0000000000001568
1.661272522034293,1.0,fibonacci,0.009400133145922595,1.000000000000655
1.7000469752067175,1.0,fibonacci,0.009399910229932307,1.0000000000013132
1.7397264323438015,1.0,fibonacci,0.009399672630091348,1.0000000000018987
1.780332016430114,1.0,fibonacci,0.00939941965799803,1.0000000000021123
1.8218853434651667,1.0,fibonacci,0.00939915063064971,1.0000000000016969
1.8644085339704863,1.0,fibonacci,0.009398864876438488,1.000000000000572
1.9079242247652657,1.0,fibonacci,0.009398561741832614,0.9999999999989555
1.9524555810168611,1.0,fibonacci,0.009398240598741395,0.999999999997403
1.9980263085725503,1.0,fibonacci,0.009397900852541996,0.9999999999966882
2.0446606665791167,1.0,fibonacci,0.009397541950721799,0.9999999999974106
2.0923834803969776,1.0,fibonacci,0.009397163392057806,0.9999999999992151
2.1412201548157292,1.0,fibonacci,0.009396764736255989,0.9999999999999211
2.1911966875781492,1.0,fibonacci,0.00939634561484653,1.0000000000000087
2.242339683219846,1.0,fibonacci,0.009395905741659744,0.9999999999998805
2.2946763672319364,1.0,fibonacci,0.009395444923213774,0.9999999999999121
2.3482346005542762,1.0,fibonacci,0.00939496306991781,1.0000000000005076
2.4030428944069686,1.0,fibonacci,0.0093944602070187,1.0000000000015778
2.459130425468045,1.0,fibonacci,0.009393936485068345,1.000000000002455
2.5165270514053915,1.0,fibonacci,0.009393392189685374,1.0000000000022486
2.575263326771201,1.0,fibonacci,0.00939282775039939,1.000000000000503
2.6353705192673944,1.0,fibonacci,0.009392243748400553,0.9999999999978336
2.6968806263906933,1.0,fibonacci,0.009391640923077298,0.9999999999960372
2.7598263924661803,1.0,fibonacci,0.009391020177315645,0.9999999999969987
2.824241326078435,1.0,fibonacci,0.009390382581658816,0.9999999999996857
2.8901597179095098,1.0,fibonacci,0.009389729375530096,0.999999999999952
2.957616658993254,1.0,fibonacci,0.009389061962561507,0.9999999999998196
3.0266480593956917,1.0,fibonacci,0.009388381909133006,0.999999999999994
3.097290667331409,1.0,fibonacci,0.00938769093758187,1.000000000001126
3.169582088726116,1.0,fibonacci,0.009386990917771194,1.000000000002353
3.2435608072358115,1.0,fibonacci,0.009386283854722642,1.0000000000018834
3.319266204733189,1.0,fibonacci,0.009385571872486112,0.9999999999990753
3.396738582272208,1.0,fibonacci,0.009384857194970871,0.9999999999961988
3.4760191815419783,1.0,fibonacci,0.009384142125136954,0.9999999999971092
3.557150206821386,1.0,fibonacci,0.00938342902481362,0.9999999999997852
3.6401748474461404,1.0,fibonacci,0.009382720284187412,0.9999999999998451
3.7251373008002115,1.0,fibonacci,0.009382018280902127,0.9999999999998362
3.8120827958438888,1.0,fibonacci,0.009381325344928691,1.0000000000010676
3.9010576171909923,1.0,fibonacci,0.009380643709090858,1.0000000000022164
3.9921091297480515,1.0,fibonacci,0.00937997544724172,1.0000000000004892
4.085285803928563,1.0,fibonacci,0.009379322394633438,0.9999999999968395
4.1806372414557575,1.0,fibonacci,0.009378686049124084,0.9999999999971713
4.278214201767616,1.0,fibonacci,0.009378067453878907,0.9999999999997798
4.378068629038169,1.0,fibonacci,0.009377467038272767,0.9999999999997113
4.480253679829491,1.0,fibonacci,0.009376884411864966,1.0000000000003684
4.584823751389096,1.0,fibonacci,0.009376318122618145,1.0000000000023515
4.691834510607798,1.0,fibonacci,0.009375765351409045,1.0000000000010631
4.801342923653452,1.0,fibonacci,0.009375221541989635,0.9999999999963344
4.913407286296363,1.0,fibonacci,0.009374679964250072,0.999999999997531
5.028087254942479,1.0,fibonacci,0.009374131219076935,0.9999999999998174
5.145443878390927,1.0,fibonacci,0.009373562674724268,0.9999999999996867
5.265539630332757,1.0,fibonacci,0.00937295786178675,1.0000000000019054
5.388438442608224,1.0,fibonacci,0.009372295850977357,1.000000000002212
5.5142057392403006,1.0,fibonacci,0.009371550649682772,0.9999999999963153
5.6429084712625395,1.0,fibonacci,0.009370690670865281,0.9999999999971679
5.7746151523598215,1.0,fibonacci,0.009369678326930779,0.999999999999713
5.909395895340971,1.0,fibonacci,0.009368469843409518,0.9999999999999586
6.047322449462647,1.0,fibonacci,0.009367015369015437,1.000000000002239
6.188468238624385,1.0,fibonacci,0.00936525946344037,0.999999999998661
6.332908400455114,1.0,fibonacci,0.00936314207822708,0.9999999999965129
6.48071982631197,1.0,fibonacci,0.009360600064143177,0.999999999999669
6.631981202212672,1.0,fibonacci,0.009357569271884789,1.0000000000000537
6.786773050723297,1.0,fibonacci,0.009353987270606837,1.00000000000228
6.945177773823696,1.0,fibonacci,0.009349796586313764,0.9999999999966865
7.107279696773417,1.0,fibonacci,0.00934494841188875,0.9999999999989911
7.273165113001458,1.0,fibonacci,0.009339406516594869,0.9999999999994321
7.44292233004376,1.0,fibonacci,0.0093331511962177,1.0000000000020401
7.616641716552892,1.0,fibonacci,0.00932618286555027,0.9999999999988789
7.794415750404949,1.0,fibonacci,0.009318524986727384,0.9999999999969481
7.976339067929277,1.0,fibonacci,0.00931022594019377,0.9999999999994065
8.162508514287229,1.0,fibonacci,0.009301359527232302,1.0000000000017435
8.353023195026777,1.0,fibonacci,0.009292023875234378,0.9999999999981026
8.54798452884041,1.0,fibonacci,0.009282338606013064,0.9999999999987116
8.747496301554417,1.0,fibonacci,0.009272440336900367,0.999999999999364
8.951664721378302,1.0,fibonacci,0.009262476703320402,1.0000000000027083
9.160598475443708,1.0,fibonacci,0.009252599254765957,0.9999999999945305
9.374408787662995,1.0,fibonacci,0.009242955564801366,0.9999999999994247
9.593209477938244,1.0,fibonacci,0.009233680997854819,1.0000000000012639
9.817117022752193,1.0,fibonacci,0.009224890194536432,0.9999999999975163
10.046250617173408,1.0,fibonacci,0.009216668328246956,0.9999999999992254
10.280732238308651,1.0,fibonacci,0.009209061924462986,1.000000000000237
10.520686710236228,1.0,fibonacci,0.009202068989685704,0.9999999999983783
10.766241770454933,1.0,fibonacci,0.009195628687423893,0.9999999999991879
11.017528137883868,1.0,fibonacci,0.009189611600260737,1.0000000000009142
11.274679582449467,1.0,fibonacci,0.009183812879474338,0.9999999999968826
11.537832996296608,1.0,fibonacci,0.009177952004451342,0.9999999999991901
11.807128466661897,1.0,fibonacci,0.009171683758726392,1.0000000000018678
12.082709350447766,1.0,fibonacci,0.009164624695974767,0.9999999999939895
12.36472235053715,1.0,fibonacci,0.009156397245447393,0.9999999999989501
12.65331759388943,1.0,fibonacci,0.009146689223159716,1.0000000000010154
12.948648711459043,1.0,fibonacci,0.00913532111523058,0.9999999999988882
13.250872919979532,1.0,fibonacci,0.00912230795469613,1.0000000000014058
13.560151105656333,1.0,fibonacci,0.009107899843796398,0.9999999999936758
13.876647909813085,1.0,fibonacci,0.009092586955204233,0.9999999999989204
14.200531816536824,1.0,fibonacci,0.009077061416624723,0.9999999999975345
14.531975242368961,1.0,fibonacci,0.009062139193358442,0.9999999999988453
14.871154628089537,1.0,fibonacci,0.009048655031867815,1.00000000000096
15.218250532643863,1.0,fibonacci,0.009037349379625383,0.9999999999988118
15.573447729261343,1.0,fibonacci,0.00902876386354983,1.000000000001888
15.936935303817744,1.0,fibonacci,0.009023153018151256,0.9999999999986691
16.308906755493325,1.0,fibonacci,0.00902041082698292,1.000000000001587
16.68956009978024,1.0,fibonacci,0.009020012603630199,0.999999999998705
17.079097973894278,1.0,fibonacci,0.009020991165990696,1.0000000000015639
17.47772774464681,1.0,fibonacci,0.009021994000034816,0.9999999999985552
17.885661618834618,1.0,fibonacci,0.009021478600309718,0.9999999999979493
18.30311675620612,1.0,fibonacci,0.009018068036257482,0.9999999999983353
18.730315385064376,1.0,fibonacci,0.0090110020473443,0.9999999999944549
19.16748492056815,1.0,fibonacci,0.009000521377012616,1.0000000000016724
19.614858085794303,1.0,fibonacci,0.008987989956613762,0.9999999999982735
20.072673035625694,1.0,fibonacci,0.008975645989264968,0.9999999999997332
20.541173483530642,1.0,fibonacci,0.00896604422650761,0.9999999999981253
21.020608831301583,1.0,fibonacci,0.008961386345458006,0.9999999999956531
21.511234301821663,1.0,fibonacci,0.008962922135884652,0.999999999999673
22.013311074930314,1.0,fibonacci,0.008970480279509824,0.9999999999984137
22.527106426459802,1.0,fibonacci,0.008982152625780612,0.9999999999963626
23.052893870517085,1.0,fibonacci,0.008994340521222575,0.9999999999974665
23.59095330508635,1.0,fibonacci,0.009002553670739854,0.9999999999996017
24.14157116103019,1.0,fibonacci,0.009003095006713834,0.9999999999976129
24.705040554568253,1.0,fibonacci,0.008995008289092667,0.9999999999972873
25.28166144331499,1.0,fibonacci,0.008981060897753673,0.9999999999930275
25.871740785959226,1.0,fibonacci,0.00896688760824168,1.000000000001487
26.475592705670667,1.0,fibonacci,0.008958627925298097,0.9999999999982111
27.093538657320515,1.0,fibonacci,0.008960261985949545,0.9999999999972408
27.725907598604824,1.0,fibonacci,0.008971584067201032,0.9999999999974455
28.37303616516213,1.0,fibonacci,0.008987287241275987,0.9999999999928194
29.035268849778138,1.0,fibonacci,0.00899811403773997,0.9999999999924356
29.712958185773342,1.0,fibonacci,0.008995095371636301,0.9999999999931392
30.40646493467067,1.0,fibonacci,0.008975470078427165,0.999999999993527
31.116158278243613,1.0,fibonacci,0.008945816548213132,0.9999999999949114
31.84241601504653,1.0,fibonacci,0.00891889166958766,0.9999999999959592
32.585624761532245,1.0,fibonacci,0.008905852502969918,0.999999999994856
33.34618015786364,1.0,fibonacci,0.008908827553750652,0.9999999999926018
34.124487078528894,1.0,fibonacci,0.008917412598068537,0.9999999999892637
34.920959847872716,1.0,fibonacci,0.008912088508813332,0.9999999999913359
35.736022460657864,1.0,fibonacci,0.008877135221366376,0.9999999999962702
36.570108807774915,1.0,fibonacci,0.008815590663269453,0.9999999999963813
37.42366290721981,1.0,fibonacci,0.008749190300865298,0.9999999999960493
38.29713914046281,1.0,fibonacci,0.008699854905267264,0.9999999999989247
39.19100249433404,1.0,fibonacci,0.008669617642836117,0.9999999999964813
40.10572880855496,1.0,fibonacci,0.008633864767132574,0.9999999999889072
41.04180502904709,1.0,fibonacci,0.008557416602189326,0.9999999999956051
41.99972946715304,1.0,fibonacci,0.008430604302445719,1.0000000000010654
42.98001206490796,1.0,fibonacci,0.008284883326850274,0.9999999999917707
43.98317466650224,1.0,fibonacci,0.008160317542872038,0.9999999999953028
45.009751296080466,1.0,fibonacci,0.008063144974801508,1.0000000000011926
46.060288442024,1.0,fibonacci,0.007956833535784148,0.999999999987957
47.13534534786909,1.0,fibonacci,0.00780249513145668,0.9999999999950449
48.23549431001467,1.0,fibonacci,0.007618413791383976,0.9999999999896363
49.36132098237917,1.0,fibonacci,0.007466182438834614,0.9999999999941389
50.51342468816764,1.0,fibonacci,0.0073743194678363875,0.9999999999865513
51.69241873891598,1.0,fibonacci,0.007305549082457588,0.9999999999943253
52.89893076098151,1.0,fibonacci,0.007207227567043759,0.9999999999925877
54.133603029653784,1.0,fibonacci,0.007098514255686002,0.9999999999979062
55.397092811064034,1.0,fibonacci,0.007045703847456204,0.9999999999937135
56.69007271207434,1.0,fibonacci,0.007058594513528166,0.9999999999925296
58.013231038333785,1.0,fibonacci,0.007069195669852523,0.999999999987819
59.36727216069123,1.0,fibonacci,0.007035270700204495,0.9999999999950282
60.75291689016074,1.0,fibonacci,0.00701580873737463,0.9999999999957219
62.17090286163827,1.0,fibonacci,0.00704929784832673,0.9999999999975178
63.62198492657489,1.0,fibonacci,0.00705527013096149,0.9999999999941399
65.10693555481458,1.0,fibonacci,0.006958442194789147,0.9999999999946944
66.6265452458115,1.0,fibonacci,0.006834968780779597,0.9999999999947224
68.18162294944479,1.0,fibonacci,0.006734293272898398,0.9999999999972138
69.77299649665534,1.0,fibonacci,0.006566436075393107,0.9999999999904584
71.40151304013399,1.0,fibonacci,0.006337167666146937,0.9999999999830652
73.06803950529499,1.0,fibonacci,0.006169081817448523,0.999999999990472
74.77346305177588,1.0,fibonacci,0.006030525332498608,0.9999999999914555
76.51869154570822,1.0,fibonacci,0.005862950505428287,0.9999999999901451
78.30465404301187,1.0,fibonacci,0.005761456976335148,0.9999999999896454
80.13230128396887,1.0,fibonacci,0.0057221004796319,0.9999999999934887
82.0026061993413,1.0,fibonacci,0.005657738663427884,0.9999999999886677
83.91656442830157,1.0,fibonacci,0.005643942070138405,0.9999999999907456
85.8751948484517,1.0,fibonacci,0.005679950761774043,0.9999999999882493
87.8795401182132,1.0,fibonacci,0.00565729099487155,0.9999999999873935
89.93066723187619,1.0,fibonacci,0.005689248404928303,0.9999999999790754
92.02966808760415,1.0,fibonacci,0.005733763715793561,0.9999999999839403
94.17766006869519,1.0,fibonacci,0.005707491583196781,0.9999999999866764
96.37578663841089,1.0,fibonacci,0.005767905390433796,0.9999999999849501
98.62521794868779,1.0,fibonacci,0.0057377333118293445,0.9999999999767917
100.92715146305709,1.0,fibonacci,0.005679472158951131,0.9999999999858441
103.28281259410285,1.0,fibonacci,0.005623350276569954,0.9999999999855067
105.69345535579883,1.0,fibonacci,0.00543505169770368,0.9999999999887212
108.16036303107094,1.0,fibonacci,0.005351049059122214,0.9999999999831355
110.6848488549412,1.0,fibonacci,0.0052223659209205495,0.9999999999887376
113.26825671361537,1.0,fibonacci,0.005240375001460847,0.9999999999843026
115.91196185988856,1.0,fibonacci,0.0052964256039764596,0.9999999999754804
118.6173716452478,1.0,fibonacci,0.005457767347478425,0.999999999985528
121.38592626906276,1.0,fibonacci,0.005639289562776113,0.9999999999876342
124.21909954526174,1.0,fibonacci,0.005788302674682282,0.9999999999872636
127.11839968690288,1.0,fibonacci,0.005769733077276266,0.9999999999819881
130.08537010905707,1.0,fibonacci,0.005644899982579728,0.9999999999767674
133.12159025043076,1.0,fibonacci,0.005426934404216631,0.999999999981682
136.22867641416468,1.0,fibonacci,0.005350440552560754,0.9999999999822913
139.40828262825772,1.0,fibonacci,0.005291847848140359,0.9999999999809785
142.66210152607368,1.0,fibonacci,0.005441098083055522,0.999999999976026
145.99186524739787,1.0,fibonacci,0.005565968907052551,0.9999999999829455
149.39934636052578,1.0,fibonacci,0.005748589674392663,0.9999999999847855
152.88635880587296,1.0,fibonacci,0.005949367598852984,0.9999999999826328
156.45475886160958,1.0,fibonacci,0.006022601001407764,0.9999999999817756
160.10644613183177,1.0,fibonacci,0.006139756754063818,0.9999999999730513
163.84336455779848,1.0,fibonacci,0.00604852595261895,0.9999999999782321
167.66750345276992,1.0,fibonacci,0.005822330140398923,0.9999999999803024
171.58089856100048,1.0,fibonacci,0.005762984395317612,0.9999999999770618
175.5856331414469,1.0,fibonacci,0.00590480797344451,0.9999999999704501
179.68383907677193,1.0,fibonacci,0.006228473550194881,0.9999999999713718
183.8776980082327,1.0,fibonacci,0.006582377282213602,0.9999999999729124
188.16944249705557,1.0,fibonacci,0.006527888987921871,0.9999999999684704
192.56135721291986,1.0,fibonacci,0.0060880732506353305,0.9999999999743566
197.05578015017983,1.0,fibonacci,0.005734011469755226,0.9999999999792211
201.65510387247465,1.0,fibonacci,0.005646169005354945,0.9999999999724848
206.36177678638586,1.0,fibonacci,0.005710825112499101,0.9999999999727223
211.17830444482442,1.0,fibonacci,0.005732715108590736,0.9999999999784741
216.10725088083765,1.0,fibonacci,0.005656668091051178,0.9999999999759118
221.15123997254886,1.0,fibonacci,0.005427769053603475,0.9999999999725959
226.31295683995296,1.0,fibonacci,0.004991012183093337,0.9999999999613379
231.59514927431522,1.0,fibonacci,0.004645197990588387,0.9999999999693339
237.0006292009328,1.0,fibonacci,0.004673292264848626,0.9999999999669313
242.5322741760353,1.0,fibonacci,0.00499979382373431,0.999999999957325
248.19302891862552,1.0,fibonacci,0.004949248474217172,0.9999999999601489
253.9859068780724,1.0,fibonacci,0.0045720896413784,0.9999999999652003
259.91399183829327,1.0,fibonacci,0.0045573980339877465,0.9999999999694583
265.98043955937584,1.0,fibonacci,0.00476980745007962,0.9999999999631235
272.18847945751793,1.0,fibonacci,0.004788043300424438,0.9999999999624405
278.5414163241766,1.0,fibonacci,0.004688695140818599,0.9999999999613177
285.0426320853435,1.0,fibonacci,0.004550865852307392,0.9999999999654061
291.6955876018796,1.0,fibonacci,0.004508699204837726,0.9999999999523436
298.50382451187295,1.0,fibonacci,0.004711255020313115,0.9999999999632808
305.4709671159968,1.0,fibonacci,0.005001015584063047,0.9999999999612358
312.60072430687035,1.0,fibonacci,0.005253211177356711,0.9999999999629143
319.89689154345376,1.0,fibonacci,0.005884987320053303,0.9999999999480557
327.3633528715244,1.0,fibonacci,0.006212417838007613,0.9999999999571015
335.0040829913133,1.0,fibonacci,0.006222482604022513,0.9999999999539497
342.8231493733971,1.0,fibonacci,0.006393420315904004,0.9999999999552315
350.82471442397923,1.0,fibonacci,0.00634748274459834,0.9999999999439492
359.01303770070683,1.0,fibonacci,0.005967464617607923,0.9999999999526958
367.39247818020743,1.0,fibonacci,0.0054870905924156756,0.9999999999512234
375.96749657854673,1.0,fibonacci,0.005300763267563651,0.9999999999397698
384.74265772585017,1.0,fibonacci,0.00517408663036776,0.9999999999491366
393.72263299634795,1.0,fibonacci,0.004902858693725292,0.999999999946297
402.91220279513476,1.0,fibonacci,0.00492639445842833,0.9999999999470266
412.3162591029752,1.0,fibonacci,0.004999470070483654,0.9999999999409775
421.9398080805024,1.0,fibonacci,0.005154825807124217,0.9999999999384329
431.78797273320214,1.0,fibonacci,0.005233143113536803,0.9999999999381595
441.86599563859414,1.0,fibonacci,0.005672727792377796,0.9999999999399427
452.1792417370702,1.0,fibonacci,0.00602890754996888,0.9999999999371978
462.7332011878689,1.0,fibonacci,0.006251255470442862,0.9999999999393683
473.53349229171164,1.0,fibonacci,0.006419402400841403,0.9999999999317266
484.58586448164954,1.0,fibonacci,0.006498248714157433,0.9999999999295359
495.8962013837212,1.0,fibonacci,0.005776167232508023,0.9999999999279637
507.4705239490466,1.0,fibonacci,0.005542984803925608,0.9999999999217749
519.3149936590212,1.0,fibonacci,0.005242764092027503,0.9999999999241861
531.4359158053242,1.0,fibonacci,0.004675562681016315,0.9999999999195128
543.8397428464796,1.0,fibonacci,0.005429840881355607,0.9999999999096147
556.5330778427646,1.0,fibonacci,0.004758303006435123,0.999999999917918
569.5226779712825,1.0,fibonacci,0.005574386347595118,0.9999999999155676
582.8154581230846,1.0,fibonacci,0.006028771305639577,0.9999999999185513
596.418494584246,1.0,fibonacci,0.006509979742747075,0.9999999999121618
610.3390288028621,1.0,fibonacci,0.00789176988517139,0.9999999999103799
624.5844712439617,1.0,fibonacci,0.008488937430981173,0.9999999999103991
639.1624053343999,1.0,fibonacci,0.009007926658325536,0.9999999998978933
654.0805914998252,1.0,fibonacci,0.0069810425022984336,0.9999999998843963
669.3469712958661,1.0,fibonacci,0.006183648123223613,0.9999999998954693
684.9696716357447,1.0,fibonacci,0.00517974652015865,0.9999999998923632
700.9570091165617,1.0,fibonacci,0.004788812380101185,0.9999999998918411
717.3174944465612,1.0,fibonacci,0.004725055983943048,0.9999999998762392
734.0598369757212,1.0,fibonacci,0.004210062552854433,0.9999999998861969
751.1929493320969,1.0,fibonacci,0.00482840504987451,0.9999999998771142
768.7259521663727,1.0,fibonacci,0.0050515821256994446,0.9999999998737342
786.6681790071582,1.0,fibonacci,0.007391132294885754,0.9999999998723605
805.0291812295981,1.0,fibonacci,0.0073165841468083885,0.9999999998662533
823.8187331399602,1.0,fibonacci,0.005900869989261867,0.9999999998624926
843.0468371788967,1.0,fibonacci,0.0053060702789095564,0.9999999998545863
862.723729246145,1.0,fibonacci,0.004280409413401741,0.9999999998463593
882.859884149515,1.0,fibonacci,0.0037107277082573595,0.9999999998385664
903.4660211810525,1.0,fibonacci,0.004006615459990265,0.9999999998520981
924.5531098233571,1.0,fibonacci,0.003960741237293955,0.9999999998424718
946.1323755890769,1.0,fibonacci,0.004144572258018427,0.9999999998391411
968.2153059967086,1.0,fibonacci,0.004259994127550979,0.999999999834528
990.8136566858666,1.0,fibonacci,0.004484557455810068,0.999999999822258
1013.9394576752917,1.0,fibonacci,0.004260427155535062,0.9999999998264437
1037.6050197669117,1.0,fibonacci,0.0039034217905777485,0.9999999998226077
1061.8229410993836,1.0,fibonacci,0.0040492026672662145,0.9999999998188519
1086.6061138545967,1.0,fibonacci,0.004731826760723126,0.9999999998140285
1111.967731120699,1.0,fibonacci,0.004796498387933662,0.9999999998136344
1137.9212939153151,1.0,fibonacci,0.004657157830053587,0.9999999997967223
1164.4806183726855,1.0,fibonacci,0.004442553622560931,0.9999999998002015
1191.6598430985587,1.0,fibonacci,0.004225232183839888,0.9999999998018749
1219.4734366967382,1.0,fibonacci,0.005059686390525052,0.9999999997887745
1247.9362054713115,1.0,fibonacci,0.005004084249564729,0.9999999997878187
1277.0633013086433,1.0,fibonacci,0.004648441467563335,0.9999999997721752
1306.8702297433463,1.0,fibonacci,0.0046855751506732985,0.9999999997761251
1337.3728582124963,1.0,fibonacci,0.00456989998317672,0.9999999997742671
1368.5874245025177,1.0,fibonacci,0.005612979639595218,0.9999999997635172
1400.5305453932197,1.0,fibonacci,0.006482505682883182,0.99999999975081
1433.2192255035739,1.0,fibonacci,0.005470232077792751,0.9999999997495547
1466.6708663439686,1.0,fibonacci,0.0053332848104684204,0.9999999997490495
1500.903275579735,1.0,fibonacci,0.005439580104830888,0.9999999997493224
1535.934676510897,1.0,fibonacci,0.00503461733071804,0.9999999997376195
1571.7837177731628,1.0,fibonacci,0.005866261783417798,0.9999999997324429
1608.4694832653552,1.0,fibonacci,0.004926694138160892,0.9999999997317517
1646.0115023085498,1.0,fibonacci,0.0047325880857398,0.9999999997151562
1684.4297600423151,1.0,fibonacci,0.004539341225859204,0.99999999971729
1723.7447080636198,1.0,fibonacci,0.004481612366594264,0.9999999997109084
1763.9772753140435,1.0,fibonacci,0.006155743013280499,0.9999999996902581
1805.1488792211082,1.0,fibonacci,0.004971848906629911,0.9999999996874234
1847.281437099634,1.0,fibonacci,0.003952713727467928,0.9999999996772003
1890.3973778192214,1.0,fibonacci,0.004712125719835351,0.999999999676428
1934.5196537440443,1.0,fibonacci,0.005950314153429425,0.999999999658725
1979.6717529513326,1.0,fibonacci,0.004098023436744596,0.999999999644239
2025.877711735017,1.0,fibonacci,0.0035666251240124972,0.9999999996474764
2073.162127401229,1.0,fibonacci,0.00395217513194292,0.9999999996388218
2121.5501713624503,1.0,fibonacci,0.0035431725076782304,0.9999999996244643
2171.067602537265,1.0,fibonacci,0.004052736205531094,0.9999999996202763
2221.7407810628847,1.0,fibonacci,0.0035241977820447633,0.999999999596866
2273.596682327715,1.0,fibonacci,0.003315863403178734,0.999999999605833
2326.662911331458,1.0,fibonacci,0.004140333963859605,0.9999999995888798
2380.9677173803584,1.0,fibonacci,0.004299823367041279,0.9999999995727205
2436.540009125466,1.0,fibonacci,0.004365123211608662,0.9999999995684354
2493.409369951878,1.0,fibonacci,0.004330801534668212,0.9999999995552395
2551.6060737271837,1.0,fibonacci,0.003812677555607792,0.9999999995311526
2611.1611009174594,1.0,fibonacci,0.004280430983391228,0.9999999995318061
2672.1061550794325,1.0,fibonacci,0.003944254396953139,0.9999999995135016
2734.47367973758,1.0,fibonacci,0.0035145091653668976,0.9999999994958582
2798.296875655116,1.0,fibonacci,0.003307647071295921,0.9999999994959047
2863.6097185081157,1.0,fibonacci,0.003411399971608435,0.9999999994868527
2930.4469769721413,1.0,fibonacci,0.00394292313197273,0.9999999994713057
2998.8442312310276,1.0,fibonacci,0.003640909231965301,0.9999999994568756
3068.837891917642,1.0,fibonacci,0.0036002274389020043,0.9999999994462503
3140.465219496752,1.0,fibonacci,0.003327048176817908,0.9999999994231424
3213.7643441002756,1.0,fibonacci,0.0034786972154630877,0.9999999994200398
3288.77428582551,1.0,fibonacci,0.0039839496367594625,0.9999999994066441
3365.5349755070943,1.0,fibonacci,0.00448028114114919,0.9999999993824722
3444.08727597382,1.0,fibonacci,0.004013106577025598,0.9999999993791314
3524.473003801584,1.0,fibonacci,0.004041615360240373,0.9999999993643945
3606.734951574028,1.0,fibonacci,0.004760882359888459,0.9999999993486363
3690.9169106627783,1.0,fibonacci,0.00408933710882779,0.9999999993402479
3777.0636945393644,1.0,fibonacci,0.00346746298425751,0.9999999993111929
3865.221162631262,1.0,fibonacci,0.003948178143182663,0.9999999993027354
3955.4362447347016,1.0,fibonacci,0.0033672679299799496,0.999999999293008
4047.7569659973224,1.0,fibonacci,0.003302283667268155,0.9999999992679758
4142.232472483894,1.0,fibonacci,0.003997007511105355,0.9999999992430271
4238.913057338778,1.0,fibonacci,0.003315228181744695,0.9999999992316779
4337.850187558989,1.0,fibonacci,0.003519197019128772,0.9999999992186386
4439.096531392166,1.0,fibonacci,0.0032337079315051405,0.9999999991954925
4542.705986374042,1.0,fibonacci,0.004309746361520791,0.9999999991758919
4648.733708020257,1.0,fibonacci,0.002902073554163725,0.9999999991560365
4757.236139187889,1.0,fibonacci,0.0029556579391996343,0.9999999991273402
4868.2710401222785,1.0,fibonacci,0.003566641816044457,0.9999999991106738
4981.89751920516,1.0,fibonacci,0.002889811334318935,0.9999999990949328
5098.176064420424,1.0,fibonacci,0.003687491741181989,0.9999999990687628
5217.168575554349,1.0,fibonacci,0.0032489647259006283,0.9999999990571623
5338.93839714735,1.0,fibonacci,0.0037363611085551095,0.9999999990339741
5463.550352214876,1.0,fibonacci,0.0042715341011823295,0.9999999990219113
5591.070776755293,1.0,fibonacci,0.0034376273790365296,0.999999999001423
5721.567555063246,1.0,fibonacci,0.0034555438484512235,0.9999999989749468
5855.110155867238,1.0,fibonacci,0.003140704387019641,0.9999999989559624
5991.769669310619,1.0,fibonacci,0.0030215112031901485,0.9999999989198843
6131.618844795775,1.0,fibonacci,0.0033488104040253217,0.9999999989100689
6274.732129711574,1.0,fibonacci,0.002730488826750648,0.9999999988854149
6421.185709064758,1.0,fibonacci,0.003737231979622146,0.9999999988543053
6571.057546036271,1.0,fibonacci,0.0038706092185961253,0.9999999988257339
6724.42742348425,1.0,fibonacci,0.0032014539772277405,0.9999999987885646
6881.376986415663,1.0,fibonacci,0.0031037414865147652,0.9999999987711997
7041.989785449288,1.0,fibonacci,0.0032415429048882585,0.9999999987473166
7206.351321293052,1.0,fibonacci,0.0026452779811649853,0.9999999987161723
7374.549090259547,1.0,fibonacci,0.0033395647352106486,0.9999999986917812
7546.6726308438865,1.0,fibonacci,0.003971972300919825,0.9999999986619108
7722.813571388642,1.0,fibonacci,0.0035925094615072498,0.9999999986215856
7903.065678861348,1.0,fibonacci,0.0029994445998948985,0.999999998596806
8087.524908770449,1.0,fibonacci,0.0029589970167721927,0.9999999985555826
8276.289456246344,1.0,fibonacci,0.0032127766998582916,0.9999999985284407
8469.459808314585,1.0,fibonacci,0.0028191384499043665,0.9999999984870186
8667.138797389232,1.0,fibonacci,0.003513144756797173,0.9999999984597838
8869.431656014704,1.0,fibonacci,0.002796953720337268,0.9999999984295251
9076.446072885356,1.0,fibonacci,0.003494431221866229,0.9999999983786223
9288.292250172499,1.0,fibonacci,0.005041518622902012,0.9999999983514757
9505.082962189503,1.0,fibonacci,0.0030010280161625654,0.999999998316628
9726.93361542617,1.0,fibonacci,0.0031799284835003832,0.999999998260923
9953.962309984234,1.0,fibonacci,0.0027756709130279827,0.9999999982239646
10186.289902446864,1.0,fibonacci,0.0029316260881982166,0.9999999981798171
10424.040070215558,1.0,fibonacci,0.0032679922900281538,0.999999998139756
10667.339377348571,1.0,fibonacci,0.0035744302097566157,0.9999999980804813
10916.317341936148,1.0,fibonacci,0.00300681910262458,0.9999999980274348
11171.106505048241,1.0,fibonacci,0.002722222432256873,0.9999999979720864
11431.842501291503,1.0,fibonacci,0.0028406248139362994,0.9999999979090245
11698.664131013058,1.0,fibonacci,0.003187851890657936,0.9999999978624088
11971.713434189656,1.0,fibonacci,0.0032040989588727575,0.9999999977998068
12251.135766041178,1.0,fibonacci,0.0031928211510863893,0.9999999977443214
12537.079874409197,1.0,fibonacci,0.003553067872880707,0.9999999976727126
12829.697978941475,1.0,fibonacci,0.003350498646089361,0.9999999976004451
13129.145852124653,1.0,fibonacci,0.0034450446606300303,0.9999999975364187
13435.582902208263,1.0,fibonacci,0.002869860700869002,0.9999999974553937
13749.172258064205,1.0,fibonacci,0.0027286896822601163,0.9999999973685265
14070.080856026836,1.0,fibonacci,0.002637434246077308,0.999999997287496
14398.479528760066,1.0,fibonacci,0.0028290217345140495,0.9999999971946415
14734.543096198344,1.0,fibonacci,0.002686345764343751,0.9999999970889539
15078.45045861051,1.0,fibonacci,0.00307179638810936,0.9999999969810704
15430.384691835645,1.0,fibonacci,0.0030206503334239457,0.9999999968762853
15790.533144741757,1.0,fibonacci,0.0035955098550692044,0.9999999967250761
16159.087538959191,1.0,fibonacci,0.0036065409198163772,0.999999996594855
16536.244070941786,1.0,fibonacci,0.0032043455998349876,0.9999999964076419
16922.203516410354,1.0,fibonacci,0.0033833404946933083,0.9999999962080078
17317.17133723353,1.0,fibonacci,0.0032236450347675905,0.999999996022853
17721.357790803584,1.0,fibonacci,0.0031757176753616644,0.9999999957885232
18134.978041964954,1.0,fibonacci,0.002933301946684347,0.9999999954959093
18558.252277555188,1.0,fibonacci,0.003010136046803519,0.9999999951598992
18991.405823619356,1.0,fibonacci,0.003680604397346619,0.9999999947295182
19434.669265360182,1.0,fibonacci,0.0027671369777421493,0.9999999942099511
19888.278569888076,1.0,fibonacci,0.0029959041139341292,0.9999999937472929
20352.475211835757,1.0,fibonacci,0.0027641518448986947,0.999999993117742
20827.50630190514,1.0,fibonacci,0.002739944913678925,0.9999999924177815
21313.624718414376,1.0,fibonacci,0.0029731959230428913,0.9999999917169959
21811.0892419152,1.0,fibonacci,0.0031086604147429284,0.9999999908431966
22320.164692952345,1.0,fibonacci,0.0030114704020330445,0.999999989990945
22841.122073038256,1.0,fibonacci,0.0026832755647467565,0.9999999889979975
23374.238708918125,1.0,fibonacci,0.0031371329303446285,0.9999999877892085
23919.798400202373,1.0,fibonacci,0.0029974047094794374,0.9999999866193973
24478.0915704444,1.0,fibonacci,0.002882799201529806,0.9999999852446881
25049.415421745023,1.0,fibonacci,0.002905463128177654,0.999999983985257
25634.07409296515,1.0,fibonacci,0.0031418941754921903,0.9999999824777978
26232.378821631235,1.0,fibonacci,0.002509337148164228,0.9999999811053144
26844.64810961965,1.0,fibonacci,0.002783817223328826,0.9999999793555349
27471.207892708087,1.0,fibonacci,0.002561848556332912,0.9999999775168514
28112.391714084613,1.0,fibonacci,0.00280804412050785,0.9999999754082843
28768.54090190591,1.0,fibonacci,0.002601138895211642,0.9999999731268792
29440.00475100034,1.0,fibonacci,0.0027719075018197473,0.9999999709636019
30127.140708811643,1.0,fibonacci,0.0027662447403550504,0.9999999680791686
30830.31456568277,1.0,fibonacci,0.0024245864524155302,0.9999999651153629
31549.900649580886,1.0,fibonacci,0.002815318819242628,0.9999999618799352
32286.28202536727,1.0,fibonacci,0.002627505506992074,0.9999999586604701
33039.85069871855,1.0,fibonacci,0.0025447148238620597,0.9999999547646429
33811.00782480682,1.0,fibonacci,0.00229720932362797,0.9999999511529319
34600.16392185109,1.0,fibonacci,0.0027334602189432572,0.9999999471341611
35407.7390896527,1.0,fibonacci,0.002479378104154813,0.9999999422804402
36234.1632332315,1.0,fibonacci,0.0024093187873775275,0.9999999376186192
37079.87629168172,1.0,fibonacci,0.0026556489822646538,0.9999999321496531
37945.32847236942,1.0,fibonacci,0.0024509720352092917,0.9999999265884385
38830.98049059601,1.0,fibonacci,0.0027555825070068544,0.9999999204744945
39737.303814856044,1.0,fibonacci,0.0023944757296944018,0.9999999130415339
40664.78091781854,1.0,fibonacci,0.0020480783230280622,0.9999999052795097
41613.90553316707,1.0,fibonacci,0.002458749203189972,0.9999998959665758
42585.18291843415,1.0,fibonacci,0.0021680738690987873,0.9999998860919528
43579.130123970295,1.0,fibonacci,0.0025027744599217835,0.9999998769165078
44596.27626819095,1.0,fibonacci,0.0024390387534811344,0.9999998659028352
45637.16281924754,1.0,fibonacci,0.0025179338566034817,0.9999998543599938
46702.34388327331,1.0,fibonacci,0.0019537402967653617,0.9999998415629757
47792.38649935595,1.0,fibonacci,0.0022249331600106502,0.9999998280624413
48907.8709413959,1.0,fibonacci,0.0019590784965117305,0.9999998140829257
50049.39102700954,1.0,fibonacci,0.0021385517340861537,0.9999997993086971
51217.554433642414,1.0,fibonacci,0.0019510716427364662,0.9999997839968611
52412.983022060616,1.0,fibonacci,0.0019215706576399944,0.9999997681881926
53636.31316739234,1.0,fibonacci,0.0018977980853700223,0.9999997511732116
54888.19609789666,1.0,fibonacci,0.0020809776561388723,0.9999997329342789
56169.29824163804,1.0,fibonacci,0.0020074024107262296,0.9999997136915107
57480.30158125351,1.0,fibonacci,0.0019685781929849764,0.9999996939249206
58821.90401699956,1.0,fibonacci,0.001837300372539905,0.99999967280119
60194.819738272745,1.0,fibonacci,0.001768040442533085,0.9999996509604416
61599.77960380169,1.0,fibonacci,0.001641435554041939,0.9999996266187217
63037.53153071282,1.0,fibonacci,0.001599072701833201,0.999999604377927
64508.84089267686,1.0,fibonacci,0.0017537081828424943,0.9999995800401537
66014.49092734883,1.0,fibonacci,0.0018345148881700236,0.9999995550396887
67555.2831533164,1.0,fibonacci,0.0017333867567089743,0.9999995268651555
69132.03779678128,1.0,fibonacci,0.001643703239397394,0.9999995003239978
70745.59422819878,1.0,fibonacci,0.0016620334303191124,0.999999471822879
72396.81140910876,1.0,fibonacci,0.0016568214832508405,0.9999994422830568
74086.56834939567,1.0,fibonacci,0.0014586280084884714,0.999999413469786
75815.76457522102,1.0,fibonacci,0.0015125232608759773,0.9999993831151472
77585.32060787828,1.0,fibonacci,0.0015761579125499595,0.9999993515923212
79396.17845382275,1.0,fibonacci,0.0015161959857357323,0.9999993179004498
81249.30210614047,1.0,fibonacci,0.0014014486983408164,0.9999992844544059
83145.67805772064,1.0,fibonacci,0.0016157477569777024,0.9999992489544346
85086.31582640581,1.0,fibonacci,0.0015046388299068839,0.9999992119476435
87072.24849239922,1.0,fibonacci,0.0015634340964101536,0.9999991732641057
89104.53324821504,1.0,fibonacci,0.001500566049623323,0.999999136507806
91184.25196146562,1.0,fibonacci,0.001388301511752092,0.9999990973531185
93312.5117507824,1.0,fibonacci,0.0016089929407125739,0.9999990558654066
95490.44557518078,1.0,fibonacci,0.001573567835592706,0.9999990152171283
97719.21283717996,1.0,fibonacci,0.0014527812545014338,0.9999989745609174
100000.0,1.0,fibonacci,0.0013915097240614403,0.9999989316901605
0.0,1.5,fibonacci,0.00940313707633849,1.0
1.0,1.5,fibonacci,0.009401945233736905,1.00000000000283
1.023340212191642,1.5,fibonacci,0.009401847793633664,1.0000000000030602
1.0472251898884348,1.5,fibonacci,0.009401742389890255,1.000000000002982
1.0716676480328635,1.5,fibonacci,0.009401628404719533,1.0000000000025222
1.0966805983368684,1.5,fibonacci,0.009401505178621213,1.000000000001652
1.1222773562085078,1.5,fibonacci,0.009401372008521678,1.000000000000409
1.1484715478402894,1.5,fibonacci,0.009401228145977672,0.9999999999989133
1.1752771174629453,1.5,fibonacci,0.009401072795471543,0.9999999999973751
1.2027083347685117,1.5,fibonacci,0.009400905112828617,0.999999999996084
1.2307798025066652,1.5,fibonacci,0.009400724203789883,0.9999999999953696
1.259506464258358,1.5,fibonacci,0.00940052912277559,0.9999999999955183
1.2889036123908928,1.5,fibonacci,0.009400318871876681,0.9999999999966328
1.3189868961986702,1.5,fibonacci,0.009400092400111722,0.9999999999984119
1.3497723302339424,1.5,fibonacci,0.009399848602985674,0.99999999999983
1.3812763028320096,1.5,fibonacci,0.009399586323014957,0.9999999999999818
1.4135155848353955,1.5,fibonacci,0.00939930435158769,1.0000000000000662
1.4465073385216465,1.5,fibonacci,0.009399001428562023,0.9999999999999861
1.4802691267395092,1.5,fibonacci,0.009398676244797094,0.9999999999998596
1.514818922258346,1.5,fibonacci,0.009398327444909363,0.9999999999999213
1.55017511733577,1.5,fibonacci,0.009397953630840252,1.0000000000003608
1.5863565335085905,1.5,fibonacci,0.009397553366369635,1.0000000000012037
1.6233824316122787,1.5,fibonacci,0.009397125182673067,1.0000000000022569
1.661272522034293,1.5,fibonacci,0.009396667585020434,1.0000000000031342
1.7000469752067175,1.5,fibonacci,0.009396179060711086,1.0000000000033633
1.7397264323438015,1.5,fibonacci,0.009395658088334027,1.000000000002562
1.780332016430114,1.5,fibonacci,0.009395103148431038,1.0000000000006493
1.8218853434651667,1.5,fibonacci,0.009394512735624054,0.9999999999980272
1.8644085339704863,1.5,fibonacci,0.009393885372244747,0.9999999999956273
1.9079242247652657,1.5,fibonacci,0.009393219623471163,0.9999999999946885
1.9524555810168611,1.5,fibonacci,0.00939251411393283,0.9999999999960867
1.9980263085725503,1.5,fibonacci,0.00939176754568711,0.999999999999018
2.0446606665791167,1.5,fibonacci,0.009390978717569215,0.9999999999999203
2.0923834803969776,1.5,fibonacci,0.009390146547745403,1.0000000000000338
2.1412201548157292,1.5,fibonacci,0.009389270095189603,0.9999999999998145
2.1911966875781492,1.5,fibonacci,0.00938834858251642,0.9999999999999151
2.242339683219846,1.5,fibonacci,0.009387381420542826,1.00000000000095
2.2946763672319364,1.5,fibonacci,0.009386368233090504,1.0000000000027158
2.3482346005542762,1.5,fibonacci,0.009385308881722156,1.0000000000041003
2.4030428944069686,1.5,fibonacci,0.00938420349000044,1.0000000000036746
2.459130425468045,1.5,fibonacci,0.009383052466843676,1.0000000000007456
2.5165270514053915,1.5,fibonacci,0.009381856528560686,0.9999999999963601
2.575263326771201,1.5,fibonacci,0.009380616719184734,0.999999999993457
2.6353705192673944,1.5,fibonacci,0.009379334428800406,0.999999999995088
2.6968806263906933,1.5,fibonacci,0.009378011409673101,0.9999999999995198
2.7598263924661803,1.5,fibonacci,0.00937664978749706,0.9999999999999617
2.824241326078435,1.5,fibonacci,0.009375252063978486,0.9999999999997414
2.8901597179095098,1.5,fibonacci,0.009373821121477681,1.0000000000000024
2.957616658993254,1.5,fibonacci,0.009372360219136804,1.0000000000018685
3.0266480593956917,1.5,fibonacci,0.009370872984852164,1.0000000000039992
3.097290667331409,1.5,fibonacci,0.009369363399432442,1.0000000000034255
3.169582088726116,1.5,fibonacci,0.009367835773114962,0.9999999999988672
3.2435608072358115,1.5,fibonacci,0.009366294715543143,0.9999999999937598
3.319266204733189,1.5,fibonacci,0.009364745101453333,0.9999999999946318
3.396738582272208,1.5,fibonacci,0.009363192035847014,0.9999999999996704
3.4760191815419783,1.5,fibonacci,0.009361640806073207,0.9999999999998198
3.557150206821386,1.5,fibonacci,0.00936009681208802,0.9999999999996869
3.6401748474461404,1.5,fibonacci,0.009358565511899671,1.000000000001515
3.7251373008002115,1.5,fibonacci,0.009357052346282679,1.0000000000037301
3.8120827958438888,1.5,fibonacci,0.009355562649247183,1.0000000000015694
3.9010576171909923,1.5,fibonacci,0.009354101535843243,0.9999999999953756
3.9921091297480515,1.5,fibonacci,0.00935267376650813,0.9999999999944511
4.085285803928563,1.5,fibonacci,0.00935128359041737,0.9999999999996061
4.1806372414557575,1.5,fibonacci,0.009349934538635403,0.9999999999996397
4.278214201767616,1.5,fibonacci,0.009348629135741013,1.0000000000002327
4.378068629038169,1.5,fibonacci,0.009347368569248138,1.0000000000034786
4.480253679829491,1.5,fibonacci,0.009346152252809273,1.0000000000026277
4.584823751389096,1.5,fibonacci,0.009344977274565326,0.999999999995046
4.691834510607798,1.5,fibonacci,0.009343837714259203,0.9999999999947343
4.801342923653452,1.5,fibonacci,0.009342723830758584,0.9999999999997004
4.913407286296363,1.5,fibonacci,0.009341621084206985,0.9999999999994186
5.028087254942479,1.5,fibonacci,0.009340508997362064,1.0000000000025404
5.145443878390927,1.5,fibonacci,0.009339359895529031,1.000000000004835
5.265539630332757,1.5,fibonacci,0.009338137535565621,0.9999999999956929
5.388438442608224,1.5,fibonacci,0.00933679569466874,0.9999999999928517
5.5142057392403006,1.5,fibonacci,0.009335276799093755,0.9999999999995842
5.6429084712625395,1.5,fibonacci,0.009333510716847546,0.9999999999994932
5.7746151523598215,1.5,fibonacci,0.009331413866509285,1.0000000000036078
5.909395895340971,1.5,fibonacci,0.009328888802951093,1.000000000000541
6.047322449462647,1.5,fibonacci,0.009325824512020799,0.9999999999922196
6.188468238624385,1.5,fibonacci,0.009322097595239118,0.9999999999993893
6.332908400455114,1.5,fibonacci,0.009317574515163986,0.9999999999993766
6.48071982631197,1.5,fibonacci,0.00931211515718357,1.0000000000036129
6.631981202212672,1.5,fibonacci,0.009305577679888804,0.9999999999976946
6.786773050723297,1.5,fibonacci,0.009297824771798704,0.9999999999950586
6.945177773823696,1.5,fibonacci,0.00928873108595585,0.9999999999993192
7.107279696773417,1.5,fibonacci,0.009278191630003351,1.0000000000018865
7.273165113001458,1.5,fibonacci,0.009266130672769895,1.0000000000020923
7.44292233004376,1.5,fibonacci,0.009252510511518552,0.9999999999914331
7.616641716552892,1.5,fibonacci,0.009237339421984847,0.9999999999993183
7.794415750404949,1.5,fibonacci,0.009220677870138269,1.000000000001123
7.976339067929277,1.5,fibonacci,0.009202642323425192,1.00000000000139
8.162508514287229,1.5,fibonacci,0.009183405799857405,0.9999999999929946
8.353023195026777,1.5,fibonacci,0.00916319474176855,0.9999999999990343
8.54798452884041,1.5,fibonacci,0.009142281972508224,1.000000000003504
8.747496301554417,1.5,fibonacci,0.009120975959440999,0.9999999999949937
8.951664721378302,1.5,fibonacci,0.009099606882617236,0.999999999998878
9.160598475443708,1.5,fibonacci,0.009078510461393092,0.9999999999998657
9.374408787662995,1.5,fibonacci,0.009058010452811191,1.000000000002356
9.593209477938244,1.5,fibonacci,0.009038400773787258,0.9999999999931292
9.817117022752193,1.5,fibonacci,0.009019927638623814,0.9999999999987177
10.046250617173408,1.5,fibonacci,0.009002771721235491,1.0000000000029003
10.280732238308651,1.5,fibonacci,0.008987029516702529,0.9999999999936611
10.520686710236228,1.5,fibonacci,0.008972693245668755,0.9999999999987035
10.766241770454933,1.5,fibonacci,0.008959629428638365,1.000000000002269
11.017528137883868,1.5,fibonacci,0.008947558019096481,0.9999999999963173
11.274679582449467,1.5,fibonacci,0.008936037306164437,0.9999999999998938
11.537832996296608,1.5,fibonacci,0.008924462960349648,0.9999999999977438
11.807128466661897,1.5,fibonacci,0.008912091766475084,0.9999999999984669
12.082709350447766,1.5,fibonacci,0.008898099940773053,1.0000000000028755
12.36472235053715,1.5,fibonacci,0.008881680677009845,0.9999999999900814
12.65331759388943,1.5,fibonacci,0.008862175738320559,0.9999999999983029
12.948648711459043,1.5,fibonacci,0.008839222619698823,0.9999999999974449
13.250872919979532,1.5,fibonacci,0.008812887201152588,0.9999999999984687
13.560151105656333,1.5,fibonacci,0.008783745559961254,1.000000000005165
13.876647909813085,1.5,fibonacci,0.008752884075620885,0.9999999999963823
14.200531816536824,1.5,fibonacci,0.008721803745301803,1.000000000003075
14.531975242368961,1.5,fibonacci,0.008692239124079572,0.9999999999895007
14.871154628089537,1.5,fibonacci,0.008665926038632527,1.0000000000003535
15.218250532643863,1.5,fibonacci,0.008644364104535576,0.9999999999890727
15.573447729261343,1.5,fibonacci,0.008628612230552125,1.0000000000000282
15.936935303817744,1.5,fibonacci,0.008619129736261479,0.9999999999890793
16.308906755493325,1.5,fibonacci,0.008615647590847354,1.0000000000011111
16.68956009978024,1.5,fibonacci,0.00861705564406955,0.9999999999930089
17.079097973894278,1.5,fibonacci,0.008621338560411166,1.0000000000051779
17.47772774464681,1.5,fibonacci,0.008625669206374018,0.9999999999972478
17.885661618834618,1.5,fibonacci,0.008626802899396602,1.000000000002002
18.30311675620612,1.5,fibonacci,0.00862183702460141,0.9999999999970955
18.730315385064376,1.5,fibonacci,0.008609193649615493,0.9999999999904822
19.16748492056815,1.5,fibonacci,0.00858944933899808,1.0000000000029012
19.614858085794303,1.5,fibonacci,0.00856556341372763,0.9999999999970528
20.072673035625694,1.5,fibonacci,0.008542274520586845,0.9999999999973652
20.541173483530642,1.5,fibonacci,0.00852485554417196,0.9999999999975269
21.020608831301583,1.5,fibonacci,0.008517728404802536,0.9999999999965016
21.511234301821663,1.5,fibonacci,0.008523351264526104,0.9999999999931783
22.013311074930314,1.5,fibonacci,0.008541391615166472,1.0000000000026459
22.527106426459802,1.5,fibonacci,0.008568054953895527,0.9999999999965223
23.052893870517085,1.5,fibonacci,0.008595977980254084,0.9999999999857301
23.59095330508635,1.5,fibonacci,0.00861572503179334,0.9999999999970234
24.14157116103019,1.5,fibonacci,0.008619393679564642,1.0000000000000677
24.705040554568253,1.5,fibonacci,0.00860494630708704,0.9999999999965491
25.28166144331499,1.5,fibonacci,0.00857834943289802,0.9999999999961005
25.871740785959226,1.5,fibonacci,0.008551507525138802,0.9999999999850282
26.475592705670667,1.5,fibonacci,0.008537039283692064,0.9999999999897707
27.093538657320515,1.5,fibonacci,0.008542946694871451,0.9999999999949228
27.725907598604824,1.5,fibonacci,0.008568922436477139,1.0000000000034648
28.37303616516213,1.5,fibonacci,0.008604376078785246,1.0000000000012848
29.035268849778138,1.5,fibonacci,0.00863012517152442,0.9999999999984622
29.712958185773342,1.5,fibonacci,0.008627064990450966,0.9999999999987538
30.40646493467067,1.5,fibonacci,0.00858927699507402,1.0000000000003628
31.116158278243613,1.5,fibonacci,0.00853089090179866,1.000000000000678
31.84241601504653,1.5,fibonacci,0.008478542237441012,0.9999999999996179
32.585624761532245,1.5,fibonacci,0.008454671807228597,0.9999999999993419
33.34618015786364,1.5,fibonacci,0.008463533489734007,0.9999999999966711
34.124487078528894,1.5,fibonacci,0.008484787133515848,0.9999999999888025
34.920959847872716,1.5,fibonacci,0.008478932900962391,0.9999999999850171
35.736022460657864,1.5,fibonacci,0.008413628596811596,0.9999999999938662
36.570108807774915,1.5,fibonacci,0.008296336891738726,0.9999999999933227
37.42366290721981,1.5,fibonacci,0.008172713489488215,0.9999999999968052
38.29713914046281,1.5,fibonacci,0.008086045669116962,0.999999999993498
39.19100249433404,1.5,fibonacci,0.008039923154436149,0.9999999999834194
40.10572880855496,1.5,fibonacci,0.007986982044282453,0.9999999999925625
41.04180502904709,1.5,fibonacci,0.007858127963040555,0.999999999998085
41.99972946715304,1.5,fibonacci,0.007636614568787793,0.9999999999814144
42.98001206490796,1.5,fibonacci,0.007387468592418831,0.9999999999918195
43.98317466650224,1.5,fibonacci,0.007185039101620434,0.9999999999906249
45.009751296080466,1.5,fibonacci,0.007037507062109603,0.9999999999918169
46.060288442024,1.5,fibonacci,0.006879161388765737,0.9999999999975832
47.13534534786909,1.5,fibonacci,0.006642906751752822,0.9999999999912782
48.23549431001467,1.5,fibonacci,0.006367338225510589,0.9999999999962124
49.36132098237917,1.5,fibonacci,0.00615644885151411,0.9999999999900553
50.51342468816764,1.5,fibonacci,0.0060464563329722075,0.9999999999743903
51.69241873891598,1.5,fibonacci,0.005974020122283226,0.9999999999956976
52.89893076098151,1.5,fibonacci,0.005855948187110164,0.9999999999897086
54.133603029653784,1.5,fibonacci,0.005724726579830691,0.9999999999888202
55.397092811064034,1.5,fibonacci,0.005676102857914693,0.9999999999786404
56.69007271207434,1.5,fibonacci,0.005719598658957946,0.9999999999851147
58.013231038333785,1.5,fibonacci,0.005760634098492153,0.9999999999889145
59.36727216069123,1.5,fibonacci,0.005740450744469657,0.9999999999923228
60.75291689016074,1.5,fibonacci,0.005747117028893507,0.9999999999882954
62.17090286163827,1.5,fibonacci,0.005830997466535059,0.9999999999819584
63.62198492657489,1.5,fibonacci,0.005875535837271626,0.9999999999779932
65.10693555481458,1.5,fibonacci,0.0057663224575752,0.9999999999866981
66.6265452458115,1.5,fibonacci,0.005617547921623047,0.9999999999863339
68.18162294944479,1.5,fibonacci,0.005498548147718473,0.9999999999937802
69.77299649665534,1.5,fibonacci,0.005288159431211394,0.9999999999753497
71.40151304013399,1.5,fibonacci,0.005006709728589863,0.9999999999853723
73.06803950529499,1.5,fibonacci,0.004818202406244419,0.9999999999911878
74.77346305177588,1.5,fibonacci,0.004677364632402877,0.9999999999850037
76.51869154570822,1.5,fibonacci,0.0045122475819229495,0.9999999999842603
78.30465404301187,1.5,fibonacci,0.004434310974164831,0.999999999984356
80.13230128396887,1.5,fibonacci,0.004434888710778463,0.9999999999815916
82.0026061993413,1.5,fibonacci,0.004411923672880645,0.999999999977668
83.91656442830157,1.5,fibonacci,0.004451632023003712,0.9999999999892037
85.8751948484517,1.5,fibonacci,0.004552413551097383,0.9999999999887508
87.8795401182132,1.5,fibonacci,0.004572334890906444,0.9999999999888818
89.93066723187619,1.5,fibonacci,0.004646877886187753,0.9999999999894135
92.02966808760415,1.5,fibonacci,0.004735175691885899,0.9999999999815645
94.17766006869519,1.5,fibonacci,0.004716603857807076,0.9999999999715565
96.37578663841089,1.5,fibonacci,0.004818362469245844,0.9999999999805844
98.62521794868779,1.5,fibonacci,0.004799693045043173,0.9999999999874362
100.92715146305709,1.5,fibonacci,0.004740129692477565,0.9999999999785956
103.28281259410285,1.5,fibonacci,0.004693280473735951,0.9999999999859153
105.69345535579883,1.5,fibonacci,0.004469172925209072,0.9999999999789585
108.16036303107094,1.5,fibonacci,0.004397453377340894,0.9999999999708552
110.6848488549412,1.5,fibonacci,0.0042695347445085305,0.9999999999855802
113.26825671361537,1.5,fibonacci,0.004322373701490761,0.9999999999806449
115.91196185988856,1.5,fibonacci,0.004400015725699934,0.9999999999786611
118.6173716452478,1.5,fibonacci,0.004600372713510329,0.99999999998102
121.38592626906276,1.5,fibonacci,0.004826990965642807,0.9999999999823697
124.21909954526174,1.5,fibonacci,0.00501801147024945,0.9999999999619046
127.11839968690288,1.5,fibonacci,0.004962489170724642,0.9999999999743752
130.08537010905707,1.5,fibonacci,0.00477237184678816,0.9999999999749766
133.12159025043076,1.5,fibonacci,0.004484727418143949,0.9999999999731799
136.22867641416468,1.5,fibonacci,0.004428136988405124,0.9999999999617852
139.40828262825772,1.5,fibonacci,0.004383865887781753,0.9999999999770114
142.66210152607368,1.5,fibonacci,0.004610249546843215,0.9999999999770621
145.99186524739787,1.5,fibonacci,0.004784326054967091,0.9999999999799091
149.39934636052578,1.5,fibonacci,0.0050311922838088,0.999999999978883
152.88635880587296,1.5,fibonacci,0.005298938704344825,0.9999999999585766
156.45475886160958,1.5,fibonacci,0.0053819257966831735,0.9999999999681617
160.10644613183177,1.5,fibonacci,0.005554374318960702,0.9999999999573478
163.84336455779848,1.5,fibonacci,0.005466446580925157,0.9999999999699338
167.66750345276992,1.5,fibonacci,0.005205007462462228,0.999999999966045
171.58089856100048,1.5,fibonacci,0.0051602636271359,0.9999999999650698
175.5856331414469,1.5,fibonacci,0.005321316300979144,0.99999999996409
179.68383907677193,1.5,fibonacci,0.005668646493893994,0.9999999999630749
183.8776980082327,1.5,fibonacci,0.00609677100196738,0.9999999999686484
188.16944249705557,1.5,fibonacci,0.005937222341549876,0.9999999999609909
192.56135721291986,1.5,fibonacci,0.005292878433711451,0.9999999999655073
197.05578015017983,1.5,fibonacci,0.004855040979087581,0.9999999999651896
201.65510387247465,1.5,fibonacci,0.0046991457953881694,0.9999999999600957
206.36177678638586,1.5,fibonacci,0.004681982258156916,0.9999999999621307
211.17830444482442,1.5,fibonacci,0.004614120322707038,0.9999999999513205
216.10725088083765,1.5,fibonacci,0.0044731358776303794,0.9999999999548415
221.15123997254886,1.5,fibonacci,0.004227174378269997,0.999999999947621
226.31295683995296,1.5,fibonacci,0.0038189159234226495,0.9999999999577593
231.59514927431522,1.5,fibonacci,0.0035828644265358312,0.9999999999529819
237.0006292009328,1.5,fibonacci,0.0037331845632316606,0.9999999999589755
242.5322741760353,1.5,fibonacci,0.00428605766674477,0.9999999999331279
248.19302891862552,1.5,fibonacci,0.004482515824919771,0.9999999999503418
253.9859068780724,1.5,fibonacci,0.00441759205683174,0.9999999999458183
259.91399183829327,1.5,fibonacci,0.004766617917066392,0.999999999944384
265.98043955937584,1.5,fibonacci,0.005089763519124683,0.9999999999434085
272.18847945751793,1.5,fibonacci,0.00485263935242449,0.9999999999336998
278.5414163241766,1.5,fibonacci,0.0045594516171437735,0.9999999999478109
285.0426320853435,1.5,fibonacci,0.004544449408924817,0.9999999999388288
291.6955876018796,1.5,fibonacci,0.004888178566020429,0.9999999999387359
298.50382451187295,1.5,fibonacci,0.0054326379632268175,0.9999999999316731
305.4709671159968,1.5,fibonacci,0.006159434469426287,0.9999999999349104
312.60072430687035,1.5,fibonacci,0.007210573178167005,0.9999999999327355
319.89689154345376,1.5,fibonacci,0.008384041749954704,0.9999999999307517
327.3633528715244,1.5,fibonacci,0.0084740603329943,0.9999999999353216
335.0040829913133,1.5,fibonacci,0.007859885186146678,0.9999999999279342
342.8231493733971,1.5,fibonacci,0.007166983009048477,0.9999999999260055
350.82471442397923,1.5,fibonacci,0.00628289936165888,0.9999999999248286
359.01303770070683,1.5,fibonacci,0.005420091174096513,0.9999999999204385
367.39247818020743,1.5,fibonacci,0.004792190293236164,0.9999999999238768
375.96749657854673,1.5,fibonacci,0.004516093179229779,0.9999999999228848
384.74265772585017,1.5,fibonacci,0.004602015134350601,0.9999999999095521
393.72263299634795,1.5,fibonacci,0.004597813140484718,0.9999999999199027
402.91220279513476,1.5,fibonacci,0.0046113794795984145,0.9999999999157627
412.3162591029752,1.5,fibonacci,0.004425218839968091,0.9999999999092141
421.9398080805024,1.5,fibonacci,0.004820243257601625,0.9999999999077888
431.78797273320214,1.5,fibonacci,0.004995616371691251,0.999999999904889
441.86599563859414,1.5,fibonacci,0.005818352787285549,0.9999999999127988
452.1792417370702,1.5,fibonacci,0.0075588530405761465,0.9999999998995208
462.7332011878689,1.5,fibonacci,0.00788856489957238,0.9999999998963776
473.53349229171164,1.5,fibonacci,0.007563377307982862,0.9999999998871707
484.58586448164954,1.5,fibonacci,0.0077347539584856064,0.9999999998898143
495.8962013837212,1.5,fibonacci,0.005058847423753029,0.9999999998816128
507.4705239490466,1.5,fibonacci,0.004508606252477423,0.9999999998625807
519.3149936590212,1.5,fibonacci,0.003997194559826015,0.999999999880312
531.4359158053242,1.5,fibonacci,0.004039210464387406,0.9999999998696755
543.8397428464796,1.5,fibonacci,0.005454232271149112,0.9999999998757838
556.5330778427646,1.5,fibonacci,0.003941010655047529,0.999999999869508
569.5226779712825,1.5,fibonacci,0.004159443703311033,0.9999999998684155
582.8154581230846,1.5,fibonacci,0.0046381361685538,0.9999999998546985
596.418494584246,1.5,fibonacci,0.005608936235141618,0.9999999998514282
610.3390288028621,1.5,fibonacci,0.0077011849495208775,0.9999999998573729
624.5844712439617,1.5,fibonacci,0.009197761560684841,0.9999999998454784
639.1624053343999,1.5,fibonacci,0.006853843509236465,0.9999999998374794
654.0805914998252,1.5,fibonacci,0.004691693664912887,0.9999999998433912
669.3469712958661,1.5,fibonacci,0.004180005469538828,0.9999999998355569
684.9696716357447,1.5,fibonacci,0.00424291391831326,0.9999999998105006
700.9570091165617,1.5,fibonacci,0.004014122403328937,0.9999999998262736
717.3174944465612,1.5,fibonacci,0.004989577857154287,0.9999999998063761
734.0598369757212,1.5,fibonacci,0.004129493385502218,0.9999999998175385
751.1929493320969,1.5,fibonacci,0.003870597091091911,0.9999999998079315
768.7259521663727,1.5,fibonacci,0.004429916284510891,0.9999999998170761
786.6681790071582,1.5,fibonacci,0.004838649615936624,0.9999999998152791
805.0291812295981,1.5,fibonacci,0.0054720111383374246,0.999999999803944
823.8187331399602,1.5,fibonacci,0.004756109054021187,0.9999999997902307
843.0468371788967,1.5,fibonacci,0.005347920688026405,0.9999999997906159
862.723729246145,1.5,fibonacci,0.004558663789800759,0.9999999997888251
882.859884149515,1.5,fibonacci,0.005255459899897143,0.9999999997725686
903.4660211810525,1.5,fibonacci,0.003982280133506198,0.9999999997500768
924.5531098233571,1.5,fibonacci,0.003984648237521259,0.9999999997615507
946.1323755890769,1.5,fibonacci,0.003254747972067963,0.9999999997538034
968.2153059967086,1.5,fibonacci,0.0043299546902541945,0.9999999997582245
990.8136566858666,1.5,fibonacci,0.0046176694184864656,0.9999999997431518
1013.9394576752917,1.5,fibonacci,0.003932710494900717,0.9999999997322825
1037.6050197669117,1.5,fibonacci,0.003124950330960316,0.9999999997144204
1061.8229410993836,1.5,fibonacci,0.0033430681155089035,0.9999999997166653
1086.6061138545967,1.5,fibonacci,0.004437478581519437,0.9999999997091926
1111.967731120699,1.5,fibonacci,0.004848931522547879,0.9999999997069389
1137.9212939153151,1.5,fibonacci,0.004519221562000352,0.9999999996751259
1164.4806183726855,1.5,fibonacci,0.004141912066345353,0.9999999996839559
1191.6598430985587,1.5,fibonacci,0.0039572789585253405,0.9999999996570302
1219.4734366967382,1.5,fibonacci,0.003925082692749771,0.9999999996658427
1247.9362054713115,1.5,fibonacci,0.003970235250633142,0.9999999996435801
1277.0633013086433,1.5,fibonacci,0.004062174924249519,0.9999999996594939
1306.8702297433463,1.5,fibonacci,0.004674791286991969,0.999999999639102
1337.3728582124963,1.5,fibonacci,0.005377357799512059,0.9999999996291119
1368.5874245025177,1.5,fibonacci,0.004433089216786382,0.9999999996188619
1400.5305453932197,1.5,fibonacci,0.004410822250688047,0.9999999996083788
1433.2192255035739,1.5,fibonacci,0.003368790522545546,0.9999999995972838
1466.6708663439686,1.5,fibonacci,0.003673869453084874,0.9999999995899919
1500.903275579735,1.5,fibonacci,0.004504263995590252,0.9999999995765154
1535.934676510897,1.5,fibonacci,0.004622920226898009,0.9999999995689363
1571.7837177731628,1.5,fibonacci,0.0049232123308217135,0.9999999995365266
1608.4694832653552,1.5,fibonacci,0.003925736296722342,0.9999999995227323
1646.0115023085498,1.5,fibonacci,0.004460576481108464,0.9999999995281275
1684.4297600423151,1.5,fibonacci,0.003784340795418707,0.9999999995150872
1723.7447080636198,1.5,fibonacci,0.003707632303538708,0.9999999995106429
1763.9772753140435,1.5,fibonacci,0.003746922123648151,0.9999999995010441
1805.1488792211082,1.5,fibonacci,0.0038279922078463743,0.9999999994735592
1847.281437099634,1.5,fibonacci,0.0037517013458944126,0.9999999994594093
1890.3973778192214,1.5,fibonacci,0.003794006365541048,0.9999999994440691
1934.5196537440443,1.5,fibonacci,0.004344117001735466,0.9999999994093713
1979.6717529513326,1.5,fibonacci,0.003533407014548033,0.9999999994124056
2025.877711735017,1.5,fibonacci,0.0036912385032510037,0.9999999994039485
2073.162127401229,1.5,fibonacci,0.003536016040680089,0.9999999993928684
2121.5501713624503,1.5,fibonacci,0.00405555157635493,0.9999999993631764
2171.067602537265,1.5,fibonacci,0.00363891739734404,0.9999999993439879
2221.7407810628847,1.5,fibonacci,0.003580561095006466,0.9999999993276035
2273.596682327715,1.5,fibonacci,0.0033743097254282876,0.999999999303547
2326.662911331458,1.5,fibonacci,0.004053678685227128,0.9999999992932634
2380.9677173803584,1.5,fibonacci,0.003735852150969161,0.9999999992809684
2436.540009125466,1.5,fibonacci,0.003999379353955062,0.9999999992592973
2493.409369951878,1.5,fibonacci,0.0038607911779601086,0.9999999992073042
2551.6060737271837,1.5,fibonacci,0.0038124379313831482,0.9999999992214085
2611.1611009174594,1.5,fibonacci,0.003424477933104359,0.9999999991870271
2672.1061550794325,1.5,fibonacci,0.003572129917011988,0.9999999991716181
2734.47367973758,1.5,fibonacci,0.003920553807147021,0.9999999991409806
2798.296875655116,1.5,fibonacci,0.0033018297468225093,0.999999999117592
2863.6097185081157,1.5,fibonacci,0.0037373898313611017,0.9999999990735081
2930.4469769721413,1.5,fibonacci,0.0033904040797438774,0.9999999990480749
2998.8442312310276,1.5,fibonacci,0.0031114742028372708,0.9999999990251311
3068.837891917642,1.5,fibonacci,0.003205295360239489,0.9999999990265601
3140.465219496752,1.5,fibonacci,0.0035862557943490956,0.9999999989922442
3213.7643441002756,1.5,fibonacci,0.0034077620968207514,0.999999998960023
3288.77428582551,1.5,fibonacci,0.003991528851888337,0.999999998938155
3365.5349755070943,1.5,fibonacci,0.0036512023303935234,0.9999999989210988
3444.08727597382,1.5,fibonacci,0.003919629485673366,0.9999999988872513
3524.473003801584,1.5,fibonacci,0.004073265241384967,0.9999999988453274
3606.734951574028,1.5,fibonacci,0.003317802141616996,0.9999999988194607
3690.9169106627783,1.5,fibonacci,0.0033370379845531523,0.9999999987936078
3777.0636945393644,1.5,fibonacci,0.003362908141963928,0.999999998747993
3865.221162631262,1.5,fibonacci,0.003529047314236196,0.9999999987139498
3955.4362447347016,1.5,fibonacci,0.003622864484632219,0.9999999986631097
4047.7569659973224,1.5,fibonacci,0.003454249428489891,0.9999999986433531
4142.232472483894,1.5,fibonacci,0.0038367309524634514,0.999999998624263
4238.913057338778,1.5,fibonacci,0.0031686809687957477,0.9999999985691007
4337.850187558989,1.5,fibonacci,0.003452214030682298,0.9999999985303147
4439.096531392166,1.5,fibonacci,0.003523032169919545,0.9999999985010554
4542.705986374042,1.5,fibonacci,0.0036119693391886316,0.9999999984290785
4648.733708020257,1.5,fibonacci,0.0032517003275161875,0.9999999984115275
4757.236139187889,1.5,fibonacci,0.0038394828779781424,0.9999999983831513
4868.2710401222785,1.5,fibonacci,0.0033496140419534853,0.9999999983406261
4981.89751920516,1.5,fibonacci,0.0036869297883151096,0.9999999982639661
5098.176064420424,1.5,fibonacci,0.0031996383596120687,0.999999998237062
5217.168575554349,1.5,fibonacci,0.0038457295054462525,0.9999999981683011
5338.93839714735,1.5,fibonacci,0.003276846991407815,0.9999999981458487
5463.550352214876,1.5,fibonacci,0.0032145874559489076,0.9999999981130366
5591.070776755293,1.5,fibonacci,0.003905805643756412,0.9999999980440735
5721.567555063246,1.5,fibonacci,0.003138082441241587,0.9999999979996772
5855.110155867238,1.5,fibonacci,0.0038705421253055817,0.9999999979309688
5991.769669310619,1.5,fibonacci,0.0034842601621627653,0.9999999979086417
6131.618844795775,1.5,fibonacci,0.0029760062084579868,0.9999999978630202
6274.732129711574,1.5,fibonacci,0.0032825091486307196,0.999999997803119
6421.185709064758,1.5,fibonacci,0.0036199357835702975,0.9999999977502336
6571.057546036271,1.5,fibonacci,0.004331974631648189,0.9999999976916141
6724.42742348425,1.5,fibonacci,0.003680904264134477,0.9999999976174563
6881.376986415663,1.5,fibonacci,0.0032979158989300946,0.9999999975882071
7041.989785449288,1.5,fibonacci,0.00289531813661011,0.9999999975011581
7206.351321293052,1.5,fibonacci,0.0035908701285171855,0.9999999974711936
7374.549090259547,1.5,fibonacci,0.003262902155248036,0.9999999974023799
7546.6726308438865,1.5,fibonacci,0.003338622520973069,0.9999999973394501
7722.813571388642,1.5,fibonacci,0.0032984596811988483,0.9999999972937414
7903.065678861348,1.5,fibonacci,0.0035829480925936887,0.9999999972251203
8087.524908770449,1.5,fibonacci,0.0040382989119347994,0.999999997144565
8276.289456246344,1.5,fibonacci,0.0035051252190713934,0.999999997066229
8469.459808314585,1.5,fibonacci,0.0032098321856619317,0.9999999969988672
8667.138797389232,1.5,fibonacci,0.003170593243607494,0.9999999969075407
8869.431656014704,1.5,fibonacci,0.003550449435125912,0.9999999968249069
9076.446072885356,1.5,fibonacci,0.0038675253029449327,0.9999999967290164
9288.292250172499,1.5,fibonacci,0.003485634663458418,0.9999999966332456
9505.082962189503,1.5,fibonacci,0.00419971528328192,0.9999999965297535
9726.93361542617,1.5,fibonacci,0.0037375302446303574,0.9999999964289171
9953.962309984234,1.5,fibonacci,0.00279096131122815,0.999999996309541
10186.289902446864,1.5,fibonacci,0.0037999454923795884,0.9999999961682424
10424.040070215558,1.5,fibonacci,0.0031975335850218385,0.999999996021105
10667.339377348571,1.5,fibonacci,0.0028983405248023146,0.9999999958698313
10916.317341936148,1.5,fibonacci,0.002526276317210379,0.9999999956499777
11171.106505048241,1.5,fibonacci,0.0032692744492007005,0.9999999954807504
11431.842501291503,1.5,fibonacci,0.0035495131425071513,0.9999999951708157
11698.664131013058,1.5,fibonacci,0.0032002013328409095,0.9999999949118327
11971.713434189656,1.5,fibonacci,0.0031009205384723002,0.999999994578648
12251.135766041178,1.5,fibonacci,0.0029154309033741616,0.999999994255573
12537.079874409197,1.5,fibonacci,0.002845393734465871,0.9999999938417369
12829.697978941475,1.5,fibonacci,0.0030723060995545247,0.9999999933253174
13129.145852124653,1.5,fibonacci,0.0026183752073821874,0.999999992747779
13435.582902208263,1.5,fibonacci,0.002664003726321544,0.9999999921127211
13749.172258064205,1.5,fibonacci,0.0033492717083194183,0.9999999914374441
14070.080856026836,1.5,fibonacci,0.0031285896111750916,0.9999999906939632
14398.479528760066,1.5,fibonacci,0.002700979725930546,0.9999999894554048
14734.543096198344,1.5,fibonacci,0.002730253531541664,0.9999999884018463
15078.45045861051,1.5,fibonacci,0.0029197496714140564,0.9999999874558092
15430.384691835645,1.5,fibonacci,0.002904140924437401,0.9999999856308683
15790.533144741757,1.5,fibonacci,0.0027237555755644537,0.9999999839824492
16159.087538959191,1.5,fibonacci,0.003430845609370854,0.9999999815784921
16536.244070941786,1.5,fibonacci,0.003069034789805167,0.9999999797116652
16922.203516410354,1.5,fibonacci,0.002597362445641259,0.9999999775146218
17317.17133723353,1.5,fibonacci,0.002436476550333998,0.9999999751888343
17721.357790803584,1.5,fibonacci,0.0028800714365038093,0.9999999723584542
18134.978041964954,1.5,fibonacci,0.002671470188471844,0.999999969541798
18558.252277555188,1.5,fibonacci,0.002532742226145928,0.999999966952204
18991.405823619356,1.5,fibonacci,0.0021754750251253693,0.9999999637345902
19434.669265360182,1.5,fibonacci,0.002047660921072545,0.9999999603482103
19888.278569888076,1.5,fibonacci,0.002057934393983441,0.9999999569324421
20352.475211835757,1.5,fibonacci,0.002072338309404637,0.9999999532435376
20827.50630190514,1.5,fibonacci,0.002259893755210863,0.9999999487281787
21313.624718414376,1.5,fibonacci,0.002194916982249247,0.9999999450356077
21811.0892419152,1.5,fibonacci,0.002498721404738393,0.9999999405927645
22320.164692952345,1.5,fibonacci,0.0019523609497428462,0.9999999361149796
22841.122073038256,1.5,fibonacci,0.0022315730575041973,0.9999999303525575
23374.238708918125,1.5,fibonacci,0.002004658275751449,0.9999999249475713
23919.798400202373,1.5,fibonacci,0.002099787523882224,0.9999999189209204
24478.0915704444,1.5,fibonacci,0.0023078752384479966,0.9999999132730363
25049.415421745023,1.5,fibonacci,0.002112549611840362,0.9999999075259381
25634.07409296515,1.5,fibonacci,0.0019167592026297375,0.9999999011184092
26232.378821631235,1.5,fibonacci,0.0019108365997707723,0.9999998952130646
26844.64810961965,1.5,fibonacci,0.0018828226382458233,0.9999998883903651
27471.207892708087,1.5,fibonacci,0.0020185137629932554,0.9999998809743965
28112.391714084613,1.5,fibonacci,0.0019409592914461074,0.9999998728908167
28768.54090190591,1.5,fibonacci,0.0018298930106070742,0.9999998662671911
29440.00475100034,1.5,fibonacci,0.0016067774644869409,0.999999857604301
30127.140708811643,1.5,fibonacci,0.0018844734945946237,0.9999998492278466
30830.31456568277,1.5,fibonacci,0.001990778005296741,0.9999998393957548
31549.900649580886,1.5,fibonacci,0.0017104745730570424,0.9999998314573885
32286.28202536727,1.5,fibonacci,0.00184251534302187,0.9999998208997158
33039.85069871855,1.5,fibonacci,0.0017005342431974187,0.9999998102611435
33811.00782480682,1.5,fibonacci,0.0015744869898258712,0.9999997996584735
34600.16392185109,1.5,fibonacci,0.001599531205128776,0.999999789468852
35407.7390896527,1.5,fibonacci,0.0016873281481243252,0.9999997776109244
36234.1632332315,1.5,fibonacci,0.001550151130820944,0.9999997659155756
37079.87629168172,1.5,fibonacci,0.0015300489832035138,0.9999997526621232
37945.32847236942,1.5,fibonacci,0.001783676537880232,0.9999997398192195
38830.98049059601,1.5,fibonacci,0.0016597615594302459,0.9999997271833322
39737.303814856044,1.5,fibonacci,0.0014495887818592782,0.9999997138209802
40664.78091781854,1.5,fibonacci,0.0015332778544021443,0.999999698554614
41613.90553316707,1.5,fibonacci,0.0017407736942978477,0.9999996837274537
42585.18291843415,1.5,fibonacci,0.001498024766178782,0.9999996664491186
43579.130123970295,1.5,fibonacci,0.0014735207339169234,0.9999996515668012
44596.27626819095,1.5,fibonacci,0.0015078970953880258,0.9999996346421022
45637.16281924754,1.5,fibonacci,0.001365547451068975,0.9999996168524523
46702.34388327331,1.5,fibonacci,0.001340793074182114,0.9999995984980483
47792.38649935595,1.5,fibonacci,0.001493656713503911,0.9999995806606382
48907.8709413959,1.5,fibonacci,0.0014339446247928036,0.9999995624196588
50049.39102700954,1.5,fibonacci,0.0013007200344672051,0.9999995419198288
51217.554433642414,1.5,fibonacci,0.0013831781390677305,0.9999995234546919
52412.983022060616,1.5,fibonacci,0.0012585869565611735,0.999999503147584
53636.31316739234,1.5,fibonacci,0.0013432476596101299,0.9999994831022021
54888.19609789666,1.5,fibonacci,0.0013117239692234488,0.9999994614622169
56169.29824163804,1.5,fibonacci,0.0013215713725386977,0.9999994407709375
57480.30158125351,1.5,fibonacci,0.0013485635480528092,0.9999994172486567
58821.90401699956,1.5,fibonacci,0.0014231239890203178,0.9999993956522698
60194.819738272745,1.5,fibonacci,0.0013949224162359084,0.999999372786311
61599.77960380169,1.5,fibonacci,0.0014197531191917883,0.9999993481835382
63037.53153071282,1.5,fibonacci,0.001331832896878851,0.9999993241285359
64508.84089267686,1.5,fibonacci,0.0012263043873832287,0.999999299480263
66014.49092734883,1.5,fibonacci,0.0013282086593282148,0.9999992739238768
67555.2831533164,1.5,fibonacci,0.0012861540605950575,0.9999992472851034
69132.03779678128,1.5,fibonacci,0.0013261540624506043,0.9999992204994186
70745.59422819878,1.5,fibonacci,0.0012680890155651915,0.9999991928878862
72396.81140910876,1.5,fibonacci,0.001346815812876426,0.9999991651807727
74086.56834939567,1.5,fibonacci,0.0012373766545614327,0.9999991373088283
75815.76457522102,1.5,fibonacci,0.0012473685696749353,0.9999991070344203
77585.32060787828,1.5,fibonacci,0.0012949659582141898,0.9999990752093735
79396.17845382275,1.5,fibonacci,0.0013832965484328855,0.999999045483051
81249.30210614047,1.5,fibonacci,0.0012561208853035819,0.9999990121194541
83145.67805772064,1.5,fibonacci,0.001229934987236822,0.9999989787019091
85086.31582640581,1.5,fibonacci,0.0011812694957092048,0.9999989443647381
87072.24849239922,1.5,fibonacci,0.001222735717086258,0.9999989102732579
89104.53324821504,1.5,fibonacci,0.0012023208322248626,0.9999988723514033
91184.25196146562,1.5,fibonacci,0.0012983248546133868,0.9999988343630036
93312.5117507824,1.5,fibonacci,0.0011762660967058974,0.9999987970609859
95490.44557518078,1.5,fibonacci,0.0011923445619917525,0.9999987578554178
97719.21283717996,1.5,fibonacci,0.0011956828649448764,0.9999987189085824
100000.0,1.5,fibonacci,0.0011948391299136162,0.9999986774827281
0.0,2.0,fibonacci,0.00940313707633849,1.0
1.0,2.0,fibonacci,0.009401115436214785,1.0000000000042075
1.023340212191642,2.0,fibonacci,0.00940094669246032,1.0000000000038274
1.0472251898884348,2.0,fibonacci,0.00940076399636502,1.0000000000028935
1.0716676480328635,2.0,fibonacci,0.009400566259324518,1.0000000000014113
1.0966805983368684,2.0,fibonacci,0.009400352319119905,0.9999999999994904
1.1222773562085078,2.0,fibonacci,0.009400120936646468,0.9999999999973611
1.1484715478402894,2.0,fibonacci,0.00939987079275508,0.9999999999953744
1.1752771174629453,2.0,fibonacci,0.009399600485253398,0.9999999999939674
1.2027083347685117,2.0,fibonacci,0.00939930852611872,0.9999999999935819
1.2307798025066652,2.0,fibonacci,0.009398993338978322,0.9999999999945093
1.259506464258358,2.0,fibonacci,0.00939865325691591,0.9999999999966404
1.2889036123908928,2.0,fibonacci,0.009398286520664418,0.9999999999990873
1.3189868961986702,2.0,fibonacci,0.009397891277365613,0.9999999999999047
1.3497723302339424,2.0,fibonacci,0.009397465582150056,1.000000000000076
1.3812763028320096,2.0,fibonacci,0.009397007397198493,1.0000000000000702
1.4135155848353955,2.0,fibonacci,0.009396514592782105,0.9999999999998875
1.4465073385216465,2.0,fibonacci,0.009395984950072293,0.9999999999998069
1.4802691267395092,2.0,fibonacci,0.009395416164749886,1.0000000000001452
1.514818922258346,2.0,fibonacci,0.009394805851978357,1.0000000000010638
1.55017511733577,2.0,fibonacci,0.009394151552907343,1.0000000000024465
1.5863565335085905,2.0,fibonacci,0.009393450742878087,1.0000000000038791
1.6233824316122787,2.0,fibonacci,0.009392700841504282,1.0000000000047393
1.661272522034293,2.0,fibonacci,0.00939189922479993,1.0000000000043954
1.7000469752067175,2.0,fibonacci,0.009391043239517597,1.0000000000024822
1.7397264323438015,2.0,fibonacci,0.00939013021984538,0.9999999999991879
1.780332016430114,2.0,fibonacci,0.009389157506585795,0.9999999999954386
1.8218853434651667,2.0,fibonacci,0.009388122468902744,0.9999999999928173
1.8644085339704863,2.0,fibonacci,0.009387022528670094,0.9999999999929924
1.9079242247652657,2.0,fibonacci,0.00938585518738316,0.9999999999963853
1.9524555810168611,2.0,fibonacci,0.009384618055497493,0.9999999999997718
1.9980263085725503,2.0,fibonacci,0.009383308885588429,1.000000000000054
2.0446606665791167,2.0,fibonacci,0.009381925609549579,0.9999999999999468
2.0923834803969776,2.0,fibonacci,0.00938046637368052,0.9999999999996941
2.1412201548157292,2.0,fibonacci,0.009378929579205466,1.0000000000003826
2.1911966875781492,2.0,fibonacci,0.009377313924280295,1.00000000000244
2.242339683219846,2.0,fibonacci,0.009375618447146886,1.0000000000049665
2.2946763672319364,2.0,fibonacci,0.009373842569883318,1.0000000000060463
2.3482346005542762,2.0,fibonacci,0.009371986142124733,1.0000000000039122
2.4030428944069686,2.0,fibonacci,0.009370049484076192,0.9999999999984972
2.459130425468045,2.0,fibonacci,0.009368033428108328,0.9999999999925026
2.5165270514053915,2.0,fibonacci,0.009365939358226001,0.9999999999906846
2.575263326771201,2.0,fibonacci,0.009363769246736452,0.9999999999957317
2.6353705192673944,2.0,fibonacci,0.009361525687345159,0.9999999999997392
2.6968806263906933,2.0,fibonacci,0.009359211917127375,0.9999999999999427
2.7598263924661803,2.0,fibonacci,0.009356831834895586,0.9999999999995723
2.824241326078435,2.0,fibonacci,0.009354390012104585,1.0000000000008336
2.8901597179095098,2.0,fibonacci,0.009351891695650642,1.0000000000041553
2.957616658993254,2.0,fibonacci,0.009349342800228089,1.0000000000063154
3.0266480593956917,2.0,fibonacci,0.009346749887729914,1.00000000000327
3.097290667331409,2.0,fibonacci,0.009344120134164937,0.9999999999953214
3.169582088726116,2.0,fibonacci,0.009341461285937162,0.9999999999898737
3.2435608072358115,2.0,fibonacci,0.009338781609179992,0.9999999999950372
3.319266204733189,2.0,fibonacci,0.009336089836474454,0.9999999999997062
3.396738582272208,2.0,fibonacci,0.009333395076296106,0.9999999999995979
3.4760191815419783,2.0,fibonacci,0.009330706722107208,1.0000000000000595
3.557150206821386,2.0,fibonacci,0.009328034359514355,1.0000000000035745
3.6401748474461404,2.0,fibonacci,0.009325387654241908,1.0000000000055316
3.7251373008002115,2.0,fibonacci,0.009322776218627676,0.9999999999998328
3.8120827958438888,2.0,fibonacci,0.009320209452360152,0.9999999999911917
3.9010576171909923,2.0,fibonacci,0.009317696360344786,0.9999999999942726
3.9921091297480515,2.0,fibonacci,0.009315245352617876,0.9999999999996607
4.085285803928563,2.0,fibonacci,0.009312863953704472,0.9999999999993557
4.1806372414557575,2.0,fibonacci,0.009310558441150923,1.0000000000014786
4.278214201767616,2.0,fibonacci,0.009308333407992583,1.0000000000057658
4.378068629038169,2.0,fibonacci,0.009306191180618673,1.0000000000012779
4.480253679829491,2.0,fibonacci,0.009304131065043153,0.9999999999906369
4.584823751389096,2.0,fibonacci,0.009302148397613964,0.9999999999958876
4.691834510607798,2.0,fibonacci,0.009300233390120226,0.9999999999997159
4.801342923653452,2.0,fibonacci,0.009298369665124762,0.9999999999996074
4.913407286296363,2.0,fibonacci,0.009296532533763495,1.0000000000057476
5.028087254942479,2.0,fibonacci,0.009294686993679326,1.0000000000051192
5.145443878390927,2.0,fibonacci,0.00929278546654505,0.9999999999897804
5.265539630332757,2.0,fibonacci,0.009290765345005189,0.9999999999939541
5.388438442608224,2.0,fibonacci,0.009288546464071809,0.9999999999994763
5.5142057392403006,2.0,fibonacci,0.009286028647873066,1.0000000000002973
5.6429084712625395,2.0,fibonacci,0.009283089559982553,1.0000000000068598
5.7746151523598215,2.0,fibonacci,0.009279583121639562,0.9999999999970566
5.909395895340971,2.0,fibonacci,0.009275338866849765,0.9999999999894466
6.047322449462647,2.0,fibonacci,0.009270162538158102,0.9999999999993167
6.188468238624385,2.0,fibonacci,0.009263838327814912,0.9999999999998971
6.332908400455114,2.0,fibonacci,0.009256133169009266,1.0000000000057603
6.48071982631197,2.0,fibonacci,0.009246803245258556,0.9999999999930267
6.631981202212672,2.0,fibonacci,0.009235603019395902,0.9999999999966684
6.786773050723297,2.0,fibonacci,0.009222296561741816,0.9999999999987856
6.945177773823696,2.0,fibonacci,0.009206671103913084,1.0000000000048586
7.107279696773417,2.0,fibonacci,0.009188552104906203,0.9999999999991012
7.273165113001458,2.0,fibonacci,0.009167819063093365,0.9999999999903167
7.44292233004376,2.0,fibonacci,0.009144420866836499,0.9999999999988478
7.616641716552892,2.0,fibonacci,0.009118389301883134,1.0000000000040028
7.794415750404949,2.0,fibonacci,0.009089849335243892,0.999999999998148
7.976339067929277,2.0,fibonacci,0.009059024613079962,0.9999999999934575
8.162508514287229,2.0,fibonacci,0.009026237026606375,0.9999999999984424
8.353023195026777,2.0,fibonacci,0.008991899536851292,1.0000000000062195
8.54798452884041,2.0,fibonacci,0.00895650209984779,0.9999999999887775
8.747496301554417,2.0,fibonacci,0.008920591140402223,0.9999999999987982
8.951664721378302,2.0,fibonacci,0.008884743913511984,1.0000000000024203
9.160598475443708,2.0,fibonacci,0.008849539471496153,0.9999999999984901
9.374408787662995,2.0,fibonacci,0.008815528346526923,0.9999999999956938
9.593209477938244,2.0,fibonacci,0.008783202733503621,0.9999999999989898
9.817117022752193,2.0,fibonacci,0.008752968073029391,1.0000000000020863
10.046250617173408,2.0,fibonacci,0.008725115635547558,0.9999999999944907
10.280732238308651,2.0,fibonacci,0.008699794442230442,0.9999999999990864
10.520686710236228,2.0,fibonacci,0.008676980551144624,0.9999999999986504
10.766241770454933,2.0,fibonacci,0.008656442856571396,0.9999999999979468
11.017528137883868,2.0,fibonacci,0.00863770852757821,1.0000000000034912
11.274679582449467,2.0,fibonacci,0.008620036792439572,0.9999999999880342
11.537832996296608,2.0,fibonacci,0.00860241616721121,0.9999999999981318
11.807128466661897,2.0,fibonacci,0.008583604370528094,1.0000000000076898
12.082709350447766,2.0,fibonacci,0.008562228626905671,0.9999999999854043
12.36472235053715,2.0,fibonacci,0.008536954483461886,0.999999999998575
12.65331759388943,2.0,fibonacci,0.008506712396049044,0.9999999999911673
12.948648711459043,2.0,fibonacci,0.008470948225573698,0.9999999999973795
13.250872919979532,2.0,fibonacci,0.008429841998291356,1.0000000000030367
13.560151105656333,2.0,fibonacci,0.008384431501006227,0.9999999999974385
13.876647909813085,2.0,fibonacci,0.008336588937886255,1.0000000000087552
14.200531816536824,2.0,fibonacci,0.008288832014780935,0.9999999999915273
14.531975242368961,2.0,fibonacci,0.008243996225831237,1.0000000000042708
14.871154628089537,2.0,fibonacci,0.008204836580996295,0.9999999999882961
15.218250532643863,2.0,fibonacci,0.008173646311597754,1.00000000000362
15.573447729261343,2.0,fibonacci,0.00815196133164357,0.9999999999901448
15.936935303817744,2.0,fibonacci,0.008140361298043177,1.0000000000049638
16.308906755493325,2.0,fibonacci,0.008138315760327542,0.9999999999962711
16.68956009978024,2.0,fibonacci,0.008144017311026165,1.000000000006165
17.079097973894278,2.0,fibonacci,0.008154242823193875,0.9999999999966596
17.47772774464681,2.0,fibonacci,0.00816444383683539,0.9999999999953973
17.885661618834618,2.0,fibonacci,0.008169351206580033,0.9999999999959613
18.30311675620612,2.0,fibonacci,0.008164235957968459,0.9999999999857285
18.730315385064376,2.0,fibonacci,0.00814657913425391,1.000000000002617
19.16748492056815,2.0,fibonacci,0.00811746627199036,0.9999999999955693
19.614858085794303,2.0,fibonacci,0.008081898215142817,0.9999999999750806
20.072673035625694,2.0,fibonacci,0.008047643142972643,1.0000000000039926
20.541173483530642,2.0,fibonacci,0.008023062022927461,0.9999999999952542
21.020608831301583,2.0,fibonacci,0.008014905452910495,0.9999999999842413
21.511234301821663,2.0,fibonacci,0.0080268154891673,1.0000000000020066
22.013311074930314,2.0,fibonacci,0.008058319676384781,0.9999999999958127
22.527106426459802,2.0,fibonacci,0.008103711747648044,0.9999999999942208
23.052893870517085,2.0,fibonacci,0.008151431050320351,0.9999999999822526
23.59095330508635,2.0,fibonacci,0.008186110713807463,0.9999999999980084
24.14157116103019,2.0,fibonacci,0.00819459357665405,0.9999999999996743
24.705040554568253,2.0,fibonacci,0.008173499241631438,0.9999999999959465
25.28166144331499,2.0,fibonacci,0.008132874371924314,0.9999999999940852
25.871740785959226,2.0,fibonacci,0.008092261038165714,0.9999999999901015
26.475592705670667,2.0,fibonacci,0.008071612978318007,0.9999999999839181
27.093538657320515,2.0,fibonacci,0.008083160181618296,0.9999999999833117
27.725907598604824,2.0,fibonacci,0.008126613297557655,0.9999999999801465
28.37303616516213,2.0,fibonacci,0.008185846688347143,0.9999999999872996
29.035268849778138,2.0,fibonacci,0.008230115019138522,0.9999999999881737
29.712958185773342,2.0,fibonacci,0.008227722211340606,0.9999999999842113
30.40646493467067,2.0,fibonacci,0.008168818258624522,0.9999999999794009
31.116158278243613,2.0,fibonacci,0.008077136573889091,0.9999999999745307
31.84241601504653,2.0,fibonacci,0.007995763738033611,0.9999999999859892
32.585624761532245,2.0,fibonacci,0.007959146555397183,0.9999999999920846
33.34618015786364,2.0,fibonacci,0.007973676987558168,0.9999999999913599
34.124487078528894,2.0,fibonacci,0.008009248455565601,0.9999999999945677
34.920959847872716,2.0,fibonacci,0.008004517771152108,0.9999999999982838
35.736022460657864,2.0,fibonacci,0.0079081419756692,0.9999999999796966
36.570108807774915,2.0,fibonacci,0.0077342729082786775,0.9999999999905398
37.42366290721981,2.0,fibonacci,0.0075569713191996684,0.999999999990989
38.29713914046281,2.0,fibonacci,0.007441045682053588,0.9999999999955641
39.19100249433404,2.0,fibonacci,0.007390674482707541,0.9999999999784969
40.10572880855496,2.0,fibonacci,0.007336469217466054,0.9999999999902702
41.04180502904709,2.0,fibonacci,0.007173999685136141,0.9999999999827675
41.99972946715304,2.0,fibonacci,0.006881158577647776,0.9999999999893613
42.98001206490796,2.0,fibonacci,0.006560686371216811,0.999999999997647
43.98317466650224,2.0,fibonacci,0.0063162299174260765,0.9999999999888725
45.009751296080466,2.0,fibonacci,0.006152989150317566,1.0000000000010183
46.060288442024,2.0,fibonacci,0.005981654095510385,0.9999999999879162
47.13534534786909,2.0,fibonacci,0.005714859738688752,0.999999999977676
48.23549431001467,2.0,fibonacci,0.005413614411557412,0.9999999999906308
49.36132098237917,2.0,fibonacci,0.00520795190491769,0.9999999999863309
50.51342468816764,2.0,fibonacci,0.005123816393128122,0.9999999999779312
51.69241873891598,2.0,fibonacci,0.0050813801744025834,0.9999999999940306
52.89893076098151,2.0,fibonacci,0.004984500022655687,0.9999999999881097
54.133603029653784,2.0,fibonacci,0.004874713589001309,0.9999999999849833
55.397092811064034,2.0,fibonacci,0.004849975496186467,0.9999999999849806
56.69007271207434,2.0,fibonacci,0.004913392324957307,0.9999999999840055
58.013231038333785,2.0,fibonacci,0.004975079283337398,0.999999999984049
59.36727216069123,2.0,fibonacci,0.004976914382280996,0.9999999999837799
60.75291689016074,2.0,fibonacci,0.005012507654552801,0.999999999982967
62.17090286163827,2.0,fibonacci,0.005125567643477261,0.9999999999888242
63.62198492657489,2.0,fibonacci,0.005196231854586304,0.9999999999849254
65.10693555481458,2.0,fibonacci,0.005094286812858252,0.999999999968866
66.6265452458115,2.0,fibonacci,0.0049453329055146366,0.9999999999812557
68.18162294944479,2.0,fibonacci,0.004818457460923496,0.9999999999872464
69.77299649665534,2.0,fibonacci,0.0045974258765715936,0.999999999980892
71.40151304013399,2.0,fibonacci,0.004318229119353435,0.9999999999900859
73.06803950529499,2.0,fibonacci,0.004135934902483746,0.9999999999797285
74.77346305177588,2.0,fibonacci,0.004004634520976391,0.9999999999776131
76.51869154570822,2.0,fibonacci,0.0038671229832021614,0.9999999999818817
78.30465404301187,2.0,fibonacci,0.003815405941515902,0.9999999999780889
80.13230128396887,2.0,fibonacci,0.0038368749407099445,0.999999999961686
82.0026061993413,2.0,fibonacci,0.0038487974991498605,0.9999999999690481
83.91656442830157,2.0,fibonacci,0.003924055228348524,0.9999999999779687
85.8751948484517,2.0,fibonacci,0.0040582866634897834,0.9999999999752734
87.8795401182132,2.0,fibonacci,0.0041044592338126155,0.9999999999614381
89.93066723187619,2.0,fibonacci,0.004197237587178357,0.9999999999619623
92.02966808760415,2.0,fibonacci,0.0043061826403561244,0.9999999999738672
94.17766006869519,2.0,fibonacci,0.004290640098121582,0.9999999999827639
96.37578663841089,2.0,fibonacci,0.004421817571822838,0.9999999999565227
98.62521794868779,2.0,fibonacci,0.004412679397745142,0.9999999999760686
100.92715146305709,2.0,fibonacci,0.004357208629512912,0.9999999999584783
103.28281259410285,2.0,fibonacci,0.004316070434457255,0.9999999999810862
105.69345535579883,2.0,fibonacci,0.004072671505844136,0.9999999999697792
108.16036303107094,2.0,fibonacci,0.0040102635286763085,0.9999999999690791
110.6848488549412,2.0,fibonacci,0.0038847956880383922,0.9999999999565763
113.26825671361537,2.0,fibonacci,0.003955301863009172,0.9999999999547468
115.91196185988856,2.0,fibonacci,0.004031371712775655,0.9999999999669453
118.6173716452478,2.0,fibonacci,0.004244699482986599,0.999999999966138
121.38592626906276,2.0,fibonacci,0.004493523368391697,0.9999999999782265
124.21909954526174,2.0,fibonacci,0.004717750518677161,0.9999999999490582
127.11839968690288,2.0,fibonacci,0.004610074967298095,0.9999999999724027
130.08537010905707,2.0,fibonacci,0.004351613113984207,0.9999999999562432
133.12159025043076,2.0,fibonacci,0.004011794000810817,0.9999999999671307
136.22867641416468,2.0,fibonacci,0.003990249128697748,0.9999999999653401
139.40828262825772,2.0,fibonacci,0.003962590664289088,0.9999999999613591
142.66210152607368,2.0,fibonacci,0.0042397227263844,0.9999999999644202
145.99186524739787,2.0,fibonacci,0.004436403345881973,0.9999999999683573
149.39934636052578,2.0,fibonacci,0.004698227238672466,0.9999999999363924
152.88635880587296,2.0,fibonacci,0.004960392420358996,0.9999999999576568
156.45475886160958,2.0,fibonacci,0.0049964829258220145,0.9999999999534596
160.10644613183177,2.0,fibonacci,0.005179061607831064,0.9999999999384714
163.84336455779848,2.0,fibonacci,0.005118639231809831,0.9999999999624054
167.66750345276992,2.0,fibonacci,0.004878479100332214,0.999999999959682
171.58089856100048,2.0,fibonacci,0.004847397001476296,0.999999999946872
175.5856331414469,2.0,fibonacci,0.004971013817540291,0.999999999935762
179.68383907677193,2.0,fibonacci,0.0052382790312853434,0.9999999999523135
183.8776980082327,2.0,fibonacci,0.005635652689818335,0.999999999930476
188.16944249705557,2.0,fibonacci,0.005374316730691536,0.9999999999375309
192.56135721291986,2.0,fibonacci,0.004629513840577812,0.9999999999469849
197.05578015017983,2.0,fibonacci,0.004184066715349525,0.9999999999321668
201.65510387247465,2.0,fibonacci,0.004009473119539888,0.9999999999402684
206.36177678638586,2.0,fibonacci,0.004002173263307076,0.9999999999456598
211.17830444482442,2.0,fibonacci,0.0039712379326473255,0.9999999999375376
216.10725088083765,2.0,fibonacci,0.0038718565350361616,0.9999999999187628
221.15123997254886,2.0,fibonacci,0.003700239003255509,0.9999999999219568
226.31295683995296,2.0,fibonacci,0.0034303071579660977,0.9999999999170319
231.59514927431522,2.0,fibonacci,0.0033584297003678627,0.9999999999310808
237.0006292009328,2.0,fibonacci,0.003617243733001919,0.9999999999177057
242.5322741760353,2.0,fibonacci,0.004308292908707716,0.9999999999407542
248.19302891862552,2.0,fibonacci,0.004701371718830202,0.9999999999388404
253.9859068780724,2.0,fibonacci,0.004875156452376716,0.9999999999261322
259.91399183829327,2.0,fibonacci,0.005244389587989059,0.999999999923297
265.98043955937584,2.0,fibonacci,0.005305285561109926,0.9999999999148182
272.18847945751793,2.0,fibonacci,0.004751278900729719,0.9999999999279016
278.5414163241766,2.0,fibonacci,0.004291402237302779,0.999999999911365
285.0426320853435,2.0,fibonacci,0.004343564137047202,0.9999999999153969
291.6955876018796,2.0,fibonacci,0.004966407431454068,0.9999999999254701
298.50382451187295,2.0,fibonacci,0.005716288358338659,0.9999999999114794
305.4709671159968,2.0,fibonacci,0.0068504588500455784,0.9999999999097303
312.60072430687035,2.0,fibonacci,0.008057883784015193,0.9999999999119995
319.89689154345376,2.0,fibonacci,0.00850817168616237,0.9999999998886926
327.3633528715244,2.0,fibonacci,0.008145566600260223,0.9999999999049796
335.0040829913133,2.0,fibonacci,0.007194487688117621,0.9999999998845872
342.8231493733971,2.0,fibonacci,0.005641050418763642,0.9999999998982902
350.82471442397923,2.0,fibonacci,0.004763380665168021,0.9999999998864295
359.01303770070683,2.0,fibonacci,0.004540360377876281,0.9999999998886622
367.39247818020743,2.0,fibonacci,0.004436994513773135,0.9999999998884832
375.96749657854673,2.0,fibonacci,0.004285028411930007,0.9999999998955186
384.74265772585017,2.0,fibonacci,0.0045036171596223185,0.9999999998960045
393.72263299634795,2.0,fibonacci,0.004633448058182202,0.9999999998626379
402.91220279513476,2.0,fibonacci,0.004124234147033187,0.9999999998928555
412.3162591029752,2.0,fibonacci,0.0037012941546102815,0.9999999998818307
421.9398080805024,2.0,fibonacci,0.004582128631570902,0.9999999998708408
431.78797273320214,2.0,fibonacci,0.004587239654105415,0.9999999998664171
441.86599563859414,2.0,fibonacci,0.004913307569411275,0.9999999998654779
452.1792417370702,2.0,fibonacci,0.006734128495769834,0.9999999998570108
462.7332011878689,2.0,fibonacci,0.006484519802584262,0.9999999998704423
473.53349229171164,2.0,fibonacci,0.00545252649407931,0.9999999998364837
484.58586448164954,2.0,fibonacci,0.005367670718557534,0.9999999998613222
495.8962013837212,2.0,fibonacci,0.0038418127079703295,0.9999999998438932
507.4705239490466,2.0,fibonacci,0.004072218078555455,0.9999999998133743
519.3149936590212,2.0,fibonacci,0.0035531264679132687,0.9999999998148668
531.4359158053242,2.0,fibonacci,0.00400605901043551,0.9999999998277949
543.8397428464796,2.0,fibonacci,0.004865442360760398,0.9999999998230299
556.5330778427646,2.0,fibonacci,0.004019544394946135,0.9999999998272711
569.5226779712825,2.0,fibonacci,0.004117027973027185,0.9999999998196578
582.8154581230846,2.0,fibonacci,0.004717872513133672,0.9999999997881593
596.418494584246,2.0,fibonacci,0.004759999538102554,0.9999999998045374
610.3390288028621,2.0,fibonacci,0.00514583180384782,0.9999999997980458
624.5844712439617,2.0,fibonacci,0.005918527425715915,0.9999999998062745
639.1624053343999,2.0,fibonacci,0.004599542070757311,0.9999999997881083
654.0805914998252,2.0,fibonacci,0.004430586278817449,0.9999999997882926
669.3469712958661,2.0,fibonacci,0.004625324847811974,0.9999999997692429
684.9696716357447,2.0,fibonacci,0.004301122969151736,0.999999999771604
700.9570091165617,2.0,fibonacci,0.005345037500962594,0.9999999997655743
717.3174944465612,2.0,fibonacci,0.005142945295092848,0.9999999997752599
734.0598369757212,2.0,fibonacci,0.004503435540394617,0.9999999997571176
751.1929493320969,2.0,fibonacci,0.005072644669794298,0.999999999761386
768.7259521663727,2.0,fibonacci,0.004186545526001758,0.9999999997362589
786.6681790071582,2.0,fibonacci,0.00488450399470165,0.9999999997348369
805.0291812295981,2.0,fibonacci,0.004320864203579493,0.99999999971761
823.8187331399602,2.0,fibonacci,0.005022630899385215,0.9999999997238234
843.0468371788967,2.0,fibonacci,0.00443385177543591,0.9999999997215357
862.723729246145,2.0,fibonacci,0.004038042836534658,0.9999999997153776
882.859884149515,2.0,fibonacci,0.004084369348826726,0.9999999997066918
903.4660211810525,2.0,fibonacci,0.004366701380430052,0.9999999996898303
924.5531098233571,2.0,fibonacci,0.004835699489317169,0.9999999996965261
946.1323755890769,2.0,fibonacci,0.004647697803544513,0.999999999650341
968.2153059967086,2.0,fibonacci,0.004754521701285603,0.9999999996612817
990.8136566858666,2.0,fibonacci,0.004526260775527881,0.9999999996395461
1013.9394576752917,2.0,fibonacci,0.004460102403436244,0.9999999996342959
1037.6050197669117,2.0,fibonacci,0.004580197147920459,0.9999999996544385
1061.8229410993836,2.0,fibonacci,0.0039581638058953685,0.9999999996373445
1086.6061138545967,2.0,fibonacci,0.00399571621535324,0.9999999996195702
1111.967731120699,2.0,fibonacci,0.004125041490708892,0.9999999995895612
1137.9212939153151,2.0,fibonacci,0.005624850752569369,0.999999999612117
1164.4806183726855,2.0,fibonacci,0.003733142143503403,0.9999999995783668
1191.6598430985587,2.0,fibonacci,0.00423480819607505,0.9999999995586346
1219.4734366967382,2.0,fibonacci,0.003967476229060868,0.9999999995441644
1247.9362054713115,2.0,fibonacci,0.0035443826411032304,0.9999999995518768
1277.0633013086433,2.0,fibonacci,0.004075585276353528,0.999999999529489
1306.8702297433463,2.0,fibonacci,0.003614365682070643,0.9999999995338366
1337.3728582124963,2.0,fibonacci,0.003633529784334576,0.999999999530844
1368.5874245025177,2.0,fibonacci,0.00354680661321551,0.9999999995028992
1400.5305453932197,2.0,fibonacci,0.0037898403722150384,0.9999999994880052
1433.2192255035739,2.0,fibonacci,0.00398694892084365,0.9999999994707598
1466.6708663439686,2.0,fibonacci,0.0036598071225794394,0.9999999994752863
1500.903275579735,2.0,fibonacci,0.0038522951775515,0.9999999994485114
1535.934676510897,2.0,fibonacci,0.0044181747286354215,0.9999999994421898
1571.7837177731628,2.0,fibonacci,0.004131462155702267,0.9999999994325699
1608.4694832653552,2.0,fibonacci,0.0044685976880367234,0.9999999994026898
1646.0115023085498,2.0,fibonacci,0.004161528097600785,0.9999999994226609
1684.4297600423151,2.0,fibonacci,0.00343331186054839,0.9999999993872049
1723.7447080636198,2.0,fibonacci,0.0032966847784437754,0.9999999993795138
1763.9772753140435,2.0,fibonacci,0.0031293425426856007,0.9999999993763337
1805.1488792211082,2.0,fibonacci,0.0033791762544168446,0.9999999993530316
1847.281437099634,2.0,fibonacci,0.003249678346050572,0.9999999993302503
1890.3973778192214,2.0,fibonacci,0.0038809110755256416,0.9999999993219001
1934.5196537440443,2.0,fibonacci,0.0037660455924526767,0.9999999993126878
1979.6717529513326,2.0,fibonacci,0.004145263665399515,0.9999999992915567
2025.877711735017,2.0,fibonacci,0.004165134818730867,0.9999999992778741
2073.162127401229,2.0,fibonacci,0.003492853872867421,0.9999999992586722
2121.5501713624503,2.0,fibonacci,0.004059517232514175,0.9999999992390474
2171.067602537265,2.0,fibonacci,0.0041660677790876155,0.9999999991883084
2221.7407810628847,2.0,fibonacci,0.0037314448976070807,0.999999999198939
2273.596682327715,2.0,fibonacci,0.004084588974990907,0.9999999991722528
2326.662911331458,2.0,fibonacci,0.003408543479571696,0.9999999991377283
2380.9677173803584,2.0,fibonacci,0.0035007098017292865,0.9999999991306555
2436.540009125466,2.0,fibonacci,0.0033046812917836357,0.9999999991079694
2493.409369951878,2.0,fibonacci,0.003210353558259577,0.9999999991014604
2551.6060737271837,2.0,fibonacci,0.004190998320191319,0.9999999990637585
2611.1611009174594,2.0,fibonacci,0.0037931263881438213,0.9999999990429902
2672.1061550794325,2.0,fibonacci,0.0034713903296362046,0.999999998996482
2734.47367973758,2.0,fibonacci,0.0034369952914470032,0.9999999989945197
2798.296875655116,2.0,fibonacci,0.0038851860070452833,0.9999999989628455
2863.6097185081157,2.0,fibonacci,0.0036028751607098974,0.9999999989551283
2930.4469769721413,2.0,fibonacci,0.003571461452888368,0.9999999989179551
2998.8442312310276,2.0,fibonacci,0.0036963610222859426,0.9999999988802221
3068.837891917642,2.0,fibonacci,0.004254035887069213,0.9999999988479115
3140.465219496752,2.0,fibonacci,0.003723025147070587,0.9999999988336098
3213.7643441002756,2.0,fibonacci,0.0029002353959682895,0.9999999987981383
3288.77428582551,2.0,fibonacci,0.003394695348463102,0.9999999987549617
3365.5349755070943,2.0,fibonacci,0.003674308374886803,0.9999999986464879
3444.08727597382,2.0,fibonacci,0.003667963949503478,0.9999999985633463
3524.473003801584,2.0,fibonacci,0.003122158680941368,0.999999998518044
3606.734951574028,2.0,fibonacci,0.0029521442434019374,0.9999999982265613
3690.9169106627783,2.0,fibonacci,0.003300509300284952,0.999999998043865
3777.0636945393644,2.0,fibonacci,0.0027782986452413072,0.9999999977573945
3865.221162631262,2.0,fibonacci,0.0033841746561073505,0.9999999973660568
3955.4362447347016,2.0,fibonacci,0.003267257259372271,0.9999999970697833
4047.7569659973224,2.0,fibonacci,0.0032164792379350414,0.9999999969651927
4142.232472483894,2.0,fibonacci,0.0033990519919612915,0.9999999967370621
4238.913057338778,2.0,fibonacci,0.0028537631764197443,0.9999999962792592
4337.850187558989,2.0,fibonacci,0.0033109158467544146,0.9999999959938347
4439.096531392166,2.0,fibonacci,0.003588019408414003,0.9999999954335526
4542.705986374042,2.0,fibonacci,0.0032071722927601463,0.9999999954048128
4648.733708020257,2.0,fibonacci,0.0031840272208529456,0.9999999947819215
4757.236139187889,2.0,fibonacci,0.002764310277435828,0.9999999941399524
4868.2710401222785,2.0,fibonacci,0.003304104479817039,0.9999999935730938
4981.89751920516,2.0,fibonacci,0.0029643893080211793,0.9999999930937613
5098.176064420424,2.0,fibonacci,0.003171352437150452,0.9999999920316145
5217.168575554349,2.0,fibonacci,0.003273344795203543,0.9999999910973287
5338.93839714735,2.0,fibonacci,0.0031381285702131155,0.9999999903552096
5463.550352214876,2.0,fibonacci,0.002967651217495174,0.9999999887925433
5591.070776755293,2.0,fibonacci,0.0026839462118237057,0.9999999874616796
5721.567555063246,2.0,fibonacci,0.002952846010621036,0.9999999867811074
5855.110155867238,2.0,fibonacci,0.002819940970534826,0.9999999856247367
5991.769669310619,2.0,fibonacci,0.0023282669493229825,0.9999999838792107
6131.618844795775,2.0,fibonacci,0.0031147513526061494,0.9999999825336428
6274.732129711574,2.0,fibonacci,0.0025528001155337484,0.9999999801514022
6421.185709064758,2.0,fibonacci,0.002930340593624041,0.9999999791125536
6571.057546036271,2.0,fibonacci,0.002666463990719598,0.9999999773648843
6724.42742348425,2.0,fibonacci,0.0024205834031356846,0.9999999754970335
6881.376986415663,2.0,fibonacci,0.002423588127297059,0.9999999726417553
7041.989785449288,2.0,fibonacci,0.0027342189172160744,0.9999999713912545
7206.351321293052,2.0,fibonacci,0.0024231385532422585,0.9999999692174661
7374.549090259547,2.0,fibonacci,0.002448480653307797,0.9999999662712277
7546.6726308438865,2.0,fibonacci,0.0023680216068787596,0.9999999645846921
7722.813571388642,2.0,fibonacci,0.0024515438368962494,0.9999999619149108
7903.065678861348,2.0,fibonacci,0.0023153774214989655,0.9999999586119185
8087.524908770449,2.0,fibonacci,0.0021880800611680648,0.9999999568990076
8276.289456246344,2.0,fibonacci,0.0021472958558143534,0.9999999532236248
8469.459808314585,2.0,fibonacci,0.002424734026979275,0.9999999505092709
8667.138797389232,2.0,fibonacci,0.0024627425771378037,0.9999999485294829
8869.431656014704,2.0,fibonacci,0.002163491055868987,0.9999999437837389
9076.446072885356,2.0,fibonacci,0.0023667766188471763,0.9999999415257335
9288.292250172499,2.0,fibonacci,0.002159400750319142,0.999999938676271
9505.082962189503,2.0,fibonacci,0.00223207348534942,0.9999999348827354
9726.93361542617,2.0,fibonacci,0.0020832252802845796,0.9999999312809348
9953.962309984234,2.0,fibonacci,0.0020769995765414604,0.9999999275308842
10186.289902446864,2.0,fibonacci,0.002279220551608168,0.9999999245652942
10424.040070215558,2.0,fibonacci,0.002374675475275269,0.9999999200550542
10667.339377348571,2.0,fibonacci,0.002156994701061101,0.9999999159306338
10916.317341936148,2.0,fibonacci,0.0020309262031694684,0.9999999116451224
11171.106505048241,2.0,fibonacci,0.002075940049141452,0.9999999075811423
11431.842501291503,2.0,fibonacci,0.00214999383469617,0.9999999034263302
11698.664131013058,2.0,fibonacci,0.0021631733873892093,0.9999998985354808
11971.713434189656,2.0,fibonacci,0.0022101449395362494,0.9999998939612591
12251.135766041178,2.0,fibonacci,0.0020365942568664197,0.9999998894522615
12537.079874409197,2.0,fibonacci,0.002025794891398574,0.9999998848236078
12829.697978941475,2.0,fibonacci,0.0019106416670561694,0.9999998801872255
13129.145852124653,2.0,fibonacci,0.002125428872416334,0.9999998755968799
13435.582902208263,2.0,fibonacci,0.0019319596256017464,0.9999998704210087
13749.172258064205,2.0,fibonacci,0.0020116610401682447,0.9999998650525951
14070.080856026836,2.0,fibonacci,0.00188284628005029,0.9999998601670568
14398.479528760066,2.0,fibonacci,0.0021069623674764277,0.9999998547844463
14734.543096198344,2.0,fibonacci,0.0018066777619454232,0.9999998490169948
15078.45045861051,2.0,fibonacci,0.002019364509630735,0.9999998426746465
15430.384691835645,2.0,fibonacci,0.001890436253277856,0.9999998382642958
15790.533144741757,2.0,fibonacci,0.0017282142557371782,0.999999831874753
16159.087538959191,2.0,fibonacci,0.0016382847819414177,0.9999998264587328
16536.244070941786,2.0,fibonacci,0.0017276925782202918,0.9999998190882318
16922.203516410354,2.0,fibonacci,0.0018659890422232951,0.9999998119392477
17317.17133723353,2.0,fibonacci,0.0017895433542879696,0.9999998070059145
17721.357790803584,2.0,fibonacci,0.0017371435267021333,0.9999998000204541
18134.978041964954,2.0,fibonacci,0.0018422901106194172,0.999999792934913
18558.252277555188,2.0,fibonacci,0.0018002223151110395,0.999999786664611
18991.405823619356,2.0,fibonacci,0.001579324064530848,0.9999997790427603
19434.669265360182,2.0,fibonacci,0.0017773067855974768,0.9999997719488579
19888.278569888076,2.0,fibonacci,0.0018981883928631694,0.9999997644903864
20352.475211835757,2.0,fibonacci,0.0016770309760262795,0.9999997571091634
20827.50630190514,2.0,fibonacci,0.002016591003309719,0.9999997487905137
21313.624718414376,2.0,fibonacci,0.0017456995672504823,0.9999997408981198
21811.0892419152,2.0,fibonacci,0.0017253345874987636,0.9999997324923692
22320.164692952345,2.0,fibonacci,0.001639882705734079,0.9999997240201826
22841.122073038256,2.0,fibonacci,0.0018023511475234154,0.9999997154865916
23374.238708918125,2.0,fibonacci,0.001740824160135217,0.9999997062430974
23919.798400202373,2.0,fibonacci,0.0017253455216891685,0.9999996970677952
24478.0915704444,2.0,fibonacci,0.0017386231822806102,0.9999996880800485
25049.415421745023,2.0,fibonacci,0.0015019598050574929,0.9999996774507505
25634.07409296515,2.0,fibonacci,0.0016492315905396481,0.9999996684181169
26232.378821631235,2.0,fibonacci,0.0015425867945191487,0.9999996564564456
26844.64810961965,2.0,fibonacci,0.0015930296689244956,0.9999996470410164
27471.207892708087,2.0,fibonacci,0.0015721755877713848,0.9999996359455812
28112.391714084613,2.0,fibonacci,0.0015172749234465765,0.9999996245102197
28768.54090190591,2.0,fibonacci,0.0015587108970315676,0.9999996130584341
29440.00475100034,2.0,fibonacci,0.001553072408010272,0.9999996014043694
30127.140708811643,2.0,fibonacci,0.0014763760288095589,0.9999995878135399
30830.31456568277,2.0,fibonacci,0.001536793863811753,0.9999995772971026
31549.900649580886,2.0,fibonacci,0.0015004851575686272,0.99999956441842
32286.28202536727,2.0,fibonacci,0.0014590623039857178,0.9999995509411137
33039.85069871855,2.0,fibonacci,0.0013818829751933873,0.9999995383214745
33811.00782480682,2.0,fibonacci,0.0015011963803029853,0.9999995240297386
34600.16392185109,2.0,fibonacci,0.001456257574738397,0.9999995086762629
35407.7390896527,2.0,fibonacci,0.0014973699632114255,0.9999994961573092
36234.1632332315,2.0,fibonacci,0.001394292110084509,0.9999994811389934
37079.87629168172,2.0,fibonacci,0.001384929947963286,0.9999994648524567
37945.32847236942,2.0,fibonacci,0.0013764728505390497,0.999999450127324
38830.98049059601,2.0,fibonacci,0.001401307755079222,0.9999994322591639
39737.303814856044,2.0,fibonacci,0.001397892910013845,0.9999994163861841
40664.78091781854,2.0,fibonacci,0.0014337540720546532,0.9999993987450534
41613.90553316707,2.0,fibonacci,0.001349069215208902,0.9999993810063307
42585.18291843415,2.0,fibonacci,0.00135055180700301,0.9999993638974066
43579.130123970295,2.0,fibonacci,0.0013657212673805533,0.9999993441325962
44596.27626819095,2.0,fibonacci,0.0012753963395872082,0.9999993257567963
45637.16281924754,2.0,fibonacci,0.0012971217877448457,0.9999993066323934
46702.34388327331,2.0,fibonacci,0.001291443495702429,0.9999992872593078
47792.38649935595,2.0,fibonacci,0.0013465936767143014,0.9999992665639411
48907.8709413959,2.0,fibonacci,0.0014499334493110604,0.999999246898288
50049.39102700954,2.0,fibonacci,0.0013282658246106913,0.9999992254012435
51217.554433642414,2.0,fibonacci,0.0012956533502781402,0.9999992032729568
52412.983022060616,2.0,fibonacci,0.0012068291212920688,0.9999991815552364
53636.31316739234,2.0,fibonacci,0.0012641601762251851,0.9999991568993106
54888.19609789666,2.0,fibonacci,0.0012255128187562971,0.9999991344586561
56169.29824163804,2.0,fibonacci,0.0012203583269087964,0.9999991114054387
57480.30158125351,2.0,fibonacci,0.0012365195626744033,0.9999990858652233
58821.90401699956,2.0,fibonacci,0.0012039570148524486,0.9999990603223844
60194.819738272745,2.0,fibonacci,0.0011730448278488175,0.999999035612837
61599.77960380169,2.0,fibonacci,0.001209475599577604,0.9999990102003614
63037.53153071282,2.0,fibonacci,0.0012056074272950392,0.9999989839849489
64508.84089267686,2.0,fibonacci,0.0011281622905568336,0.999998955486682
66014.49092734883,2.0,fibonacci,0.0011635089755299424,0.9999989258167501
67555.2831533164,2.0,fibonacci,0.0011971006467457537,0.9999988981199003
69132.03779678128,2.0,fibonacci,0.0011252815281015422,0.9999988692892282
70745.59422819878,2.0,fibonacci,0.0012197738602958913,0.9999988378130166
72396.81140910876,2.0,fibonacci,0.001131451423968848,0.9999988060079086
74086.56834939567,2.0,fibonacci,0.001204818149438308,0.9999987752983145
75815.76457522102,2.0,fibonacci,0.0011549502574333102,0.9999987430940829
77585.32060787828,2.0,fibonacci,0.001146389631609197,0.9999987100818493
79396.17845382275,2.0,fibonacci,0.0011046617812909077,0.999998675667437
81249.30210614047,2.0,fibonacci,0.0011993007052650208,0.9999986405070406
83145.67805772064,2.0,fibonacci,0.00118433368496248,0.9999986038012457
85086.31582640581,2.0,fibonacci,0.0011365586858415474,0.9999985670733026
87072.24849239922,2.0,fibonacci,0.00111483152100766,0.9999985278915736
89104.53324821504,2.0,fibonacci,0.001117046554569484,0.9999984902233292
91184.25196146562,2.0,fibonacci,0.0010994071192343966,0.9999984500967508
93312.5117507824,2.0,fibonacci,0.00110699954168699,0.999998410163463
95490.44557518078,2.0,fibonacci,0.0011022007964356715,0.9999983713977808
97719.21283717996,2.0,fibonacci,0.001105234389962221,0.999998328911956
100000.0,2.0,fibonacci,0.0011575251771386928,0.9999982867010642
0.0,0.5,tribonacci,0.0483982089007412,1.0
1.0,0.5,tribonacci,0.04839359296985939,1.0000000000042584
1.023340212191642,0.5,tribonacci,0.04839317980110105,1.0000000000038782
1.0472251898884348,0.5,tribonacci,0.04839273132355282,1.0000000000029396
1.0716676480328635,0.5,tribonacci,0.04839224475830228,1.000000000001447
1.0966805983368684,0.5,tribonacci,0.048391717141856756,0.9999999999995087
1.1222773562085078,0.5,tribonacci,0.04839114531886588,0.9999999999973549
1.1484715478402894,0.5,tribonacci,0.04839052593533947,0.9999999999953372
1.1752771174629453,0.5,tribonacci,0.04838985543251254,0.9999999999938951
1.2027083347685117,0.5,tribonacci,0.04838913004152549,0.9999999999934753
1.2307798025066652,0.5,tribonacci,0.04838834577910153,0.999999999994379
1.259506464258358,0.5,tribonacci,0.04838749844441539,0.999999999996512
1.2889036123908928,0.5,tribonacci,0.048386583617355046,0.9999999999990086
1.3189868961986702,0.5,tribonacci,0.04838559665862045,0.9999999999999032
1.3497723302339424,0.5,tribonacci,0.04838453271739884,1.0000000000000866
1.3812763028320096,0.5,tribonacci,0.048383386733866364,1.0000000000000926
1.4135155848353955,0.5,tribonacci,0.048382153446572956,0.9999999999999023
1.4465073385216465,0.5,tribonacci,0.0483808274055076,0.9999999999998004
1.4802691267395092,0.5,tribonacci,0.048379402987953464,1.0000000000001235
1.514818922258346,0.5,tribonacci,0.04837787441873265,1.0000000000010554
1.55017511733577,0.5,tribonacci,0.04837623579536396,1.0000000000024956
1.5863565335085905,0.5,tribonacci,0.0483744811186748,1.000000000004031
1.6233824316122787,0.5,tribonacci,0.04837260432942333,1.0000000000050195
1.661272522034293,0.5,tribonacci,0.04837059935148649,1.0000000000047904
1.7000469752067175,0.5,tribonacci,0.04836846014215834,1.0000000000029239
1.7397264323438015,0.5,tribonacci,0.048366180750068495,0.9999999999995519
1.780332016430114,0.5,tribonacci,0.04836375538117373,0.9999999999955667
1.8218853434651667,0.5,tribonacci,0.04836117847318356,0.9999999999925712
1.8644085339704863,0.5,tribonacci,0.048358444778647765,0.999999999992354
1.9079242247652657,0.5,tribonacci,0.048355549456745237,0.9999999999956097
1.9524555810168611,0.5,tribonacci,0.04835248817355639,0.9999999999995981
1.9980263085725503,0.5,tribonacci,0.04834925721313542,1.0000000000000473
2.0446606665791167,0.5,tribonacci,0.04834585360394163,1.0000000000000202
2.0923834803969776,0.5,tribonacci,0.04834227524090426,0.9999999999996831
2.1412201548157292,0.5,tribonacci,0.04833852102355383,1.000000000000212
2.1911966875781492,0.5,tribonacci,0.04833459100175859,1.000000000002275
2.242339683219846,0.5,tribonacci,0.04833048652709122,1.0000000000051468
2.2946763672319364,0.5,tribonacci,0.04832621040852768,1.0000000000068567
2.3482346005542762,0.5,tribonacci,0.048321767070950046,1.0000000000052964
2.4030428944069686,0.5,tribonacci,0.04831716271482697,0.9999999999998714
2.459130425468045,0.5,tribonacci,0.04831240547542356,0.9999999999928698
2.5165270514053915,0.5,tribonacci,0.048307505579972036,0.9999999999892584
2.575263326771201,0.5,tribonacci,0.04830247550142152,0.999999999993229
2.6353705192673944,0.5,tribonacci,0.048297330107686554,0.9999999999996505
2.6968806263906933,0.5,tribonacci,0.04829208679106198,1.0000000000000422
2.7598263924661803,0.5,tribonacci,0.048286765578900256,0.9999999999995868
2.824241326078435,0.5,tribonacci,0.0482813892461114,1.0000000000002627
2.8901597179095098,0.5,tribonacci,0.04827598340503876,1.0000000000037
2.957616658993254,0.5,tribonacci,0.04827057658245284,1.000000000007365
3.0266480593956917,0.5,tribonacci,0.04826520027090429,1.0000000000062328
3.097290667331409,0.5,tribonacci,0.04825988895708364,0.9999999999982206
3.169582088726116,0.5,tribonacci,0.04825468013399114,0.9999999999890755
3.2435608072358115,0.5,tribonacci,0.048249614309177125,0.9999999999899354
3.319266204733189,0.5,tribonacci,0.04824473502825137,0.9999999999994
3.396738582272208,0.5,tribonacci,0.04824008887325773,0.9999999999997842
3.4760191815419783,0.5,tribonacci,0.04823572537002343,0.9999999999994655
3.557150206821386,0.5,tribonacci,0.04823169701706511,1.0000000000020335
3.6401748474461404,0.5,tribonacci,0.04822805925651616,1.000000000005824
3.7251373008002115,0.5,tribonacci,0.048224870434075064,1.0000000000033527
3.8120827958438888,0.5,tribonacci,0.04822219171265285,0.9999999999936816
3.9010576171909923,0.5,tribonacci,0.048220086944250465,0.9999999999904171
3.9921091297480515,0.5,tribonacci,0.04821862251853794,0.9999999999993652
4.085285803928563,0.5,tribonacci,0.04821786709696737,0.9999999999995612
4.1806372414557575,0.5,tribonacci,0.04821789100729183,0.9999999999999827
4.278214201767616,0.5,tribonacci,0.04821876556244538,1.0000000000047633
4.378068629038169,0.5,tribonacci,0.04822056195856807,1.0000000000048463
4.480253679829491,0.5,tribonacci,0.04822334969435986,0.9999999999937944
4.584823751389096,0.5,tribonacci,0.04822719439837916,0.9999999999907252
4.691834510607798,0.5,tribonacci,0.04823215504048486,0.9999999999994778
4.801342923653452,0.5,tribonacci,0.0482382803172697,0.999999999999125
4.913407286296363,0.5,tribonacci,0.048245604058087053,1.0000000000033795
5.028087254942479,0.5,tribonacci,0.04825413985759624,1.0000000000102014
5.145443878390927,0.5,tribonacci,0.048263874781603676,0.9999999999971492
5.265539630332757,0.5,tribonacci,0.04827476235456718,0.9999999999835137
5.388438442608224,0.5,tribonacci,0.04828671511322143,0.9999999999990695
5.5142057392403006,0.5,tribonacci,0.048299597160744244,0.9999999999989084
5.6429084712625395,0.5,tribonacci,0.04831321723493239,1.0000000000039773
5.7746151523598215,0.5,tribonacci,0.04832732311810907,1.0000000000057931
5.909395895340971,0.5,tribonacci,0.04834159826283806,0.9999999999882847
6.047322449462647,0.5,tribonacci,0.04835566171946435,0.9999999999972516
6.188468238624385,0.5,tribonacci,0.048369072081223916,0.9999999999988161
6.332908400455114,0.5,tribonacci,0.04838133695153915,1.0000000000024083
6.48071982631197,0.5,tribonacci,0.04839192818319918,0.9999999999998296
6.631981202212672,0.5,tribonacci,0.04840030363145705,0.9999999999925
6.786773050723297,0.5,tribonacci,0.048405935179454934,0.9999999999990283
6.945177773823696,0.5,tribonacci,0.048408342154802456,1.0000000000012248
7.107279696773417,0.5,tribonacci,0.048407128994690615,1.000000000002303
7.273165113001458,0.5,tribonacci,0.04840202444235506,0.9999999999902734
7.44292233004376,0.5,tribonacci,0.04839291969418902,0.9999999999990715
7.616641716552892,0.5,tribonacci,0.048379901584666735,1.000000000002369
7.794415750404949,0.5,tribonacci,0.04836327790311214,1.000000000002841
7.976339067929277,0.5,tribonacci,0.04834359097886651,0.9999999999875838
8.162508514287229,0.5,tribonacci,0.048321617423757485,0.9999999999986141
8.353023195026777,0.5,tribonacci,0.04829835246041752,1.0000000000042006
8.54798452884041,0.5,tribonacci,0.04827497914713812,0.9999999999929637
8.747496301554417,0.5,tribonacci,0.048252823447401554,0.9999999999984396
8.951664721378302,0.5,tribonacci,0.04823329781795853,1.0000000000000862
9.160598475443708,0.5,tribonacci,0.048217835044574636,0.9999999999988739
9.374408787662995,0.5,tribonacci,0.048207813973347446,0.9999999999974593
9.593209477938244,0.5,tribonacci,0.04820447661954903,0.9999999999993937
9.817117022752193,0.5,tribonacci,0.048208834453726875,0.9999999999995657
10.046250617173408,0.5,tribonacci,0.048221560820411034,0.9999999999976927
10.280732238308651,0.5,tribonacci,0.04824286844206106,1.0000000000003288
10.520686710236228,0.5,tribonacci,0.04827237657054212,0.999999999995801
10.766241770454933,0.5,tribonacci,0.048308981867917655,0.9999999999982278
11.017528137883868,0.5,tribonacci,0.04835075960893822,1.0000000000034484
11.274679582449467,0.5,tribonacci,0.048394932439051186,0.9999999999878043
11.537832996296608,0.5,tribonacci,0.04843794925341175,0.9999999999978215
11.807128466661897,0.5,tribonacci,0.048475709688648214,1.0000000000002396
12.082709350447766,0.5,tribonacci,0.0485039491459349,0.9999999999979531
12.36472235053715,0.5,tribonacci,0.04851876362114205,1.0000000000030724
12.65331759388943,0.5,tribonacci,0.048517211017957446,0.999999999993597
12.948648711459043,0.5,tribonacci,0.04849788743505385,1.000000000001062
13.250872919979532,0.5,tribonacci,0.04846135586377103,0.9999999999873584
13.560151105656333,0.5,tribonacci,0.04841031728744115,0.999999999998205
13.876647909813085,0.5,tribonacci,0.04834945748955114,0.9999999999899479
14.200531816536824,0.5,tribonacci,0.04828497262332247,0.9999999999975286
14.531975242368961,0.5,tribonacci,0.04822384172575152,0.9999999999912752
14.871154628089537,0.5,tribonacci,0.04817295212432365,0.9999999999977446
15.218250532643863,0.5,tribonacci,0.04813818086822541,0.9999999999888607
15.573447729261343,0.5,tribonacci,0.04812350891736866,0.9999999999994608
15.936935303817744,0.5,tribonacci,0.048130242887404875,0.9999999999863958
16.308906755493325,0.5,tribonacci,0.0481564709791485,1.0000000000019866
16.68956009978024,0.5,tribonacci,0.0481969784239235,0.9999999999969619
17.079097973894278,0.5,tribonacci,0.04824389492874373,0.9999999999998642
17.47772774464681,0.5,tribonacci,0.048288232717677286,0.9999999999968759
17.885661618834618,0.5,tribonacci,0.04832214097880722,0.9999999999891106
18.30311675620612,0.5,tribonacci,0.048341265966247625,1.0000000000038851
18.730315385064376,0.5,tribonacci,0.04834631857207135,0.9999999999969245
19.16748492056815,0.5,tribonacci,0.048343060552401805,0.9999999999884842
19.614858085794303,0.5,tribonacci,0.04834045534160411,1.0000000000013174
20.072673035625694,0.5,tribonacci,0.04834743413077751,0.9999999999964544
20.541173483530642,0.5,tribonacci,0.04836921085528914,0.9999999999925145
21.020608831301583,0.5,tribonacci,0.04840419584244392,0.9999999999974424
21.511234301821663,0.5,tribonacci,0.04844255673179795,0.9999999999999248
22.013311074930314,0.5,tribonacci,0.04846759532801167,0.9999999999962833
22.527106426459802,0.5,tribonacci,0.048460882632782094,0.9999999999939372
23.052893870517085,0.5,tribonacci,0.048410572409750455,0.9999999999895463
23.59095330508635,0.5,tribonacci,0.04831959870596,1.0000000000006222
24.14157116103019,0.5,tribonacci,0.04820870241252427,1.0000000000006175
24.705040554568253,0.5,tribonacci,0.048110950513562935,0.9999999999963212
25.28166144331499,0.5,tribonacci,0.04805918924918014,0.9999999999956845
25.871740785959226,0.5,tribonacci,0.04807183249234896,0.9999999999959839
26.475592705670667,0.5,tribonacci,0.048142837786124784,0.9999999999954934
27.093538657320515,0.5,tribonacci,0.04824085034505604,0.9999999999905016
27.725907598604824,0.5,tribonacci,0.04832180736494697,0.9999999999908369
28.37303616516213,0.5,tribonacci,0.04835354383156464,0.9999999999913887
29.035268849778138,0.5,tribonacci,0.048338155347774636,0.9999999999897883
29.712958185773342,0.5,tribonacci,0.048312041691832924,0.9999999999927821
30.40646493467067,0.5,tribonacci,0.04831860299814383,0.9999999999950329
31.116158278243613,0.5,tribonacci,0.04837138743037996,0.9999999999949686
31.84241601504653,0.5,tribonacci,0.04843286595696998,0.999999999994706
32.585624761532245,0.5,tribonacci,0.04842877428341878,0.9999999999971833
33.34618015786364,0.5,tribonacci,0.048304570917561865,0.9999999999999263
34.124487078528894,0.5,tribonacci,0.04809037881148027,0.9999999999884219
34.920959847872716,0.5,tribonacci,0.04790544120439189,0.9999999999921592
35.736022460657864,0.5,tribonacci,0.047878230352845115,0.9999999999940457
36.570108807774915,0.5,tribonacci,0.0480437042027336,1.0000000000003955
37.42366290721981,0.5,tribonacci,0.048295787058165555,0.9999999999853361
38.29713914046281,0.5,tribonacci,0.0484462802931128,0.9999999999937674
39.19100249433404,0.5,tribonacci,0.04838435383964981,0.9999999999993631
40.10572880855496,0.5,tribonacci,0.048192371043862724,0.9999999999905059
41.04180502904709,0.5,tribonacci,0.04806290967384928,0.9999999999965861
41.99972946715304,0.5,tribonacci,0.04809663207051839,0.9999999999862373
42.98001206490796,0.5,tribonacci,0.048194148382464365,0.9999999999965012
43.98317466650224,0.5,tribonacci,0.04816110169666827,0.9999999999873612
45.009751296080466,0.5,tribonacci,0.0479552327995689,0.9999999999983139
46.060288442024,0.5,tribonacci,0.04777472564893949,0.9999999999927178
47.13534534786909,0.5,tribonacci,0.047829713794454436,0.9999999999847293
48.23549431001467,0.5,tribonacci,0.04807759577186918,0.9999999999977054
49.36132098237917,0.5,tribonacci,0.04825175595979211,0.9999999999919488
50.51342468816764,0.5,tribonacci,0.04817193405868659,0.9999999999917977
51.69241873891598,0.5,tribonacci,0.04793368878588923,0.9999999999825286
52.89893076098151,0.5,tribonacci,0.047725366866838724,0.9999999999901081
54.133603029653784,0.5,tribonacci,0.04762034028525294,0.9999999999952222
55.397092811064034,0.5,tribonacci,0.04764333380185492,0.9999999999970768
56.69007271207434,0.5,tribonacci,0.04780639964537199,0.9999999999966994
58.013231038333785,0.5,tribonacci,0.04792128580175836,0.9999999999964915
59.36727216069123,0.5,tribonacci,0.047740681542205,0.9999999999914119
60.75291689016074,0.5,tribonacci,0.04747456614741643,0.9999999999825903
62.17090286163827,0.5,tribonacci,0.04751506796915176,0.9999999999880977
63.62198492657489,0.5,tribonacci,0.047611005120115416,0.9999999999898377
65.10693555481458,0.5,tribonacci,0.04732298729084743,0.9999999999960926
66.6265452458115,0.5,tribonacci,0.047128881582767124,0.9999999999824414
68.18162294944479,0.5,tribonacci,0.04742634781083275,0.9999999999892834
69.77299649665534,0.5,tribonacci,0.04745522108427538,0.9999999999938014
71.40151304013399,0.5,tribonacci,0.046973563572039766,0.9999999999888115
73.06803950529499,0.5,tribonacci,0.046892509594361295,0.9999999999894451
74.77346305177588,0.5,tribonacci,0.047081871205499594,0.9999999999885826
76.51869154570822,0.5,tribonacci,0.04682022532845182,0.9999999999844652
78.30465404301187,0.5,tribonacci,0.046655143191536554,0.9999999999848175
80.13230128396887,0.5,tribonacci,0.04675486609386057,0.9999999999927139
82.0026061993413,0.5,tribonacci,0.046550497854663815,0.9999999999891522
83.91656442830157,0.5,tribonacci,0.046372349237406664,0.9999999999878917
85.8751948484517,0.5,tribonacci,0.04632413803969286,0.9999999999881231
87.8795401182132,0.5,tribonacci,0.046119671213333144,0.9999999999896041
89.93066723187619,0.5,tribonacci,0.04605307005705165,0.9999999999908387
92.02966808760415,0.5,tribonacci,0.046061906863376065,0.9999999999781444
94.17766006869519,0.5,tribonacci,0.04574356145590032,0.9999999999854137
96.37578663841089,0.5,tribonacci,0.04559061025774314,0.9999999999890911
98.62521794868779,0.5,tribonacci,0.0455525203257621,0.9999999999771122
100.92715146305709,0.5,tribonacci,0.04537620860247474,0.9999999999854131
103.28281259410285,0.5,tribonacci,0.045485980541347296,0.9999999999800484
105.69345535579883,0.5,tribonacci,0.044832776468322025,0.9999999999858639
108.16036303107094,0.5,tribonacci,0.045088743739541796,0.9999999999871775
110.6848488549412,0.5,tribonacci,0.04493663238289598,0.9999999999840351
113.26825671361537,0.5,tribonacci,0.04477266063166637,0.9999999999834966
115.91196185988856,0.5,tribonacci,0.04450626482813916,0.9999999999853538
118.6173716452478,0.5,tribonacci,0.0445329510049229,0.9999999999874859
121.38592626906276,0.5,tribonacci,0.04457540868251288,0.999999999970759
124.21909954526174,0.5,tribonacci,0.044220428062894,0.9999999999804942
127.11839968690288,0.5,tribonacci,0.04419967018465159,0.9999999999812245
130.08537010905707,0.5,tribonacci,0.044362267402105464,0.999999999979532
133.12159025043076,0.5,tribonacci,0.044095515064398044,0.9999999999744354
136.22867641416468,0.5,tribonacci,0.044037977843013054,0.9999999999737871
139.40828262825772,0.5,tribonacci,0.04434112321596338,0.9999999999790723
142.66210152607368,0.5,tribonacci,0.043953774831434936,0.999999999975814
145.99186524739787,0.5,tribonacci,0.04433606105635147,0.9999999999679922
149.39934636052578,0.5,tribonacci,0.044225200409016396,0.9999999999767786
152.88635880587296,0.5,tribonacci,0.04432149652380813,0.9999999999815447
156.45475886160958,0.5,tribonacci,0.04454301177556695,0.9999999999755548
160.10644613183177,0.5,tribonacci,0.04462193444300264,0.9999999999758208
163.84336455779848,0.5,tribonacci,0.0448005278674243,0.9999999999789628
167.66750345276992,0.5,tribonacci,0.04492786063460461,0.9999999999746704
171.58089856100048,0.5,tribonacci,0.04540652875918485,0.9999999999756459
175.5856331414469,0.5,tribonacci,0.045346170450212775,0.9999999999781669
179.68383907677193,0.5,tribonacci,0.04570493994485181,0.999999999965199
183.8776980082327,0.5,tribonacci,0.04614123893509151,0.9999999999742226
188.16944249705557,0.5,tribonacci,0.04620858331619845,0.9999999999704181
192.56135721291986,0.5,tribonacci,0.04651135729020196,0.9999999999632138
197.05578015017983,0.5,tribonacci,0.04648437154045799,0.9999999999692755
201.65510387247465,0.5,tribonacci,0.047150553520610095,0.9999999999606439
206.36177678638586,0.5,tribonacci,0.04729649325199275,0.9999999999673438
211.17830444482442,0.5,tribonacci,0.04765077450002943,0.9999999999715977
216.10725088083765,0.5,tribonacci,0.047467644560124284,0.9999999999658191
221.15123997254886,0.5,tribonacci,0.04761573680174211,0.9999999999644317
226.31295683995296,0.5,tribonacci,0.04743919090271127,0.9999999999640191
231.59514927431522,0.5,tribonacci,0.0473418202431595,0.9999999999630821
237.0006292009328,0.5,tribonacci,0.04712446082035601,0.999999999964376
242.5322741760353,0.5,tribonacci,0.04689511794025183,0.9999999999613378
248.19302891862552,0.5,tribonacci,0.046465458905869714,0.9999999999605662
253.9859068780724,0.5,tribonacci,0.046100096563293336,0.9999999999597797
259.91399183829327,0.5,tribonacci,0.04553398787919271,0.999999999960711
265.98043955937584,0.5,tribonacci,0.044856705382574934,0.999999999949312
272.18847945751793,0.5,tribonacci,0.04441866397424718,0.9999999999639517
278.5414163241766,0.5,tribonacci,0.0437070928859829,0.9999999999583457
285.0426320853435,0.5,tribonacci,0.043132801596151855,0.9999999999617132
291.6955876018796,0.5,tribonacci,0.04284682653495273,0.9999999999471106
298.50382451187295,0.5,tribonacci,0.04220105934745923,0.9999999999586421
305.4709671159968,0.5,tribonacci,0.0415398289835629,0.9999999999565579
312.60072430687035,0.5,tribonacci,0.04153638142280837,0.9999999999544278
319.89689154345376,0.5,tribonacci,0.041304048810126545,0.9999999999486961
327.3633528715244,0.5,tribonacci,0.04118449339964703,0.9999999999451605
335.0040829913133,0.5,tribonacci,0.04156769879513923,0.9999999999477945
342.8231493733971,0.5,tribonacci,0.041649427708768436,0.9999999999347645
350.82471442397923,0.5,tribonacci,0.04205189654268974,0.9999999999452626
359.01303770070683,0.5,tribonacci,0.042348178094873935,0.9999999999425114
367.39247818020743,0.5,tribonacci,0.04297837771621457,0.9999999999409456
375.96749657854673,0.5,tribonacci,0.043112379166843955,0.9999999999419569
384.74265772585017,0.5,tribonacci,0.043689443595237944,0.9999999999395527
393.72263299634795,0.5,tribonacci,0.04389570102852674,0.9999999999388648
402.91220279513476,0.5,tribonacci,0.04368118742629864,0.9999999999254435
412.3162591029752,0.5,tribonacci,0.043700116849033216,0.9999999999383737
421.9398080805024,0.5,tribonacci,0.04349648183999821,0.999999999928153
431.78797273320214,0.5,tribonacci,0.043432382912766715,0.9999999999299826
441.86599563859414,0.5,tribonacci,0.043318332510026016,0.9999999999287846
452.1792417370702,0.5,tribonacci,0.04315796097090301,0.9999999999293627
462.7332011878689,0.5,tribonacci,0.0431331103162866,0.9999999999251354
473.53349229171164,0.5,tribonacci,0.04314346630370856,0.9999999999234036
484.58586448164954,0.5,tribonacci,0.04314234369624124,0.9999999999150992
495.8962013837212,0.5,tribonacci,0.04316185636962351,0.999999999911596
507.4705239490466,0.5,tribonacci,0.04323915754149671,0.9999999999198114
519.3149936590212,0.5,tribonacci,0.043357164561841535,0.9999999999204863
531.4359158053242,0.5,tribonacci,0.04355919099522107,0.9999999999139093
543.8397428464796,0.5,tribonacci,0.04398236321074997,0.9999999999063349
556.5330778427646,0.5,tribonacci,0.04430350623620304,0.9999999999162227
569.5226779712825,0.5,tribonacci,0.04396491517483599,0.9999999999088879
582.8154581230846,0.5,tribonacci,0.04361053044051336,0.999999999902926
596.418494584246,0.5,tribonacci,0.04270591262085556,0.9999999999010744
610.3390288028621,0.5,tribonacci,0.04184105980906078,0.999999999899273
624.5844712439617,0.5,tribonacci,0.04124357889598769,0.9999999998906255
639.1624053343999,0.5,tribonacci,0.04134777658344351,0.9999999998734538
654.0805914998252,0.5,tribonacci,0.04205109264967752,0.9999999998429543
669.3469712958661,0.5,tribonacci,0.04334344171574011,0.9999999998554743
684.9696716357447,0.5,tribonacci,0.04461694739158686,0.9999999998057424
700.9570091165617,0.5,tribonacci,0.045984995251378946,0.9999999996943214
717.3174944465612,0.5,tribonacci,0.04715172539087222,0.9999999995502309
734.0598369757212,0.5,tribonacci,0.05243042101159848,0.9999999993838109
751.1929493320969,0.5,tribonacci,0.04210978534996382,0.9999999978323417
768.7259521663727,0.5,tribonacci,0.05036681002129949,0.999999998352266
786.6681790071582,0.5,tribonacci,0.05228131672247136,0.999999997671263
805.0291812295981,0.5,tribonacci,0.03846564440482528,0.99999999746
823.8187331399602,0.5,tribonacci,0.04361621635212866,0.999999996731191
843.0468371788967,0.5,tribonacci,0.038007694129866924,0.9999999945090694
862.723729246145,0.5,tribonacci,0.04155301746323671,0.9999999938703893
882.859884149515,0.5,tribonacci,0.043156482699633354,0.99999999247502
903.4660211810525,0.5,tribonacci,0.036667987721511426,0.9999999921540995
924.5531098233571,0.5,tribonacci,0.04215994222699338,0.9999999905153966
946.1323755890769,0.5,tribonacci,0.046892066207367966,0.9999999890361391
968.2153059967086,0.5,tribonacci,0.04084208300122952,0.9999999852990143
990.8136566858666,0.5,tribonacci,0.03870976222616949,0.9999999871813668
1013.9394576752917,0.5,tribonacci,0.04780063310035468,0.9999999866304876
1037.6050197669117,0.5,tribonacci,0.043738930049538716,0.9999999858829243
1061.8229410993836,0.5,tribonacci,0.04196421828864841,0.9999999857742583
1086.6061138545967,0.5,tribonacci,0.039582064203431376,0.999999985987534
1111.967731120699,0.5,tribonacci,0.04800672289567856,0.9999999852406597
1137.9212939153151,0.5,tribonacci,0.051883202186143375,0.999999982934389
1164.4806183726855,0.5,tribonacci,0.06321329648513324,0.9999999821491404
1191.6598430985587,0.5,tribonacci,0.051408132238126354,0.999999982054639
1219.4734366967382,0.5,tribonacci,0.05086307495157105,0.9999999809748267
1247.9362054713115,0.5,tribonacci,0.0560682332443979,0.9999999797309318
1277.0633013086433,0.5,tribonacci,0.04852747710117276,0.9999999776669337
1306.8702297433463,0.5,tribonacci,0.043905273269758106,0.9999999766263622
1337.3728582124963,0.5,tribonacci,0.0556327302374167,0.9999999726247187
1368.5874245025177,0.5,tribonacci,0.04167408824263757,0.9999999722774426
1400.5305453932197,0.5,tribonacci,0.047812285823691215,0.9999999733123304
1433.2192255035739,0.5,tribonacci,0.04741821092445504,0.999999972996328
1466.6708663439686,0.5,tribonacci,0.04258787384606845,0.9999999730483204
1500.903275579735,0.5,tribonacci,0.03761614603702242,0.9999999710348018
1535.934676510897,0.5,tribonacci,0.04731735029844525,0.9999999677461122
1571.7837177731628,0.5,tribonacci,0.050352591093048855,0.9999999685834531
1608.4694832653552,0.5,tribonacci,0.043560480574773776,0.9999999649193129
1646.0115023085498,0.5,tribonacci,0.0448173671642458,0.9999999643751644
1684.4297600423151,0.5,tribonacci,0.04083770161602028,0.9999999624988334
1723.7447080636198,0.5,tribonacci,0.04880941983549272,0.9999999608228072
1763.9772753140435,0.5,tribonacci,0.04487842940869637,0.9999999593799702
1805.1488792211082,0.5,tribonacci,0.051703289639529824,0.9999999552484578
1847.281437099634,0.5,tribonacci,0.04420739671338195,0.9999999535769589
1890.3973778192214,0.5,tribonacci,0.04318954911409154,0.99999995519893
1934.5196537440443,0.5,tribonacci,0.04580493272604872,0.9999999522367857
1979.6717529513326,0.5,tribonacci,0.054866010117735675,0.9999999480644022
2025.877711735017,0.5,tribonacci,0.044149978928948105,0.999999947061129
2073.162127401229,0.5,tribonacci,0.046939097952370494,0.9999999465752851
2121.5501713624503,0.5,tribonacci,0.042611416013157696,0.9999999442951756
2171.067602537265,0.5,tribonacci,0.04817196734039184,0.9999999389639357
2221.7407810628847,0.5,tribonacci,0.047366661309386056,0.9999999385757754
2273.596682327715,0.5,tribonacci,0.04707752864709702,0.9999999378751627
2326.662911331458,0.5,tribonacci,0.034483368445022325,0.9999999328889891
2380.9677173803584,0.5,tribonacci,0.033710334142631436,0.9999999313926908
2436.540009125466,0.5,tribonacci,0.04229249695698256,0.9999999279133963
2493.409369951878,0.5,tribonacci,0.05490104906202025,0.9999999227645441
2551.6060737271837,0.5,tribonacci,0.04387154031806669,0.9999999238001381
2611.1611009174594,0.5,tribonacci,0.049896678503878945,0.9999999203025255
2672.1061550794325,0.5,tribonacci,0.05500777420686223,0.9999999190067256
2734.47367973758,0.5,tribonacci,0.04661462472001323,0.9999999155352386
2798.296875655116,0.5,tribonacci,0.043867584336649536,0.999999911072831
2863.6097185081157,0.5,tribonacci,0.0356241411712492,0.9999999054515635
2930.4469769721413,0.5,tribonacci,0.03948770517126671,0.9999999055263038
2998.8442312310276,0.5,tribonacci,0.044689771182328995,0.9999999041176928
3068.837891917642,0.5,tribonacci,0.03741158561146231,0.9999999028253205
3140.465219496752,0.5,tribonacci,0.05159659614617982,0.9999999004073697
3213.7643441002756,0.5,tribonacci,0.05174254971378805,0.9999998947099311
3288.77428582551,0.5,tribonacci,0.04381360195232969,0.9999998921137001
3365.5349755070943,0.5,tribonacci,0.04578065552628163,0.9999998882674055
3444.08727597382,0.5,tribonacci,0.044661725112047065,0.9999998852633011
3524.473003801584,0.5,tribonacci,0.0549957311093508,0.9999998851093219
3606.734951574028,0.5,tribonacci,0.05149104545747622,0.9999998806333176
3690.9169106627783,0.5,tribonacci,0.052459467557587076,0.9999998768883465
3777.0636945393644,0.5,tribonacci,0.045808837169202914,0.9999998734255886
3865.221162631262,0.5,tribonacci,0.04074538049485412,0.9999998678520999
3955.4362447347016,0.5,tribonacci,0.04488714843864195,0.9999998652542152
4047.7569659973224,0.5,tribonacci,0.03833140074704798,0.999999861949496
4142.232472483894,0.5,tribonacci,0.046338405638550705,0.9999998585223793
4238.913057338778,0.5,tribonacci,0.037325013618270356,0.9999998521373628
4337.850187558989,0.5,tribonacci,0.0506761030305211,0.999999847606116
4439.096531392166,0.5,tribonacci,0.055333122682160174,0.9999998421308822
4542.705986374042,0.5,tribonacci,0.037136895868912244,0.9999998400360426
4648.733708020257,0.5,tribonacci,0.034678407844234066,0.999999835016792
4757.236139187889,0.5,tribonacci,0.03923402792220712,0.9999998302173905
4868.2710401222785,0.5,tribonacci,0.038650037551622884,0.999999827796573
4981.89751920516,0.5,tribonacci,0.0527860366005483,0.9999998233452726
5098.176064420424,0.5,tribonacci,0.04027819259694561,0.9999998172255913
5217.168575554349,0.5,tribonacci,0.05674644960999568,0.9999998103939914
5338.93839714735,0.5,tribonacci,0.031767723209205345,0.9999998072523034
5463.550352214876,0.5,tribonacci,0.04919455890670383,0.9999998007789961
5591.070776755293,0.5,tribonacci,0.05961358637171516,0.9999997943488244
5721.567555063246,0.5,tribonacci,0.045654387125489866,0.9999997891495223
5855.110155867238,0.5,tribonacci,0.0384644696433211,0.9999997853770758
5991.769669310619,0.5,tribonacci,0.0323650046267161,0.9999997780256225
6131.618844795775,0.5,tribonacci,0.0501377374168157,0.999999773209775
6274.732129711574,0.5,tribonacci,0.049755590543365424,0.9999997692431353
6421.185709064758,0.5,tribonacci,0.04618847221363641,0.9999997620216641
6571.057546036271,0.5,tribonacci,0.0324352143962668,0.9999997575183165
6724.42742348425,0.5,tribonacci,0.033941637218113045,0.9999997503255698
6881.376986415663,0.5,tribonacci,0.042522580890037374,0.9999997452992456
7041.989785449288,0.5,tribonacci,0.03638940807918186,0.9999997378545824
7206.351321293052,0.5,tribonacci,0.035462294730902066,0.9999997274562744
7374.549090259547,0.5,tribonacci,0.051730405847074425,0.9999997216108094
7546.6726308438865,0.5,tribonacci,0.03659367086999457,0.9999997152140211
7722.813571388642,0.5,tribonacci,0.04148309626873726,0.9999997111316351
7903.065678861348,0.5,tribonacci,0.044937865721478426,0.9999997035513002
8087.524908770449,0.5,tribonacci,0.03611756777091196,0.9999996976490065
8276.289456246344,0.5,tribonacci,0.03151281827940784,0.9999996910953675
8469.459808314585,0.5,tribonacci,0.02751662251870429,0.999999683466533
8667.138797389232,0.5,tribonacci,0.044717456855914266,0.9999996722494173
8869.431656014704,0.5,tribonacci,0.02804453071630206,0.9999996633860206
9076.446072885356,0.5,tribonacci,0.028267649354201826,0.9999996581576936
9288.292250172499,0.5,tribonacci,0.03258148061346266,0.9999996469985649
9505.082962189503,0.5,tribonacci,0.03462071771905196,0.9999996440926994
9726.93361542617,0.5,tribonacci,0.03721228175910748,0.9999996356952532
9953.962309984234,0.5,tribonacci,0.03726931450156296,0.9999996248921896
10186.289902446864,0.5,tribonacci,0.03302218756603057,0.9999996179443285
10424.040070215558,0.5,tribonacci,0.028410653709345705,0.9999996079772093
10667.339377348571,0.5,tribonacci,0.03058443625922813,0.9999995992523405
10916.317341936148,0.5,tribonacci,0.030589706217914413,0.9999995906557908
11171.106505048241,0.5,tribonacci,0.028805734703202177,0.9999995807093875
11431.842501291503,0.5,tribonacci,0.02306043114909055,0.9999995666147338
11698.664131013058,0.5,tribonacci,0.02802896905794119,0.9999995594682919
11971.713434189656,0.5,tribonacci,0.024407437242539198,0.9999995506557188
12251.135766041178,0.5,tribonacci,0.021016215562848342,0.9999995402346108
12537.079874409197,0.5,tribonacci,0.02596147351233967,0.999999528717746
12829.697978941475,0.5,tribonacci,0.03046602255727649,0.9999995157110576
13129.145852124653,0.5,tribonacci,0.02807322599006514,0.9999995080417003
13435.582902208263,0.5,tribonacci,0.025335079183932924,0.9999994943184995
13749.172258064205,0.5,tribonacci,0.022080710246778854,0.9999994792149944
14070.080856026836,0.5,tribonacci,0.01840645148034677,0.9999994697556308
14398.479528760066,0.5,tribonacci,0.02009840903469945,0.9999994588886472
14734.543096198344,0.5,tribonacci,0.020477638554962613,0.9999994432095622
15078.45045861051,0.5,tribonacci,0.01935100098132699,0.9999994325274285
15430.384691835645,0.5,tribonacci,0.019332461860028023,0.9999994187640542
15790.533144741757,0.5,tribonacci,0.023553023323842622,0.9999994086694738
16159.087538959191,0.5,tribonacci,0.022653453781549378,0.9999993922372781
16536.244070941786,0.5,tribonacci,0.017335112539193526,0.9999993796511136
16922.203516410354,0.5,tribonacci,0.02236321654487732,0.9999993654988415
17317.17133723353,0.5,tribonacci,0.023979608650243702,0.9999993499449645
17721.357790803584,0.5,tribonacci,0.02417891858711097,0.9999993334681199
18134.978041964954,0.5,tribonacci,0.018465546604689513,0.9999993199162661
18558.252277555188,0.5,tribonacci,0.01789490060949095,0.9999993051852143
18991.405823619356,0.5,tribonacci,0.01762914290364611,0.9999992924786372
19434.669265360182,0.5,tribonacci,0.021471350263589654,0.9999992763599772
19888.278569888076,0.5,tribonacci,0.017862532100238408,0.9999992601715648
20352.475211835757,0.5,tribonacci,0.017776707833793138,0.9999992454327081
20827.50630190514,0.5,tribonacci,0.023726422160046615,0.9999992271916566
21313.624718414376,0.5,tribonacci,0.015236048182234929,0.9999992099514493
21811.0892419152,0.5,tribonacci,0.020760926124447843,0.999999192871149
22320.164692952345,0.5,tribonacci,0.013847839662829424,0.9999991747119665
22841.122073038256,0.5,tribonacci,0.016062499343318017,0.9999991574375953
23374.238708918125,0.5,tribonacci,0.013729549973810281,0.9999991401364957
23919.798400202373,0.5,tribonacci,0.016498701322604285,0.9999991200134736
24478.0915704444,0.5,tribonacci,0.015688047125239513,0.9999991008357554
25049.415421745023,0.5,tribonacci,0.015855760137090728,0.9999990815091905
25634.07409296515,0.5,tribonacci,0.013543506875176,0.9999990611103127
26232.378821631235,0.5,tribonacci,0.015842172422237403,0.9999990417051072
26844.64810961965,0.5,tribonacci,0.012078349179604604,0.9999990197825646
27471.207892708087,0.5,tribonacci,0.013235063952714576,0.9999989950708105
28112.391714084613,0.5,tribonacci,0.013920886512987698,0.9999989776338751
28768.54090190591,0.5,tribonacci,0.013553989982369619,0.9999989537960332
29440.00475100034,0.5,tribonacci,0.012286970431292479,0.9999989319497473
30127.140708811643,0.5,tribonacci,0.0133952627845179,0.9999989091877093
30830.31456568277,0.5,tribonacci,0.017367214600226433,0.9999988868238674
31549.900649580886,0.5,tribonacci,0.01473643667000393,0.9999988638988032
32286.28202536727,0.5,tribonacci,0.01499602166653747,0.9999988417373809
33039.85069871855,0.5,tribonacci,0.011210383303531291,0.9999988187298244
33811.00782480682,0.5,tribonacci,0.015126413060200536,0.9999987952706979
34600.16392185109,0.5,tribonacci,0.012081559516837906,0.9999987695553056
35407.7390896527,0.5,tribonacci,0.012577020688574908,0.9999987492326098
36234.1632332315,0.5,tribonacci,0.012515874890714538,0.9999987215706576
37079.87629168172,0.5,tribonacci,0.013270659313523664,0.9999986961051551
37945.32847236942,0.5,tribonacci,0.012721375176936535,0.9999986685074129
38830.98049059601,0.5,tribonacci,0.014406103789129229,0.9999986432888401
39737.303814856044,0.5,tribonacci,0.010781129099325697,0.9999986148805847
40664.78091781854,0.5,tribonacci,0.01012980681038707,0.9999985882927742
41613.90553316707,0.5,tribonacci,0.010040821193250105,0.9999985618596131
42585.18291843415,0.5,tribonacci,0.009208779315199566,0.9999985302733847
43579.130123970295,0.5,tribonacci,0.01137130181962641,0.999998500788255
44596.27626819095,0.5,tribonacci,0.010676591869686346,0.9999984713728552
45637.16281924754,0.5,tribonacci,0.008729432356236628,0.9999984391338532
46702.34388327331,0.5,tribonacci,0.009593316385022737,0.9999984093700292
47792.38649935595,0.5,tribonacci,0.00876670973982375,0.9999983779225472
48907.8709413959,0.5,tribonacci,0.010179368105285054,0.9999983467785776
50049.39102700954,0.5,tribonacci,0.008498147257689059,0.9999983146826352
51217.554433642414,0.5,tribonacci,0.01115400013425491,0.999998284108092
52412.983022060616,0.5,tribonacci,0.010438300179880728,0.9999982496727025
53636.31316739234,0.5,tribonacci,0.01055406854647089,0.9999982136679917
54888.19609789666,0.5,tribonacci,0.008986411734968846,0.9999981788440457
56169.29824163804,0.5,tribonacci,0.009319472759894285,0.9999981449501287
57480.30158125351,0.5,tribonacci,0.008995003758574703,0.9999981084972025
58821.90401699956,0.5,tribonacci,0.008257783312369125,0.9999980700681992
60194.819738272745,0.5,tribonacci,0.008435984725420571,0.999998034684617
61599.77960380169,0.5,tribonacci,0.008485116146044412,0.9999979968581654
63037.53153071282,0.5,tribonacci,0.007683062779190547,0.9999979590674386
64508.84089267686,0.5,tribonacci,0.007861759926816933,0.9999979201703234
66014.49092734883,0.5,tribonacci,0.007440745649836691,0.9999978804943196
67555.2831533164,0.5,tribonacci,0.008315890490571324,0.999997837301496
69132.03779678128,0.5,tribonacci,0.0063110500826958705,0.9999977934713459
70745.59422819878,0.5,tribonacci,0.006356249030523967,0.9999977538029666
72396.81140910876,0.5,tribonacci,0.0062069758689365295,0.9999977143669219
74086.56834939567,0.5,tribonacci,0.005874550834551227,0.9999976721166703
75815.76457522102,0.5,tribonacci,0.00652922748928469,0.9999976306926397
77585.32060787828,0.5,tribonacci,0.005384728442403672,0.999997588030637
79396.17845382275,0.5,tribonacci,0.005016411817897012,0.999997544059442
81249.30210614047,0.5,tribonacci,0.006687500706013823,0.9999974974919195
83145.67805772064,0.5,tribonacci,0.004873076492493752,0.9999974526324558
85086.31582640581,0.5,tribonacci,0.005447463681640391,0.9999974023547482
87072.24849239922,0.5,tribonacci,0.004966588757590517,0.9999973514628229
89104.53324821504,0.5,tribonacci,0.005244627469299065,0.9999973015803889
91184.25196146562,0.5,tribonacci,0.004920585824578706,0.9999972490819864
93312.5117507824,0.5,tribonacci,0.005718863479323744,0.9999972019666998
95490.44557518078,0.5,tribonacci,0.005026718154743105,0.9999971512766604
97719.21283717996,0.5,tribonacci,0.004371638491009934,0.9999970965152535
100000.0,0.5,tribonacci,0.004335026214866199,0.9999970410931572
0.0,1.0,tribonacci,0.0483982089007412,1.0
1.0,1.0,tribonacci,0.04837975665876421,1.0000000000007516
1.023340212191642,1.0,tribonacci,0.0483781058082286,0.9999999999960104
1.0472251898884348,1.0,tribonacci,0.04837631401348762,0.9999999999912269
1.0716676480328635,1.0,tribonacci,0.048374370204826676,0.9999999999873234
1.0966805983368684,1.0,tribonacci,0.04837226258073574,0.999999999985332
1.1222773562085078,1.0,tribonacci,0.048369978579367236,0.9999999999861235
1.1484715478402894,1.0,tribonacci,0.04836750485189541,0.999999999989941
1.1752771174629453,1.0,tribonacci,0.04836482723832854,0.9999999999956632
1.2027083347685117,1.0,tribonacci,0.048361930746368936,0.999999999999716
1.2307798025066652,1.0,tribonacci,0.048358799540438646,1.0000000000000928
1.259506464258358,1.0,tribonacci,0.04835541693803441,1.0000000000003422
1.2889036123908928,1.0,tribonacci,0.04835176539502175,1.0000000000000424
1.3189868961986702,1.0,tribonacci,0.04834782651513014,0.9999999999996146
1.3497723302339424,1.0,tribonacci,0.04834358106380823,0.9999999999998338
1.3812763028320096,1.0,tribonacci,0.04833900899265339,1.0000000000013256
1.4135155848353955,1.0,tribonacci,0.04833408947613253,1.0000000000041933
1.4465073385216465,1.0,tribonacci,0.04832880096235321,1.0000000000078373
1.4802691267395092,1.0,tribonacci,0.048323121239763074,1.000000000011011
1.514818922258346,1.0,tribonacci,0.04831702752175646,1.0000000000121358
1.55017511733577,1.0,tribonacci,0.048310496551245634,1.0000000000098452
1.5863565335085905,1.0,tribonacci,0.0483035047272928,1.0000000000036653
1.6233824316122787,1.0,tribonacci,0.04829602825588918,0.9999999999946515
1.661272522034293,1.0,tribonacci,0.04828804332688911,0.9999999999856751
1.7000469752067175,1.0,tribonacci,0.048279526318932675,0.9999999999809293
1.7397264323438015,1.0,tribonacci,0.04827045403390129,0.9999999999840571
1.780332016430114,1.0,tribonacci,0.04826080396199626,0.9999999999941676
1.8218853434651667,1.0,tribonacci,0.04825055457834894,0.9999999999996861
1.8644085339704863,1.0,tribonacci,0.04823968569354983,1.0000000000003708
1.9079242247652657,1.0,tribonacci,0.04822817882645518,0.9999999999997641
1.9524555810168611,1.0,tribonacci,0.04821601760346073,0.9999999999994328
1.9980263085725503,1.0,tribonacci,0.04820318820980201,1.0000000000019997
2.0446606665791167,1.0,tribonacci,0.04818967987335012,1.0000000000079068
2.0923834803969776,1.0,tribonacci,0.04817548538172724,1.0000000000142766
2.1412201548157292,1.0,tribonacci,0.048160601630286966,1.0000000000160734
2.1911966875781492,1.0,tribonacci,0.04814503019764943,1.000000000009178
2.242339683219846,1.0,tribonacci,0.04812877794456662,0.9999999999941928
2.2946763672319364,1.0,tribonacci,0.04811185763092799,0.9999999999787922
2.3482346005542762,1.0,tribonacci,0.04809428854468824,0.9999999999753697
2.4030428944069686,1.0,tribonacci,0.048076097135385944,0.9999999999897995
2.459130425468045,1.0,tribonacci,0.04805731764258064,0.9999999999995743
2.5165270514053915,1.0,tribonacci,0.0480379926862279,1.0000000000001525
2.575263326771201,1.0,tribonacci,0.04801817384605098,0.9999999999989795
2.6353705192673944,1.0,tribonacci,0.04799792218821527,1.000000000002489
2.6968806263906933,1.0,tribonacci,0.04797730875838258,1.0000000000124036
2.7598263924661803,1.0,tribonacci,0.04795641500319343,1.0000000000201377
2.824241326078435,1.0,tribonacci,0.04793533310115593,1.0000000000135774
2.8901597179095098,1.0,tribonacci,0.0479141661998537,0.9999999999908599
2.957616658993254,1.0,tribonacci,0.04789302856571055,0.9999999999699869
3.0266480593956917,1.0,tribonacci,0.047872045665200466,0.9999999999777451
3.097290667331409,1.0,tribonacci,0.0478513542123431,0.9999999999989964
3.169582088726116,1.0,tribonacci,0.04783110204152735,0.9999999999996093
3.2435608072358115,1.0,tribonacci,0.04781144782694064,0.99999999999902
3.319266204733189,1.0,tribonacci,0.04779256093960901,1.000000000006781
3.396738582272208,1.0,tribonacci,0.04777462120636602,1.0000000000168825
3.4760191815419783,1.0,tribonacci,0.04775781864839625,1.000000000009428
3.557150206821386,1.0,tribonacci,0.047742353188244276,0.9999999999826256
3.6401748474461404,1.0,tribonacci,0.04772843440762945,0.9999999999725885
3.7251373008002115,1.0,tribonacci,0.047716281480514,0.9999999999980674
3.8120827958438888,1.0,tribonacci,0.04770612317406623,0.9999999999992337
3.9010576171909923,1.0,tribonacci,0.047698197369767104,0.9999999999996452
3.9921091297480515,1.0,tribonacci,0.04769275095511542,1.0000000000112974
4.085285803928563,1.0,tribonacci,0.04769003925055322,1.0000000000139064
4.1806372414557575,1.0,tribonacci,0.04769032483940161,0.9999999999871726
4.278214201767616,1.0,tribonacci,0.04769387547645305,0.9999999999734979
4.378068629038169,1.0,tribonacci,0.04770096092495559,0.9999999999984341
4.480253679829491,1.0,tribonacci,0.04771184805846267,0.9999999999982835
4.584823751389096,1.0,tribonacci,0.04772679317431927,1.0000000000055227
4.691834510607798,1.0,tribonacci,0.04774603189499784,1.0000000000211817
4.801342923653452,1.0,tribonacci,0.04776976538731543,0.9999999999955397
4.913407286296363,1.0,tribonacci,0.04779814258162062,0.9999999999651469
5.028087254942479,1.0,tribonacci,0.04783123833680285,0.9999999999979896
5.145443878390927,1.0,tribonacci,0.047869027701361776,0.9999999999975793
5.265539630332757,1.0,tribonacci,0.04791135622831025,1.0000000000131066
5.388438442608224,1.0,tribonacci,0.04795790821750411,1.0000000000268277
5.5142057392403006,1.0,tribonacci,0.04800817416485115,0.9999999999696001
5.6429084712625395,1.0,tribonacci,0.048061420227365516,0.9999999999754992
5.7746151523598215,1.0,tribonacci,0.04811666260325751,0.9999999999977852
5.909395895340971,1.0,tribonacci,0.04817265123701801,1.0000000000035478
6.047322449462647,1.0,tribonacci,0.04822786701989249,1.0000000000100646
6.188468238624385,1.0,tribonacci,0.048280537082015615,0.9999999999745002
6.332908400455114,1.0,tribonacci,0.048328672972048674,0.9999999999973216
6.48071982631197,1.0,tribonacci,0.048370134150793116,0.9999999999983519
6.631981202212672,1.0,tribonacci,0.04840272029801193,1.0000000000087022
6.786773050723297,1.0,tribonacci,0.048424290418884436,0.9999999999794994
6.945177773823696,1.0,tribonacci,0.048432906607718165,0.9999999999976159
7.107279696773417,1.0,tribonacci,0.04842699387610106,1.0000000000012739
7.273165113001458,1.0,tribonacci,0.048405506993582016,1.0000000000110165
7.44292233004376,1.0,tribonacci,0.04836808863172589,0.9999999999695162
7.616641716552892,1.0,tribonacci,0.04831520369896044,0.9999999999972543
7.794415750404949,1.0,tribonacci,0.0482482314603171,1.000000000010451
7.976339067929277,1.0,tribonacci,0.04816950229287739,0.9999999999891612
8.162508514287229,1.0,tribonacci,0.04808226693864423,0.9999999999941704
8.353023195026777,1.0,tribonacci,0.04799059574632993,0.9999999999979291
8.54798452884041,1.0,tribonacci,0.04789921308908652,1.0000000000054097
8.747496301554417,1.0,tribonacci,0.04781328135388876,0.9999999999837247
8.951664721378302,1.0,tribonacci,0.047738155005211495,0.9999999999963639
9.160598475443708,1.0,tribonacci,0.04767912716018326,1.0000000000047014
9.374408787662995,1.0,tribonacci,0.04764118244481297,0.999999999988414
9.593209477938244,1.0,tribonacci,0.04762875539033639,0.9999999999981379
9.817117022752193,1.0,tribonacci,0.047645473022882634,0.9999999999958638
10.046250617173408,1.0,tribonacci,0.047693840984988904,0.9999999999955372
10.280732238308651,1.0,tribonacci,0.04777483276402438,1.000000000007402
10.520686710236228,1.0,tribonacci,0.047887364970150045,0.9999999999709078
10.766241770454933,1.0,tribonacci,0.0480276978307342,0.9999999999951787
11.017528137883868,1.0,tribonacci,0.048188879339099634,1.0000000000110743
11.274679582449467,1.0,tribonacci,0.04836042559816209,0.9999999999921744
11.537832996296608,1.0,tribonacci,0.048528474496814446,1.0000000000044
11.807128466661897,1.0,tribonacci,0.04867662363995664,0.9999999999777348
12.082709350447766,1.0,tribonacci,0.04878755691761164,0.9999999999985348
12.36472235053715,1.0,tribonacci,0.04884537389455891,0.9999999999765544
12.65331759388943,1.0,tribonacci,0.048838304718806014,0.9999999999969071
12.948648711459043,1.0,tribonacci,0.04876127323731292,0.9999999999721629
13.250872919979532,1.0,tribonacci,0.04861766666109672,0.9999999999953065
13.560151105656333,1.0,tribonacci,0.048419748850845434,0.9999999999713571
13.876647909813085,1.0,tribonacci,0.048187467331018724,0.9999999999953576
14.200531816536824,1.0,tribonacci,0.04794586114774181,0.9999999999708723
14.531975242368961,1.0,tribonacci,0.04772169851369947,0.9999999999998077
14.871154628089537,1.0,tribonacci,0.047540109650492504,0.9999999999837061
15.218250532643863,1.0,tribonacci,0.04742170445652656,1.000000000009795
15.573447729261343,1.0,tribonacci,0.047380137840534194,0.9999999999940242
15.936935303817744,1.0,tribonacci,0.04741974211581351,0.9999999999946073
16.308906755493325,1.0,tribonacci,0.047533163675967854,0.9999999999931625
16.68956009978024,1.0,tribonacci,0.04769990849926751,0.9999999999745893
17.079097973894278,1.0,tribonacci,0.04788762547068828,1.0000000000043145
17.47772774464681,1.0,tribonacci,0.048057764765626676,0.9999999999922288
17.885661618834618,1.0,tribonacci,0.04817543209216504,0.9999999999796116
18.30311675620612,1.0,tribonacci,0.048220554710843175,1.0000000000041058
18.730315385064376,1.0,tribonacci,0.048195634275813165,0.9999999999939917
19.16748492056815,1.0,tribonacci,0.04812598734621871,0.9999999999918076
19.614858085794303,1.0,tribonacci,0.048051641009189294,0.9999999999753146
20.072673035625694,1.0,tribonacci,0.04801409338555383,1.0000000000001232
20.541173483530642,1.0,tribonacci,0.04804290012388258,0.9999999999985768
21.020608831301583,1.0,tribonacci,0.04814517418826708,0.9999999999912657
21.511234301821663,1.0,tribonacci,0.04829866115903214,0.9999999999861174
22.013311074930314,1.0,tribonacci,0.04845074716805204,0.9999999999700582
22.527106426459802,1.0,tribonacci,0.04852994906196786,0.9999999999874312
23.052893870517085,1.0,tribonacci,0.04847394752600993,1.0000000000016986
23.59095330508635,1.0,tribonacci,0.048264795583613226,1.0000000000055207
24.14157116103019,1.0,tribonacci,0.047948947742388975,0.9999999999990312
24.705040554568253,1.0,tribonacci,0.047624500103007096,0.9999999999939799
25.28166144331499,1.0,tribonacci,0.0474011413087801,0.9999999999930794
25.871740785959226,1.0,tribonacci,0.047356272984313226,0.9999999999939453
26.475592705670667,1.0,tribonacci,0.0475038479532095,0.9999999999936495
27.093538657320515,1.0,tribonacci,0.04777944632223792,0.9999999999939846
27.725907598604824,1.0,tribonacci,0.04805419876364847,0.999999999998559
28.37303616516213,1.0,tribonacci,0.048195633054046685,1.0000000000042173
29.035268849778138,1.0,tribonacci,0.04815223552169327,0.9999999999977719
29.712958185773342,1.0,tribonacci,0.04799129057742476,0.999999999974632
30.40646493467067,1.0,tribonacci,0.04784988351093388,0.9999999999751323
31.116158278243613,1.0,tribonacci,0.04783999849315448,0.9999999999882246
31.84241601504653,1.0,tribonacci,0.04797306205062246,0.9999999999905343
32.585624761532245,1.0,tribonacci,0.04813823114663463,0.9999999999994693
33.34618015786364,1.0,tribonacci,0.048165061589735596,0.9999999999667266
34.124487078528894,1.0,tribonacci,0.04796461250695681,0.9999999999866751
34.920959847872716,1.0,tribonacci,0.047629424741817944,0.999999999999875
35.736022460657864,1.0,tribonacci,0.04737449441472204,0.9999999999682097
36.570108807774915,1.0,tribonacci,0.047371549077942464,0.9999999999870542
37.42366290721981,1.0,tribonacci,0.04761045603130136,0.9999999999757802
38.29713914046281,1.0,tribonacci,0.04787871549420176,0.9999999999850999
39.19100249433404,1.0,tribonacci,0.04792586534039,0.9999999999819043
40.10572880855496,1.0,tribonacci,0.04771396721426572,0.9999999999843042
41.04180502904709,1.0,tribonacci,0.047462479336964784,0.9999999999649318
41.99972946715304,1.0,tribonacci,0.04741808323107663,0.9999999999935573
42.98001206490796,1.0,tribonacci,0.047607233328135795,0.999999999984148
43.98317466650224,1.0,tribonacci,0.0477980454065659,0.9999999999672702
45.009751296080466,1.0,tribonacci,0.047741005781513704,0.9999999999963362
46.060288442024,1.0,tribonacci,0.047479879971488365,0.9999999999837261
47.13534534786909,1.0,tribonacci,0.047287833458536925,0.9999999999828196
48.23549431001467,1.0,tribonacci,0.047280837103017115,0.999999999977873
49.36132098237917,1.0,tribonacci,0.04727187198187822,0.9999999999600343
50.51342468816764,1.0,tribonacci,0.04710291855311437,0.9999999999625538
51.69241873891598,1.0,tribonacci,0.047022567407822055,0.9999999999587219
52.89893076098151,1.0,tribonacci,0.04737260278742317,0.99999999996272
54.133603029653784,1.0,tribonacci,0.047861537788685585,0.9999999999714594
55.397092811064034,1.0,tribonacci,0.047673633283870864,0.9999999999801494
56.69007271207434,1.0,tribonacci,0.0467799866265872,0.9999999999796861
58.013231038333785,1.0,tribonacci,0.04640470131039915,0.9999999999909399
59.36727216069123,1.0,tribonacci,0.04711255817296905,0.9999999999600573
60.75291689016074,1.0,tribonacci,0.047617480737377114,0.9999999999783477
62.17090286163827,1.0,tribonacci,0.046869829276200745,0.999999999992805
63.62198492657489,1.0,tribonacci,0.046545728709326044,0.9999999999602722
65.10693555481458,1.0,tribonacci,0.047597882780334846,0.9999999999824686
66.6265452458115,1.0,tribonacci,0.04774605025197902,0.9999999999624777
68.18162294944479,1.0,tribonacci,0.046242417802432205,0.999999999987359
69.77299649665534,1.0,tribonacci,0.04630484645928056,0.9999999999748204
71.40151304013399,1.0,tribonacci,0.047798562950370646,0.999999999953485
73.06803950529499,1.0,tribonacci,0.04724946549833863,0.9999999999844719
74.77346305177588,1.0,tribonacci,0.04643273458880864,0.9999999999854593
76.51869154570822,1.0,tribonacci,0.047488409779805806,0.9999999999772217
78.30465404301187,1.0,tribonacci,0.04741038915304725,0.9999999999764762
80.13230128396887,1.0,tribonacci,0.04656613540796993,0.9999999999797787
82.0026061993413,1.0,tribonacci,0.04729787683447021,0.9999999999820222
83.91656442830157,1.0,tribonacci,0.047358012418055886,0.999999999965196
85.8751948484517,1.0,tribonacci,0.04714748959815282,0.9999999999665199
87.8795401182132,1.0,tribonacci,0.04774819723176726,0.9999999999712696
89.93066723187619,1.0,tribonacci,0.0473226904007012,0.9999999999539305
92.02966808760415,1.0,tribonacci,0.04707830825669732,0.9999999999678858
94.17766006869519,1.0,tribonacci,0.04770932772449361,0.9999999999433337
96.37578663841089,1.0,tribonacci,0.04770599215673938,0.9999999999799107
98.62521794868779,1.0,tribonacci,0.04775500066418836,0.99999999996634
100.92715146305709,1.0,tribonacci,0.04765663747963019,0.9999999999641692
103.28281259410285,1.0,tribonacci,0.04718316339952948,0.9999999999633161
105.69345535579883,1.0,tribonacci,0.04836455780495716,0.9999999999626766
108.16036303107094,1.0,tribonacci,0.04747676030886438,0.9999999999616533
110.6848488549412,1.0,tribonacci,0.04777882564318062,0.9999999999742756
113.26825671361537,1.0,tribonacci,0.04745423569501529,0.9999999999422231
115.91196185988856,1.0,tribonacci,0.047713682676464544,0.9999999999631569
118.6173716452478,1.0,tribonacci,0.047504700624618014,0.999999999946046
121.38592626906276,1.0,tribonacci,0.047491125194883424,0.9999999999650314
124.21909954526174,1.0,tribonacci,0.04703709415968906,0.9999999999640135
127.11839968690288,1.0,tribonacci,0.04730598411422027,0.9999999999579794
130.08537010905707,1.0,tribonacci,0.04694688762718948,0.9999999999598579
133.12159025043076,1.0,tribonacci,0.046918310235831616,0.9999999999675231
136.22867641416468,1.0,tribonacci,0.04637825500579547,0.9999999999396348
139.40828262825772,1.0,tribonacci,0.046835345069628734,0.9999999999518535
142.66210152607368,1.0,tribonacci,0.0462191841505142,0.999999999957978
145.99186524739787,1.0,tribonacci,0.04607203889147857,0.9999999999491933
149.39934636052578,1.0,tribonacci,0.04633123431752334,0.9999999999479987
152.88635880587296,1.0,tribonacci,0.04588302608299173,0.9999999999350478
156.45475886160958,1.0,tribonacci,0.045781307800676775,0.9999999999370384
160.10644613183177,1.0,tribonacci,0.04622832747084989,0.9999999999450592
163.84336455779848,1.0,tribonacci,0.04587132596644452,0.9999999999541529
167.66750345276992,1.0,tribonacci,0.0454786171967943,0.9999999999195801
171.58089856100048,1.0,tribonacci,0.046573615722036915,0.9999999999507716
175.5856331414469,1.0,tribonacci,0.04604119789118664,0.999999999939883
179.68383907677193,1.0,tribonacci,0.04586249481284469,0.9999999999344356
183.8776980082327,1.0,tribonacci,0.04629597082729251,0.9999999999364051
188.16944249705557,1.0,tribonacci,0.04632179998978419,0.9999999999351773
192.56135721291986,1.0,tribonacci,0.04630906547746274,0.9999999999389094
197.05578015017983,1.0,tribonacci,0.04633346297707775,0.9999999999318305
201.65510387247465,1.0,tribonacci,0.04612829790611987,0.9999999999275666
206.36177678638586,1.0,tribonacci,0.04618426180951563,0.9999999999145245
211.17830444482442,1.0,tribonacci,0.04612614877936286,0.9999999999263123
216.10725088083765,1.0,tribonacci,0.04630618127941649,0.9999999999263346
221.15123997254886,1.0,tribonacci,0.04606873158142108,0.9999999999065632
226.31295683995296,1.0,tribonacci,0.04607095292860347,0.9999999999360889
231.59514927431522,1.0,tribonacci,0.045985580771974864,0.9999999999263426
237.0006292009328,1.0,tribonacci,0.045973270979858205,0.9999999999320152
242.5322741760353,1.0,tribonacci,0.0458084450098571,0.9999999999004268
248.19302891862552,1.0,tribonacci,0.045871482779192584,0.9999999999152693
253.9859068780724,1.0,tribonacci,0.045774576166419764,0.9999999999132532
259.91399183829327,1.0,tribonacci,0.04580465387123738,0.9999999999115587
265.98043955937584,1.0,tribonacci,0.04560863159398847,0.9999999999098953
272.18847945751793,1.0,tribonacci,0.04584246634027492,0.9999999998958742
278.5414163241766,1.0,tribonacci,0.045570376290012704,0.9999999999192718
285.0426320853435,1.0,tribonacci,0.04541392763667172,0.9999999999174117
291.6955876018796,1.0,tribonacci,0.04554016385064005,0.9999999998841539
298.50382451187295,1.0,tribonacci,0.0455548300004911,0.9999999999127303
305.4709671159968,1.0,tribonacci,0.04593900997361906,0.9999999999111732
312.60072430687035,1.0,tribonacci,0.046054039312506075,0.9999999998923683
319.89689154345376,1.0,tribonacci,0.045411355942850326,0.9999999998918594
327.3633528715244,1.0,tribonacci,0.045963571969344495,0.9999999998895317
335.0040829913133,1.0,tribonacci,0.046039635771886786,0.9999999999022177
342.8231493733971,1.0,tribonacci,0.045315370550728304,0.9999999998922838
350.82471442397923,1.0,tribonacci,0.04603029291365407,0.9999999998800662
359.01303770070683,1.0,tribonacci,0.045568594833284785,0.9999999998860676
367.39247818020743,1.0,tribonacci,0.04599220484986085,0.9999999998437475
375.96749657854673,1.0,tribonacci,0.045842921017235444,0.9999999998628195
384.74265772585017,1.0,tribonacci,0.04573545594158706,0.9999999998211604
393.72263299634795,1.0,tribonacci,0.045876403402751446,0.99999999989204
402.91220279513476,1.0,tribonacci,0.04598879886959119,0.9999999998536854
412.3162591029752,1.0,tribonacci,0.047045063428711204,0.9999999997433144
421.9398080805024,1.0,tribonacci,0.04604623977706922,0.9999999996655994
431.78797273320214,1.0,tribonacci,0.04308609524378,0.9999999986951846
441.86599563859414,1.0,tribonacci,0.04177345487266388,0.9999999993948832
452.1792417370702,1.0,tribonacci,0.04771921377781768,0.9999999964656803
462.7332011878689,1.0,tribonacci,0.055755275390333287,0.9999999984332579
473.53349229171164,1.0,tribonacci,0.04696652617706996,0.9999999970255449
484.58586448164954,1.0,tribonacci,0.04767232135390266,0.999999998233591
495.8962013837212,1.0,tribonacci,0.05437851700804146,0.9999999964531113
507.4705239490466,1.0,tribonacci,0.04234169786172557,0.9999999959702556
519.3149936590212,1.0,tribonacci,0.03938449741374916,0.9999999957287848
531.4359158053242,1.0,tribonacci,0.0407471107751317,0.9999999947483313
543.8397428464796,1.0,tribonacci,0.039109784549911236,0.9999999942779364
556.5330778427646,1.0,tribonacci,0.04376621406835947,0.999999994998345
569.5226779712825,1.0,tribonacci,0.047593422557648195,0.999999993751542
582.8154581230846,1.0,tribonacci,0.048658556881936654,0.9999999934878346
596.418494584246,1.0,tribonacci,0.04543223234062343,0.9999999933941978
610.3390288028621,1.0,tribonacci,0.04638400639847313,0.9999999931117756
624.5844712439617,1.0,tribonacci,0.0458241910497821,0.9999999925343341
639.1624053343999,1.0,tribonacci,0.0527955643347257,0.9999999933418398
654.0805914998252,1.0,tribonacci,0.039387664285729686,0.9999999932987494
669.3469712958661,1.0,tribonacci,0.053733959450501106,0.9999999916898619
684.9696716357447,1.0,tribonacci,0.0390173131243073,0.9999999910202044
700.9570091165617,1.0,tribonacci,0.03954913992472341,0.9999999894235222
717.3174944465612,1.0,tribonacci,0.042659322409567074,0.9999999885430721
734.0598369757212,1.0,tribonacci,0.041976250629898335,0.9999999883998101
751.1929493320969,1.0,tribonacci,0.040049917478134224,0.9999999875594442
768.7259521663727,1.0,tribonacci,0.045258582720293976,0.9999999867395027
786.6681790071582,1.0,tribonacci,0.04394974876607228,0.9999999859100959
805.0291812295981,1.0,tribonacci,0.04641581957270265,0.9999999849354589
823.8187331399602,1.0,tribonacci,0.05396503686818417,0.9999999832015555
843.0468371788967,1.0,tribonacci,0.047001210965882126,0.9999999854693926
862.723729246145,1.0,tribonacci,0.04155573532221654,0.9999999821133048
882.859884149515,1.0,tribonacci,0.04778735019115871,0.9999999821015061
903.4660211810525,1.0,tribonacci,0.04137645522623645,0.9999999801326984
924.5531098233571,1.0,tribonacci,0.05021622498624134,0.9999999800809919
946.1323755890769,1.0,tribonacci,0.0476141523904984,0.9999999792068791
968.2153059967086,1.0,tribonacci,0.04717498766290717,0.9999999795291383
990.8136566858666,1.0,tribonacci,0.038155108024105294,0.999999980165255
1013.9394576752917,1.0,tribonacci,0.050317282758388746,0.9999999778794373
1037.6050197669117,1.0,tribonacci,0.04544105557673417,0.99999997604367
1061.8229410993836,1.0,tribonacci,0.03934238977403051,0.99999997503045
1086.6061138545967,1.0,tribonacci,0.04755769606470378,0.9999999736999658
1111.967731120699,1.0,tribonacci,0.04344918316775971,0.9999999726844009
1137.9212939153151,1.0,tribonacci,0.04114334662214548,0.9999999697631085
1164.4806183726855,1.0,tribonacci,0.04987891614283465,0.9999999707328509
1191.6598430985587,1.0,tribonacci,0.04553995259983587,0.9999999699540769
1219.4734366967382,1.0,tribonacci,0.03718290193384988,0.9999999677076037
1247.9362054713115,1.0,tribonacci,0.037699820352560344,0.9999999667369539
1277.0633013086433,1.0,tribonacci,0.05713284828475893,0.9999999669411334
1306.8702297433463,1.0,tribonacci,0.04122100067383772,0.9999999651125941
1337.3728582124963,1.0,tribonacci,0.050424663441901676,0.9999999644947092
1368.5874245025177,1.0,tribonacci,0.04155684064276197,0.9999999625243168
1400.5305453932197,1.0,tribonacci,0.042247093079014905,0.9999999614146717
1433.2192255035739,1.0,tribonacci,0.037743881984398084,0.9999999595305344
1466.6708663439686,1.0,tribonacci,0.036299731976618795,0.9999999584391543
1500.903275579735,1.0,tribonacci,0.040096226378852365,0.9999999580600617
1535.934676510897,1.0,tribonacci,0.05126779563367027,0.9999999561222624
1571.7837177731628,1.0,tribonacci,0.03313838739106271,0.9999999545947961
1608.4694832653552,1.0,tribonacci,0.05039725975020929,0.9999999538536241
1646.0115023085498,1.0,tribonacci,0.03710107190260113,0.9999999523280269
1684.4297600423151,1.0,tribonacci,0.0422591778769319,0.9999999502374046
1723.7447080636198,1.0,tribonacci,0.03651888594533625,0.9999999466065294
1763.9772753140435,1.0,tribonacci,0.04813884237320261,0.9999999471904899
1805.1488792211082,1.0,tribonacci,0.05209787719290795,0.9999999449591865
1847.281437099634,1.0,tribonacci,0.04859906989016239,0.9999999444114953
1890.3973778192214,1.0,tribonacci,0.036937871035575685,0.9999999398691645
1934.5196537440443,1.0,tribonacci,0.04201952139101421,0.9999999404340554
1979.6717529513326,1.0,tribonacci,0.052308764872304916,0.9999999367455875
2025.877711735017,1.0,tribonacci,0.041635075288078645,0.9999999346409999
2073.162127401229,1.0,tribonacci,0.0390080506131541,0.9999999327557635
2121.5501713624503,1.0,tribonacci,0.03467348174163672,0.9999999317897887
2171.067602537265,1.0,tribonacci,0.041182365239435956,0.9999999279163991
2221.7407810628847,1.0,tribonacci,0.040882551320692365,0.9999999239577704
2273.596682327715,1.0,tribonacci,0.04390805577187353,0.9999999245761819
2326.662911331458,1.0,tribonacci,0.045907092214027966,0.9999999216122705
2380.9677173803584,1.0,tribonacci,0.043287475782141746,0.9999999166705263
2436.540009125466,1.0,tribonacci,0.04075178126503415,0.9999999165224854
2493.409369951878,1.0,tribonacci,0.046209556061102344,0.999999912965899
2551.6060737271837,1.0,tribonacci,0.04578261783561801,0.9999999106047301
2611.1611009174594,1.0,tribonacci,0.044925982503560266,0.9999999063963548
2672.1061550794325,1.0,tribonacci,0.034463067127760386,0.99999990483932
2734.47367973758,1.0,tribonacci,0.035115512868883474,0.9999999001748168
2798.296875655116,1.0,tribonacci,0.03392312103877957,0.9999998996779071
2863.6097185081157,1.0,tribonacci,0.03980206585927701,0.999999892909895
2930.4469769721413,1.0,tribonacci,0.0423922833413073,0.9999998946368689
2998.8442312310276,1.0,tribonacci,0.03661481393519153,0.9999998908031296
3068.837891917642,1.0,tribonacci,0.047210193606853225,0.9999998840729788
3140.465219496752,1.0,tribonacci,0.04709889522899676,0.9999998821598282
3213.7643441002756,1.0,tribonacci,0.0538630610762554,0.9999998797151028
3288.77428582551,1.0,tribonacci,0.046070717573754236,0.9999998761529981
3365.5349755070943,1.0,tribonacci,0.03193547114506398,0.9999998727458516
3444.08727597382,1.0,tribonacci,0.03611986680160161,0.9999998699336659
3524.473003801584,1.0,tribonacci,0.03709631150877169,0.9999998676410775
3606.734951574028,1.0,tribonacci,0.04440665455701646,0.9999998573430127
3690.9169106627783,1.0,tribonacci,0.03505696204349335,0.9999998587450382
3777.0636945393644,1.0,tribonacci,0.03178526504520056,0.9999998561358429
3865.221162631262,1.0,tribonacci,0.031397096010770856,0.9999998502134649
3955.4362447347016,1.0,tribonacci,0.03548198889509473,0.999999848363241
4047.7569659973224,1.0,tribonacci,0.04007103280428698,0.9999998444610491
4142.232472483894,1.0,tribonacci,0.046385523289868356,0.9999998367193847
4238.913057338778,1.0,tribonacci,0.03505187188063912,0.9999998345077892
4337.850187558989,1.0,tribonacci,0.041736619497006994,0.9999998298626193
4439.096531392166,1.0,tribonacci,0.03491151800279326,0.999999826656454
4542.705986374042,1.0,tribonacci,0.044816363491768006,0.9999998205548395
4648.733708020257,1.0,tribonacci,0.036986190106781364,0.9999998161842686
4757.236139187889,1.0,tribonacci,0.028311820985505803,0.9999998118472418
4868.2710401222785,1.0,tribonacci,0.038871636753066506,0.9999998074220832
4981.89751920516,1.0,tribonacci,0.03738996323109775,0.9999998019357162
5098.176064420424,1.0,tribonacci,0.036169833720667594,0.9999997942732837
5217.168575554349,1.0,tribonacci,0.035194113937053795,0.9999997885369438
5338.93839714735,1.0,tribonacci,0.037464184668143996,0.9999997878399578
5463.550352214876,1.0,tribonacci,0.035724191358282156,0.99999978154502
5591.070776755293,1.0,tribonacci,0.03860491335276002,0.9999997779930507
5721.567555063246,1.0,tribonacci,0.030594234040484444,0.9999997732104074
5855.110155867238,1.0,tribonacci,0.035402392081389095,0.9999997649176853
5991.769669310619,1.0,tribonacci,0.029122899943020523,0.9999997609046406
6131.618844795775,1.0,tribonacci,0.04513711361028867,0.99999975232664
6274.732129711574,1.0,tribonacci,0.03389594721253196,0.9999997468943175
6421.185709064758,1.0,tribonacci,0.04165553793441205,0.9999997370128875
6571.057546036271,1.0,tribonacci,0.03196381617873668,0.9999997321887476
6724.42742348425,1.0,tribonacci,0.0320648879090543,0.999999724132255
6881.376986415663,1.0,tribonacci,0.03235043086582628,0.9999997202138585
7041.989785449288,1.0,tribonacci,0.03133747960639372,0.9999997113367664
7206.351321293052,1.0,tribonacci,0.03650200565000555,0.9999997043374963
7374.549090259547,1.0,tribonacci,0.042775066689595555,0.9999996998669011
7546.6726308438865,1.0,tribonacci,0.03685538433349023,0.9999996920308049
7722.813571388642,1.0,tribonacci,0.03231359468049296,0.9999996838542862
7903.065678861348,1.0,tribonacci,0.02603357226514752,0.9999996790601988
8087.524908770449,1.0,tribonacci,0.02881111186168494,0.9999996672154546
8276.289456246344,1.0,tribonacci,0.03234116557353506,0.9999996622849496
8469.459808314585,1.0,tribonacci,0.025962317550925172,0.999999655583903
8667.138797389232,1.0,tribonacci,0.026310261644978124,0.9999996475704256
8869.431656014704,1.0,tribonacci,0.031042857067463233,0.9999996359953799
9076.446072885356,1.0,tribonacci,0.02338257905619948,0.9999996320567148
9288.292250172499,1.0,tribonacci,0.02155564108280911,0.9999996197462915
9505.082962189503,1.0,tribonacci,0.026526450845169133,0.999999612252162
9726.93361542617,1.0,tribonacci,0.026076468670085527,0.9999996060833833
9953.962309984234,1.0,tribonacci,0.024761182376602235,0.9999995956051786
10186.289902446864,1.0,tribonacci,0.02111624334686591,0.9999995849264838
10424.040070215558,1.0,tribonacci,0.024300398421429288,0.9999995780865143
10667.339377348571,1.0,tribonacci,0.020386239101427686,0.9999995694181544
10916.317341936148,1.0,tribonacci,0.017988368321702267,0.9999995590338726
11171.106505048241,1.0,tribonacci,0.02389555688346661,0.9999995530967052
11431.842501291503,1.0,tribonacci,0.015677978801740336,0.9999995408012761
11698.664131013058,1.0,tribonacci,0.016318694759490073,0.9999995331891872
11971.713434189656,1.0,tribonacci,0.02077525212636816,0.9999995247029437
12251.135766041178,1.0,tribonacci,0.014473515172872068,0.9999995122085854
12537.079874409197,1.0,tribonacci,0.011673750102798978,0.9999995008470361
12829.697978941475,1.0,tribonacci,0.012612937011409937,0.9999994935874879
13129.145852124653,1.0,tribonacci,0.01334646229678114,0.9999994825197117
13435.582902208263,1.0,tribonacci,0.012270893639794521,0.9999994730201465
13749.172258064205,1.0,tribonacci,0.0113656468311402,0.9999994624779907
14070.080856026836,1.0,tribonacci,0.010033074179561851,0.9999994513839262
14398.479528760066,1.0,tribonacci,0.01062823562211791,0.9999994418067223
14734.543096198344,1.0,tribonacci,0.00928715521482118,0.9999994310307614
15078.45045861051,1.0,tribonacci,0.011772749971688886,0.9999994213159756
15430.384691835645,1.0,tribonacci,0.009707223707931279,0.9999994111518181
15790.533144741757,1.0,tribonacci,0.010276638698623714,0.9999994008985799
16159.087538959191,1.0,tribonacci,0.009204915114323014,0.9999993886982542
16536.244070941786,1.0,tribonacci,0.00955282668432346,0.9999993755434917
16922.203516410354,1.0,tribonacci,0.008823668800154063,0.9999993650634867
17317.17133723353,1.0,tribonacci,0.00758018172728654,0.9999993539331911
17721.357790803584,1.0,tribonacci,0.006703139399854892,0.9999993406724368
18134.978041964954,1.0,tribonacci,0.007766236913957132,0.9999993308907351
18558.252277555188,1.0,tribonacci,0.006988586274459693,0.9999993183838368
18991.405823619356,1.0,tribonacci,0.009058054084969748,0.9999993063420155
19434.669265360182,1.0,tribonacci,0.00703051802554972,0.9999992935916165
19888.278569888076,1.0,tribonacci,0.00747762805643729,0.9999992793550532
20352.475211835757,1.0,tribonacci,0.006390345953793577,0.9999992654729688
20827.50630190514,1.0,tribonacci,0.006427390168821663,0.9999992545710715
21313.624718414376,1.0,tribonacci,0.006513506760420257,0.9999992414551838
21811.0892419152,1.0,tribonacci,0.006075610987666916,0.9999992303024352
22320.164692952345,1.0,tribonacci,0.005746686352781937,0.9999992176088509
22841.122073038256,1.0,tribonacci,0.006205304529280309,0.9999992067081396
23374.238708918125,1.0,tribonacci,0.004780751738462416,0.9999991938444075
23919.798400202373,1.0,tribonacci,0.005433865198494339,0.9999991820801508
24478.0915704444,1.0,tribonacci,0.004751646721538357,0.9999991683601127
25049.415421745023,1.0,tribonacci,0.00515589098895997,0.9999991531640406
25634.07409296515,1.0,tribonacci,0.0051013295116776125,0.9999991410041695
26232.378821631235,1.0,tribonacci,0.0052485524863306494,0.9999991257922956
26844.64810961965,1.0,tribonacci,0.004545350498881234,0.9999991116331682
27471.207892708087,1.0,tribonacci,0.004272533205595549,0.9999990976714446
28112.391714084613,1.0,tribonacci,0.004748792561236282,0.9999990826356081
28768.54090190591,1.0,tribonacci,0.0042461640096572205,0.9999990679283544
29440.00475100034,1.0,tribonacci,0.004485153066076685,0.9999990543173539
30127.140708811643,1.0,tribonacci,0.003987010803230897,0.9999990393078165
30830.31456568277,1.0,tribonacci,0.003833289661983783,0.9999990255570499
31549.900649580886,1.0,tribonacci,0.0045792733133195405,0.999999012072771
32286.28202536727,1.0,tribonacci,0.00371614284461016,0.9999989945350692
33039.85069871855,1.0,tribonacci,0.003711925186325647,0.9999989797970504
33811.00782480682,1.0,tribonacci,0.003938364611406751,0.9999989635950612
34600.16392185109,1.0,tribonacci,0.0034446793316045203,0.9999989473648229
35407.7390896527,1.0,tribonacci,0.003511247181417507,0.9999989319607614
36234.1632332315,1.0,tribonacci,0.003697475345950483,0.9999989161321953
37079.87629168172,1.0,tribonacci,0.0037916826896271256,0.9999988993159004
37945.32847236942,1.0,tribonacci,0.0036080969067928755,0.9999988806590555
38830.98049059601,1.0,tribonacci,0.0036407479154717992,0.9999988632495355
39737.303814856044,1.0,tribonacci,0.0032412672329192142,0.9999988450617403
40664.78091781854,1.0,tribonacci,0.003176759227152769,0.9999988263081254
41613.90553316707,1.0,tribonacci,0.0032515828986208186,0.9999988084501457
42585.18291843415,1.0,tribonacci,0.003113473436186231,0.9999987890714268
43579.130123970295,1.0,tribonacci,0.003383805612146304,0.9999987687136996
44596.27626819095,1.0,tribonacci,0.0030944490794453596,0.9999987484718362
45637.16281924754,1.0,tribonacci,0.002873907507722097,0.9999987294360346
46702.34388327331,1.0,tribonacci,0.00298207642022167,0.9999987095626324
47792.38649935595,1.0,tribonacci,0.003401842249103549,0.9999986890081576
48907.8709413959,1.0,tribonacci,0.003524921184769086,0.9999986686727764
50049.39102700954,1.0,tribonacci,0.0028146316225260743,0.999998646699634
51217.554433642414,1.0,tribonacci,0.003174120564037866,0.9999986238892838
52412.983022060616,1.0,tribonacci,0.0027427394324677553,0.9999986020451129
53636.31316739234,1.0,tribonacci,0.002629622854396426,0.9999985783244375
54888.19609789666,1.0,tribonacci,0.0026165561259286,0.9999985539752129
56169.29824163804,1.0,tribonacci,0.002524520505851293,0.9999985306881012
57480.30158125351,1.0,tribonacci,0.0024986121075698245,0.9999985092808523
58821.90401699956,1.0,tribonacci,0.0025643155990978223,0.9999984863298294
60194.819738272745,1.0,tribonacci,0.0026149525076058985,0.9999984635465384
61599.77960380169,1.0,tribonacci,0.0026972205475646236,0.9999984403031675
63037.53153071282,1.0,tribonacci,0.0024697810888217554,0.9999984171358814
64508.84089267686,1.0,tribonacci,0.0029167480464194293,0.9999983913228295
66014.49092734883,1.0,tribonacci,0.0021981286563530736,0.9999983663906218
67555.2831533164,1.0,tribonacci,0.0024622548181807364,0.9999983413714776
69132.03779678128,1.0,tribonacci,0.002559229744741893,0.9999983140853042
70745.59422819878,1.0,tribonacci,0.002315499778685627,0.999998285891639
72396.81140910876,1.0,tribonacci,0.0021757365560613148,0.999998256694566
74086.56834939567,1.0,tribonacci,0.0024568115393858456,0.9999982270898088
75815.76457522102,1.0,tribonacci,0.002287783479688276,0.9999981980106153
77585.32060787828,1.0,tribonacci,0.00236874648969956,0.9999981662198821
79396.17845382275,1.0,tribonacci,0.0021309032557794037,0.9999981364431942
81249.30210614047,1.0,tribonacci,0.0023928199618858813,0.9999981050246527
83145.67805772064,1.0,tribonacci,0.002271228733452616,0.9999980737893687
85086.31582640581,1.0,tribonacci,0.0021250046361600762,0.9999980408825168
87072.24849239922,1.0,tribonacci,0.0022746595095471476,0.999998006034785
89104.53324821504,1.0,tribonacci,0.001954534791281456,0.9999979707579026
91184.25196146562,1.0,tribonacci,0.0020324264608229167,0.9999979341680489
93312.5117507824,1.0,tribonacci,0.0022469969209022596,0.999997897015782
95490.44557518078,1.0,tribonacci,0.0019975515158791395,0.9999978585303105
97719.21283717996,1.0,tribonacci,0.0021584146603472287,0.9999978203767591
100000.0,1.0,tribonacci,0.001980908062580151,0.9999977802409084
0.0,1.5,tribonacci,0.0483982089007412,1.0
1.0,1.5,tribonacci,0.048356734381795795,0.9999999999844328
1.023340212191642,1.5,tribonacci,0.04835302681334999,0.9999999999778544
1.0472251898884348,1.5,tribonacci,0.04834900320456637,0.9999999999747009
1.0716676480328635,1.5,tribonacci,0.048344638815741865,0.9999999999764326
1.0966805983368684,1.5,tribonacci,0.04833990728421081,0.9999999999833539
1.1222773562085078,1.5,tribonacci,0.04833478056270117,0.999999999993295
1.1484715478402894,1.5,tribonacci,0.04832922886203016,0.9999999999996564
1.1752771174629453,1.5,tribonacci,0.04832322061219553,1.0000000000002562
1.2027083347685117,1.5,tribonacci,0.0483167224288522,1.0000000000006246
1.2307798025066652,1.5,tribonacci,0.048309699068217374,1.0000000000000655
1.259506464258358,1.5,tribonacci,0.04830211341897548,0.9999999999993516
1.2889036123908928,1.5,tribonacci,0.04829392650180631,0.9999999999998079
1.3189868961986702,1.5,tribonacci,0.048285097487209126,1.0000000000024822
1.3497723302339424,1.5,tribonacci,0.04827558373476949,1.0000000000075278
1.3812763028320096,1.5,tribonacci,0.04826534085728277,1.0000000000138987
1.4135155848353955,1.5,tribonacci,0.04825432281342525,1.0000000000194442
1.4465073385216465,1.5,tribonacci,0.0482424820329217,1.000000000021433
1.4802691267395092,1.5,tribonacci,0.0482297695783792,1.0000000000174787
1.514818922258346,1.5,tribonacci,0.048216135348124314,1.0000000000067075
1.55017511733577,1.5,tribonacci,0.04820152832446587,0.9999999999908752
1.5863565335085905,1.5,tribonacci,0.04818589687177906,0.9999999999749152
1.6233824316122787,1.5,tribonacci,0.048169189088625185,0.9999999999661656
1.661272522034293,1.5,tribonacci,0.04815135321773331,0.9999999999712159
1.7000469752067175,1.5,tribonacci,0.0481323381170106,0.9999999999890007
1.7397264323438015,1.5,tribonacci,0.04811209379439674,0.9999999999994745
1.780332016430114,1.5,tribonacci,0.04809057204966486,1.0000000000006157
1.8218853434651667,1.5,tribonacci,0.04806772716814056,0.9999999999996833
1.8644085339704863,1.5,tribonacci,0.04804351667219999,0.9999999999990444
1.9079242247652657,1.5,tribonacci,0.048017902181894945,1.0000000000030462
1.9524555810168611,1.5,tribonacci,0.04799085034950149,1.0000000000126268
1.9980263085725503,1.5,tribonacci,0.047962333873554946,1.0000000000232765
2.0446606665791167,1.5,tribonacci,0.047932332590155696,1.000000000026752
2.0923834803969776,1.5,tribonacci,0.04790083463751221,1.0000000000160094
2.1412201548157292,1.5,tribonacci,0.047867837687539966,0.9999999999915217
2.1911966875781492,1.5,tribonacci,0.04783335023579467,0.9999999999654753
2.242339683219846,1.5,tribonacci,0.04779739293799457,0.9999999999584862
2.2946763672319364,1.5,tribonacci,0.047759999977753924,0.9999999999816709
2.3482346005542762,1.5,tribonacci,0.04772122044521257,0.9999999999992565
2.4030428944069686,1.5,tribonacci,0.04768111969842475,1.00000000000039
2.459130425468045,1.5,tribonacci,0.04763978070371392,0.9999999999983367
2.5165270514053915,1.5,tribonacci,0.04759730528731909,1.0000000000036922
2.575263326771201,1.5,tribonacci,0.04755381533160921,1.0000000000199762
2.6353705192673944,1.5,tribonacci,0.047509453833130835,1.0000000000335412
2.6968806263906933,1.5,tribonacci,0.04746438577802294,1.0000000000241758
2.7598263924661803,1.5,tribonacci,0.04741879880864886,0.999999999987595
2.824241326078435,1.5,tribonacci,0.047372903665878326,0.9999999999518524
2.8901597179095098,1.5,tribonacci,0.04732693440707376,0.999999999961366
2.957616658993254,1.5,tribonacci,0.04728114842115926,0.9999999999983573
3.0266480593956917,1.5,tribonacci,0.04723582606407837,0.9999999999997549
3.097290667331409,1.5,tribonacci,0.04719126986056807,0.9999999999980446
3.169582088726116,1.5,tribonacci,0.047147803724372286,1.0000000000107114
3.2435608072358115,1.5,tribonacci,0.04710577188873669,1.0000000000307763
3.319266204733189,1.5,tribonacci,0.047065537672974306,1.0000000000227256
3.396738582272208,1.5,tribonacci,0.04702748210839695,0.999999999975685
3.4760191815419783,1.5,tribonacci,0.046992002635698665,0.9999999999461999
3.557150206821386,1.5,tribonacci,0.046959512181080916,0.9999999999894108
3.6401748474461404,1.5,tribonacci,0.04693043877414074,0.9999999999992779
3.7251373008002115,1.5,tribonacci,0.04690522476899861,0.9999999999978414
3.8120827958438888,1.5,tribonacci,0.04688432731197405,1.0000000000152773
3.9010576171909923,1.5,tribonacci,0.04686821917582103,1.000000000029022
3.9921091297480515,1.5,tribonacci,0.04685738980092423,0.99999999999034
4.085285803928563,1.5,tribonacci,0.04685234619006128,0.9999999999466008
4.1806372414557575,1.5,tribonacci,0.04685361350502319,0.9999999999924524
4.278214201767616,1.5,tribonacci,0.046861734766221054,0.9999999999983209
4.378068629038169,1.5,tribonacci,0.046877266928956704,1.0000000000023859
4.480253679829491,1.5,tribonacci,0.04690077411705674,1.0000000000312068
4.584823751389096,1.5,tribonacci,0.04693281515513832,1.0000000000077052
4.691834510607798,1.5,tribonacci,0.04697392368632868,0.999999999943879
4.801342923653452,1.5,tribonacci,0.047024579444550706,0.9999999999921227
4.913407286296363,1.5,tribonacci,0.047085169756050725,0.9999999999974079
5.028087254942479,1.5,tribonacci,0.047155938748747746,1.0000000000132978
5.145443878390927,1.5,tribonacci,0.047236925976753615,1.0000000000532638
5.265539630332757,1.5,tribonacci,0.04732789457454441,0.9999999999700672
5.388438442608224,1.5,tribonacci,0.04742825186725166,0.9999999999343834
5.5142057392403006,1.5,tribonacci,0.04753696685999836,0.9999999999972562
5.6429084712625395,1.5,tribonacci,0.04765249101579555,1.0000000000011708
5.7746151523598215,1.5,tribonacci,0.04777269057761438,1.0000000000342484
5.909395895340971,1.5,tribonacci,0.047894800448746576,0.999999999961579
6.047322449462647,1.5,tribonacci,0.048015411755970926,0.999999999984107
6.188468238624385,1.5,tribonacci,0.048130503515313484,0.9999999999944016
6.332908400455114,1.5,tribonacci,0.048235531719740724,1.0000000000131577
6.48071982631197,1.5,tribonacci,0.048325583501710755,0.9999999999769308
6.631981202212672,1.5,tribonacci,0.04839560266143288,0.9999999999944795
6.786773050723297,1.5,tribonacci,0.04844068395704828,0.9999999999965624
6.945177773823696,1.5,tribonacci,0.048456428248214445,1.000000000019413
7.107279696773417,1.5,tribonacci,0.048439337180916336,0.9999999999537336
7.273165113001458,1.5,tribonacci,0.04838721891223922,0.9999999999957851
7.44292233004376,1.5,tribonacci,0.04829956261068355,1.000000000018463
7.616641716552892,1.5,tribonacci,0.04817783892273755,0.9999999999898598
7.794415750404949,1.5,tribonacci,0.04802567717318654,0.9999999999792045
7.976339067929277,1.5,tribonacci,0.047848880082101024,0.9999999999944165
8.162508514287229,1.5,tribonacci,0.047655251221316496,1.0000000000215792
8.353023195026777,1.5,tribonacci,0.04745423481122504,0.9999999999525041
8.54798452884041,1.5,tribonacci,0.047256397970816724,0.9999999999922833
8.747496301554417,1.5,tribonacci,0.04707281992710656,1.0000000000153428
8.951664721378302,1.5,tribonacci,0.046914476630390285,0.9999999999654532
9.160598475443708,1.5,tribonacci,0.04679171480837212,0.9999999999932337
9.374408787662995,1.5,tribonacci,0.046713882813841555,1.000000000001964
9.593209477938244,1.5,tribonacci,0.04668911291927775,0.9999999999908699
9.817117022752193,1.5,tribonacci,0.046724156218317006,1.0000000000073628
10.046250617173408,1.5,tribonacci,0.04682407671102121,0.9999999999544636
10.280732238308651,1.5,tribonacci,0.046991575092504186,0.9999999999920588
10.520686710236228,1.5,tribonacci,0.04722579046153085,1.000000000023095
10.766241770454933,1.5,tribonacci,0.0475206229126812,0.9999999999785539
11.017528137883868,1.5,tribonacci,0.04786291096255708,1.00000000000882
11.274679582449467,1.5,tribonacci,0.048231071773038835,0.9999999999452226
11.537832996296608,1.5,tribonacci,0.04859496024886105,0.9999999999927018
11.807128466661897,1.5,tribonacci,0.04891762862945871,0.9999999999594984
12.082709350447766,1.5,tribonacci,0.04915933106303006,0.9999999999900737
12.36472235053715,1.5,tribonacci,0.04928353976441312,0.9999999999619472
12.65331759388943,1.5,tribonacci,0.049264026710746915,0.9999999999902575
12.948648711459043,1.5,tribonacci,0.04909139411777429,0.999999999950785
13.250872919979532,1.5,tribonacci,0.04877711689527593,0.9999999999928777
13.560151105656333,1.5,tribonacci,0.04835348200110367,0.9999999999409317
13.876647909813085,1.5,tribonacci,0.04786893321783493,1.0000000000012024
14.200531816536824,1.5,tribonacci,0.04737997707385474,0.99999999997646
14.531975242368961,1.5,tribonacci,0.046942257829720134,1.000000000008056
14.871154628089537,1.5,tribonacci,0.04660366803551942,0.9999999999882354
15.218250532643863,1.5,tribonacci,0.046400829605176934,0.9999999999570272
15.573447729261343,1.5,tribonacci,0.046357549634021125,1.0000000000027418
15.936935303817744,1.5,tribonacci,0.046481940198838737,0.9999999999836674
16.308906755493325,1.5,tribonacci,0.04676006262842037,0.9999999999961262
16.68956009978024,1.5,tribonacci,0.047148412408815336,0.9999999999902056
17.079097973894278,1.5,tribonacci,0.04757215395428457,0.9999999999848032
17.47772774464681,1.5,tribonacci,0.04793625909714821,0.9999999999709549
17.885661618834618,1.5,tribonacci,0.04815076247659334,1.000000000010802
18.30311675620612,1.5,tribonacci,0.048162176629522685,0.9999999999851755
18.730315385064376,1.5,tribonacci,0.04797658488495664,0.9999999999505769
19.16748492056815,1.5,tribonacci,0.047661247331393625,0.9999999999771357
19.614858085794303,1.5,tribonacci,0.04732207092988507,1.0000000000062774
20.072673035625694,1.5,tribonacci,0.047068640830716754,0.999999999988672
20.541173483530642,1.5,tribonacci,0.04698490201354358,0.9999999999841801
21.020608831301583,1.5,tribonacci,0.04711353910740605,0.9999999999819446
21.511234301821663,1.5,tribonacci,0.04744525003399583,0.999999999940324
22.013311074930314,1.5,tribonacci,0.04790454993629672,0.9999999999554776
22.527106426459802,1.5,tribonacci,0.04834692723175577,0.9999999999798822
23.052893870517085,1.5,tribonacci,0.04859579505094425,0.9999999999904289
23.59095330508635,1.5,tribonacci,0.0485216193633366,0.9999999999971754
24.14157116103019,1.5,tribonacci,0.04811952720663864,1.0000000000036506
24.705040554568253,1.5,tribonacci,0.04752635467937705,0.999999999998867
25.28166144331499,1.5,tribonacci,0.046959435618024084,0.9999999999872509
25.871740785959226,1.5,tribonacci,0.046622095442137995,0.9999999999674621
26.475592705670667,1.5,tribonacci,0.046632398857353194,0.9999999999422342
27.093538657320515,1.5,tribonacci,0.046983468023168135,0.9999999999403474
27.725907598604824,1.5,tribonacci,0.04752071136390736,0.9999999999789382
28.37303616516213,1.5,tribonacci,0.047967044448624645,0.9999999999785614
29.035268849778138,1.5,tribonacci,0.04804760000343756,0.9999999999910737
29.712958185773342,1.5,tribonacci,0.04767311927531781,1.000000000003293
30.40646493467067,1.5,tribonacci,0.047034236666600567,0.9999999999384375
31.116158278243613,1.5,tribonacci,0.0464998793857701,0.9999999999779311
31.84241601504653,1.5,tribonacci,0.046397691390117464,0.999999999988881
32.585624761532245,1.5,tribonacci,0.046848351271498334,0.999999999964126
33.34618015786364,1.5,tribonacci,0.04769587134298401,0.9999999999763542
34.124487078528894,1.5,tribonacci,0.04848545341603041,0.9999999999992991
34.920959847872716,1.5,tribonacci,0.04864572608638237,0.9999999999502258
35.736022460657864,1.5,tribonacci,0.04797733543795521,0.9999999999889588
36.570108807774915,1.5,tribonacci,0.04694153443437857,0.9999999999351975
37.42366290721981,1.5,tribonacci,0.04626254892979106,0.9999999999910076
38.29713914046281,1.5,tribonacci,0.04634511858383308,0.9999999999575584
39.19100249433404,1.5,tribonacci,0.04707640654336246,1.000000000000532
40.10572880855496,1.5,tribonacci,0.04777611481777813,0.9999999999702736
41.04180502904709,1.5,tribonacci,0.04765527992943881,0.9999999999173138
41.99972946715304,1.5,tribonacci,0.046833848431225115,0.9999999999935121
42.98001206490796,1.5,tribonacci,0.04627626800463519,0.9999999999756867
43.98317466650224,1.5,tribonacci,0.04665778266837399,0.9999999999689027
45.009751296080466,1.5,tribonacci,0.047764226691312396,0.9999999999560558
46.060288442024,1.5,tribonacci,0.0483992454879607,0.9999999999263455
47.13534534786909,1.5,tribonacci,0.04767006125626783,0.9999999999179345
48.23549431001467,1.5,tribonacci,0.046507191521916874,0.9999999999243746
49.36132098237917,1.5,tribonacci,0.04629502075909722,0.9999999999164265
50.51342468816764,1.5,tribonacci,0.04723268449576014,0.9999999999411091
51.69241873891598,1.5,tribonacci,0.047881952242262986,0.9999999999633695
52.89893076098151,1.5,tribonacci,0.04701639410717201,0.9999999999614889
54.133603029653784,1.5,tribonacci,0.046150770335258766,0.9999999999939116
55.397092811064034,1.5,tribonacci,0.04683819992121312,0.9999999999160446
56.69007271207434,1.5,tribonacci,0.0484850361314752,0.9999999999582985
58.013231038333785,1.5,tribonacci,0.04828565149906373,0.9999999999843046
59.36727216069123,1.5,tribonacci,0.046413691618007194,0.9999999999562247
60.75291689016074,1.5,tribonacci,0.04633781257961622,0.9999999999836806
62.17090286163827,1.5,tribonacci,0.0483126873939641,0.9999999999536883
63.62198492657489,1.5,tribonacci,0.04818635320442009,0.9999999998937222
65.10693555481458,1.5,tribonacci,0.04560522341682531,0.9999999999847676
66.6265452458115,1.5,tribonacci,0.04633676199480146,0.999999999952007
68.18162294944479,1.5,tribonacci,0.049892537730237274,0.9999999999481403
69.77299649665534,1.5,tribonacci,0.048193555905631645,0.9999999999447192
71.40151304013399,1.5,tribonacci,0.04515876312166767,0.9999999999324471
73.06803950529499,1.5,tribonacci,0.04765564509743247,0.9999999999406117
74.77346305177588,1.5,tribonacci,0.04912353274900482,0.9999999999386283
76.51869154570822,1.5,tribonacci,0.04533965750351698,0.999999999954979
78.30465404301187,1.5,tribonacci,0.046985460686235866,0.9999999999702003
80.13230128396887,1.5,tribonacci,0.0495810127508981,0.9999999999330045
82.0026061993413,1.5,tribonacci,0.04547358784239845,0.9999999999720152
83.91656442830157,1.5,tribonacci,0.046940622436871374,0.9999999999220883
85.8751948484517,1.5,tribonacci,0.04863706113963843,0.9999999999329693
87.8795401182132,1.5,tribonacci,0.04460984114745742,0.9999999999484609
89.93066723187619,1.5,tribonacci,0.047818997162965095,0.9999999999192123
92.02966808760415,1.5,tribonacci,0.04784728964549121,0.9999999999173735
94.17766006869519,1.5,tribonacci,0.04467609238687659,0.9999999999146157
96.37578663841089,1.5,tribonacci,0.04868155318268534,0.9999999999370881
98.62521794868779,1.5,tribonacci,0.04497314066833995,0.9999999999330699
100.92715146305709,1.5,tribonacci,0.046365785508430186,0.9999999998772873
103.28281259410285,1.5,tribonacci,0.04772754561633002,0.999999999949795
105.69345535579883,1.5,tribonacci,0.04439341412191318,0.9999999999003958
108.16036303107094,1.5,tribonacci,0.048886620697451796,0.9999999998741806
110.6848488549412,1.5,tribonacci,0.04377763444499947,0.9999999999465593
113.26825671361537,1.5,tribonacci,0.04903526337607249,0.999999999911477
115.91196185988856,1.5,tribonacci,0.04420817265847957,0.9999999999357229
118.6173716452478,1.5,tribonacci,0.04877724235556469,0.9999999999208061
121.38592626906276,1.5,tribonacci,0.04386044689937843,0.9999999998007585
124.21909954526174,1.5,tribonacci,0.04911325473833037,0.9999999998815259
127.11839968690288,1.5,tribonacci,0.04376497615055023,0.999999999786814
130.08537010905707,1.5,tribonacci,0.04971954938798394,0.9999999999123882
133.12159025043076,1.5,tribonacci,0.0431936762202657,0.999999999911558
136.22867641416468,1.5,tribonacci,0.049751119867410154,0.9999999999228698
139.40828262825772,1.5,tribonacci,0.04382657816233909,0.9999999998997853
142.66210152607368,1.5,tribonacci,0.04716547028824185,0.9999999997325594
145.99186524739787,1.5,tribonacci,0.046616031963507186,0.9999999998592642
149.39934636052578,1.5,tribonacci,0.043234479912091534,0.9999999998235035
152.88635880587296,1.5,tribonacci,0.050148974019273686,0.9999999997524074
156.45475886160958,1.5,tribonacci,0.043430713428902104,0.9999999997814609
160.10644613183177,1.5,tribonacci,0.04437559027684147,0.9999999996736865
163.84336455779848,1.5,tribonacci,0.050241423238297424,0.9999999997984862
167.66750345276992,1.5,tribonacci,0.042741648384450895,0.9999999996726648
171.58089856100048,1.5,tribonacci,0.0431373506848313,0.999999999864487
175.5856331414469,1.5,tribonacci,0.05032838541027111,0.9999999998535228
179.68383907677193,1.5,tribonacci,0.04563878017035901,0.9999999998387002
183.8776980082327,1.5,tribonacci,0.04114205015410651,0.9999999996775147
188.16944249705557,1.5,tribonacci,0.0436164067845916,0.9999999998496221
192.56135721291986,1.5,tribonacci,0.049892483321887136,0.999999999728303
197.05578015017983,1.5,tribonacci,0.048792430107033574,0.9999999997276272
201.65510387247465,1.5,tribonacci,0.0428859974897692,0.9999999998356917
206.36177678638586,1.5,tribonacci,0.040389872977492074,0.9999999996827248
211.17830444482442,1.5,tribonacci,0.040892902886224235,0.9999999994387585
216.10725088083765,1.5,tribonacci,0.0431364522643096,0.9999999994972483
221.15123997254886,1.5,tribonacci,0.047623086075797245,0.9999999996327551
226.31295683995296,1.5,tribonacci,0.05049880569592081,0.9999999995864204
231.59514927431522,1.5,tribonacci,0.05174363766970921,0.9999999997190083
237.0006292009328,1.5,tribonacci,0.051433251129675936,0.9999999995952135
242.5322741760353,1.5,tribonacci,0.051776824822067996,0.9999999995553827
248.19302891862552,1.5,tribonacci,0.05167594803845047,0.9999999992648435
253.9859068780724,1.5,tribonacci,0.05176413871778249,0.9999999992626598
259.91399183829327,1.5,tribonacci,0.05068556880592603,0.9999999996468737
265.98043955937584,1.5,tribonacci,0.04732052464366427,0.9999999994522477
272.18847945751793,1.5,tribonacci,0.04038806693149726,0.9999999991213343
278.5414163241766,1.5,tribonacci,0.03646779629682785,0.9999999991646014
285.0426320853435,1.5,tribonacci,0.035375821121306265,0.9999999994160138
291.6955876018796,1.5,tribonacci,0.03798681690718854,0.9999999996000241
298.50382451187295,1.5,tribonacci,0.04969994563066127,0.9999999994767268
305.4709671159968,1.5,tribonacci,0.03950245568885367,0.9999999993682807
312.60072430687035,1.5,tribonacci,0.03537763797487272,0.9999999990447244
319.89689154345376,1.5,tribonacci,0.036336915280117156,0.9999999987409964
327.3633528715244,1.5,tribonacci,0.03433503342215378,0.999999998089101
335.0040829913133,1.5,tribonacci,0.029095607395395934,0.9999999973336295
342.8231493733971,1.5,tribonacci,0.03609167854941746,0.9999999976192083
350.82471442397923,1.5,tribonacci,0.031099624076403237,0.9999999954823127
359.01303770070683,1.5,tribonacci,0.02955696895110733,0.999999996877346
367.39247818020743,1.5,tribonacci,0.03583780078896597,0.9999999952840462
375.96749657854673,1.5,tribonacci,0.035046589264100245,0.9999999957422887
384.74265772585017,1.5,tribonacci,0.03280007306674412,0.9999999954134839
393.72263299634795,1.5,tribonacci,0.03389837398134043,0.9999999966703761
402.91220279513476,1.5,tribonacci,0.04876872786152143,0.9999999949010552
412.3162591029752,1.5,tribonacci,0.02672372604551407,0.9999999957821857
421.9398080805024,1.5,tribonacci,0.02773230538215237,0.9999999943132695
431.78797273320214,1.5,tribonacci,0.03876944791402755,0.9999999946993681
441.86599563859414,1.5,tribonacci,0.03412887958784362,0.9999999930963015
452.1792417370702,1.5,tribonacci,0.02521665764309933,0.9999999938040723
462.7332011878689,1.5,tribonacci,0.02430035440367011,0.9999999938829521
473.53349229171164,1.5,tribonacci,0.023979996084112977,0.9999999931782677
484.58586448164954,1.5,tribonacci,0.023898444027423183,0.9999999917471165
495.8962013837212,1.5,tribonacci,0.022296582908482545,0.9999999917916274
507.4705239490466,1.5,tribonacci,0.02997914725987576,0.9999999924375852
519.3149936590212,1.5,tribonacci,0.03033530112206693,0.9999999916499368
531.4359158053242,1.5,tribonacci,0.026834383450763045,0.9999999911040905
543.8397428464796,1.5,tribonacci,0.028047371861510344,0.9999999907943303
556.5330778427646,1.5,tribonacci,0.02587872333317636,0.9999999903155486
569.5226779712825,1.5,tribonacci,0.027597477378333284,0.9999999906729469
582.8154581230846,1.5,tribonacci,0.024384111828341572,0.9999999913950879
596.418494584246,1.5,tribonacci,0.019628187673251606,0.9999999889811575
610.3390288028621,1.5,tribonacci,0.0192805662350703,0.9999999891788461
624.5844712439617,1.5,tribonacci,0.020173751500494684,0.9999999887162114
639.1624053343999,1.5,tribonacci,0.019456997297972355,0.9999999877523823
654.0805914998252,1.5,tribonacci,0.02936423498564173,0.999999987348183
669.3469712958661,1.5,tribonacci,0.028806138700898282,0.9999999866872192
684.9696716357447,1.5,tribonacci,0.027396097984409073,0.999999986580859
700.9570091165617,1.5,tribonacci,0.02323427753629591,0.9999999858996588
717.3174944465612,1.5,tribonacci,0.019199419780175447,0.9999999860792783
734.0598369757212,1.5,tribonacci,0.02523540388009703,0.9999999837350848
751.1929493320969,1.5,tribonacci,0.023758345002026504,0.9999999841215093
768.7259521663727,1.5,tribonacci,0.018930788456770146,0.9999999831780472
786.6681790071582,1.5,tribonacci,0.0232412436237618,0.9999999828929799
805.0291812295981,1.5,tribonacci,0.023131593110773462,0.9999999819174946
823.8187331399602,1.5,tribonacci,0.022243887225966274,0.9999999827563081
843.0468371788967,1.5,tribonacci,0.03145653571001272,0.9999999808418089
862.723729246145,1.5,tribonacci,0.02487344246034144,0.9999999807299959
882.859884149515,1.5,tribonacci,0.030864665394384448,0.9999999804679607
903.4660211810525,1.5,tribonacci,0.022317920036686315,0.9999999783649498
924.5531098233571,1.5,tribonacci,0.023908935412507774,0.9999999786164684
946.1323755890769,1.5,tribonacci,0.023270055046982267,0.9999999789466697
968.2153059967086,1.5,tribonacci,0.024514371596786808,0.9999999768551526
990.8136566858666,1.5,tribonacci,0.020966580270772382,0.9999999774320155
1013.9394576752917,1.5,tribonacci,0.022620326514334408,0.9999999766724529
1037.6050197669117,1.5,tribonacci,0.03091867065262351,0.9999999729941607
1061.8229410993836,1.5,tribonacci,0.022785192277051627,0.999999973923182
1086.6061138545967,1.5,tribonacci,0.025777998147738578,0.999999973062523
1111.967731120699,1.5,tribonacci,0.02184561748652676,0.9999999722333153
1137.9212939153151,1.5,tribonacci,0.02278050535413427,0.9999999726372402
1164.4806183726855,1.5,tribonacci,0.025744293005029256,0.9999999704775749
1191.6598430985587,1.5,tribonacci,0.02189090475577067,0.9999999694495959
1219.4734366967382,1.5,tribonacci,0.027311772361690963,0.999999967245191
1247.9362054713115,1.5,tribonacci,0.020149415019598316,0.9999999678545689
1277.0633013086433,1.5,tribonacci,0.02412088297966513,0.9999999644936862
1306.8702297433463,1.5,tribonacci,0.029783714370461446,0.9999999659558905
1337.3728582124963,1.5,tribonacci,0.021161687136511155,0.9999999626591061
1368.5874245025177,1.5,tribonacci,0.01946858757937537,0.9999999626970949
1400.5305453932197,1.5,tribonacci,0.024781378564372052,0.9999999618385137
1433.2192255035739,1.5,tribonacci,0.026213278139316377,0.9999999610115011
1466.6708663439686,1.5,tribonacci,0.02270207364558641,0.9999999568050649
1500.903275579735,1.5,tribonacci,0.01864148236604564,0.9999999579710432
1535.934676510897,1.5,tribonacci,0.026329199125615363,0.9999999576813856
1571.7837177731628,1.5,tribonacci,0.020834239254436723,0.9999999559130115
1608.4694832653552,1.5,tribonacci,0.02648122043750464,0.999999954835231
1646.0115023085498,1.5,tribonacci,0.02167492536961379,0.9999999507767928
1684.4297600423151,1.5,tribonacci,0.020578318115483957,0.9999999518666761
1723.7447080636198,1.5,tribonacci,0.02325650868878173,0.9999999492590551
1763.9772753140435,1.5,tribonacci,0.021219383474882343,0.9999999483427293
1805.1488792211082,1.5,tribonacci,0.025570793730163906,0.9999999467027384
1847.281437099634,1.5,tribonacci,0.021615995427694948,0.9999999444782598
1890.3973778192214,1.5,tribonacci,0.025501918718765733,0.9999999436966405
1934.5196537440443,1.5,tribonacci,0.029992490347647772,0.9999999436443228
1979.6717529513326,1.5,tribonacci,0.023108363874031965,0.9999999404031039
2025.877711735017,1.5,tribonacci,0.02676240871675483,0.9999999398543535
2073.162127401229,1.5,tribonacci,0.027981737754390768,0.999999937898025
2121.5501713624503,1.5,tribonacci,0.02623185556904082,0.9999999351696679
2171.067602537265,1.5,tribonacci,0.019410849336775993,0.9999999341412262
2221.7407810628847,1.5,tribonacci,0.021457535463856023,0.9999999330194959
2273.596682327715,1.5,tribonacci,0.018264398521295404,0.9999999284790623
2326.662911331458,1.5,tribonacci,0.02625018109399198,0.9999999273645177
2380.9677173803584,1.5,tribonacci,0.023000346049657387,0.9999999258032243
2436.540009125466,1.5,tribonacci,0.020827783124628896,0.9999999214052144
2493.409369951878,1.5,tribonacci,0.023381910530109646,0.9999999219222057
2551.6060737271837,1.5,tribonacci,0.022865547720465396,0.9999999191924926
2611.1611009174594,1.5,tribonacci,0.020035826562244077,0.9999999179560193
2672.1061550794325,1.5,tribonacci,0.01876764604305562,0.9999999173886318
2734.47367973758,1.5,tribonacci,0.017797241907548875,0.9999999110501188
2798.296875655116,1.5,tribonacci,0.021153073240503646,0.9999999114042307
2863.6097185081157,1.5,tribonacci,0.02298933665925044,0.9999999074447895
2930.4469769721413,1.5,tribonacci,0.016932795246114588,0.999999904793292
2998.8442312310276,1.5,tribonacci,0.014373211482417417,0.9999999052139437
3068.837891917642,1.5,tribonacci,0.015161369121816738,0.9999999022687766
3140.465219496752,1.5,tribonacci,0.01391251283174792,0.9999999003635439
3213.7643441002756,1.5,tribonacci,0.01360890046665384,0.9999998981293754
3288.77428582551,1.5,tribonacci,0.013009382198387308,0.9999998958504918
3365.5349755070943,1.5,tribonacci,0.014791888559806983,0.9999998912130585
3444.08727597382,1.5,tribonacci,0.015330415822922735,0.9999998880362495
3524.473003801584,1.5,tribonacci,0.019731911928923904,0.9999998875461572
3606.734951574028,1.5,tribonacci,0.01546347969699191,0.9999998847067764
3690.9169106627783,1.5,tribonacci,0.01617305252257464,0.9999998799388576
3777.0636945393644,1.5,tribonacci,0.01266324868512356,0.999999880813885
3865.221162631262,1.5,tribonacci,0.01472014490182555,0.9999998767126841
3955.4362447347016,1.5,tribonacci,0.016714959816022994,0.9999998726681548
4047.7569659973224,1.5,tribonacci,0.01304931306391562,0.9999998704268456
4142.232472483894,1.5,tribonacci,0.013246535797820409,0.9999998675932296
4238.913057338778,1.5,tribonacci,0.013467175519921864,0.9999998661597816
4337.850187558989,1.5,tribonacci,0.014113308548116784,0.9999998601510356
4439.096531392166,1.5,tribonacci,0.014324305057651669,0.999999859834912
4542.705986374042,1.5,tribonacci,0.015887185015058695,0.999999853609961
4648.733708020257,1.5,tribonacci,0.013540656876554239,0.9999998520756335
4757.236139187889,1.5,tribonacci,0.014985360824914102,0.9999998489209367
4868.2710401222785,1.5,tribonacci,0.013198572837997451,0.9999998436908561
4981.89751920516,1.5,tribonacci,0.016090290772630356,0.9999998414353399
5098.176064420424,1.5,tribonacci,0.013423822150635565,0.9999998370316148
5217.168575554349,1.5,tribonacci,0.01573344838661022,0.9999998334330648
5338.93839714735,1.5,tribonacci,0.013452842583933509,0.9999998287537084
5463.550352214876,1.5,tribonacci,0.012885647905577044,0.9999998261766
5591.070776755293,1.5,tribonacci,0.011165997625564736,0.9999998226257657
5721.567555063246,1.5,tribonacci,0.013214113412655978,0.9999998177002305
5855.110155867238,1.5,tribonacci,0.012286276489676975,0.9999998145243806
5991.769669310619,1.5,tribonacci,0.011520808119124554,0.9999998089843485
6131.618844795775,1.5,tribonacci,0.012366664037609481,0.9999998047388985
6274.732129711574,1.5,tribonacci,0.013094075684928931,0.9999998010231614
6421.185709064758,1.5,tribonacci,0.011564046992241053,0.9999997970232091
6571.057546036271,1.5,tribonacci,0.011539969208821938,0.9999997913550371
6724.42742348425,1.5,tribonacci,0.010924385802416762,0.999999786689574
6881.376986415663,1.5,tribonacci,0.01074500718824109,0.9999997802324911
7041.989785449288,1.5,tribonacci,0.01143632118706071,0.9999997777046467
7206.351321293052,1.5,tribonacci,0.009906554229077087,0.9999997714664193
7374.549090259547,1.5,tribonacci,0.011660966707844415,0.9999997672070584
7546.6726308438865,1.5,tribonacci,0.010313835171862018,0.9999997619079116
7722.813571388642,1.5,tribonacci,0.011180039043979259,0.9999997554652258
7903.065678861348,1.5,tribonacci,0.011632977433706932,0.9999997508116643
8087.524908770449,1.5,tribonacci,0.009848805336963296,0.9999997451024347
8276.289456246344,1.5,tribonacci,0.009520758156440748,0.9999997405647807
8469.459808314585,1.5,tribonacci,0.010577012113709193,0.9999997339999309
8667.138797389232,1.5,tribonacci,0.010270861502084894,0.9999997281772863
8869.431656014704,1.5,tribonacci,0.010104847098528625,0.9999997235620406
9076.446072885356,1.5,tribonacci,0.009913258954321831,0.9999997156041204
9288.292250172499,1.5,tribonacci,0.010517842854653316,0.99999970783927
9505.082962189503,1.5,tribonacci,0.010820215310513552,0.9999997034412279
9726.93361542617,1.5,tribonacci,0.011485735887504608,0.999999696082084
9953.962309984234,1.5,tribonacci,0.009593519598580812,0.9999996884582745
10186.289902446864,1.5,tribonacci,0.009345272411394417,0.9999996831709883
10424.040070215558,1.5,tribonacci,0.010750597763820114,0.9999996763013321
10667.339377348571,1.5,tribonacci,0.009528374067394513,0.9999996696966806
10916.317341936148,1.5,tribonacci,0.008857591763303746,0.9999996635791535
11171.106505048241,1.5,tribonacci,0.009138819981422451,0.9999996562175204
11431.842501291503,1.5,tribonacci,0.008791550558095,0.9999996465407113
11698.664131013058,1.5,tribonacci,0.007574946247774329,0.9999996413787001
11971.713434189656,1.5,tribonacci,0.007580600388451226,0.9999996316210095
12251.135766041178,1.5,tribonacci,0.006562032859403338,0.999999626396889
12537.079874409197,1.5,tribonacci,0.008534842107057131,0.9999996203310534
12829.697978941475,1.5,tribonacci,0.007276139653713168,0.9999996093398025
13129.145852124653,1.5,tribonacci,0.008120636731083552,0.9999996029528362
13435.582902208263,1.5,tribonacci,0.008824686609751328,0.9999995949951743
13749.172258064205,1.5,tribonacci,0.007658877342290415,0.9999995860233919
14070.080856026836,1.5,tribonacci,0.0077676408568636,0.9999995799484676
14398.479528760066,1.5,tribonacci,0.007347934850442479,0.9999995695195769
14734.543096198344,1.5,tribonacci,0.006103135156622202,0.9999995603769667
15078.45045861051,1.5,tribonacci,0.006262129812577174,0.9999995527709352
15430.384691835645,1.5,tribonacci,0.006903055868539321,0.9999995428627527
15790.533144741757,1.5,tribonacci,0.0062874844085615035,0.999999535152951
16159.087538959191,1.5,tribonacci,0.007271848526448335,0.9999995235943882
16536.244070941786,1.5,tribonacci,0.005628344406898118,0.9999995176512357
16922.203516410354,1.5,tribonacci,0.005258595732301792,0.9999995073370616
17317.17133723353,1.5,tribonacci,0.0056400700673644825,0.9999994978542366
17721.357790803584,1.5,tribonacci,0.005086781490128564,0.9999994890930562
18134.978041964954,1.5,tribonacci,0.005118989906334303,0.9999994797250473
18558.252277555188,1.5,tribonacci,0.004593954266466319,0.9999994722425181
18991.405823619356,1.5,tribonacci,0.005678871610143821,0.9999994606699338
19434.669265360182,1.5,tribonacci,0.005121210577624632,0.9999994510345663
19888.278569888076,1.5,tribonacci,0.004089403468059967,0.999999443354968
20352.475211835757,1.5,tribonacci,0.004296926947173038,0.9999994326482564
20827.50630190514,1.5,tribonacci,0.004486816929100228,0.9999994229967317
21313.624718414376,1.5,tribonacci,0.004552820868411308,0.9999994146894255
21811.0892419152,1.5,tribonacci,0.004679531044985635,0.9999994015755745
22320.164692952345,1.5,tribonacci,0.004615994202461881,0.9999993936476591
22841.122073038256,1.5,tribonacci,0.0039734346306141465,0.999999382003969
23374.238708918125,1.5,tribonacci,0.003923786892655886,0.9999993697202991
23919.798400202373,1.5,tribonacci,0.003930555174208282,0.9999993602093157
24478.0915704444,1.5,tribonacci,0.003974143056609171,0.9999993487500114
25049.415421745023,1.5,tribonacci,0.0037316773430433017,0.9999993366127758
25634.07409296515,1.5,tribonacci,0.0038815747138313513,0.9999993277606231
26232.378821631235,1.5,tribonacci,0.003962433608277264,0.9999993161852382
26844.64810961965,1.5,tribonacci,0.0034736222583238974,0.9999993058223742
27471.207892708087,1.5,tribonacci,0.003705791326610318,0.999999293141147
28112.391714084613,1.5,tribonacci,0.0037076624845567875,0.999999279661123
28768.54090190591,1.5,tribonacci,0.003319597833479583,0.9999992680241708
29440.00475100034,1.5,tribonacci,0.0035069571886452663,0.9999992568396618
30127.140708811643,1.5,tribonacci,0.003354325177709847,0.9999992439495031
30830.31456568277,1.5,tribonacci,0.00309505266331258,0.9999992308543924
31549.900649580886,1.5,tribonacci,0.003080766667257288,0.9999992188729241
32286.28202536727,1.5,tribonacci,0.0028463312654083248,0.999999205454916
33039.85069871855,1.5,tribonacci,0.0027767037532155994,0.9999991912568935
33811.00782480682,1.5,tribonacci,0.0027815071418901835,0.999999176845652
34600.16392185109,1.5,tribonacci,0.002782525733083013,0.9999991641426691
35407.7390896527,1.5,tribonacci,0.002813950012591789,0.999999149857798
36234.1632332315,1.5,tribonacci,0.0031826640666873297,0.9999991343516764
37079.87629168172,1.5,tribonacci,0.002559745784960999,0.9999991214005577
37945.32847236942,1.5,tribonacci,0.002905226041057054,0.9999991065168656
38830.98049059601,1.5,tribonacci,0.0026675417583881833,0.9999990917332977
39737.303814856044,1.5,tribonacci,0.002606439302765926,0.9999990762301818
40664.78091781854,1.5,tribonacci,0.002642270610702099,0.9999990607093674
41613.90553316707,1.5,tribonacci,0.0027717519271420812,0.9999990439666938
42585.18291843415,1.5,tribonacci,0.0024912723025396445,0.9999990279196982
43579.130123970295,1.5,tribonacci,0.002487636467124087,0.9999990120122065
44596.27626819095,1.5,tribonacci,0.002272582805813985,0.9999989957152946
45637.16281924754,1.5,tribonacci,0.0021524359049621467,0.9999989790578115
46702.34388327331,1.5,tribonacci,0.002280330581628802,0.9999989615724314
47792.38649935595,1.5,tribonacci,0.002338445575523098,0.9999989435504377
48907.8709413959,1.5,tribonacci,0.002128053688485952,0.9999989257516577
50049.39102700954,1.5,tribonacci,0.002209435844367776,0.9999989075541306
51217.554433642414,1.5,tribonacci,0.0019783365492332715,0.9999988874410708
52412.983022060616,1.5,tribonacci,0.002180621534491349,0.9999988671879081
53636.31316739234,1.5,tribonacci,0.002152454616175887,0.9999988468766635
54888.19609789666,1.5,tribonacci,0.002029133435616131,0.9999988274653633
56169.29824163804,1.5,tribonacci,0.0020510181863949576,0.9999988061634411
57480.30158125351,1.5,tribonacci,0.002350158075033454,0.9999987846926242
58821.90401699956,1.5,tribonacci,0.002000521498879354,0.9999987633917139
60194.819738272745,1.5,tribonacci,0.002108223365124916,0.999998742164174
61599.77960380169,1.5,tribonacci,0.002254937406436095,0.9999987192179384
63037.53153071282,1.5,tribonacci,0.0020650260178076167,0.999998697060492
64508.84089267686,1.5,tribonacci,0.0021786811876176302,0.999998673347665
66014.49092734883,1.5,tribonacci,0.001892940611054848,0.999998650975913
67555.2831533164,1.5,tribonacci,0.002069999296675128,0.9999986269184107
69132.03779678128,1.5,tribonacci,0.0019564778389657006,0.9999986015401627
70745.59422819878,1.5,tribonacci,0.0021147864840123,0.9999985741095633
72396.81140910876,1.5,tribonacci,0.0017869786846318049,0.9999985474714806
74086.56834939567,1.5,tribonacci,0.00201987432833514,0.9999985206395668
75815.76457522102,1.5,tribonacci,0.002060099257325248,0.9999984936675553
77585.32060787828,1.5,tribonacci,0.0018829055695765494,0.9999984634221362
79396.17845382275,1.5,tribonacci,0.001761675379857426,0.9999984345922424
81249.30210614047,1.5,tribonacci,0.0018405195064698132,0.9999984056806448
83145.67805772064,1.5,tribonacci,0.0018741184269902404,0.9999983751339868
85086.31582640581,1.5,tribonacci,0.0018736061019152361,0.999998344116799
87072.24849239922,1.5,tribonacci,0.001809339456224185,0.9999983132722973
89104.53324821504,1.5,tribonacci,0.0018994306405092714,0.9999982811636323
91184.25196146562,1.5,tribonacci,0.0018501525433032332,0.9999982477720035
93312.5117507824,1.5,tribonacci,0.0018456066854674723,0.999998215352781
95490.44557518078,1.5,tribonacci,0.001876453958239242,0.9999981818021049
97719.21283717996,1.5,tribonacci,0.0017065179310076413,0.9999981462767153
100000.0,1.5,tribonacci,0.0017150687162613995,0.9999981133975154
0.0,2.0,tribonacci,0.0483982089007412,1.0
1.0,2.0,tribonacci,0.048324583326109054,0.9999999999624153
1.023340212191642,2.0,tribonacci,0.04831800908046332,0.9999999999606759
1.0472251898884348,2.0,tribonacci,0.048310875664820126,0.9999999999671552
1.0716676480328635,2.0,tribonacci,0.04830313950834805,0.9999999999808813
1.0966805983368684,2.0,tribonacci,0.04829475421338182,0.9999999999957426
1.1222773562085078,2.0,tribonacci,0.048285670455673196,0.9999999999997706
1.1484715478402894,2.0,tribonacci,0.04827583592334688,1.0000000000008833
1.1752771174629453,2.0,tribonacci,0.04826519521795571,1.0000000000007832
1.2027083347685117,2.0,tribonacci,0.048253689798518816,0.9999999999995683
1.2307798025066652,2.0,tribonacci,0.04824125794782383,0.999999999998991
1.259506464258358,2.0,tribonacci,0.04822783475889046,1.0000000000010816
1.2889036123908928,2.0,tribonacci,0.04821335215059638,1.000000000006988
1.3189868961986702,2.0,tribonacci,0.04819773891761645,1.000000000016201
1.3497723302339424,2.0,tribonacci,0.04818092082031084,1.0000000000263145
1.3812763028320096,2.0,tribonacci,0.04816282072066943,1.0000000000334295
1.4135155848353955,2.0,tribonacci,0.04814335877085895,1.000000000033232
1.4465073385216465,2.0,tribonacci,0.0481224526613008,1.0000000000226301
1.4802691267395092,2.0,tribonacci,0.048100017935496266,1.0000000000016451
1.514818922258346,2.0,tribonacci,0.04807596837897135,0.9999999999749727
1.55017511733577,2.0,tribonacci,0.04805021648968042,0.99999999995226
1.5863565335085905,2.0,tribonacci,0.04802267403691339,0.9999999999457022
1.6233824316122787,2.0,tribonacci,0.04799325271511368,0.999999999963014
1.661272522034293,2.0,tribonacci,0.04796186489791628,0.9999999999932272
1.7000469752067175,2.0,tribonacci,0.047928424509014626,0.9999999999999705
1.7397264323438015,2.0,tribonacci,0.0478928480850095,1.0000000000006988
1.780332016430114,2.0,tribonacci,0.04785505585513214,0.9999999999987038
1.8218853434651667,2.0,tribonacci,0.04781497300731289,0.9999999999997979
1.8644085339704863,2.0,tribonacci,0.047772531093396395,1.0000000000091953
1.9079242247652657,2.0,tribonacci,0.04772766956910825,1.0000000000252747
1.9524555810168611,2.0,tribonacci,0.04768033747340881,1.0000000000386098
1.9980263085725503,2.0,tribonacci,0.047630495245078015,1.0000000000364828
2.0446606665791167,2.0,tribonacci,0.04757811667114016,1.000000000011498
2.0923834803969776,2.0,tribonacci,0.04752319095770466,0.9999999999706978
2.1412201548157292,2.0,tribonacci,0.047465724908759874,0.9999999999388505
2.1911966875781492,2.0,tribonacci,0.047405745192137916,0.9999999999464979
2.242339683219846,2.0,tribonacci,0.047343300663916954,0.9999999999904351
2.2946763672319364,2.0,tribonacci,0.04727846471818895,1.0000000000002867
2.3482346005542762,2.0,tribonacci,0.04721133767217549,0.9999999999991093
2.4030428944069686,2.0,tribonacci,0.0471420490439879,0.9999999999985283
2.459130425468045,2.0,tribonacci,0.04707075974934055,1.0000000000135545
2.5165270514053915,2.0,tribonacci,0.04699766416358972,1.0000000000388278
2.575263326771201,2.0,tribonacci,0.046922991925209,1.0000000000474771
2.6353705192673944,2.0,tribonacci,0.04684700941241886,1.0000000000162
2.6968806263906933,2.0,tribonacci,0.0467700208294571,0.999999999957627
2.7598263924661803,2.0,tribonacci,0.046692368847879105,0.999999999928453
2.824241326078435,2.0,tribonacci,0.046614434763348256,0.9999999999731245
2.8901597179095098,2.0,tribonacci,0.04653663811717896,0.9999999999993258
2.957616658993254,2.0,tribonacci,0.04645943536608788,0.9999999999976598
3.0266480593956917,2.0,tribonacci,0.04638331807358707,1.0000000000016016
3.097290667331409,2.0,tribonacci,0.04630881047126301,1.0000000000312708
3.169582088726116,2.0,tribonacci,0.0462364664433531,1.0000000000515568
3.2435608072358115,2.0,tribonacci,0.04616686589851584,1.0000000000117495
3.319266204733189,2.0,tribonacci,0.046100610767898204,0.9999999999346982
3.396738582272208,2.0,tribonacci,0.04603832107435541,0.999999999931816
3.4760191815419783,2.0,tribonacci,0.045980631706481874,0.9999999999965532
3.557150206821386,2.0,tribonacci,0.04592818968136755,0.9999999999974238
3.6401748474461404,2.0,tribonacci,0.04588165192813255,1.0000000000020028
3.7251373008002115,2.0,tribonacci,0.045841685724144356,1.0000000000374392
3.8120827958438888,2.0,tribonacci,0.04580897078157024,1.0000000000355658
3.9010576171909923,2.0,tribonacci,0.0457842032747152,0.9999999999509943
3.9921091297480515,2.0,tribonacci,0.04576810186178954,0.9999999999207048
4.085285803928563,2.0,tribonacci,0.04576141597684219,0.9999999999956323
4.1806372414557575,2.0,tribonacci,0.04576493461125007,0.9999999999951321
4.278214201767616,2.0,tribonacci,0.04577949271845643,1.0000000000156286
4.378068629038169,2.0,tribonacci,0.04580597555771322,1.0000000000481843
4.480253679829491,2.0,tribonacci,0.0458453156670792,0.9999999999729771
4.584823751389096,2.0,tribonacci,0.045898479022736416,0.9999999999173989
4.691834510607798,2.0,tribonacci,0.04596643715112652,0.9999999999956619
4.801342923653452,2.0,tribonacci,0.04605012079307482,0.9999999999934749
4.913407286296363,2.0,tribonacci,0.04615035005517986,1.0000000000450404
5.028087254942479,2.0,tribonacci,0.04626774115676885,1.0000000000464684
5.145443878390927,2.0,tribonacci,0.046402587463887895,0.9999999999009985
5.265539630332757,2.0,tribonacci,0.04655471745340167,0.9999999999810272
5.388438442608224,2.0,tribonacci,0.046723335650506605,0.9999999999923596
5.5142057392403006,2.0,tribonacci,0.0469068544272139,1.0000000000363063
5.6429084712625395,2.0,tribonacci,0.04710273077613033,1.000000000038605
5.7746151523598215,2.0,tribonacci,0.047307324741145504,0.9999999998927295
5.909395895340971,2.0,tribonacci,0.047515800352379164,0.9999999999922513
6.047322449462647,2.0,tribonacci,0.04772209101536342,0.9999999999968403
6.188468238624385,2.0,tribonacci,0.04791895616375215,1.000000000024904
6.332908400455114,2.0,tribonacci,0.048098149970181955,0.9999999999377605
6.48071982631197,2.0,tribonacci,0.04825072346388409,0.999999999992482
6.631981202212672,2.0,tribonacci,0.048367467889158376,1.0000000000100617
6.786773050723297,2.0,tribonacci,0.048439499356985695,0.9999999999907767
6.945177773823696,2.0,tribonacci,0.04845896080985056,0.9999999999758967
7.107279696773417,2.0,tribonacci,0.04841979817980406,0.9999999999903563
7.273165113001458,2.0,tribonacci,0.04831854304623737,1.000000000053545
7.44292233004376,2.0,tribonacci,0.04815501310289363,0.999999999896121
7.616641716552892,2.0,tribonacci,0.047932830742126925,0.9999999999918175
7.794415750404949,2.0,tribonacci,0.04765965499852295,1.0000000000376044
7.976339067929277,2.0,tribonacci,0.04734704935310357,0.9999999999402284
8.162508514287229,2.0,tribonacci,0.047009936777331736,0.9999999999890437
8.353023195026777,2.0,tribonacci,0.046665660331567584,1.000000000012305
8.54798452884041,2.0,tribonacci,0.04633274544916248,0.9999999999552074
8.747496301554417,2.0,tribonacci,0.046029545870997335,0.9999999999886289
8.951664721378302,2.0,tribonacci,0.045773029314809095,1.0000000000181961
9.160598475443708,2.0,tribonacci,0.04557797316150735,0.9999999999259042
9.374408787662995,2.0,tribonacci,0.0454567607158574,0.9999999999859509
9.593209477938244,2.0,tribonacci,0.045419766959964636,1.0000000000196827
9.817117022752193,2.0,tribonacci,0.04547601525496849,0.9999999999752756
10.046250617173408,2.0,tribonacci,0.045633500864893844,1.000000000011598
10.280732238308651,2.0,tribonacci,0.04589845600419463,0.9999999999132279
10.520686710236228,2.0,tribonacci,0.04627303475339567,0.9999999999838226
10.766241770454933,2.0,tribonacci,0.04675147135964895,0.9999999999818143
11.017528137883868,2.0,tribonacci,0.04731553467867168,0.9999999999856598
11.274679582449467,2.0,tribonacci,0.047930799856750556,1.0000000000178935
11.537832996296608,2.0,tribonacci,0.04854555154424465,0.9999999999848849
11.807128466661897,2.0,tribonacci,0.04909387306227556,1.000000000025359
12.082709350447766,2.0,tribonacci,0.04950364569324795,0.9999999999844426
12.36472235053715,2.0,tribonacci,0.04970888101532484,1.0000000000189597
12.65331759388943,2.0,tribonacci,0.04966420222701266,0.9999999999836404
12.948648711459043,2.0,tribonacci,0.049357779672548285,0.9999999999849756
13.250872919979532,2.0,tribonacci,0.048818311163604654,0.9999999999799061
13.560151105656333,2.0,tribonacci,0.04811255715480822,0.9999999999201372
13.876647909813085,2.0,tribonacci,0.047332830998719606,0.9999999999933427
14.200531816536824,2.0,tribonacci,0.04657802615596109,0.999999999965724
14.531975242368961,2.0,tribonacci,0.045935339535006496,1.0000000000049076
14.871154628089537,2.0,tribonacci,0.04547019947106464,0.999999999978379
15.218250532643863,2.0,tribonacci,0.04522715602433296,0.9999999999134874
15.573447729261343,2.0,tribonacci,0.04523605088139947,1.0000000000226634
15.936935303817744,2.0,tribonacci,0.04551174410282591,0.9999999999776141
16.308906755493325,2.0,tribonacci,0.04603929191714475,0.9999999999090551
16.68956009978024,2.0,tribonacci,0.046750191814795096,1.0000000000179334
17.079097973894278,2.0,tribonacci,0.047508973045482024,0.9999999999801747
17.47772774464681,2.0,tribonacci,0.04813026364734112,0.9999999999767619
17.885661618834618,2.0,tribonacci,0.048431327486704916,0.9999999999142393
18.30311675620612,2.0,tribonacci,0.048302505866225406,0.9999999999992477
18.730315385064376,2.0,tribonacci,0.047761074960057576,1.0000000000086686
19.16748492056815,2.0,tribonacci,0.046955037209350826,0.9999999999737782
19.614858085794303,2.0,tribonacci,0.04610866581265845,0.9999999999750383
20.072673035625694,2.0,tribonacci,0.04544052802207901,0.9999999999592348
20.541173483530642,2.0,tribonacci,0.04510597268544825,0.9999999999196814
21.020608831301583,2.0,tribonacci,0.04519020154304894,0.9999999999204034
21.511234301821663,2.0,tribonacci,0.04571906710962041,0.9999999999699359
22.013311074930314,2.0,tribonacci,0.0466326415928038,0.9999999999977618
22.527106426459802,2.0,tribonacci,0.047728627892337665,1.0000000000105471
23.052893870517085,2.0,tribonacci,0.04866020481278572,1.000000000007307
23.59095330508635,2.0,tribonacci,0.0490565230906018,0.9999999999976285
24.14157116103019,2.0,tribonacci,0.04872508679663149,0.9999999999777002
24.705040554568253,2.0,tribonacci,0.04779268962474122,0.9999999999414522
25.28166144331499,2.0,tribonacci,0.04665498020286481,0.9999999999114008
25.871740785959226,2.0,tribonacci,0.04576292835686607,0.9999999999436447
26.475592705670667,2.0,tribonacci,0.04542592717219601,0.999999999968131
27.093538657320515,2.0,tribonacci,0.045758027902854034,0.9999999999679824
27.725907598604824,2.0,tribonacci,0.04667163295287974,1.000000000004818
28.37303616516213,2.0,tribonacci,0.04778765912192709,0.9999999999461295
29.035268849778138,2.0,tribonacci,0.048440899613662707,0.9999999999515286
29.712958185773342,2.0,tribonacci,0.0480604222952534,0.9999999999641149
30.40646493467067,2.0,tribonacci,0.046716838745617224,1.000000000004578
31.116158278243613,2.0,tribonacci,0.04518451894880718,0.9999999999309731
31.84241601504653,2.0,tribonacci,0.04434347998641884,0.9999999999690659
32.585624761532245,2.0,tribonacci,0.04465214480496836,0.9999999999283004
33.34618015786364,2.0,tribonacci,0.04615214561144351,0.9999999999603376
34.124487078528894,2.0,tribonacci,0.048272617955655864,0.9999999999904875
34.920959847872716,2.0,tribonacci,0.0495683479774622,0.9999999999583997
35.736022460657864,2.0,tribonacci,0.048845024419303135,0.9999999999381806
36.570108807774915,2.0,tribonacci,0.04672498330643681,0.999999999957011
37.42366290721981,2.0,tribonacci,0.04501226813054132,0.9999999999205282
38.29713914046281,2.0,tribonacci,0.044837309174614606,0.9999999999839803
39.19100249433404,2.0,tribonacci,0.04639252041540805,0.9999999999572265
40.10572880855496,2.0,tribonacci,0.04862115261143705,0.9999999999515837
41.04180502904709,2.0,tribonacci,0.04905565338449974,0.9999999998559167
41.99972946715304,2.0,tribonacci,0.046966460749310775,0.9999999999774657
42.98001206490796,2.0,tribonacci,0.044744584721193484,0.9999999999974603
43.98317466650224,2.0,tribonacci,0.04445537983644927,0.9999999999632897
45.009751296080466,2.0,tribonacci,0.046433957495024936,0.9999999999449205
46.060288442024,2.0,tribonacci,0.04878999446523944,0.9999999999424956
47.13534534786909,2.0,tribonacci,0.04824321771950134,0.9999999999447394
48.23549431001467,2.0,tribonacci,0.04587317452505652,0.9999999999566308
49.36132098237917,2.0,tribonacci,0.04524417754808258,0.9999999999938133
50.51342468816764,2.0,tribonacci,0.04739536590493276,0.9999999999355452
51.69241873891598,2.0,tribonacci,0.04978523537138145,0.999999999882352
52.89893076098151,2.0,tribonacci,0.04774721526287296,0.9999999999319464
54.133603029653784,2.0,tribonacci,0.044292231839127866,0.9999999999832301
55.397092811064034,2.0,tribonacci,0.044394552923970564,0.9999999999071366
56.69007271207434,2.0,tribonacci,0.048239904874056876,0.9999999999550923
58.013231038333785,2.0,tribonacci,0.04960083754219849,0.9999999998258196
59.36727216069123,2.0,tribonacci,0.045870107317026704,0.9999999999570451
60.75291689016074,2.0,tribonacci,0.044504856244837736,0.99999999992359
62.17090286163827,2.0,tribonacci,0.04775199353368024,0.99999999983834
63.62198492657489,2.0,tribonacci,0.049437844085700296,0.9999999999497787
65.10693555481458,2.0,tribonacci,0.04590905893620651,0.9999999999589013
66.6265452458115,2.0,tribonacci,0.044588526880742003,0.9999999999444661
68.18162294944479,2.0,tribonacci,0.047337144443426876,0.9999999999204234
69.77299649665534,2.0,tribonacci,0.04742728072362663,0.9999999999273668
71.40151304013399,2.0,tribonacci,0.045353004392187965,0.9999999999558634
73.06803950529499,2.0,tribonacci,0.04625210795332056,0.999999999900697
74.77346305177588,2.0,tribonacci,0.048037045995012885,0.9999999998866412
76.51869154570822,2.0,tribonacci,0.04624918082585715,0.9999999999108352
78.30465404301187,2.0,tribonacci,0.045097381643966004,0.9999999998656003
80.13230128396887,2.0,tribonacci,0.04718304395994348,0.9999999998979228
82.0026061993413,2.0,tribonacci,0.04638871303563913,0.9999999998321669
83.91656442830157,2.0,tribonacci,0.04486826608903786,0.9999999999310287
85.8751948484517,2.0,tribonacci,0.04766372462368676,0.9999999998910356
87.8795401182132,2.0,tribonacci,0.04693001788954408,0.9999999998871737
89.93066723187619,2.0,tribonacci,0.04492722481839741,0.9999999998294542
92.02966808760415,2.0,tribonacci,0.047413111541352436,0.9999999998368043
94.17766006869519,2.0,tribonacci,0.04574383209154782,0.9999999998800796
96.37578663841089,2.0,tribonacci,0.04583596778290313,0.9999999998960497
98.62521794868779,2.0,tribonacci,0.04772023737667373,0.9999999998437138
100.92715146305709,2.0,tribonacci,0.045061174072532545,0.9999999998661474
103.28281259410285,2.0,tribonacci,0.04687777547784113,0.9999999997631873
105.69345535579883,2.0,tribonacci,0.04580236658553412,0.9999999999110516
108.16036303107094,2.0,tribonacci,0.04566301589449145,0.9999999999065576
110.6848488549412,2.0,tribonacci,0.0477209411540884,0.9999999998862946
113.26825671361537,2.0,tribonacci,0.0449662934837987,0.9999999999056036
115.91196185988856,2.0,tribonacci,0.04816544934522687,0.9999999998462171
118.6173716452478,2.0,tribonacci,0.04429001840391553,0.9999999998153464
121.38592626906276,2.0,tribonacci,0.047964972168101,0.9999999998679466
124.21909954526174,2.0,tribonacci,0.04428470626209935,0.999999999758106
127.11839968690288,2.0,tribonacci,0.048026894005443486,0.9999999998911735
130.08537010905707,2.0,tribonacci,0.04430286497895533,0.9999999998416026
133.12159025043076,2.0,tribonacci,0.04764893074863071,0.9999999998093049
136.22867641416468,2.0,tribonacci,0.04434414217712814,0.9999999998488711
139.40828262825772,2.0,tribonacci,0.0477167812019111,0.999999999820219
142.66210152607368,2.0,tribonacci,0.04463979866583052,0.9999999997892798
145.99186524739787,2.0,tribonacci,0.04606597086873679,0.999999999856592
149.39934636052578,2.0,tribonacci,0.04617124903758106,0.9999999997802845
152.88635880587296,2.0,tribonacci,0.0449301381224737,0.9999999997733139
156.45475886160958,2.0,tribonacci,0.04733383875752353,0.9999999997702657
160.10644613183177,2.0,tribonacci,0.04459682040403385,0.9999999998377659
163.84336455779848,2.0,tribonacci,0.04604787797959379,0.9999999996607556
167.66750345276992,2.0,tribonacci,0.04726990396808897,0.9999999997463739
171.58089856100048,2.0,tribonacci,0.04359909680540913,0.9999999995646563
175.5856331414469,2.0,tribonacci,0.04559873987949394,0.9999999997631008
179.68383907677193,2.0,tribonacci,0.04865517795370412,0.9999999997031818
183.8776980082327,2.0,tribonacci,0.04400672415931828,0.9999999997027239
188.16944249705557,2.0,tribonacci,0.04308895855984761,0.9999999995362839
192.56135721291986,2.0,tribonacci,0.04567204682255056,0.9999999996741386
197.05578015017983,2.0,tribonacci,0.04807457773243899,0.9999999995289749
201.65510387247465,2.0,tribonacci,0.046346696596380146,0.9999999996441468
206.36177678638586,2.0,tribonacci,0.043179020432920864,0.9999999993802353
211.17830444482442,2.0,tribonacci,0.04251782785815508,0.9999999994402496
216.10725088083765,2.0,tribonacci,0.0432844467224896,0.9999999995963508
221.15123997254886,2.0,tribonacci,0.04447910249054591,0.9999999996921133
226.31295683995296,2.0,tribonacci,0.04701689422971231,0.9999999994554996
231.59514927431522,2.0,tribonacci,0.04707878953620434,0.9999999996194228
237.0006292009328,2.0,tribonacci,0.04708789321192372,0.9999999994465577
242.5322741760353,2.0,tribonacci,0.045179283452629206,0.9999999992263533
248.19302891862552,2.0,tribonacci,0.04590156146798106,0.9999999991448046
253.9859068780724,2.0,tribonacci,0.04621201021984178,1.000000000050718
259.91399183829327,2.0,tribonacci,0.04765539583154592,0.9999999980586038
265.98043955937584,2.0,tribonacci,0.050097058191070645,0.9999999989678866
272.18847945751793,2.0,tribonacci,0.053097148027288446,0.9999999986061461
278.5414163241766,2.0,tribonacci,0.04468057733871388,0.9999999986840794
285.0426320853435,2.0,tribonacci,0.0387857460775889,0.9999999980783402
291.6955876018796,2.0,tribonacci,0.03754343713916257,0.9999999991349279
298.50382451187295,2.0,tribonacci,0.036535368990292943,0.9999999969689221
305.4709671159968,2.0,tribonacci,0.034451437084647145,0.9999999968438524
312.60072430687035,2.0,tribonacci,0.03408672981361338,0.9999999964143279
319.89689154345376,2.0,tribonacci,0.031121802753225347,0.9999999962882162
327.3633528715244,2.0,tribonacci,0.03336832501635975,0.999999995667898
335.0040829913133,2.0,tribonacci,0.03287151672099969,0.9999999963580045
342.8231493733971,2.0,tribonacci,0.0378796586875672,0.9999999953110419
350.82471442397923,2.0,tribonacci,0.031164514872034865,0.9999999951510119
359.01303770070683,2.0,tribonacci,0.02917203317266897,0.9999999948065328
367.39247818020743,2.0,tribonacci,0.030439174347477102,0.9999999945487145
375.96749657854673,2.0,tribonacci,0.03373489560034744,0.9999999941502612
384.74265772585017,2.0,tribonacci,0.0316209625168844,0.9999999926236763
393.72263299634795,2.0,tribonacci,0.027104926833913114,0.9999999926946153
402.91220279513476,2.0,tribonacci,0.02734591055825215,0.9999999924771794
412.3162591029752,2.0,tribonacci,0.0359841293597608,0.9999999917697734
421.9398080805024,2.0,tribonacci,0.035290600831859434,0.99999999159711
431.78797273320214,2.0,tribonacci,0.03790860236797744,0.9999999925263066
441.86599563859414,2.0,tribonacci,0.034378696595773625,0.9999999903625807
452.1792417370702,2.0,tribonacci,0.03377074406356086,0.9999999907385627
462.7332011878689,2.0,tribonacci,0.03084072621083919,0.9999999886092795
473.53349229171164,2.0,tribonacci,0.03277316611896028,0.9999999893163259
484.58586448164954,2.0,tribonacci,0.02960003698384546,0.9999999885516987
495.8962013837212,2.0,tribonacci,0.030721017688736973,0.9999999875012794
507.4705239490466,2.0,tribonacci,0.02751208487180751,0.9999999873192157
519.3149936590212,2.0,tribonacci,0.03287103135708267,0.999999986607028
531.4359158053242,2.0,tribonacci,0.032335448050028325,0.9999999858007529
543.8397428464796,2.0,tribonacci,0.027621466346388384,0.999999984990812
556.5330778427646,2.0,tribonacci,0.037037930118462556,0.9999999852863064
569.5226779712825,2.0,tribonacci,0.031814553659805456,0.9999999827682159
582.8154581230846,2.0,tribonacci,0.03470770611590273,0.9999999838122876
596.418494584246,2.0,tribonacci,0.02818800398718622,0.9999999824201112
610.3390288028621,2.0,tribonacci,0.033646071996961034,0.9999999804912012
624.5844712439617,2.0,tribonacci,0.025780410911034356,0.9999999820109873
639.1624053343999,2.0,tribonacci,0.028708968750062656,0.9999999804535099
654.0805914998252,2.0,tribonacci,0.03706335653158073,0.9999999820341433
669.3469712958661,2.0,tribonacci,0.03012663982458503,0.9999999808699837
684.9696716357447,2.0,tribonacci,0.03133948875960578,0.999999980054615
700.9570091165617,2.0,tribonacci,0.029999874857416998,0.9999999785022999
717.3174944465612,2.0,tribonacci,0.03445185963426462,0.9999999762087727
734.0598369757212,2.0,tribonacci,0.034499644658253996,0.999999977926735
751.1929493320969,2.0,tribonacci,0.03066631966087389,0.9999999766223054
768.7259521663727,2.0,tribonacci,0.027552873256892842,0.9999999760744107
786.6681790071582,2.0,tribonacci,0.027994539994346472,0.9999999749998205
805.0291812295981,2.0,tribonacci,0.03380180639143182,0.999999975136235
823.8187331399602,2.0,tribonacci,0.029926444614782586,0.9999999751147034
843.0468371788967,2.0,tribonacci,0.039534163583056225,0.9999999730308493
862.723729246145,2.0,tribonacci,0.027164639698390957,0.999999972446598
882.859884149515,2.0,tribonacci,0.028691251747158857,0.9999999717552341
903.4660211810525,2.0,tribonacci,0.028005491699985657,0.9999999708699409
924.5531098233571,2.0,tribonacci,0.024237701023938477,0.999999968646356
946.1323755890769,2.0,tribonacci,0.03439105021017934,0.9999999671110507
968.2153059967086,2.0,tribonacci,0.03179199087262159,0.9999999651111008
990.8136566858666,2.0,tribonacci,0.03212898149397143,0.9999999664042495
1013.9394576752917,2.0,tribonacci,0.03632619723428146,0.9999999665553724
1037.6050197669117,2.0,tribonacci,0.03300537530073807,0.9999999649068333
1061.8229410993836,2.0,tribonacci,0.022119289925302793,0.9999999635824465
1086.6061138545967,2.0,tribonacci,0.023229762812836372,0.9999999625765429
1111.967731120699,2.0,tribonacci,0.03285043332640668,0.9999999626548634
1137.9212939153151,2.0,tribonacci,0.030874510473719866,0.9999999609092125
1164.4806183726855,2.0,tribonacci,0.025347479563099448,0.9999999602931858
1191.6598430985587,2.0,tribonacci,0.021752209160217636,0.9999999584798779
1219.4734366967382,2.0,tribonacci,0.03457027638110388,0.9999999569170502
1247.9362054713115,2.0,tribonacci,0.029352940071843765,0.9999999554481652
1277.0633013086433,2.0,tribonacci,0.030112228473210056,0.9999999538294235
1306.8702297433463,2.0,tribonacci,0.024291765850487035,0.9999999524296656
1337.3728582124963,2.0,tribonacci,0.024086210405126117,0.9999999526550265
1368.5874245025177,2.0,tribonacci,0.03118771098768947,0.9999999494514166
1400.5305453932197,2.0,tribonacci,0.02759459166703051,0.9999999499498998
1433.2192255035739,2.0,tribonacci,0.027520658584497835,0.9999999485427209
1466.6708663439686,2.0,tribonacci,0.022158011849095834,0.999999945327033
1500.903275579735,2.0,tribonacci,0.02608783166852278,0.9999999449709452
1535.934676510897,2.0,tribonacci,0.027623065266056318,0.9999999437991197
1571.7837177731628,2.0,tribonacci,0.03001558712728428,0.9999999434528505
1608.4694832653552,2.0,tribonacci,0.023572145806641583,0.9999999402929887
1646.0115023085498,2.0,tribonacci,0.023850246096519548,0.99999993817126
1684.4297600423151,2.0,tribonacci,0.02710349420267362,0.9999999381705666
1723.7447080636198,2.0,tribonacci,0.025473113827152307,0.9999999363238403
1763.9772753140435,2.0,tribonacci,0.02112920636547777,0.9999999350376348
1805.1488792211082,2.0,tribonacci,0.028731970693163685,0.9999999312818563
1847.281437099634,2.0,tribonacci,0.024063140315503273,0.9999999317299544
1890.3973778192214,2.0,tribonacci,0.022507348778247796,0.9999999291363946
1934.5196537440443,2.0,tribonacci,0.027861297919674375,0.9999999270363713
1979.6717529513326,2.0,tribonacci,0.023253545768586226,0.9999999261568764
2025.877711735017,2.0,tribonacci,0.022540473224677015,0.9999999243086009
2073.162127401229,2.0,tribonacci,0.02562162468368597,0.9999999225985928
2121.5501713624503,2.0,tribonacci,0.03106758119078709,0.9999999194980769
2171.067602537265,2.0,tribonacci,0.025840537050615012,0.9999999179596069
2221.7407810628847,2.0,tribonacci,0.029431764683944282,0.999999916307458
2273.596682327715,2.0,tribonacci,0.022863494620070573,0.9999999141228159
2326.662911331458,2.0,tribonacci,0.02522044040520163,0.9999999125100725
2380.9677173803584,2.0,tribonacci,0.03059179669470099,0.9999999103600042
2436.540009125466,2.0,tribonacci,0.024303032443075287,0.999999907950481
2493.409369951878,2.0,tribonacci,0.01997377909708641,0.9999999062555762
2551.6060737271837,2.0,tribonacci,0.021741741008421186,0.9999999047333415
2611.1611009174594,2.0,tribonacci,0.02249617677485123,0.999999902539903
2672.1061550794325,2.0,tribonacci,0.020313124982053805,0.9999999006151145
2734.47367973758,2.0,tribonacci,0.021105620961099483,0.9999998984937247
2798.296875655116,2.0,tribonacci,0.018156306080955698,0.9999998970791182
2863.6097185081157,2.0,tribonacci,0.017076722761602436,0.9999998942990524
2930.4469769721413,2.0,tribonacci,0.01829771771123851,0.9999998920113723
2998.8442312310276,2.0,tribonacci,0.016605292530290385,0.9999998899737237
3068.837891917642,2.0,tribonacci,0.017430706776589405,0.9999998880889412
3140.465219496752,2.0,tribonacci,0.017517858036089132,0.999999884756821
3213.7643441002756,2.0,tribonacci,0.017068127475237903,0.9999998810874545
3288.77428582551,2.0,tribonacci,0.013701555364170956,0.9999998787989084
3365.5349755070943,2.0,tribonacci,0.01523229915538457,0.999999876701016
3444.08727597382,2.0,tribonacci,0.015787744242684164,0.9999998751215692
3524.473003801584,2.0,tribonacci,0.013711425518160182,0.9999998730102956
3606.734951574028,2.0,tribonacci,0.014463351771895618,0.99999987014326
3690.9169106627783,2.0,tribonacci,0.01214421909094724,0.9999998680557832
3777.0636945393644,2.0,tribonacci,0.011913518922790762,0.9999998664371192
3865.221162631262,2.0,tribonacci,0.013139673630427165,0.9999998618256862
3955.4362447347016,2.0,tribonacci,0.011468530530265333,0.9999998585217006
4047.7569659973224,2.0,tribonacci,0.010159051122901204,0.9999998568624034
4142.232472483894,2.0,tribonacci,0.012874198491421344,0.9999998536970116
4238.913057338778,2.0,tribonacci,0.014061516080023687,0.9999998494179432
4337.850187558989,2.0,tribonacci,0.012852015618687608,0.9999998482078251
4439.096531392166,2.0,tribonacci,0.012032843663138865,0.9999998452754522
4542.705986374042,2.0,tribonacci,0.011883270574010169,0.999999841971388
4648.733708020257,2.0,tribonacci,0.011100614204468008,0.9999998397967211
4757.236139187889,2.0,tribonacci,0.01306805400417835,0.9999998353704187
4868.2710401222785,2.0,tribonacci,0.012080466581134285,0.9999998321379201
4981.89751920516,2.0,tribonacci,0.010997050525406464,0.9999998292109598
5098.176064420424,2.0,tribonacci,0.01030556348126857,0.999999824865001
5217.168575554349,2.0,tribonacci,0.00995682045483117,0.9999998211395353
5338.93839714735,2.0,tribonacci,0.010226471757958116,0.9999998175083471
5463.550352214876,2.0,tribonacci,0.010047975262595613,0.9999998148777012
5591.070776755293,2.0,tribonacci,0.011165118906153463,0.9999998107403015
5721.567555063246,2.0,tribonacci,0.011611437798523578,0.9999998070860155
5855.110155867238,2.0,tribonacci,0.010771392059650782,0.9999998037297784
5991.769669310619,2.0,tribonacci,0.009592424454895552,0.9999997990982992
6131.618844795775,2.0,tribonacci,0.009964735735255633,0.9999997957918235
6274.732129711574,2.0,tribonacci,0.00895436944103856,0.999999789434003
6421.185709064758,2.0,tribonacci,0.008825879695672174,0.9999997868843468
6571.057546036271,2.0,tribonacci,0.009105480416543788,0.9999997818562357
6724.42742348425,2.0,tribonacci,0.00823413266993609,0.9999997777683137
6881.376986415663,2.0,tribonacci,0.008710812357857816,0.9999997750757221
7041.989785449288,2.0,tribonacci,0.008024148432123226,0.9999997708496697
7206.351321293052,2.0,tribonacci,0.007858703796130816,0.9999997651773223
7374.549090259547,2.0,tribonacci,0.008435407684419399,0.9999997593431273
7546.6726308438865,2.0,tribonacci,0.008637988653363895,0.9999997539855653
7722.813571388642,2.0,tribonacci,0.00827602536148755,0.9999997506591091
7903.065678861348,2.0,tribonacci,0.008475487049091691,0.9999997449398007
8087.524908770449,2.0,tribonacci,0.010678417658437328,0.9999997395290245
8276.289456246344,2.0,tribonacci,0.009453234470310217,0.9999997356545599
8469.459808314585,2.0,tribonacci,0.007542342494886129,0.9999997312669855
8667.138797389232,2.0,tribonacci,0.008572357854212585,0.999999724027741
8869.431656014704,2.0,tribonacci,0.007929534439085444,0.9999997181937209
9076.446072885356,2.0,tribonacci,0.009403730164266664,0.9999997135952667
9288.292250172499,2.0,tribonacci,0.009128311049132235,0.9999997082328529
9505.082962189503,2.0,tribonacci,0.008158760874369259,0.9999997017676682
9726.93361542617,2.0,tribonacci,0.00937641412963807,0.9999996955942869
9953.962309984234,2.0,tribonacci,0.007940632151960513,0.9999996886242472
10186.289902446864,2.0,tribonacci,0.006320084255662388,0.9999996838518286
10424.040070215558,2.0,tribonacci,0.007351494288484652,0.9999996750715036
10667.339377348571,2.0,tribonacci,0.0063284255508923495,0.9999996688138549
10916.317341936148,2.0,tribonacci,0.007206305726493861,0.9999996623315379
11171.106505048241,2.0,tribonacci,0.007022264705349487,0.9999996568790677
11431.842501291503,2.0,tribonacci,0.007711550816259927,0.9999996501640988
11698.664131013058,2.0,tribonacci,0.006141611008338678,0.9999996428958375
11971.713434189656,2.0,tribonacci,0.0059462377786333575,0.9999996366244407
12251.135766041178,2.0,tribonacci,0.006018523786263822,0.9999996306013781
12537.079874409197,2.0,tribonacci,0.00621293596504538,0.9999996212223605
12829.697978941475,2.0,tribonacci,0.00568753385285558,0.999999613302779
13129.145852124653,2.0,tribonacci,0.005863546023560009,0.9999996079172098
13435.582902208263,2.0,tribonacci,0.004721704728221735,0.9999996002316589
13749.172258064205,2.0,tribonacci,0.005648028921996602,0.9999995937843589
14070.080856026836,2.0,tribonacci,0.00554903069495001,0.9999995844877981
14398.479528760066,2.0,tribonacci,0.006216188839183618,0.9999995781295709
14734.543096198344,2.0,tribonacci,0.006065584028263515,0.9999995674986262
15078.45045861051,2.0,tribonacci,0.00529757380746954,0.999999561806012
15430.384691835645,2.0,tribonacci,0.005723686638373199,0.9999995530324508
15790.533144741757,2.0,tribonacci,0.004910756417666812,0.9999995440051527
16159.087538959191,2.0,tribonacci,0.007385523015813317,0.9999995350762172
16536.244070941786,2.0,tribonacci,0.005091131879799543,0.999999527171876
16922.203516410354,2.0,tribonacci,0.005375109719526448,0.9999995173305006
17317.17133723353,2.0,tribonacci,0.004444469009737754,0.9999995090570294
17721.357790803584,2.0,tribonacci,0.005422359835063159,0.9999994993710285
18134.978041964954,2.0,tribonacci,0.004352414533100311,0.9999994893445069
18558.252277555188,2.0,tribonacci,0.00426521293802215,0.999999481109303
18991.405823619356,2.0,tribonacci,0.005394485514272544,0.9999994703577251
19434.669265360182,2.0,tribonacci,0.004958995887278235,0.9999994625140635
19888.278569888076,2.0,tribonacci,0.004499217982538327,0.9999994520538203
20352.475211835757,2.0,tribonacci,0.004649193914263268,0.9999994426809852
20827.50630190514,2.0,tribonacci,0.00461651656231407,0.9999994331296684
21313.624718414376,2.0,tribonacci,0.004270453289697606,0.9999994232119647
21811.0892419152,2.0,tribonacci,0.004121840762095379,0.9999994131557117
22320.164692952345,2.0,tribonacci,0.00424603500242435,0.9999994030061361
22841.122073038256,2.0,tribonacci,0.003626168136605796,0.999999392290211
23374.238708918125,2.0,tribonacci,0.003848914991758737,0.999999381093446
23919.798400202373,2.0,tribonacci,0.0033908560630883052,0.9999993715847101
24478.0915704444,2.0,tribonacci,0.0030363293947756674,0.999999360416853
25049.415421745023,2.0,tribonacci,0.0031682048686570022,0.9999993492658105
25634.07409296515,2.0,tribonacci,0.0032969488723921456,0.999999337166176
26232.378821631235,2.0,tribonacci,0.0032834794213131725,0.9999993266059748
26844.64810961965,2.0,tribonacci,0.0035091560688642587,0.9999993151415524
27471.207892708087,2.0,tribonacci,0.0031758693503328187,0.999999303581304
28112.391714084613,2.0,tribonacci,0.0032682086164650967,0.999999290349276
28768.54090190591,2.0,tribonacci,0.0028622106008217665,0.999999279435924
29440.00475100034,2.0,tribonacci,0.003212071445330424,0.9999992647846027
30127.140708811643,2.0,tribonacci,0.003532166515365292,0.999999253735359
30830.31456568277,2.0,tribonacci,0.0031494024262987983,0.9999992404118604
31549.900649580886,2.0,tribonacci,0.002960869501411997,0.9999992278993747
32286.28202536727,2.0,tribonacci,0.0026960616412544137,0.9999992152710482
33039.85069871855,2.0,tribonacci,0.0028492098208929566,0.9999992002648785
33811.00782480682,2.0,tribonacci,0.0024190766223819685,0.9999991859659911
34600.16392185109,2.0,tribonacci,0.0031453598605269977,0.9999991718356571
35407.7390896527,2.0,tribonacci,0.003169108012274591,0.9999991570720996
36234.1632332315,2.0,tribonacci,0.0026802861276759007,0.9999991410141634
37079.87629168172,2.0,tribonacci,0.0033517529628650238,0.9999991268343367
37945.32847236942,2.0,tribonacci,0.003012533066525214,0.9999991111058273
38830.98049059601,2.0,tribonacci,0.0023764244515210057,0.999999095759228
39737.303814856044,2.0,tribonacci,0.002845809983424165,0.9999990787003928
40664.78091781854,2.0,tribonacci,0.002550076642158272,0.9999990610911487
41613.90553316707,2.0,tribonacci,0.002322013880992039,0.9999990446268755
42585.18291843415,2.0,tribonacci,0.0025483882573607633,0.9999990277791682
43579.130123970295,2.0,tribonacci,0.002612314243338375,0.9999990097801588
44596.27626819095,2.0,tribonacci,0.0027451683211884162,0.9999989941568594
45637.16281924754,2.0,tribonacci,0.00234334875591958,0.9999989741851936
46702.34388327331,2.0,tribonacci,0.0023883673569572994,0.9999989575973594
47792.38649935595,2.0,tribonacci,0.0025124450631144046,0.9999989364085069
48907.8709413959,2.0,tribonacci,0.0023153669265471954,0.9999989184615454
50049.39102700954,2.0,tribonacci,0.0023311489927543344,0.9999988995346483
51217.554433642414,2.0,tribonacci,0.002249501327622717,0.9999988792069057
52412.983022060616,2.0,tribonacci,0.0022709396169752617,0.9999988582441459
53636.31316739234,2.0,tribonacci,0.002464745137290675,0.9999988365991993
54888.19609789666,2.0,tribonacci,0.0024703245165068935,0.9999988174160701
56169.29824163804,2.0,tribonacci,0.002294863041049095,0.9999987958268743
57480.30158125351,2.0,tribonacci,0.002198071110565478,0.9999987738554195
58821.90401699956,2.0,tribonacci,0.001953837799136915,0.9999987513603061
60194.819738272745,2.0,tribonacci,0.0020448119770911074,0.9999987287794709
61599.77960380169,2.0,tribonacci,0.002227791807702651,0.9999987057305995
63037.53153071282,2.0,tribonacci,0.0021614245908412777,0.9999986800725338
64508.84089267686,2.0,tribonacci,0.002279483443569332,0.9999986565143933
66014.49092734883,2.0,tribonacci,0.0019433818445571043,0.999998633303147
67555.2831533164,2.0,tribonacci,0.0018929300115172944,0.9999986090380798
69132.03779678128,2.0,tribonacci,0.0020176032149674676,0.999998584583106
70745.59422819878,2.0,tribonacci,0.001894884936450959,0.9999985604264398
72396.81140910876,2.0,tribonacci,0.001919357067945239,0.9999985350781255
74086.56834939567,2.0,tribonacci,0.001762808521554984,0.9999985076447699
75815.76457522102,2.0,tribonacci,0.0017171721206652162,0.9999984814783345
77585.32060787828,2.0,tribonacci,0.00154608510593443,0.999998453727776
79396.17845382275,2.0,tribonacci,0.0017217777523735875,0.9999984258380065
81249.30210614047,2.0,tribonacci,0.001801396742120448,0.9999983978060285
83145.67805772064,2.0,tribonacci,0.0016591904095158256,0.99999836920385
85086.31582640581,2.0,tribonacci,0.0018059561799273233,0.9999983395992093
87072.24849239922,2.0,tribonacci,0.0017509934778360639,0.999998310204136
89104.53324821504,2.0,tribonacci,0.0016869724846878382,0.9999982796730632
91184.25196146562,2.0,tribonacci,0.0017614228059101176,0.9999982490703955
93312.5117507824,2.0,tribonacci,0.0015602008939502876,0.9999982161284982
95490.44557518078,2.0,tribonacci,0.001646359722119459,0.9999981830406339
97719.21283717996,2.0,tribonacci,0.0016828569290962764,0.9999981489754151
100000.0,2.0,tribonacci,0.001673562146786381,0.9999981146983893
