N,time,lambda,chain,IPR,norm
500,0.0,0.5,fibonacci,0.020964511224918797,1.0
500,1.0,0.5,fibonacci,0.020962946185368796,1.000000000001097
500,1.0312831606721848,0.5,fibonacci,0.020962807285502934,1.0000000000009814
500,1.0635449574860112,0.5,fibonacci,0.02096265522683823,1.0000000000006126
500,1.096816005273138,0.5,fibonacci,0.020962488759500485,1.0000000000000087
500,1.1311278765939214,0.5,fibonacci,0.02096230652710832,0.9999999999992784
500,1.1665131316981963,0.5,fibonacci,0.02096210706088492,0.9999999999986272
500,1.2030053494233244,0.5,fibonacci,0.020961888774119156,0.9999999999983237
500,1.240639159058832,0.5,fibonacci,0.02096164995713621,0.9999999999985895
500,1.2794502732078736,0.5,fibonacci,0.020961388772952876,0.9999999999993759
500,1.3194755216767062,0.5,fibonacci,0.020961103253801475,0.9999999999999688
500,1.3607528864243335,0.5,fibonacci,0.020960791300058488,1.000000000000015
500,1.403321537605485,0.5,fibonacci,0.020960450680770352,0.9999999999999969
500,1.4472218707411348,0.5,fibonacci,0.02096007903441054,0.9999999999999507
500,1.4924955450518296,0.5,fibonacci,0.020959673873804676,1.0000000000000486
500,1.5391855229902058,0.5,fibonacci,0.020959232593504826,1.0000000000003793
500,1.587336111010209,0.5,fibonacci,0.020958752480584465,1.000000000000824
500,1.6369930016117025,0.5,fibonacci,0.020958230729359956,1.0000000000010736
500,1.6882033167003634,0.5,fibonacci,0.020957664460545023,1.0000000000007936
500,1.7410156523040161,0.5,fibonacci,0.02095705074531833,0.999999999999896
500,1.7954801246878311,0.5,fibonacci,0.020956386634721463,0.999999999998782
500,1.8516484179121548,0.5,fibonacci,0.020955669194688796,0.9999999999983148
500,1.9095738328780973,0.5,fibonacci,0.02095489554682448,0.9999999999991412
500,1.9693113379074225,0.5,fibonacci,0.020954062914777735,0.9999999999999581
500,2.0309176209047357,0.5,fibonacci,0.020953168677654423,1.000000000000002
500,2.0944511431514696,0.5,fibonacci,0.020952210428947404,0.9999999999999297
500,2.159972194782718,0.5,fibonacci,0.020951186038721394,1.000000000000212
500,2.2275429519995575,0.5,fibonacci,0.020950093721438304,1.0000000000009097
500,2.2972275360711523,0.5,fibonacci,0.020948932105787757,1.000000000001239
500,2.369092074182633,0.5,fibonacci,0.02094770030473667,1.0000000000003324
500,2.4432047621864883,0.5,fibonacci,0.020946397983808405,0.9999999999985945
500,2.519635929317015,0.5,fibonacci,0.020945025425533052,0.9999999999981367
500,2.598458104929249,0.5,fibonacci,0.020943583588140295,0.9999999999998239
500,2.6797460873256913,0.5,fibonacci,0.02094207415422745,0.9999999999999877
500,2.763577014736159,0.5,fibonacci,0.02094049956048403,0.9999999999999241
500,2.850030438518107,0.5,fibonacci,0.020938863016079157,1.0000000000005766
500,2.9391883986468863,0.5,fibonacci,0.02093716850119578,1.0000000000013185
500,3.0311355015675785,0.5,fibonacci,0.020935420741648253,1.0000000000002054
500,3.1259590004822804,0.5,fibonacci,0.020933625156007878,0.9999999999980321
500,3.2237488781490296,0.5,fibonacci,0.020931787779868774,0.9999999999990067
500,3.3245979322709407,0.5,fibonacci,0.020929915175330868,0.9999999999999615
500,3.428601863556586,0.5,fibonacci,0.020928014295467225,0.9999999999999206
500,3.5358593665351785,0.5,fibonacci,0.02092609232822176,1.0000000000008065
500,3.646472223212748,0.5,fibonacci,0.02092415651615012,1.0000000000008236
500,3.760545399658171,0.5,fibonacci,0.020922213926953495,0.9999999999984439
500,3.8781871456107226,0.5,fibonacci,0.020920271166226388,0.9999999999991634
500,3.9995090972036653,0.5,fibonacci,0.020918334033454507,0.9999999999999272
500,4.1246263829013525,0.5,fibonacci,0.02091640703574724,1.0000000000001719
500,4.253657732750387,0.5,fibonacci,0.020914492741703733,1.0000000000012288
500,4.386725591048498,0.5,fibonacci,0.02091259090017068,0.9999999999989375
500,4.523956232538054,0.5,fibonacci,0.020910697217092825,0.9999999999988289
500,4.6654798822344725,0.5,fibonacci,0.0209088017316431,0.9999999999998977
500,4.811430839003259,0.5,fibonacci,0.020906886669256195,1.000000000000518
500,4.961947603002903,0.5,fibonacci,0.020904923717866616,1.0000000000010796
500,5.117173007114605,0.5,fibonacci,0.020902870724336425,0.9999999999974826
500,5.277254352483538,0.5,fibonacci,0.020900667878982336,0.9999999999998734
500,5.442343548300267,0.5,fibonacci,0.020898233617067302,1.0000000000000513
500,5.612597255954972,0.5,fibonacci,0.0208954606174782,1.0000000000011844
500,5.788177037701274,0.5,fibonacci,0.020892212505063894,0.9999999999975747
500,5.969249509970735,0.5,fibonacci,0.020888322079509337,0.9999999999998617
500,6.155986501483509,0.5,fibonacci,0.02088359201390186,1.0000000000005065
500,6.348565216305219,0.5,fibonacci,0.02087779914300383,0.9999999999995627
500,6.547168402004738,0.5,fibonacci,0.02087070327462802,0.9999999999996041
500,6.751984523072503,0.5,fibonacci,0.020862061187984164,0.9999999999999335
500,6.963207939763885,0.5,fibonacci,0.020851645886283868,1.0000000000006688
500,7.181039092537351,0.5,fibonacci,0.02083927026126987,0.9999999999986885
500,7.405684692262437,0.5,fibonacci,0.020824813273210382,0.999999999999828
500,7.637357916378021,0.5,fibonacci,0.02080824556419894,1.0000000000005207
500,7.876278611187057,0.5,fibonacci,0.020789650618923645,0.9999999999994144
500,8.122673500479713,0.5,fibonacci,0.020769237141501397,1.000000000000222
500,8.376776400682918,0.5,fibonacci,0.020747338858866038,0.9999999999985137
500,8.638828442740447,0.5,fibonacci,0.0207243994141484,0.9999999999997599
500,8.909078300934137,0.5,fibonacci,0.02070094227191845,1.0000000000014322
500,9.187782428863335,0.5,fibonacci,0.02067752805485193,0.9999999999984678
500,9.475205302806543,0.5,fibonacci,0.020654703480865958,1.0000000000003584
500,9.771619672696177,0.5,fibonacci,0.020632946207334864,0.9999999999972867
500,10.077306820944612,0.5,fibonacci,0.02061260763897626,0.9999999999996746
500,10.392556829367125,0.5,fibonacci,0.020593852887248916,0.9999999999983051
500,10.71766885445503,0.5,fibonacci,0.020576595699109863,0.9999999999995789
500,11.052951411260215,0.5,fibonacci,0.02056043173428042,0.9999999999984155
500,11.39872266616052,0.5,fibonacci,0.020544587650660712,0.9999999999995369
500,11.755310738783693,0.5,fibonacci,0.02052792379907121,0.9999999999977774
500,12.123054013376523,0.5,fibonacci,0.020509042038283635,0.9999999999996367
500,12.502301459914554,0.5,fibonacci,0.020486539043497138,0.9999999999972583
500,12.89341296525715,0.5,fibonacci,0.020459395537445014,1.0000000000008147
500,13.29675967466212,0.5,fibonacci,0.02042741073962943,0.9999999999994964
500,13.712724343984002,0.5,fibonacci,0.020391518745889913,1.0000000000001479
500,14.141701702890233,0.5,fibonacci,0.02035381529196658,0.999999999999471
500,14.584098829439856,0.5,fibonacci,0.02031721368212634,0.999999999997434
500,15.040335536380244,0.5,fibonacci,0.020284803299654375,1.0000000000008626
500,15.510844769528397,0.5,fibonacci,0.02025910422680909,0.9999999999994388
500,15.996073018614878,0.5,fibonacci,0.020241400704490025,0.9999999999990626
500,16.496480740980207,0.5,fibonacci,0.020231217357130314,0.9999999999980749
500,17.012542798525892,0.5,fibonacci,0.02022596322089585,1.0000000000015168
500,17.544748908334597,0.5,fibonacci,0.02022099153995792,0.9999999999992205
500,18.093604107387165,0.5,fibonacci,0.020210624656326715,0.9999999999992206
500,18.65962923181746,0.5,fibonacci,0.02019045949022679,0.9999999999975877
500,19.2433614111598,0.5,fibonacci,0.02016015403353154,0.9999999999970645
500,19.845354578058032,0.5,fibonacci,0.020124756838162706,1.0000000000009768
500,20.466179993919898,0.5,fibonacci,0.020093089630356126,1.0000000000007727
500,21.106426791015547,0.5,fibonacci,0.020073821017858057,1.0000000000003952
500,21.76670253153459,0.5,fibonacci,0.020071298152017893,1.0000000000007128
500,22.44763378413224,0.5,fibonacci,0.020082437144663418,1.000000000000721
500,23.14986671851161,0.5,fibonacci,0.02009565246691607,1.0000000000002405
500,23.87406771860647,0.5,fibonacci,0.02009479828282241,1.000000000000246
500,24.620924014946254,0.5,fibonacci,0.020069728117581297,0.9999999999990394
500,25.39114433680347,0.5,fibonacci,0.020026413437607755,0.9999999999957927
500,26.185459584742325,0.5,fibonacci,0.01998512177240429,0.9999999999967366
500,27.00462352420682,0.5,fibonacci,0.019965938758214254,0.9999999999987546
500,27.849413500806442,0.5,fibonacci,0.01997270632888416,1.0000000000000127
500,28.72063117797828,0.5,fibonacci,0.01998516455127689,0.999999999999099
500,29.619103297725534,0.5,fibonacci,0.01996881591108542,0.9999999999985103
500,30.545682465154318,0.5,fibonacci,0.019906428066546886,0.999999999999559
500,31.50124795755328,0.5,fibonacci,0.01982241104879634,0.9999999999962511
500,32.486706558783744,0.5,fibonacci,0.019762642632150107,0.9999999999983868
500,33.502993419772295,0.5,fibonacci,0.01974503809069338,0.9999999999968961
500,34.55107294592218,0.5,fibonacci,0.01972959410801822,0.999999999998254
500,35.631939712285856,0.5,fibonacci,0.019647632928992746,0.9999999999959088
500,36.7466194073669,0.5,fibonacci,0.019489255245909873,1.000000000000478
500,37.896169806447176,0.5,fibonacci,0.01932965547437786,0.9999999999981516
500,39.08168177536266,0.5,fibonacci,0.01922306373174374,0.9999999999943813
500,40.30428030568053,0.5,fibonacci,0.019106016069056257,0.9999999999991952
500,41.5651255822599,0.5,fibonacci,0.018862574907970903,1.0000000000001101
500,42.86541408420927,0.5,fibonacci,0.01851757870813259,0.9999999999979657
500,44.20637972028532,0.5,fibonacci,0.01821364209000405,0.9999999999976935
500,45.58929499981062,0.5,fibonacci,0.017962354238152196,0.999999999997506
500,47.01547224022132,0.5,fibonacci,0.017613935353556574,0.9999999999975221
500,48.48626481239081,0.5,fibonacci,0.017171089546107385,0.9999999999978322
500,50.00306842491092,0.5,fibonacci,0.01684218226490757,0.9999999999999443
500,51.56732244854966,0.5,fibonacci,0.01663699916736319,0.9999999999956596
500,53.180511282142,0.5,fibonacci,0.016367503753553652,0.9999999999970567
500,54.84416576121018,0.5,fibonacci,0.016117062786924145,0.9999999999983621
500,56.55986461065005,0.5,fibonacci,0.01606548659261408,0.9999999999915231
500,58.329235942862034,0.5,fibonacci,0.016030365526438103,0.9999999999986222
500,60.153958802748356,0.5,fibonacci,0.01589920188982894,0.9999999999964221
500,62.035764761042714,0.5,fibonacci,0.015887529411075126,0.9999999999901533
500,63.97643955748427,0.5,fibonacci,0.015817877676019797,0.9999999999973175
500,65.97782479539536,0.5,fibonacci,0.015494705338192916,0.9999999999978159
500,68.04181968927098,0.5,fibonacci,0.015199060757190191,0.9999999999978024
500,70.17038286703826,0.5,fibonacci,0.014744582750279497,1.000000000000016
500,72.36553422869653,0.5,fibonacci,0.014207826201336827,0.999999999996809
500,74.62935686310134,0.5,fibonacci,0.013827446598353544,0.9999999999919926
500,76.96399902471158,0.5,fibonacci,0.013399315630463421,0.9999999999949937
500,79.37167617217551,0.5,fibonacci,0.013191394278316431,0.9999999999977314
500,81.8546730706903,0.5,fibonacci,0.01300717329350051,0.9999999999946083
500,84.41534596012986,0.5,fibonacci,0.012944296799690792,0.9999999999900662
500,87.05612479099865,0.5,fibonacci,0.01291787586734812,0.9999999999965495
500,89.77951553033323,0.5,fibonacci,0.012901286843968964,0.9999999999978579
500,92.58810253973955,0.5,fibonacci,0.012931561784204917,0.9999999999959134
500,95.48455102782293,0.5,fibonacci,0.012930776424225746,0.9999999999883025
500,98.47160957933774,0.5,fibonacci,0.012921439813442091,0.9999999999930769
500,101.5521127634568,0.5,fibonacci,0.01280876249794187,0.9999999999936933
500,104.72898382363586,0.5,fibonacci,0.012520186227308907,0.9999999999927117
500,108.00523745162529,0.5,fibonacci,0.012276390848758851,0.9999999999923357
500,111.38398264826195,0.5,fibonacci,0.01203815476090571,0.9999999999920476
500,114.86842567375535,0.5,fibonacci,0.012203546672700212,0.9999999999918159
500,118.46187309026836,0.5,fibonacci,0.012528521542105925,0.9999999999944654
500,122.16773489967919,0.5,fibonacci,0.012965192267870908,0.9999999999914615
500,125.98952777950272,0.5,fibonacci,0.013264224325336683,0.9999999999893004
500,129.93087842004158,0.5,fibonacci,0.01307925407918398,0.9999999999874009
500,133.99552696593383,0.5,fibonacci,0.012748612821457707,0.9999999999885564
500,138.18733056536323,0.5,fibonacci,0.012747702798149945,0.9999999999903494
500,142.5102670302998,0.5,fibonacci,0.013109203285299928,0.9999999999879557
500,146.9684386112446,0.5,fibonacci,0.013577634488802899,0.9999999999919288
500,151.5660758900603,0.5,fibonacci,0.01401302403434209,0.9999999999914684
500,156.30754179458157,0.5,fibonacci,0.014469288064537988,0.9999999999869073
500,161.1973357388157,0.5,fibonacci,0.014793044366321104,0.9999999999890682
500,166.2400978926612,0.5,fibonacci,0.014736053152587542,0.9999999999884436
500,171.440613585197,0.5,fibonacci,0.014668003325485601,0.999999999986737
500,176.8038178457207,0.5,fibonacci,0.015216397164397174,0.999999999988252
500,182.33480008684404,0.5,fibonacci,0.01621249534258388,0.9999999999896223
500,188.03880893409146,0.5,fibonacci,0.016261824105992907,0.9999999999876159
500,193.9212572065829,0.5,fibonacci,0.015284746612698881,0.9999999999870649
500,199.9877270535285,0.5,fibonacci,0.014820130190166253,0.9999999999891906
500,206.24397525140904,0.5,fibonacci,0.014821770001566235,0.9999999999859935
500,212.69593866686898,0.5,fibonacci,0.01456299597317256,0.9999999999831334
500,219.3497398905058,0.5,fibonacci,0.014018715436462449,0.9999999999855661
500,226.2116930469024,0.5,fibonacci,0.01293381748391553,0.9999999999873269
500,233.2883097864156,0.5,fibonacci,0.01206635267140434,0.9999999999864323
500,240.58630546440645,0.5,fibonacci,0.012488243195829573,0.9999999999857386
500,248.11260551377677,0.5,fibonacci,0.012590560273805892,0.9999999999836502
500,255.87435201685892,0.5,fibonacci,0.011556202320178014,0.9999999999832462
500,263.87891048289345,0.5,fibonacci,0.011654715352574908,0.9999999999838354
500,272.13387683753086,0.5,fibonacci,0.012023041782860426,0.9999999999820514
500,280.6470846309839,0.5,fibonacci,0.011629456632110473,0.9999999999815327
500,289.4266124716752,0.5,fibonacci,0.010860870638578296,0.9999999999828649
500,298.4807916924327,0.5,fibonacci,0.011118845817748253,0.999999999980013
500,307.81821425650804,0.5,fibonacci,0.011653444515550289,0.9999999999810161
500,317.4477409109193,0.5,fibonacci,0.011602216787882398,0.9999999999778426
500,327.3785095948577,0.5,fibonacci,0.012610380596552851,0.999999999977839
500,337.61994411113403,0.5,fibonacci,0.013409318792706489,0.9999999999740545
500,348.18176306889666,0.5,fibonacci,0.013440851765461267,0.9999999999762316
500,359.0739891061055,0.5,fibonacci,0.01393409921949197,0.9999999999719388
500,370.30695840051413,0.5,fibonacci,0.014022139479625535,0.9999999999744674
500,381.8913304781854,0.5,fibonacci,0.013435894486265951,0.9999999999736293
500,393.8380983288489,0.5,fibonacci,0.014394717233140314,0.9999999999742861
500,406.158598837698,0.5,fibonacci,0.014098840658921011,0.9999999999705614
500,418.86452354352707,0.5,fibonacci,0.014853631335869104,0.9999999999729635
500,431.96792973341735,0.5,fibonacci,0.014277771566312209,0.9999999999643006
500,445.4812518844989,0.5,fibonacci,0.01355155186270669,0.999999999962435
500,459.41731346364764,0.5,fibonacci,0.013604103173417178,0.9999999999696465
500,473.7893390963144,0.5,fibonacci,0.012040112041034357,0.9999999999645943
500,488.6109671160326,0.5,fibonacci,0.012992230509712039,0.9999999999630537
500,503.89626250651503,0.5,fibonacci,0.012474004983424996,0.9999999999663464
500,519.6597302486197,0.5,fibonacci,0.014244069928764123,0.9999999999613944
500,535.9163290848514,0.5,fibonacci,0.01432305746557199,0.9999999999630114
500,552.6814857144603,0.5,fibonacci,0.015599216333227464,0.999999999958227
500,569.9711094326076,0.5,fibonacci,0.017390402268183433,0.9999999999599157
500,587.8016072274912,0.5,fibonacci,0.015151390352098946,0.9999999999509821
500,606.1898993497572,0.5,fibonacci,0.017523174093484688,0.999999999951908
500,625.1534353689711,0.5,fibonacci,0.014549222173975362,0.9999999999507944
500,644.7102107323869,0.5,fibonacci,0.014092143090466313,0.9999999999513384
500,664.8787838417263,0.5,fibonacci,0.016561774318998315,0.9999999999472914
500,685.6782936641738,0.5,fibonacci,0.014156064110434392,0.9999999999442086
500,707.1284778942996,0.5,fibonacci,0.012646251151818486,0.9999999999411298
500,729.2496916841444,0.5,fibonacci,0.014085742022845288,0.9999999999393865
500,752.0629269592407,0.5,fibonacci,0.014922190967107018,0.9999999999287486
500,775.5898323389001,0.5,fibonacci,0.014876194242440542,0.9999999999338361
500,799.8527336796708,0.5,fibonacci,0.016783120490730326,0.9999999999303693
500,824.8746552614581,0.5,fibonacci,0.015937420486622673,0.9999999999279109
500,850.6793416364153,0.5,fibonacci,0.011905985686610243,0.9999999999243078
500,877.2912801613356,0.5,fibonacci,0.011848476164762877,0.9999999999232119
500,904.7357242349293,0.5,fibonacci,0.013255350074274301,0.9999999999240741
500,933.038717262036,0.5,fibonacci,0.015986711683285814,0.9999999999122412
500,962.2271173675134,0.5,fibonacci,0.021621248095749633,0.9999999999123307
500,992.3286228832545,0.5,fibonacci,0.01636996236434999,0.9999999999048366
500,1023.3717986325192,0.5,fibonacci,0.012623337382885793,0.9999999999123835
500,1055.386103036523,0.5,fibonacci,0.012641314637500987,0.9999999999053073
500,1088.4019160690054,0.5,fibonacci,0.015342315711558658,0.9999999998985714
500,1122.4505680853058,0.5,fibonacci,0.015560001840252526,0.9999999998861889
500,1157.5643695533035,0.5,fibonacci,0.01045142723735727,0.9999999998928781
500,1193.7766417144358,0.5,fibonacci,0.011712147056910649,0.9999999998870157
500,1231.1217482038908,0.5,fibonacci,0.01354756079415052,0.9999999998858001
500,1269.6351276599742,0.5,fibonacci,0.01244836059636062,0.9999999998805317
500,1309.353327353611,0.5,fibonacci,0.010071136655930688,0.999999999869557
500,1350.3140378698736,0.5,fibonacci,0.015483814204124476,0.9999999998763405
500,1392.5561288744634,0.5,fibonacci,0.012103011252503751,0.9999999998700448
500,1436.1196859990787,0.5,fibonacci,0.0121446230470726,0.9999999998544994
500,1481.0460488806755,0.5,fibonacci,0.013018562743566303,0.99999999985414
500,1527.377850390714,0.5,fibonacci,0.017670820473695923,0.9999999998452669
500,1575.1590570916228,0.5,fibonacci,0.011724499045101705,0.9999999998413015
500,1624.435010958867,0.5,fibonacci,0.0159861101634702,0.9999999998363975
500,1675.2524724082155,0.5,fibonacci,0.012500640257276655,0.9999999998243241
500,1727.6596646690364,0.5,fibonacci,0.014291992668618839,0.9999999998074387
500,1781.7063195457306,0.5,fibonacci,0.014888803784129006,0.9999999998070385
500,1837.4437246107268,0.5,fibonacci,0.011623791292253018,0.9999999997960582
500,1894.9247718738216,0.5,fibonacci,0.02153111376644203,0.9999999997836552
500,1954.2040079740534,0.5,fibonacci,0.010816238862074145,0.9999999997764542
500,2015.337685941733,0.5,fibonacci,0.02052365815773967,0.9999999997760889
500,2078.383818579757,0.5,fibonacci,0.014400758046484474,0.9999999997586554
500,2143.4022335148566,0.5,fibonacci,0.012403789952498958,0.9999999997607534
500,2210.4546299710214,0.5,fibonacci,0.013892958567811529,0.9999999997505277
500,2279.6046373189797,0.5,fibonacci,0.014000756773976946,0.9999999997350246
500,2350.9178754572868,0.5,fibonacci,0.011502269862095656,0.9999999997313467
500,2424.462017082328,0.5,fibonacci,0.018647738921423088,0.9999999997271594
500,2500.306851906324,0.5,fibonacci,0.015277309081984335,0.9999999997152786
500,2578.524352884274,0.5,fibonacci,0.012914828238802417,0.9999999997076016
500,2659.1887445126936,0.5,fibonacci,0.012666841340957356,0.9999999996977313
500,2742.3765732649495,0.5,fibonacci,0.009404570364775799,0.9999999996860315
500,2828.166780230032,0.5,fibonacci,0.01463383370783891,0.999999999679259
500,2916.640776023704,0.5,fibonacci,0.0099972921789401,0.9999999996624674
500,3007.882518043099,0.5,fibonacci,0.011854676850796894,0.9999999996478811
500,3101.978590138097,0.5,fibonacci,0.012445014322062967,0.9999999996406224
500,3199.018284775064,0.5,fibonacci,0.015248489963094856,0.9999999996305678
500,3299.093687770939,0.5,fibonacci,0.01642455705703,0.9999999995944326
500,3402.2997656780676,0.5,fibonacci,0.01630582997454069,0.9999999995443357
500,3508.7344559027115,0.5,fibonacci,0.014843907110380984,0.9999999994754155
500,3618.4987596427463,0.5,fibonacci,0.010902308714761484,0.9999999993112287
500,3731.6968377327516,0.5,fibonacci,0.010843074671354366,0.9999999992615355
500,3848.436109487429,0.5,fibonacci,0.012198322303974446,0.9999999990579885
500,3968.827354637162,0.5,fibonacci,0.011362143733373086,0.9999999989346829
500,4092.984818452438,0.5,fibonacci,0.011522260924623133,0.9999999987129189
500,4221.026320156899,0.5,fibonacci,0.009559204616039886,0.9999999984685944
500,4353.0733647318875,0.5,fibonacci,0.009564887721546147,0.9999999980741088
500,4489.251258218603,0.5,fibonacci,0.010047995701047217,0.999999997955114
500,4629.689226627263,0.5,fibonacci,0.01244775363944846,0.9999999974517887
500,4774.520538566127,0.5,fibonacci,0.009094068825017832,0.9999999970775848
500,4923.882631706737,0.5,fibonacci,0.016311604830611233,0.9999999966759718
500,5077.917243205398,0.5,fibonacci,0.011663037007756828,0.999999995971241
500,5236.77054420465,0.5,fibonacci,0.012112361672065608,0.9999999957289674
500,5400.593278542368,0.5,fibonacci,0.010656079731385234,0.9999999948404931
500,5569.5409058001305,0.5,fibonacci,0.009682088268841923,0.9999999942170797
500,5743.773748826581,0.5,fibonacci,0.008671997657512438,0.9999999933224457
500,5923.4571458758055,0.5,fibonacci,0.011734945931873204,0.9999999923466449
500,6108.76160750504,0.5,fibonacci,0.008604805877459203,0.9999999909260718
500,6299.862978380694,0.5,fibonacci,0.011017626362702218,0.9999999892371453
500,6496.942604146125,0.5,fibonacci,0.01016130154939277,0.9999999882308372
500,6700.18750350959,0.5,fibonacci,0.008146598066538488,0.9999999866946587
500,6909.790545715645,0.5,fibonacci,0.00740063741063856,0.9999999845050734
500,7125.950633568411,0.5,fibonacci,0.010849554347943692,0.9999999825115614
500,7348.872892180388,0.5,fibonacci,0.006929790135359603,0.9999999798228911
500,7578.76886362593,0.5,fibonacci,0.007204239345052115,0.9999999778936804
500,7815.856707684091,0.5,fibonacci,0.01145464275724733,0.9999999750005331
500,8060.361408861345,0.5,fibonacci,0.00734507137840544,0.9999999724610655
500,8312.514989890631,0.5,fibonacci,0.006559370861375496,0.9999999685560079
500,8572.556731909324,0.5,fibonacci,0.007092875846354932,0.9999999659349902
500,8840.733401525064,0.5,fibonacci,0.008089085225774995,0.9999999633450077
500,9117.299484984922,0.5,fibonacci,0.0063370054654282295,0.9999999598346654
500,9402.517429670132,0.5,fibonacci,0.009131326351373726,0.9999999569269049
500,9696.65789314552,0.5,fibonacci,0.008672467296517949,0.9999999540174559
500,10000.0,0.5,fibonacci,0.007320355375743188,0.9999999497706924
500,0.0,0.5,tribonacci,0.08201561019889944,1.0000000000000002
500,1.0,0.5,tribonacci,0.08200049650746147,0.9999999999960717
500,1.0312831606721848,0.5,tribonacci,0.08199866487055961,0.9999999999947417
500,1.0635449574860112,0.5,tribonacci,0.08199662180480938,0.9999999999951095
500,1.096816005273138,0.5,tribonacci,0.08199434494883132,0.9999999999973418
500,1.1311278765939214,0.5,tribonacci,0.08199180997024284,0.9999999999997927
500,1.1665131316981963,0.5,tribonacci,0.0819889904722486,1.000000000000066
500,1.2030053494233244,0.5,tribonacci,0.08198585792068563,1.0000000000000921
500,1.240639159058832,0.5,tribonacci,0.08198238157014669,0.9999999999998849
500,1.2794502732078736,0.5,tribonacci,0.08197852842667329,1.0000000000000167
500,1.3194755216767062,0.5,tribonacci,0.08197426323729948,1.0000000000009752
500,1.3607528864243335,0.5,tribonacci,0.08196954851731454,1.0000000000026168
500,1.403321537605485,0.5,tribonacci,0.08196434462431704,1.0000000000040374
500,1.4472218707411348,0.5,tribonacci,0.0819586098889569,1.0000000000039437
500,1.4924955450518296,0.5,tribonacci,0.08195230081323644,1.0000000000014808
500,1.5391855229902058,0.5,tribonacci,0.08194537234804364,0.999999999997224
500,1.587336111010209,0.5,tribonacci,0.0819377782620827,0.9999999999936983
500,1.6369930016117025,0.5,tribonacci,0.08192947161435866,0.9999999999943121
500,1.6882033167003634,0.5,tribonacci,0.0819204053415968,0.9999999999990208
500,1.7410156523040161,0.5,tribonacci,0.08191053297531055,1.000000000000093
500,1.7954801246878311,0.5,tribonacci,0.0818998095258938,0.9999999999999354
500,1.8516484179121548,0.5,tribonacci,0.08188819249211808,0.9999999999999695
500,1.9095738328780973,0.5,tribonacci,0.08187564304760492,1.0000000000019966
500,1.9693113379074225,0.5,tribonacci,0.08186212739888066,1.0000000000049927
500,2.0309176209047357,0.5,tribonacci,0.0818476183124508,1.000000000005116
500,2.0944511431514696,0.5,tribonacci,0.0818320968084896,0.9999999999997128
500,2.159972194782718,0.5,tribonacci,0.08181555401226669,0.9999999999923933
500,2.2275429519995575,0.5,tribonacci,0.08179799314740728,0.9999999999926831
500,2.2972275360711523,0.5,tribonacci,0.0817794316465229,0.9999999999997936
500,2.369092074182633,0.5,tribonacci,0.0817599033340576,1.0000000000000588
500,2.4432047621864883,0.5,tribonacci,0.08173946063676622,0.9999999999998584
500,2.519635929317015,0.5,tribonacci,0.0817181767781387,1.0000000000034348
500,2.598458104929249,0.5,tribonacci,0.0816961479115796,1.0000000000072928
500,2.6797460873256913,0.5,tribonacci,0.08167349508866255,1.000000000002039
500,2.763577014736159,0.5,tribonacci,0.08165036599248378,0.9999999999903519
500,2.850030438518107,0.5,tribonacci,0.08162693641705299,0.9999999999926947
500,2.9391883986468863,0.5,tribonacci,0.08160341151380403,0.9999999999999307
500,3.0311355015675785,0.5,tribonacci,0.08158002657899989,0.9999999999995716
500,3.1259590004822804,0.5,tribonacci,0.08155704747493565,1.0000000000029752
500,3.2237488781490296,0.5,tribonacci,0.08153477084907183,1.0000000000064007
500,3.3245979322709407,0.5,tribonacci,0.08151352400667504,0.9999999999963424
500,3.428601863556586,0.5,tribonacci,0.0814936645055361,0.9999999999902399
500,3.5358593665351785,0.5,tribonacci,0.08147557982136873,0.9999999999997552
500,3.646472223212748,0.5,tribonacci,0.08145968697261667,0.9999999999995617
500,3.760545399658171,0.5,tribonacci,0.08144643178240857,1.0000000000044083
500,3.8781871456107226,0.5,tribonacci,0.08143628821918468,1.0000000000019529
500,3.9995090972036653,0.5,tribonacci,0.08142975675375268,0.9999999999901008
500,4.1246263829013525,0.5,tribonacci,0.08142736115639435,0.9999999999996249
500,4.253657732750387,0.5,tribonacci,0.08142964268631962,0.9999999999996182
500,4.386725591048498,0.5,tribonacci,0.0814371489872053,1.0000000000063645
500,4.523956232538054,0.5,tribonacci,0.08145041615931368,0.9999999999961168
500,4.6654798822344725,0.5,tribonacci,0.08146994035059367,0.9999999999942177
500,4.811430839003259,0.5,tribonacci,0.08149613640497451,0.9999999999994473
500,4.961947603002903,0.5,tribonacci,0.0815292806040239,1.0000000000065679
500,5.117173007114605,0.5,tribonacci,0.08156943623619599,1.0000000000014777
500,5.277254352483538,0.5,tribonacci,0.08161636305679192,0.9999999999868686
500,5.442343548300267,0.5,tribonacci,0.08166941495479943,0.9999999999992499
500,5.612597255954972,0.5,tribonacci,0.08172743502812617,1.0000000000057623
500,5.788177037701274,0.5,tribonacci,0.0817886623832714,0.9999999999926268
500,5.969249509970735,0.5,tribonacci,0.08185067098175342,0.9999999999991394
500,6.155986501483509,0.5,tribonacci,0.0819103643154091,1.0000000000009668
500,6.348565216305219,0.5,tribonacci,0.08196405235038447,0.999999999996811
500,6.547168402004738,0.5,tribonacci,0.08200763330574631,0.999999999999184
500,6.751984523072503,0.5,tribonacci,0.082036893972707,1.000000000002491
500,6.963207939763885,0.5,tribonacci,0.08204792618504984,0.9999999999924734
500,7.181039092537351,0.5,tribonacci,0.0820376342185134,0.9999999999990787
500,7.405684692262437,0.5,tribonacci,0.0820042814865257,1.0000000000066238
500,7.637357916378021,0.5,tribonacci,0.08194800229341327,0.99999999999063
500,7.876278611187057,0.5,tribonacci,0.08187118934356807,0.9999999999998291
500,8.122673500479713,0.5,tribonacci,0.08177867102685234,0.9999999999944789
500,8.376776400682918,0.5,tribonacci,0.08167761772764918,0.9999999999988586
500,8.638828442740447,0.5,tribonacci,0.08157715848883383,1.000000000002227
500,8.909078300934137,0.5,tribonacci,0.08148774003087778,0.9999999999988712
500,9.187782428863335,0.5,tribonacci,0.08142029487879834,1.0000000000037437
500,9.475205302806543,0.5,tribonacci,0.08138528223912161,0.9999999999986945
500,9.771619672696177,0.5,tribonacci,0.08139161142832096,1.000000000004594
500,10.077306820944612,0.5,tribonacci,0.08144538153987366,0.9999999999987107
500,10.392556829367125,0.5,tribonacci,0.08154833955134978,1.0000000000037923
500,10.71766885445503,0.5,tribonacci,0.08169607625473069,0.9999999999986489
500,11.052951411260215,0.5,tribonacci,0.08187629007448986,0.9999999999959986
500,11.39872266616052,0.5,tribonacci,0.08206788049341307,0.9999999999987949
500,11.755310738783693,0.5,tribonacci,0.0822419351943723,0.9999999999937332
500,12.123054013376523,0.5,tribonacci,0.08236552783919376,1.000000000001966
500,12.502301459914554,0.5,tribonacci,0.08240843133570826,0.999999999998179
500,12.89341296525715,0.5,tribonacci,0.08235149557336517,0.9999999999924956
500,13.29675967466212,0.5,tribonacci,0.08219409554898,1.000000000002482
500,13.712724343984002,0.5,tribonacci,0.0819575913114051,0.9999999999989142
500,14.141701702890233,0.5,tribonacci,0.08168280375988596,0.9999999999980562
500,14.584098829439856,0.5,tribonacci,0.0814218202958591,0.9999999999905368
500,15.040335536380244,0.5,tribonacci,0.08122654711639948,1.0000000000010065
500,15.510844769528397,0.5,tribonacci,0.0811367425315407,1.0000000000026323
500,15.996073018614878,0.5,tribonacci,0.08116908469334475,0.9999999999976231
500,16.496480740980207,0.5,tribonacci,0.08130878508179365,0.9999999999978283
500,17.012542798525892,0.5,tribonacci,0.08150813803820164,0.9999999999974571
500,17.544748908334597,0.5,tribonacci,0.0816988182304606,0.9999999999951154
500,18.093604107387165,0.5,tribonacci,0.08181976581715202,0.9999999999908243
500,18.65962923181746,0.5,tribonacci,0.08184925951217853,0.9999999999882325
500,19.2433614111598,0.5,tribonacci,0.0818197100951495,0.9999999999912965
500,19.845354578058032,0.5,tribonacci,0.08180053168987443,0.9999999999959402
500,20.466179993919898,0.5,tribonacci,0.08185553885826528,0.9999999999973971
500,21.106426791015547,0.5,tribonacci,0.08199670005806667,0.9999999999971325
500,21.76670253153459,0.5,tribonacci,0.08215668572493214,0.9999999999977903
500,22.44763378413224,0.5,tribonacci,0.08220457872080562,1.0000000000012674
500,23.14986671851161,0.5,tribonacci,0.08202561546105629,0.9999999999908995
500,23.87406771860647,0.5,tribonacci,0.08163231222456577,0.9999999999967807
500,24.620924014946254,0.5,tribonacci,0.08120280845903168,0.9999999999979785
500,25.39114433680347,0.5,tribonacci,0.08097954739125908,0.999999999993497
500,26.185459584742325,0.5,tribonacci,0.08109727870476123,0.999999999996797
500,27.00462352420682,0.5,tribonacci,0.08146361776328004,1.0000000000013252
500,27.849413500806442,0.5,tribonacci,0.0817927980470518,0.9999999999963712
500,28.72063117797828,0.5,tribonacci,0.08185253941630743,1.000000000001211
500,29.619103297725534,0.5,tribonacci,0.0817247869164976,0.9999999999961564
500,30.545682465154318,0.5,tribonacci,0.08170712734768457,0.9999999999898878
500,31.50124795755328,0.5,tribonacci,0.08191536482490396,1.000000000002114
500,32.486706558783744,0.5,tribonacci,0.08204486226794028,0.9999999999957008
500,33.502993419772295,0.5,tribonacci,0.08166445419040888,0.9999999999956626
500,34.55107294592218,0.5,tribonacci,0.08091606277557606,0.9999999999882764
500,35.631939712285856,0.5,tribonacci,0.08056786486088048,0.9999999999891138
500,36.7466194073669,0.5,tribonacci,0.08107473474268526,0.9999999999901993
500,37.896169806447176,0.5,tribonacci,0.08186013598166995,0.9999999999896336
500,39.08168177536266,0.5,tribonacci,0.08189577426650566,0.9999999999869963
500,40.30428030568053,0.5,tribonacci,0.08125085442724507,0.9999999999946578
500,41.5651255822599,0.5,tribonacci,0.08099483478146301,0.9999999999946688
500,42.86541408420927,0.5,tribonacci,0.08135141299374293,1.0000000000001605
500,44.20637972028532,0.5,tribonacci,0.08129991626180895,0.9999999999872728
500,45.58929499981062,0.5,tribonacci,0.08057566674057906,0.9999999999954372
500,47.01547224022132,0.5,tribonacci,0.08042386312366945,0.9999999999870242
500,48.48626481239081,0.5,tribonacci,0.08111178440193893,0.9999999999987246
500,50.00306842491092,0.5,tribonacci,0.0812365296945796,0.9999999999937814
500,51.56732244854966,0.5,tribonacci,0.08058264349363897,0.9999999999918945
500,53.180511282142,0.5,tribonacci,0.08038501743208949,0.999999999986924
500,54.84416576121018,0.5,tribonacci,0.08042015267340463,0.9999999999861988
500,56.55986461065005,0.5,tribonacci,0.08008735869042514,0.9999999999864222
500,58.329235942862034,0.5,tribonacci,0.08014605395210793,0.9999999999929289
500,60.153958802748356,0.5,tribonacci,0.08022073324527046,0.9999999999931075
500,62.035764761042714,0.5,tribonacci,0.0796603075582771,0.9999999999946553
500,63.97643955748427,0.5,tribonacci,0.07973637713189934,0.999999999992445
500,65.97782479539536,0.5,tribonacci,0.07981195382444896,0.999999999996239
500,68.04181968927098,0.5,tribonacci,0.07873037343456042,0.9999999999917567
500,70.17038286703826,0.5,tribonacci,0.07919752043766524,0.9999999999842
500,72.36553422869653,0.5,tribonacci,0.07943301564802897,0.9999999999823214
500,74.62935686310134,0.5,tribonacci,0.07839940510540208,0.9999999999837498
500,76.96399902471158,0.5,tribonacci,0.07885354900409772,0.9999999999865489
500,79.37167617217551,0.5,tribonacci,0.07767583024816117,0.9999999999903485
500,81.8546730706903,0.5,tribonacci,0.07889249873275594,0.9999999999943855
500,84.41534596012986,0.5,tribonacci,0.07789567585801635,0.9999999999897503
500,87.05612479099865,0.5,tribonacci,0.07769672047998127,0.9999999999827435
500,89.77951553033323,0.5,tribonacci,0.07735937402362683,0.9999999999889448
500,92.58810253973955,0.5,tribonacci,0.07848668282535516,0.9999999999880191
500,95.48455102782293,0.5,tribonacci,0.07664135732994512,0.9999999999818018
500,98.47160957933774,0.5,tribonacci,0.0779559713152894,0.9999999999876199
500,101.5521127634568,0.5,tribonacci,0.07716825843793641,0.9999999999876636
500,104.72898382363586,0.5,tribonacci,0.07756966949263161,0.9999999999881931
500,108.00523745162529,0.5,tribonacci,0.07772096024607333,0.9999999999863827
500,111.38398264826195,0.5,tribonacci,0.07706041231690021,0.9999999999858259
500,114.86842567375535,0.5,tribonacci,0.07856361400288832,0.999999999991139
500,118.46187309026836,0.5,tribonacci,0.07795738080790265,0.999999999984057
500,122.16773489967919,0.5,tribonacci,0.07794529267868935,0.9999999999841436
500,125.98952777950272,0.5,tribonacci,0.07920164465923196,0.9999999999899828
500,129.93087842004158,0.5,tribonacci,0.07939797608123682,0.9999999999864762
500,133.99552696593383,0.5,tribonacci,0.07954324457530554,0.9999999999785706
500,138.18733056536323,0.5,tribonacci,0.07942433734712848,0.9999999999871795
500,142.5102670302998,0.5,tribonacci,0.08125554483260682,0.9999999999818597
500,146.9684386112446,0.5,tribonacci,0.08145824128833683,0.999999999981917
500,151.5660758900603,0.5,tribonacci,0.0816943164164548,0.9999999999859518
500,156.30754179458157,0.5,tribonacci,0.08138708728888587,0.9999999999802746
500,161.1973357388157,0.5,tribonacci,0.081434487112347,0.9999999999732773
500,166.2400978926612,0.5,tribonacci,0.08118695747166038,0.9999999999782726
500,171.440613585197,0.5,tribonacci,0.08116401027687187,0.9999999999803035
500,176.8038178457207,0.5,tribonacci,0.08057464355247004,0.9999999999772573
500,182.33480008684404,0.5,tribonacci,0.07992532571864042,0.9999999999764971
500,188.03880893409146,0.5,tribonacci,0.07947092906069549,0.9999999999783726
500,193.9212572065829,0.5,tribonacci,0.07888114514532286,0.9999999999689867
500,199.9877270535285,0.5,tribonacci,0.07780683249702496,0.9999999999649052
500,206.24397525140904,0.5,tribonacci,0.07754547044080357,0.9999999999729177
500,212.69593866686898,0.5,tribonacci,0.07580729258119528,0.9999999999660688
500,219.3497398905058,0.5,tribonacci,0.07431065454672017,0.9999999999688431
500,226.2116930469024,0.5,tribonacci,0.07432003952359995,0.9999999999743382
500,233.2883097864156,0.5,tribonacci,0.07474644217224603,0.9999999999698653
500,240.58630546440645,0.5,tribonacci,0.07403907362877145,0.9999999999742363
500,248.11260551377677,0.5,tribonacci,0.07451219942213684,0.9999999999678255
500,255.87435201685892,0.5,tribonacci,0.07617933428477158,0.9999999999667231
500,263.87891048289345,0.5,tribonacci,0.07599240571389831,0.999999999969936
500,272.13387683753086,0.5,tribonacci,0.07786633642053424,0.999999999964651
500,280.6470846309839,0.5,tribonacci,0.07928252808815962,0.9999999999659512
500,289.4266124716752,0.5,tribonacci,0.08076677814130527,0.9999999999623802
500,298.4807916924327,0.5,tribonacci,0.08191283528890211,0.9999999999665464
500,307.81821425650804,0.5,tribonacci,0.08153721400217885,0.999999999959706
500,317.4477409109193,0.5,tribonacci,0.08091894885791237,0.9999999999636562
500,327.3785095948577,0.5,tribonacci,0.08038993999845258,0.9999999999638581
500,337.61994411113403,0.5,tribonacci,0.07908292357223,0.9999999999553942
500,348.18176306889666,0.5,tribonacci,0.07640690148276753,0.9999999999539935
500,359.0739891061055,0.5,tribonacci,0.07515010874985875,0.9999999999523235
500,370.30695840051413,0.5,tribonacci,0.07518218402175834,0.9999999999559822
500,381.8913304781854,0.5,tribonacci,0.07512736437422247,0.9999999999464217
500,393.8380983288489,0.5,tribonacci,0.07467837569344454,0.9999999999471744
500,406.158598837698,0.5,tribonacci,0.07708903890233539,0.999999999945168
500,418.86452354352707,0.5,tribonacci,0.08042974472627047,0.9999999999494659
500,431.96792973341735,0.5,tribonacci,0.08124090993801372,0.9999999999300359
500,445.4812518844989,0.5,tribonacci,0.08249250697545145,0.9999999999387696
500,459.41731346364764,0.5,tribonacci,0.08076693492087339,0.9999999999372569
500,473.7893390963144,0.5,tribonacci,0.08070412003176097,0.999999999941537
500,488.6109671160326,0.5,tribonacci,0.07881651048991112,0.9999999999253126
500,503.89626250651503,0.5,tribonacci,0.07815404005360856,0.9999999999285668
500,519.6597302486197,0.5,tribonacci,0.07720401992426083,0.9999999999258504
500,535.9163290848514,0.5,tribonacci,0.07849714344759254,0.9999999999234586
500,552.6814857144603,0.5,tribonacci,0.08006730457469759,0.9999999999184959
500,569.9711094326076,0.5,tribonacci,0.08088044819602912,0.9999999999221755
500,587.8016072274912,0.5,tribonacci,0.08205246849155828,0.9999999998546771
500,606.1898993497572,0.5,tribonacci,0.08081415269699961,0.9999999998815654
500,625.1534353689711,0.5,tribonacci,0.08347440412048858,0.999999999842197
500,644.7102107323869,0.5,tribonacci,0.08355546411146667,0.9999999996731898
500,664.8787838417263,0.5,tribonacci,0.08842311288882039,0.9999999999203043
500,685.6782936641738,0.5,tribonacci,0.07965870076966361,0.9999999994562622
500,707.1284778942996,0.5,tribonacci,0.10558832393775991,0.9999999985283219
500,729.2496916841444,0.5,tribonacci,0.09744295569948554,0.9999999981611839
500,752.0629269592407,0.5,tribonacci,0.058081378077340394,0.9999999985255023
500,775.5898323389001,0.5,tribonacci,0.08623742629770008,0.9999999939282432
500,799.8527336796708,0.5,tribonacci,0.0885812053461795,0.9999999955637622
500,824.8746552614581,0.5,tribonacci,0.08640350492190318,0.9999999940209577
500,850.6793416364153,0.5,tribonacci,0.05954216707075445,0.9999999933608205
500,877.2912801613356,0.5,tribonacci,0.05308891894501618,0.9999999928634834
500,904.7357242349293,0.5,tribonacci,0.07828222285877703,0.9999999924005571
500,933.038717262036,0.5,tribonacci,0.08239686688219008,0.9999999923813484
500,962.2271173675134,0.5,tribonacci,0.08107603792862178,0.9999999922467158
500,992.3286228832545,0.5,tribonacci,0.07661275119209031,0.9999999922199562
500,1023.3717986325192,0.5,tribonacci,0.0741055578503604,0.9999999922701852
500,1055.386103036523,0.5,tribonacci,0.08528420801194857,0.9999999925170988
500,1088.4019160690054,0.5,tribonacci,0.06022960088377522,0.9999999933924267
500,1122.4505680853058,0.5,tribonacci,0.09700502550892255,0.9999999893817145
500,1157.5643695533035,0.5,tribonacci,0.08919261289417375,0.999999988711691
500,1193.7766417144358,0.5,tribonacci,0.10242528546236543,0.9999999867980949
500,1231.1217482038908,0.5,tribonacci,0.05813112514430304,0.9999999856028081
500,1269.6351276599742,0.5,tribonacci,0.08210562171279467,0.9999999847633249
500,1309.353327353611,0.5,tribonacci,0.08047907302272352,0.9999999847207398
500,1350.3140378698736,0.5,tribonacci,0.08123924302032542,0.9999999847374521
500,1392.5561288744634,0.5,tribonacci,0.10337828234479357,0.999999984400525
500,1436.1196859990787,0.5,tribonacci,0.0708014386216232,0.9999999852328646
500,1481.0460488806755,0.5,tribonacci,0.0899471683882239,0.9999999798154316
500,1527.377850390714,0.5,tribonacci,0.10825871790757613,0.9999999792166582
500,1575.1590570916228,0.5,tribonacci,0.08168700359213564,0.999999978388713
500,1624.435010958867,0.5,tribonacci,0.07813286202707576,0.9999999776105912
500,1675.2524724082155,0.5,tribonacci,0.05431437383669039,0.9999999770887842
500,1727.6596646690364,0.5,tribonacci,0.06404720793722911,0.9999999717396995
500,1781.7063195457306,0.5,tribonacci,0.07930728169725239,0.9999999731549118
500,1837.4437246107268,0.5,tribonacci,0.07282910811533042,0.9999999717545475
500,1894.9247718738216,0.5,tribonacci,0.0795767177858467,0.999999971548975
500,1954.2040079740534,0.5,tribonacci,0.06393102474396631,0.9999999706227186
500,2015.337685941733,0.5,tribonacci,0.06642155230064657,0.9999999682155045
500,2078.383818579757,0.5,tribonacci,0.06858790673200267,0.9999999662044402
500,2143.4022335148566,0.5,tribonacci,0.06849251552125687,0.9999999639072992
500,2210.4546299710214,0.5,tribonacci,0.08365899510326634,0.9999999621899657
500,2279.6046373189797,0.5,tribonacci,0.06405180054715721,0.9999999615166965
500,2350.9178754572868,0.5,tribonacci,0.06034831862841077,0.9999999584288913
500,2424.462017082328,0.5,tribonacci,0.061252156016397864,0.9999999554004526
500,2500.306851906324,0.5,tribonacci,0.08003821347548254,0.999999953772539
500,2578.524352884274,0.5,tribonacci,0.10434361980351149,0.9999999531943609
500,2659.1887445126936,0.5,tribonacci,0.05799232187631438,0.9999999503577661
500,2742.3765732649495,0.5,tribonacci,0.06052200603453258,0.9999999474564947
500,2828.166780230032,0.5,tribonacci,0.08076048592129162,0.9999999474449395
500,2916.640776023704,0.5,tribonacci,0.0689900490253721,0.9999999474584145
500,3007.882518043099,0.5,tribonacci,0.06998838360462752,0.999999941228565
500,3101.978590138097,0.5,tribonacci,0.05286216955547457,0.9999999413746697
500,3199.018284775064,0.5,tribonacci,0.08150123044071522,0.9999999403137716
500,3299.093687770939,0.5,tribonacci,0.06378489464778611,0.999999938360466
500,3402.2997656780676,0.5,tribonacci,0.08913406423306315,0.9999999342871604
500,3508.7344559027115,0.5,tribonacci,0.08332769579893833,0.9999999311166723
500,3618.4987596427463,0.5,tribonacci,0.06566562309193504,0.9999999270732348
500,3731.6968377327516,0.5,tribonacci,0.07213593495085766,0.9999999251008723
500,3848.436109487429,0.5,tribonacci,0.0899389581102317,0.9999999218903828
500,3968.827354637162,0.5,tribonacci,0.08345781584769567,0.9999999185207826
500,4092.984818452438,0.5,tribonacci,0.0821234384123794,0.9999999152517159
500,4221.026320156899,0.5,tribonacci,0.07810404758780985,0.99999991197408
500,4353.0733647318875,0.5,tribonacci,0.10147750092406398,0.9999999093160767
500,4489.251258218603,0.5,tribonacci,0.06262210365593114,0.999999902816856
500,4629.689226627263,0.5,tribonacci,0.06172513503949944,0.9999999030109675
500,4774.520538566127,0.5,tribonacci,0.060745500879223514,0.9999999001025331
500,4923.882631706737,0.5,tribonacci,0.09679124948430325,0.9999998956746158
500,5077.917243205398,0.5,tribonacci,0.07087617143395764,0.9999998905536883
500,5236.77054420465,0.5,tribonacci,0.07393730833546977,0.9999998869799385
500,5400.593278542368,0.5,tribonacci,0.06994210021595577,0.9999998820176885
500,5569.5409058001305,0.5,tribonacci,0.05904201294256427,0.9999998783260009
500,5743.773748826581,0.5,tribonacci,0.07695070797333622,0.9999998749224983
500,5923.4571458758055,0.5,tribonacci,0.05131619441840263,0.9999998698698516
500,6108.76160750504,0.5,tribonacci,0.07008916499891299,0.9999998663276045
500,6299.862978380694,0.5,tribonacci,0.04609563078628129,0.9999998617574977
500,6496.942604146125,0.5,tribonacci,0.04683326025074693,0.999999853780718
500,6700.18750350959,0.5,tribonacci,0.03642488090225978,0.9999998519427199
500,6909.790545715645,0.5,tribonacci,0.04108032846292503,0.9999998454730793
500,7125.950633568411,0.5,tribonacci,0.032011733230956727,0.9999998423638345
500,7348.872892180388,0.5,tribonacci,0.03341683615625964,0.9999998367762863
500,7578.76886362593,0.5,tribonacci,0.03229262066097149,0.9999998300595375
500,7815.856707684091,0.5,tribonacci,0.04112032621271298,0.9999998270830863
500,8060.361408861345,0.5,tribonacci,0.0376888198820127,0.9999998215200783
500,8312.514989890631,0.5,tribonacci,0.032527270358751255,0.999999814878173
500,8572.556731909324,0.5,tribonacci,0.04010315907820078,0.9999998089885554
500,8840.733401525064,0.5,tribonacci,0.03438741405368656,0.9999998040165867
500,9117.299484984922,0.5,tribonacci,0.03587546792814334,0.9999997989643822
500,9402.517429670132,0.5,tribonacci,0.03340541874705352,0.9999997927243421
500,9696.65789314552,0.5,tribonacci,0.0317826954578901,0.9999997877494073
500,10000.0,0.5,tribonacci,0.04273382652569013,0.9999997800758277
500,0.0,1.0,fibonacci,0.020964511224918797,1.0
500,1.0,1.0,fibonacci,0.02095996011729912,1.0000000000002458
500,1.0312831606721848,1.0,fibonacci,0.020959509536874945,0.9999999999987559
500,1.0635449574860112,1.0,fibonacci,0.020959012572637235,0.9999999999973452
500,1.096816005273138,1.0,fibonacci,0.020958464576430403,0.9999999999965583
500,1.1311278765939214,1.0,fibonacci,0.020957860491831647,0.9999999999968994
500,1.1665131316981963,1.0,fibonacci,0.020957194831121687,0.9999999999984116
500,1.2030053494233244,1.0,fibonacci,0.020956461653488533,0.9999999999999056
500,1.240639159058832,1.0,fibonacci,0.020955654546873047,1.0000000000000333
500,1.2794502732078736,1.0,fibonacci,0.020954766614911063,1.0000000000000295
500,1.3194755216767062,1.0,fibonacci,0.02095379046254551,0.9999999999999134
500,1.3607528864243335,1.0,fibonacci,0.02095271819141663,1.0000000000000382
500,1.403321537605485,1.0,fibonacci,0.020951541401046016,1.0000000000006586
500,1.4472218707411348,1.0,fibonacci,0.020950251198493197,1.0000000000016234
500,1.4924955450518296,1.0,fibonacci,0.020948838218259252,1.0000000000023412
500,1.5391855229902058,1.0,fibonacci,0.020947292654314494,1.0000000000020577
500,1.587336111010209,1.0,fibonacci,0.02094560430622109,1.0000000000003888
500,1.6369930016117025,1.0,fibonacci,0.020943762641341623,0.999999999997898
500,1.6882033167003634,1.0,fibonacci,0.020941756875038783,0.9999999999962654
500,1.7410156523040161,1.0,fibonacci,0.020939576070523897,0.9999999999973176
500,1.7954801246878311,1.0,fibonacci,0.020937209259540443,0.9999999999998588
500,1.8516484179121548,1.0,fibonacci,0.020934645587349733,1.0000000000000548
500,1.9095738328780973,1.0,fibonacci,0.020931874486637206,0.9999999999998848
500,1.9693113379074225,1.0,fibonacci,0.02092888586817165,1.0000000000001639
500,2.0309176209047357,1.0,fibonacci,0.02092567034132043,1.0000000000015803
500,2.0944511431514696,1.0,fibonacci,0.020922219457077257,1.0000000000029445
500,2.159972194782718,1.0,fibonacci,0.02091852597118565,1.0000000000020133
500,2.2275429519995575,1.0,fibonacci,0.020914584123711746,0.9999999999982772
500,2.2972275360711523,1.0,fibonacci,0.020910389930139557,0.9999999999952778
500,2.369092074182633,1.0,fibonacci,0.020905941477751513,0.999999999997814
500,2.4432047621864883,1.0,fibonacci,0.020901239219096715,0.9999999999999784
500,2.519635929317015,1.0,fibonacci,0.020896286244689654,0.9999999999998429
500,2.598458104929249,1.0,fibonacci,0.020891088530077134,1.0000000000004459
500,2.6797460873256913,1.0,fibonacci,0.020885655145601142,1.0000000000027527
500,2.763577014736159,1.0,fibonacci,0.020879998413031717,1.0000000000027272
500,2.850030438518107,1.0,fibonacci,0.02087413398659316,0.9999999999976901
500,2.9391883986468863,1.0,fibonacci,0.020868080851518485,0.9999999999948104
500,3.0311355015675785,1.0,fibonacci,0.020861861246292655,0.9999999999998027
500,3.1259590004822804,1.0,fibonacci,0.02085550049316167,0.9999999999998418
500,3.2237488781490296,1.0,fibonacci,0.020849026679848247,1.0000000000004838
500,3.3245979322709407,1.0,fibonacci,0.020842470284008357,1.0000000000029405
500,3.428601863556586,1.0,fibonacci,0.020835863677266617,1.0000000000002012
500,3.5358593665351785,1.0,fibonacci,0.02082924049772071,0.9999999999949348
500,3.646472223212748,1.0,fibonacci,0.020822634915897302,0.9999999999997565
500,3.760545399658171,1.0,fibonacci,0.020816080795208122,0.9999999999997217
500,3.8781871456107226,1.0,fibonacci,0.020809610558572996,1.0000000000014997
500,3.9995090972036653,1.0,fibonacci,0.020803253838954414,1.0000000000022686
500,4.1246263829013525,1.0,fibonacci,0.02079703564553962,0.9999999999953902
500,4.253657732750387,1.0,fibonacci,0.020790973841170787,0.9999999999995706
500,4.386725591048498,1.0,fibonacci,0.020785075734425836,0.9999999999996491
500,4.523956232538054,1.0,fibonacci,0.020779333249319326,1.0000000000026592
500,4.6654798822344725,1.0,fibonacci,0.02077371643588426,1.0000000000002316
500,4.811430839003259,1.0,fibonacci,0.020768164819915374,0.9999999999947732
500,4.961947603002903,1.0,fibonacci,0.020762576343746588,0.9999999999998206
500,5.117173007114605,1.0,fibonacci,0.020756793850786246,1.0000000000016136
500,5.277254352483538,1.0,fibonacci,0.020750589386817203,1.0000000000018827
500,5.442343548300267,1.0,fibonacci,0.02074364731085384,0.9999999999937004
500,5.612597255954972,1.0,fibonacci,0.020735547849691272,0.9999999999996468
500,5.788177037701274,1.0,fibonacci,0.020725753646723147,1.000000000002383
500,5.969249509970735,1.0,fibonacci,0.020713602775907936,0.9999999999970098
500,6.155986501483509,1.0,fibonacci,0.020698312377915543,0.9999999999995285
500,6.348565216305219,1.0,fibonacci,0.02067899727641131,1.0000000000004914
500,6.547168402004738,1.0,fibonacci,0.020654707654909614,0.9999999999999628
500,6.751984523072503,1.0,fibonacci,0.020624488221446566,0.9999999999989937
500,6.963207939763885,1.0,fibonacci,0.020587458743355942,1.0000000000003089
500,7.181039092537351,1.0,fibonacci,0.020542911973772025,0.9999999999997236
500,7.405684692262437,1.0,fibonacci,0.020490420440068314,0.9999999999993812
500,7.637357916378021,1.0,fibonacci,0.020429938924569152,1.0000000000014604
500,7.876278611187057,1.0,fibonacci,0.02036188609416548,0.9999999999948471
500,8.122673500479713,1.0,fibonacci,0.020287187774530452,0.9999999999993856
500,8.376776400682918,1.0,fibonacci,0.020207266924364115,1.000000000003027
500,8.638828442740447,1.0,fibonacci,0.020123972105431223,0.9999999999982805
500,8.909078300934137,1.0,fibonacci,0.020039445980842042,1.000000000002146
500,9.187782428863335,1.0,fibonacci,0.019955946368653926,0.999999999991689
500,9.475205302806543,1.0,fibonacci,0.019875639916256804,0.9999999999993612
500,9.771619672696177,1.0,fibonacci,0.019800388940879533,0.9999999999952504
500,10.077306820944612,1.0,fibonacci,0.019731541234276232,0.9999999999990332
500,10.392556829367125,1.0,fibonacci,0.01966971687018986,0.9999999999960791
500,10.71766885445503,1.0,fibonacci,0.01961457646087896,0.9999999999990012
500,11.052951411260215,1.0,fibonacci,0.019564574952409267,0.9999999999932986
500,11.39872266616052,1.0,fibonacci,0.019516765312329723,0.999999999999357
500,11.755310738783693,1.0,fibonacci,0.01946680498374047,0.9999999999902848
500,12.123054013376523,1.0,fibonacci,0.019409378590171875,1.0000000000015137
500,12.502301459914554,1.0,fibonacci,0.0193392020967025,0.9999999999986912
500,12.89341296525715,1.0,fibonacci,0.019252558898054533,1.0000000000008333
500,13.29675967466212,1.0,fibonacci,0.01914897760069293,0.9999999999987235
500,13.712724343984002,1.0,fibonacci,0.01903237372997908,0.9999999999911189
500,14.141701702890233,1.0,fibonacci,0.018910983722197523,1.0000000000039895
500,14.584098829439856,1.0,fibonacci,0.018795838978893455,0.9999999999983961
500,15.040335536380244,1.0,fibonacci,0.018698191310393825,0.9999999999946254
500,15.510844769528397,1.0,fibonacci,0.018626778017497757,0.9999999999985795
500,15.996073018614878,1.0,fibonacci,0.018585675470259765,1.0000000000017337
500,16.496480740980207,1.0,fibonacci,0.0185727863211059,0.9999999999981342
500,17.012542798525892,1.0,fibonacci,0.018578660462269428,0.9999999999973407
500,17.544748908334597,1.0,fibonacci,0.018586412831756112,0.9999999999893039
500,18.093604107387165,1.0,fibonacci,0.018575176765771764,0.9999999999983903
500,18.65962923181746,1.0,fibonacci,0.018528785509528134,1.0000000000011324
500,19.2433614111598,1.0,fibonacci,0.018446521026486418,1.0000000000051872
500,19.845354578058032,1.0,fibonacci,0.01834781886086447,1.000000000001012
500,20.466179993919898,1.0,fibonacci,0.018265139982334706,0.9999999999984087
500,21.106426791015547,1.0,fibonacci,0.01822892144800509,0.9999999999988568
500,21.76670253153459,1.0,fibonacci,0.018253946098076065,1.000000000000878
500,22.44763378413224,1.0,fibonacci,0.018330062775481867,1.000000000002666
500,23.14986671851161,1.0,fibonacci,0.01841689345509851,1.000000000001067
500,23.87406771860647,1.0,fibonacci,0.018455258971583025,0.999999999994537
500,24.620924014946254,1.0,fibonacci,0.018406957674317236,0.9999999999953431
500,25.39114433680347,1.0,fibonacci,0.018294779800377813,0.9999999999971388
500,26.185459584742325,1.0,fibonacci,0.018193405694209384,0.9999999999982161
500,27.00462352420682,1.0,fibonacci,0.018173520111682304,0.9999999999952447
500,27.849413500806442,1.0,fibonacci,0.018249146287182223,0.9999999999965089
500,28.72063117797828,1.0,fibonacci,0.018351033825626216,0.999999999998452
500,29.619103297725534,1.0,fibonacci,0.01835350070759244,0.9999999999911842
500,30.545682465154318,1.0,fibonacci,0.018191585896358112,0.9999999999987215
500,31.50124795755328,1.0,fibonacci,0.01795636785106417,0.9999999999876987
500,32.486706558783744,1.0,fibonacci,0.017810644812287994,0.9999999999992405
500,33.502993419772295,1.0,fibonacci,0.01781573204078734,0.9999999999959687
500,34.55107294592218,1.0,fibonacci,0.01783959834184262,0.9999999999957262
500,35.631939712285856,1.0,fibonacci,0.017643311023661484,0.9999999999991249
500,36.7466194073669,1.0,fibonacci,0.017199588614419902,0.9999999999954653
500,37.896169806447176,1.0,fibonacci,0.016779368931819055,0.9999999999927086
500,39.08168177536266,1.0,fibonacci,0.01656010379442395,0.9999999999828321
500,40.30428030568053,1.0,fibonacci,0.016338941467489456,0.9999999999914232
500,41.5651255822599,1.0,fibonacci,0.015739913304887172,0.9999999999880851
500,42.86541408420927,1.0,fibonacci,0.014873151910744698,0.9999999999896272
500,44.20637972028532,1.0,fibonacci,0.01418805020627211,0.9999999999843483
500,45.58929499981062,1.0,fibonacci,0.013697252495131837,0.9999999999885162
500,47.01547224022132,1.0,fibonacci,0.012985150596884404,0.9999999999932916
500,48.48626481239081,1.0,fibonacci,0.012104394527606907,0.9999999999995051
500,50.00306842491092,1.0,fibonacci,0.01157583207930555,0.9999999999837369
500,51.56732244854966,1.0,fibonacci,0.01135197912096075,0.9999999999937832
500,53.180511282142,1.0,fibonacci,0.010991835802421709,0.9999999999869027
500,54.84416576121018,1.0,fibonacci,0.010690390937572247,0.9999999999958681
500,56.55986461065005,1.0,fibonacci,0.010776107016208023,0.9999999999939647
500,58.329235942862034,1.0,fibonacci,0.010898262394513794,0.9999999999920464
500,60.153958802748356,1.0,fibonacci,0.01086433629488131,0.9999999999913457
500,62.035764761042714,1.0,fibonacci,0.011086702184127908,0.9999999999926339
500,63.97643955748427,1.0,fibonacci,0.011194276767200185,0.9999999999965187
500,65.97782479539536,1.0,fibonacci,0.010778307717791724,0.9999999999836385
500,68.04181968927098,1.0,fibonacci,0.01039713127850294,0.9999999999904426
500,70.17038286703826,1.0,fibonacci,0.00973489260747775,0.9999999999935605
500,72.36553422869653,1.0,fibonacci,0.009013395850928375,0.9999999999895871
500,74.62935686310134,1.0,fibonacci,0.008616179841179154,0.9999999999828028
500,76.96399902471158,1.0,fibonacci,0.008236862918325148,0.9999999999857901
500,79.37167617217551,1.0,fibonacci,0.008222222972012102,0.9999999999892495
500,81.8546730706903,1.0,fibonacci,0.008292220681757721,0.999999999982645
500,84.41534596012986,1.0,fibonacci,0.00856151347696946,0.9999999999872071
500,87.05612479099865,1.0,fibonacci,0.008866970839620012,0.9999999999910149
500,89.77951553033323,1.0,fibonacci,0.009100652371043337,0.9999999999809244
500,92.58810253973955,1.0,fibonacci,0.009352100253675865,0.9999999999930059
500,95.48455102782293,1.0,fibonacci,0.009502681413315651,0.9999999999896
500,98.47160957933774,1.0,fibonacci,0.009686924734766861,0.9999999999894102
500,101.5521127634568,1.0,fibonacci,0.009689433955800105,0.999999999990855
500,104.72898382363586,1.0,fibonacci,0.00941826168348066,0.9999999999766203
500,108.00523745162529,1.0,fibonacci,0.009281350818958605,0.9999999999860593
500,111.38398264826195,1.0,fibonacci,0.009173713951621013,0.999999999981874
500,114.86842567375535,1.0,fibonacci,0.009628457691271153,0.9999999999765523
500,118.46187309026836,1.0,fibonacci,0.010214422427267424,0.9999999999755491
500,122.16773489967919,1.0,fibonacci,0.010993379344820364,0.9999999999833313
500,125.98952777950272,1.0,fibonacci,0.011572590999105016,0.99999999998511
500,129.93087842004158,1.0,fibonacci,0.011209321507060247,0.999999999982157
500,133.99552696593383,1.0,fibonacci,0.010811779251272448,0.999999999981807
500,138.18733056536323,1.0,fibonacci,0.011175026531150965,0.9999999999811547
500,142.5102670302998,1.0,fibonacci,0.01205843491658853,0.9999999999820046
500,146.9684386112446,1.0,fibonacci,0.012977342998856079,0.9999999999712033
500,151.5660758900603,1.0,fibonacci,0.013756787306461087,0.9999999999842337
500,156.30754179458157,1.0,fibonacci,0.014618925149203947,0.9999999999826684
500,161.1973357388157,1.0,fibonacci,0.015379081125555864,0.9999999999696357
500,166.2400978926612,1.0,fibonacci,0.015456195949364286,0.9999999999772137
500,171.440613585197,1.0,fibonacci,0.015361736141604241,0.9999999999717906
500,176.8038178457207,1.0,fibonacci,0.015873832181080395,0.9999999999704511
500,182.33480008684404,1.0,fibonacci,0.017108833411625234,0.999999999974804
500,188.03880893409146,1.0,fibonacci,0.016312084453853327,0.9999999999713544
500,193.9212572065829,1.0,fibonacci,0.013366909450266163,0.9999999999800833
500,199.9877270535285,1.0,fibonacci,0.011645096898096938,0.99999999996862
500,206.24397525140904,1.0,fibonacci,0.011157405462572453,0.9999999999708509
500,212.69593866686898,1.0,fibonacci,0.010761942036747785,0.9999999999697525
500,219.3497398905058,1.0,fibonacci,0.009909860701147006,0.9999999999685883
500,226.2116930469024,1.0,fibonacci,0.008541644086561091,0.9999999999691068
500,233.2883097864156,1.0,fibonacci,0.00833474480807923,0.999999999973247
500,240.58630546440645,1.0,fibonacci,0.009906346323009308,0.9999999999573903
500,248.11260551377677,1.0,fibonacci,0.011098364264623262,0.9999999999692684
500,255.87435201685892,1.0,fibonacci,0.010670430154614234,0.9999999999603849
500,263.87891048289345,1.0,fibonacci,0.011061399043514174,0.9999999999612941
500,272.13387683753086,1.0,fibonacci,0.011249669924870299,0.9999999999602536
500,280.6470846309839,1.0,fibonacci,0.010249689835768759,0.9999999999649779
500,289.4266124716752,1.0,fibonacci,0.00842618483774961,0.9999999999569679
500,298.4807916924327,1.0,fibonacci,0.009547427561765928,0.9999999999590206
500,307.81821425650804,1.0,fibonacci,0.011569947473446605,0.9999999999538055
500,317.4477409109193,1.0,fibonacci,0.010321965822802546,0.9999999999517226
500,327.3785095948577,1.0,fibonacci,0.012049623182077527,0.9999999999374121
500,337.61994411113403,1.0,fibonacci,0.013903446379335353,0.9999999999482373
500,348.18176306889666,1.0,fibonacci,0.011697204967583575,0.9999999999457087
500,359.0739891061055,1.0,fibonacci,0.013247844187938408,0.9999999999341913
500,370.30695840051413,1.0,fibonacci,0.012410094964282789,0.9999999999417313
500,381.8913304781854,1.0,fibonacci,0.009527604396283642,0.9999999999383555
500,393.8380983288489,1.0,fibonacci,0.011758572044152074,0.9999999999385752
500,406.158598837698,1.0,fibonacci,0.010902393042426657,0.9999999999345652
500,418.86452354352707,1.0,fibonacci,0.012483169470723842,0.9999999999300605
500,431.96792973341735,1.0,fibonacci,0.011972732701073779,0.9999999999340333
500,445.4812518844989,1.0,fibonacci,0.01289741328384303,0.9999999999277318
500,459.41731346364764,1.0,fibonacci,0.01356290290509144,0.9999999999118031
500,473.7893390963144,1.0,fibonacci,0.011408703167802616,0.9999999999287313
500,488.6109671160326,1.0,fibonacci,0.011893351409259454,0.9999999999196902
500,503.89626250651503,1.0,fibonacci,0.01088791951712317,0.9999999999222641
500,519.6597302486197,1.0,fibonacci,0.011378883971806005,0.9999999999039624
500,535.9163290848514,1.0,fibonacci,0.01022652822225262,0.9999999998966984
500,552.6814857144603,1.0,fibonacci,0.010979935114671664,0.9999999999119135
500,569.9711094326076,1.0,fibonacci,0.013076621957054044,0.9999999999093473
500,587.8016072274912,1.0,fibonacci,0.009949467824669218,0.9999999999015873
500,606.1898993497572,1.0,fibonacci,0.009810370421746727,0.9999999999071744
500,625.1534353689711,1.0,fibonacci,0.009262379680895981,0.9999999998790222
500,644.7102107323869,1.0,fibonacci,0.009644170079764966,0.9999999998930262
500,664.8787838417263,1.0,fibonacci,0.011743028499451007,0.9999999998779113
500,685.6782936641738,1.0,fibonacci,0.011528285659924609,0.9999999998694009
500,707.1284778942996,1.0,fibonacci,0.009090361045353252,0.9999999998601462
500,729.2496916841444,1.0,fibonacci,0.00848437359829798,0.9999999998717096
500,752.0629269592407,1.0,fibonacci,0.00896267591645902,0.999999999874525
500,775.5898323389001,1.0,fibonacci,0.009804553541109857,0.9999999998554145
500,799.8527336796708,1.0,fibonacci,0.0136046054799824,0.9999999998577241
500,824.8746552614581,1.0,fibonacci,0.013319242093135213,0.9999999998529936
500,850.6793416364153,1.0,fibonacci,0.011060425726680367,0.9999999998519636
500,877.2912801613356,1.0,fibonacci,0.012238963453039783,0.9999999998321838
500,904.7357242349293,1.0,fibonacci,0.01097709029133657,0.9999999998311372
500,933.038717262036,1.0,fibonacci,0.011477856660238915,0.9999999998318927
500,962.2271173675134,1.0,fibonacci,0.008525017681946122,0.9999999998313104
500,992.3286228832545,1.0,fibonacci,0.011469716646455066,0.9999999998279823
500,1023.3717986325192,1.0,fibonacci,0.00879276566147696,0.9999999998220338
500,1055.386103036523,1.0,fibonacci,0.009823450909773806,0.9999999998120729
500,1088.4019160690054,1.0,fibonacci,0.00965187070624041,0.9999999997978812
500,1122.4505680853058,1.0,fibonacci,0.01086708452592105,0.9999999997942433
500,1157.5643695533035,1.0,fibonacci,0.01083725658687621,0.9999999997919747
500,1193.7766417144358,1.0,fibonacci,0.012825381105530114,0.9999999997856167
500,1231.1217482038908,1.0,fibonacci,0.020724712806213557,0.9999999997755828
500,1269.6351276599742,1.0,fibonacci,0.010182952453560393,0.9999999997721031
500,1309.353327353611,1.0,fibonacci,0.009558770078006915,0.9999999997718817
500,1350.3140378698736,1.0,fibonacci,0.011289735705058548,0.9999999997539982
500,1392.5561288744634,1.0,fibonacci,0.00832754272597574,0.9999999997537478
500,1436.1196859990787,1.0,fibonacci,0.009370315954439067,0.9999999997380368
500,1481.0460488806755,1.0,fibonacci,0.008934356907875292,0.9999999997407897
500,1527.377850390714,1.0,fibonacci,0.0111129927519082,0.999999999727536
500,1575.1590570916228,1.0,fibonacci,0.010012864624983657,0.9999999997255214
500,1624.435010958867,1.0,fibonacci,0.011694031719368943,0.9999999997105213
500,1675.2524724082155,1.0,fibonacci,0.010793408431116988,0.9999999997055562
500,1727.6596646690364,1.0,fibonacci,0.00989233539657612,0.9999999996924048
500,1781.7063195457306,1.0,fibonacci,0.008447798392251614,0.9999999996898457
500,1837.4437246107268,1.0,fibonacci,0.01065224354523175,0.9999999996738156
500,1894.9247718738216,1.0,fibonacci,0.00968859693553031,0.9999999996714369
500,1954.2040079740534,1.0,fibonacci,0.007876209423423321,0.9999999996486653
500,2015.337685941733,1.0,fibonacci,0.012091802984492292,0.9999999996518634
500,2078.383818579757,1.0,fibonacci,0.010978136322384504,0.9999999996381979
500,2143.4022335148566,1.0,fibonacci,0.008869750487545857,0.9999999996282223
500,2210.4546299710214,1.0,fibonacci,0.01565759513222173,0.9999999996137718
500,2279.6046373189797,1.0,fibonacci,0.010271647590706845,0.999999999607543
500,2350.9178754572868,1.0,fibonacci,0.008633065288097137,0.9999999995912332
500,2424.462017082328,1.0,fibonacci,0.009245110393396708,0.999999999570325
500,2500.306851906324,1.0,fibonacci,0.010497522205108478,0.9999999995551584
500,2578.524352884274,1.0,fibonacci,0.011564673757364995,0.9999999995515578
500,2659.1887445126936,1.0,fibonacci,0.009822865769183873,0.9999999995366072
500,2742.3765732649495,1.0,fibonacci,0.00913379044474153,0.9999999995290767
500,2828.166780230032,1.0,fibonacci,0.00906528030532524,0.9999999995161569
500,2916.640776023704,1.0,fibonacci,0.00820020686663209,0.9999999994935214
500,3007.882518043099,1.0,fibonacci,0.01292286525551616,0.9999999994808108
500,3101.978590138097,1.0,fibonacci,0.010479041755776575,0.9999999994652204
500,3199.018284775064,1.0,fibonacci,0.008854539468213893,0.999999999439364
500,3299.093687770939,1.0,fibonacci,0.008896817176492478,0.9999999994307931
500,3402.2997656780676,1.0,fibonacci,0.009384020582480179,0.9999999994003723
500,3508.7344559027115,1.0,fibonacci,0.012160545728749963,0.9999999993838413
500,3618.4987596427463,1.0,fibonacci,0.009421708100496768,0.9999999993663188
500,3731.6968377327516,1.0,fibonacci,0.008071735321447383,0.9999999993457171
500,3848.436109487429,1.0,fibonacci,0.008462198295031882,0.999999999305934
500,3968.827354637162,1.0,fibonacci,0.009396334707919573,0.9999999992719316
500,4092.984818452438,1.0,fibonacci,0.007899009604435656,0.9999999992092895
500,4221.026320156899,1.0,fibonacci,0.008996168398836001,0.9999999991879283
500,4353.0733647318875,1.0,fibonacci,0.008352969353991598,0.9999999991412535
500,4489.251258218603,1.0,fibonacci,0.00861344317239453,0.9999999990541385
500,4629.689226627263,1.0,fibonacci,0.00760636430537281,0.99999999901649
500,4774.520538566127,1.0,fibonacci,0.007283043991051881,0.999999998938977
500,4923.882631706737,1.0,fibonacci,0.009186005785683375,0.9999999988726991
500,5077.917243205398,1.0,fibonacci,0.008285717307061614,0.9999999988072696
500,5236.77054420465,1.0,fibonacci,0.007516596524982454,0.9999999987090905
500,5400.593278542368,1.0,fibonacci,0.007051277581235489,0.9999999986274128
500,5569.5409058001305,1.0,fibonacci,0.008152087079341641,0.9999999985172116
500,5743.773748826581,1.0,fibonacci,0.007631897595117905,0.9999999984299139
500,5923.4571458758055,1.0,fibonacci,0.007196331667426205,0.9999999983025026
500,6108.76160750504,1.0,fibonacci,0.007298625640151578,0.9999999981753577
500,6299.862978380694,1.0,fibonacci,0.006171999109299972,0.9999999980495436
500,6496.942604146125,1.0,fibonacci,0.008368607592496295,0.999999997909907
500,6700.18750350959,1.0,fibonacci,0.007382519118417726,0.9999999977578461
500,6909.790545715645,1.0,fibonacci,0.0062198823831454125,0.9999999975494719
500,7125.950633568411,1.0,fibonacci,0.006506757266678088,0.99999999744731
500,7348.872892180388,1.0,fibonacci,0.0066277034199426245,0.9999999972373318
500,7578.76886362593,1.0,fibonacci,0.00708673830667002,0.9999999970258379
500,7815.856707684091,1.0,fibonacci,0.008202494876879046,0.9999999968492093
500,8060.361408861345,1.0,fibonacci,0.00775799559450702,0.9999999965726765
500,8312.514989890631,1.0,fibonacci,0.007116740158213212,0.9999999963119311
500,8572.556731909324,1.0,fibonacci,0.006903929031905169,0.9999999959943892
500,8840.733401525064,1.0,fibonacci,0.006602307066866564,0.9999999957320145
500,9117.299484984922,1.0,fibonacci,0.006530612242769568,0.9999999953834865
500,9402.517429670132,1.0,fibonacci,0.006488093530023002,0.9999999949315034
500,9696.65789314552,1.0,fibonacci,0.006542199274685205,0.9999999943363993
500,10000.0,1.0,fibonacci,0.0060457192153713256,0.9999999937569527
500,0.0,1.0,tribonacci,0.08201561019889944,1.0000000000000002
500,1.0,1.0,tribonacci,0.0819552119110764,0.9999999999916701
500,1.0312831606721848,1.0,tribonacci,0.08194789909776293,0.9999999999981728
500,1.0635449574860112,1.0,tribonacci,0.08193974360652512,1.0000000000000253
500,1.096816005273138,1.0,tribonacci,0.0819306566465112,1.000000000000343
500,1.1311278765939214,1.0,tribonacci,0.08192054168463059,0.9999999999999177
500,1.1665131316981963,1.0,tribonacci,0.0819092940941554,0.9999999999997603
500,1.2030053494233244,1.0,tribonacci,0.08189680085906462,1.000000000001305
500,1.240639159058832,1.0,tribonacci,0.08188294035142651,1.0000000000048819
500,1.2794502732078736,1.0,tribonacci,0.08186758220834531,1.0000000000089968
500,1.3194755216767062,1.0,tribonacci,0.08185058733604667,1.0000000000107097
500,1.3607528864243335,1.0,tribonacci,0.08183180807254278,1.0000000000071794
500,1.403321537605485,1.0,tribonacci,0.08181108854411967,0.999999999998004
500,1.4472218707411348,1.0,tribonacci,0.0817882652543635,0.9999999999872687
500,1.4924955450518296,1.0,tribonacci,0.08176316794719468,0.9999999999831725
500,1.5391855229902058,1.0,tribonacci,0.08173562078685805,0.999999999991686
500,1.587336111010209,1.0,tribonacci,0.08170544389803845,0.9999999999998224
500,1.6369930016117025,1.0,tribonacci,0.08167245536999168,1.0000000000003029
500,1.6882033167003634,1.0,tribonacci,0.08163647372910626,0.9999999999995163
500,1.7410156523040161,1.0,tribonacci,0.08159732090169877,1.000000000001787
500,1.7954801246878311,1.0,tribonacci,0.08155482578760276,1.0000000000086058
500,1.8516484179121548,1.0,tribonacci,0.08150882844346428,1.0000000000135931
500,1.9095738328780973,1.0,tribonacci,0.08145918491672305,1.0000000000074691
500,1.9693113379074225,1.0,tribonacci,0.08140577275068615,0.9999999999899531
500,2.0309176209047357,1.0,tribonacci,0.08134849716208513,0.9999999999782215
500,2.0944511431514696,1.0,tribonacci,0.08128729786595622,0.9999999999918374
500,2.159972194782718,1.0,tribonacci,0.08122215648808342,1.0000000000002323
500,2.2275429519995575,1.0,tribonacci,0.08115310451090994,0.9999999999994248
500,2.2972275360711523,1.0,tribonacci,0.08108023158740889,1.0000000000024216
500,2.369092074182633,1.0,tribonacci,0.08100369409458305,1.0000000000138194
500,2.4432047621864883,1.0,tribonacci,0.08092372371998631,1.0000000000152247
500,2.519635929317015,1.0,tribonacci,0.08084063575074271,0.999999999992011
500,2.598458104929249,1.0,tribonacci,0.0807548368072437,0.9999999999730843
500,2.6797460873256913,1.0,tribonacci,0.08066683178429276,0.9999999999968189
500,2.763577014736159,1.0,tribonacci,0.0805772296676778,1.0000000000000249
500,2.850030438518107,1.0,tribonacci,0.0804867474795306,1.000000000000614
500,2.9391883986468863,1.0,tribonacci,0.08039621266248786,1.0000000000149225
500,3.0311355015675785,1.0,tribonacci,0.08030656346065293,1.0000000000129519
500,3.1259590004822804,1.0,tribonacci,0.08021884700642887,0.9999999999777334
500,3.2237488781490296,1.0,tribonacci,0.08013421541840872,0.9999999999837399
500,3.3245979322709407,1.0,tribonacci,0.08005392096882696,0.9999999999998774
500,3.428601863556586,1.0,tribonacci,0.07997930979362644,1.0000000000006692
500,3.5358593665351785,1.0,tribonacci,0.07991181579151846,1.0000000000159648
500,3.646472223212748,1.0,tribonacci,0.07985295613654567,0.9999999999969968
500,3.760545399658171,1.0,tribonacci,0.07980432823301259,0.9999999999732004
500,3.8781871456107226,1.0,tribonacci,0.07976760968886709,0.9999999999996002
500,3.9995090972036653,1.0,tribonacci,0.07974456052946889,1.0000000000006464
500,4.1246263829013525,1.0,tribonacci,0.07973702379697206,1.0000000000169826
500,4.253657732750387,1.0,tribonacci,0.07974692164103434,0.9999999999813897
500,4.386725591048498,1.0,tribonacci,0.07977623632052724,0.9999999999935614
500,4.523956232538054,1.0,tribonacci,0.07982696634900872,0.9999999999982162
500,4.6654798822344725,1.0,tribonacci,0.07990104041517397,1.0000000000189433
500,4.811430839003259,1.0,tribonacci,0.08000017379976483,0.9999999999870004
500,4.961947603002903,1.0,tribonacci,0.08012565045033983,0.9999999999903723
500,5.117173007114605,1.0,tribonacci,0.08027802106162871,0.9999999999978033
500,5.277254352483538,1.0,tribonacci,0.0804567167094086,1.000000000029044
500,5.442343548300267,1.0,tribonacci,0.08065959550737845,0.9999999999622082
500,5.612597255954972,1.0,tribonacci,0.08088246199414953,0.9999999999981839
500,5.788177037701274,1.0,tribonacci,0.081118624314542,1.0000000000060483
500,5.969249509970735,1.0,tribonacci,0.08135858193043549,0.9999999999881825
500,6.155986501483509,1.0,tribonacci,0.08158995712925361,0.9999999999978055
500,6.348565216305219,1.0,tribonacci,0.08179779259160173,1.0000000000058147
500,6.547168402004738,1.0,tribonacci,0.0819653260597167,0.9999999999819962
500,6.751984523072503,1.0,tribonacci,0.08207530956237166,0.9999999999970876
500,6.963207939763885,1.0,tribonacci,0.08211186015339692,1.0000000000070244
500,7.181039092537351,1.0,tribonacci,0.08206271560270417,0.9999999999971259
500,7.405684692262437,1.0,tribonacci,0.08192162932019666,1.000000000011109
500,7.637357916378021,1.0,tribonacci,0.08169051300479212,0.9999999999654563
500,7.876278611187057,1.0,tribonacci,0.08138086471408609,0.9999999999968145
500,8.122673500479713,1.0,tribonacci,0.08101404964594529,0.9999999999919299
500,8.376776400682918,1.0,tribonacci,0.08062017647631879,0.999999999996812
500,8.638828442740447,1.0,tribonacci,0.0802356217549241,1.0000000000004836
500,8.909078300934137,1.0,tribonacci,0.07989964630740468,0.9999999999967955
500,9.187782428863335,1.0,tribonacci,0.07965085184415376,0.9999999999973098
500,9.475205302806543,1.0,tribonacci,0.07952420419381706,0.9999999999961483
500,9.771619672696177,1.0,tribonacci,0.07954879373454536,0.9999999999834851
500,10.077306820944612,1.0,tribonacci,0.07974550508540375,0.9999999999969906
500,10.392556829367125,1.0,tribonacci,0.08012293646995051,0.9999999999693443
500,10.71766885445503,1.0,tribonacci,0.08067022455571082,1.0000000000103852
500,11.052951411260215,1.0,tribonacci,0.08134753655055646,0.999999999995817
500,11.39872266616052,1.0,tribonacci,0.08207829210123073,0.9999999999884309
500,11.755310738783693,1.0,tribonacci,0.08274974837063061,1.0000000000020912
500,12.123054013376523,1.0,tribonacci,0.08322809701777352,0.9999999999956948
500,12.502301459914554,1.0,tribonacci,0.08338944505139105,0.9999999999755798
500,12.89341296525715,1.0,tribonacci,0.08315978292196965,1.0000000000091065
500,13.29675967466212,1.0,tribonacci,0.08254874809384703,0.9999999999987286
500,13.712724343984002,1.0,tribonacci,0.08165957823664773,0.9999999999951344
500,14.141701702890233,1.0,tribonacci,0.08066638023771873,0.9999999999821049
500,14.584098829439856,1.0,tribonacci,0.07976784363711469,0.9999999999793469
500,15.040335536380244,1.0,tribonacci,0.07914056721930611,0.999999999997737
500,15.510844769528397,1.0,tribonacci,0.07890889117354877,1.0000000000112248
500,15.996073018614878,1.0,tribonacci,0.07912357956898572,1.000000000005144
500,16.496480740980207,1.0,tribonacci,0.07973044553929223,0.9999999999996936
500,17.012542798525892,1.0,tribonacci,0.08054036006888773,0.9999999999993818
500,17.544748908334597,1.0,tribonacci,0.0812550961189147,1.0000000000022176
500,18.093604107387165,1.0,tribonacci,0.08158795172815204,1.0000000000079823
500,18.65962923181746,1.0,tribonacci,0.08142902225700942,1.000000000008608
500,19.2433614111598,1.0,tribonacci,0.08092992690105359,0.9999999999966511
500,19.845354578058032,1.0,tribonacci,0.08042447671491053,0.9999999999751151
500,20.466179993919898,1.0,tribonacci,0.08024462129754212,0.9999999999922844
500,21.106426791015547,1.0,tribonacci,0.08056391645642536,0.9999999999919363
500,21.76670253153459,1.0,tribonacci,0.0812998953391168,1.000000000005649
500,22.44763378413224,1.0,tribonacci,0.08206148378522174,0.9999999999738386
500,23.14986671851161,1.0,tribonacci,0.08228855666331202,0.9999999999913524
500,23.87406771860647,1.0,tribonacci,0.08167049731631223,1.0000000000011828
500,24.620924014946254,1.0,tribonacci,0.08048999330256101,0.9999999999912857
500,25.39114433680347,1.0,tribonacci,0.07945835750124286,1.0000000000024798
500,26.185459584742325,1.0,tribonacci,0.07920486348092118,0.9999999999913032
500,27.00462352420682,1.0,tribonacci,0.07987344911407745,0.9999999999948437
500,27.849413500806442,1.0,tribonacci,0.08093475110502628,0.9999999999910288
500,28.72063117797828,1.0,tribonacci,0.08143610155644028,0.9999999999896275
500,29.619103297725534,1.0,tribonacci,0.0808790909511424,0.9999999999773448
500,30.545682465154318,1.0,tribonacci,0.07982973421715901,1.000000000000561
500,31.50124795755328,1.0,tribonacci,0.07937728059294631,0.9999999999985882
500,32.486706558783744,1.0,tribonacci,0.08008683046800931,0.9999999999907796
500,33.502993419772295,1.0,tribonacci,0.08139778310344369,0.999999999990257
500,34.55107294592218,1.0,tribonacci,0.08190165845136262,0.9999999999923048
500,35.631939712285856,1.0,tribonacci,0.08084460454578489,0.9999999999995558
500,36.7466194073669,1.0,tribonacci,0.07933339942995261,0.9999999999974725
500,37.896169806447176,1.0,tribonacci,0.07899955849828152,0.9999999999661008
500,39.08168177536266,1.0,tribonacci,0.07995824686055021,0.9999999999874658
500,40.30428030568053,1.0,tribonacci,0.08057415570488866,1.0000000000014624
500,41.5651255822599,1.0,tribonacci,0.07975472459376623,0.9999999999673483
500,42.86541408420927,1.0,tribonacci,0.07908907634710079,0.9999999999968474
500,44.20637972028532,1.0,tribonacci,0.08014466079461495,0.9999999999855038
500,45.58929499981062,1.0,tribonacci,0.08147032132272956,0.9999999999651455
500,47.01547224022132,1.0,tribonacci,0.08051631781905652,0.9999999999965675
500,48.48626481239081,1.0,tribonacci,0.07875550100294015,0.9999999999965835
500,50.00306842491092,1.0,tribonacci,0.0788754241824498,0.9999999999901587
500,51.56732244854966,1.0,tribonacci,0.07986730602737363,0.9999999999957326
500,53.180511282142,1.0,tribonacci,0.07981527264932844,0.9999999999914841
500,54.84416576121018,1.0,tribonacci,0.08020763767678628,0.9999999999600816
500,56.55986461065005,1.0,tribonacci,0.08073042707033849,0.9999999999817014
500,58.329235942862034,1.0,tribonacci,0.07954815906559938,0.9999999999690712
500,60.153958802748356,1.0,tribonacci,0.07935133957211159,0.9999999999862573
500,62.035764761042714,1.0,tribonacci,0.08080917110768823,0.9999999999799676
500,63.97643955748427,1.0,tribonacci,0.0796154302190552,0.9999999999567055
500,65.97782479539536,1.0,tribonacci,0.07926589595780677,0.9999999999735069
500,68.04181968927098,1.0,tribonacci,0.08286930370996227,0.9999999999704208
500,70.17038286703826,1.0,tribonacci,0.0799161812716511,0.9999999999494185
500,72.36553422869653,1.0,tribonacci,0.07900234155444874,0.9999999999765046
500,74.62935686310134,1.0,tribonacci,0.08226583957753766,0.9999999999857375
500,76.96399902471158,1.0,tribonacci,0.07883751562841348,0.9999999999736384
500,79.37167617217551,1.0,tribonacci,0.0839011024067056,0.9999999999707614
500,81.8546730706903,1.0,tribonacci,0.07827387954867669,0.9999999999497292
500,84.41534596012986,1.0,tribonacci,0.08181559708938331,0.9999999999554504
500,87.05612479099865,1.0,tribonacci,0.07938473336658323,0.9999999999687714
500,89.77951553033323,1.0,tribonacci,0.08194537199549884,0.9999999999564056
500,92.58810253973955,1.0,tribonacci,0.07890418293760212,0.9999999999825785
500,95.48455102782293,1.0,tribonacci,0.08109566977089062,0.9999999999665171
500,98.47160957933774,1.0,tribonacci,0.07758228603198387,0.999999999973704
500,101.5521127634568,1.0,tribonacci,0.08250868597763322,0.9999999999642174
500,104.72898382363586,1.0,tribonacci,0.0762120790184126,0.9999999999614195
500,108.00523745162529,1.0,tribonacci,0.08104813715872504,0.9999999999288736
500,111.38398264826195,1.0,tribonacci,0.0773262529498839,0.9999999999555611
500,114.86842567375535,1.0,tribonacci,0.07845578557943227,0.9999999999217881
500,118.46187309026836,1.0,tribonacci,0.08011505892692043,0.9999999999534785
500,122.16773489967919,1.0,tribonacci,0.0762865807546624,0.9999999999065969
500,125.98952777950272,1.0,tribonacci,0.07870489444994973,0.9999999999172361
500,129.93087842004158,1.0,tribonacci,0.08124764667303065,0.9999999999249959
500,133.99552696593383,1.0,tribonacci,0.07840572356134981,0.9999999999631356
500,138.18733056536323,1.0,tribonacci,0.07566733730417109,0.9999999999424758
500,142.5102670302998,1.0,tribonacci,0.08134597469665208,0.9999999999404149
500,146.9684386112446,1.0,tribonacci,0.0844250116895468,0.999999999962509
500,151.5660758900603,1.0,tribonacci,0.08068311356173438,0.9999999999316111
500,156.30754179458157,1.0,tribonacci,0.07727446676767144,0.9999999999185004
500,161.1973357388157,1.0,tribonacci,0.07431986463471926,0.9999999999442509
500,166.2400978926612,1.0,tribonacci,0.07455687445784029,0.9999999999178208
500,171.440613585197,1.0,tribonacci,0.07447773513710496,0.9999999999134662
500,176.8038178457207,1.0,tribonacci,0.07633072531317547,0.9999999998576496
500,182.33480008684404,1.0,tribonacci,0.07685443083254909,0.9999999998236849
500,188.03880893409146,1.0,tribonacci,0.07570341288281172,0.9999999998952864
500,193.9212572065829,1.0,tribonacci,0.07402299131237229,0.9999999998204258
500,199.9877270535285,1.0,tribonacci,0.07304908168369673,0.9999999998827954
500,206.24397525140904,1.0,tribonacci,0.07192816572270298,0.9999999997596287
500,212.69593866686898,1.0,tribonacci,0.07509068280097334,0.9999999998641105
500,219.3497398905058,1.0,tribonacci,0.08093427202594847,0.9999999998131497
500,226.2116930469024,1.0,tribonacci,0.08386830921579969,0.9999999998100494
500,233.2883097864156,1.0,tribonacci,0.07096274271832086,0.9999999997988418
500,240.58630546440645,1.0,tribonacci,0.07019077309149342,0.9999999998145412
500,248.11260551377677,1.0,tribonacci,0.08531242884873923,0.9999999997971374
500,255.87435201685892,1.0,tribonacci,0.06780547383902243,0.9999999996395265
500,263.87891048289345,1.0,tribonacci,0.07341384651497976,0.9999999996038532
500,272.13387683753086,1.0,tribonacci,0.06925718240737463,0.9999999996571862
500,280.6470846309839,1.0,tribonacci,0.07148184216532107,0.9999999998473635
500,289.4266124716752,1.0,tribonacci,0.06392919610993429,0.9999999994492283
500,298.4807916924327,1.0,tribonacci,0.07780571185137046,0.9999999996653762
500,307.81821425650804,1.0,tribonacci,0.06107157076882336,0.9999999996578932
500,317.4477409109193,1.0,tribonacci,0.057358242957543486,0.9999999993901885
500,327.3785095948577,1.0,tribonacci,0.06838069663064558,0.9999999996622674
500,337.61994411113403,1.0,tribonacci,0.06771320333546095,0.9999999998483835
500,348.18176306889666,1.0,tribonacci,0.06425222056699474,0.9999999994249678
500,359.0739891061055,1.0,tribonacci,0.061925244602883685,0.9999999993789485
500,370.30695840051413,1.0,tribonacci,0.06726054050616062,0.9999999991517191
500,381.8913304781854,1.0,tribonacci,0.04496285909682919,0.9999999986784623
500,393.8380983288489,1.0,tribonacci,0.04858830672605467,0.9999999961951828
500,406.158598837698,1.0,tribonacci,0.048642418670094376,0.9999999980283673
500,418.86452354352707,1.0,tribonacci,0.058462545939387156,0.9999999975033381
500,431.96792973341735,1.0,tribonacci,0.07341897435529673,0.9999999979543616
500,445.4812518844989,1.0,tribonacci,0.03817075303799919,0.9999999968800953
500,459.41731346364764,1.0,tribonacci,0.05580808596121867,0.999999996420664
500,473.7893390963144,1.0,tribonacci,0.044138136884861866,0.9999999960928251
500,488.6109671160326,1.0,tribonacci,0.03961361932497162,0.9999999968184894
500,503.89626250651503,1.0,tribonacci,0.05825028112252791,0.9999999959868536
500,519.6597302486197,1.0,tribonacci,0.07004358910613721,0.9999999951572649
500,535.9163290848514,1.0,tribonacci,0.06426212947635081,0.9999999957077943
500,552.6814857144603,1.0,tribonacci,0.056452272379044766,0.9999999942881894
500,569.9711094326076,1.0,tribonacci,0.05509954473455945,0.9999999936878793
500,587.8016072274912,1.0,tribonacci,0.0515423696398033,0.9999999939218667
500,606.1898993497572,1.0,tribonacci,0.03586406948533693,0.99999999342067
500,625.1534353689711,1.0,tribonacci,0.0336523808795312,0.9999999928556671
500,644.7102107323869,1.0,tribonacci,0.0335983529656186,0.9999999929925675
500,664.8787838417263,1.0,tribonacci,0.026780534966045016,0.9999999920633748
500,685.6782936641738,1.0,tribonacci,0.035848679934376515,0.999999990941686
500,707.1284778942996,1.0,tribonacci,0.030065361925595935,0.9999999917452302
500,729.2496916841444,1.0,tribonacci,0.03044004810250453,0.9999999894998896
500,752.0629269592407,1.0,tribonacci,0.04034432855146972,0.9999999896418673
500,775.5898323389001,1.0,tribonacci,0.045394397603475876,0.9999999898999248
500,799.8527336796708,1.0,tribonacci,0.03444678034996353,0.9999999891045858
500,824.8746552614581,1.0,tribonacci,0.055795760123880225,0.9999999893598723
500,850.6793416364153,1.0,tribonacci,0.040291750318196824,0.9999999877521757
500,877.2912801613356,1.0,tribonacci,0.0362263470778084,0.9999999869032642
500,904.7357242349293,1.0,tribonacci,0.058317218399054474,0.9999999877186524
500,933.038717262036,1.0,tribonacci,0.04399472731826109,0.9999999864845502
500,962.2271173675134,1.0,tribonacci,0.043362350038338396,0.9999999859227736
500,992.3286228832545,1.0,tribonacci,0.029728970491703734,0.9999999861937182
500,1023.3717986325192,1.0,tribonacci,0.04605240492025012,0.9999999851493739
500,1055.386103036523,1.0,tribonacci,0.06522940337884865,0.9999999843579175
500,1088.4019160690054,1.0,tribonacci,0.03587793099446835,0.9999999830412255
500,1122.4505680853058,1.0,tribonacci,0.03335642283539089,0.9999999834591713
500,1157.5643695533035,1.0,tribonacci,0.03852656405881692,0.9999999823913823
500,1193.7766417144358,1.0,tribonacci,0.03279694716463126,0.9999999820029029
500,1231.1217482038908,1.0,tribonacci,0.031220821458086204,0.9999999804018629
500,1269.6351276599742,1.0,tribonacci,0.029011384719033962,0.9999999801235133
500,1309.353327353611,1.0,tribonacci,0.024325841029880068,0.9999999782646471
500,1350.3140378698736,1.0,tribonacci,0.03033629240866176,0.9999999776837061
500,1392.5561288744634,1.0,tribonacci,0.03022731317364125,0.9999999772122093
500,1436.1196859990787,1.0,tribonacci,0.02823354504498479,0.9999999757679053
500,1481.0460488806755,1.0,tribonacci,0.027016333826043085,0.9999999743632504
500,1527.377850390714,1.0,tribonacci,0.034977657402371916,0.9999999740732196
500,1575.1590570916228,1.0,tribonacci,0.026068786283214122,0.9999999715327084
500,1624.435010958867,1.0,tribonacci,0.041263528319082525,0.9999999721378755
500,1675.2524724082155,1.0,tribonacci,0.02524095174026968,0.9999999712740668
500,1727.6596646690364,1.0,tribonacci,0.04192980170627277,0.9999999702626112
500,1781.7063195457306,1.0,tribonacci,0.028026266002971114,0.9999999688152759
500,1837.4437246107268,1.0,tribonacci,0.024279563578831605,0.9999999673446514
500,1894.9247718738216,1.0,tribonacci,0.026343288050981576,0.9999999666594341
500,1954.2040079740534,1.0,tribonacci,0.024171484937173596,0.9999999648076544
500,2015.337685941733,1.0,tribonacci,0.025497099034326415,0.999999963304689
500,2078.383818579757,1.0,tribonacci,0.02338380438372662,0.9999999638126879
500,2143.4022335148566,1.0,tribonacci,0.020940538121211914,0.9999999624318423
500,2210.4546299710214,1.0,tribonacci,0.020251616571387045,0.9999999609239681
500,2279.6046373189797,1.0,tribonacci,0.01885939355499773,0.9999999597426676
500,2350.9178754572868,1.0,tribonacci,0.022862142397697544,0.999999957782554
500,2424.462017082328,1.0,tribonacci,0.02023940298509963,0.9999999563549067
500,2500.306851906324,1.0,tribonacci,0.024125902937269322,0.9999999555630721
500,2578.524352884274,1.0,tribonacci,0.025066235733831963,0.9999999541493544
500,2659.1887445126936,1.0,tribonacci,0.021954734542492,0.9999999533777072
500,2742.3765732649495,1.0,tribonacci,0.017678662913814005,0.9999999509091708
500,2828.166780230032,1.0,tribonacci,0.019262837484385037,0.999999948590931
500,2916.640776023704,1.0,tribonacci,0.01780037764225187,0.9999999470314663
500,3007.882518043099,1.0,tribonacci,0.018827063007687345,0.9999999461787731
500,3101.978590138097,1.0,tribonacci,0.017583648390734948,0.999999943538859
500,3199.018284775064,1.0,tribonacci,0.016252712935368452,0.9999999423966526
500,3299.093687770939,1.0,tribonacci,0.018460617698844464,0.9999999400923145
500,3402.2997656780676,1.0,tribonacci,0.017227865718283438,0.999999938026259
500,3508.7344559027115,1.0,tribonacci,0.01680399844794941,0.9999999380379598
500,3618.4987596427463,1.0,tribonacci,0.013557169001420328,0.9999999340941476
500,3731.6968377327516,1.0,tribonacci,0.016886205869931534,0.999999933038813
500,3848.436109487429,1.0,tribonacci,0.014714808985344982,0.9999999303538047
500,3968.827354637162,1.0,tribonacci,0.015135814618253593,0.9999999289434898
500,4092.984818452438,1.0,tribonacci,0.019147190788990992,0.9999999273128376
500,4221.026320156899,1.0,tribonacci,0.017358119766181068,0.9999999244211994
500,4353.0733647318875,1.0,tribonacci,0.016348515811892454,0.999999922273781
500,4489.251258218603,1.0,tribonacci,0.013276100952903097,0.9999999182196816
500,4629.689226627263,1.0,tribonacci,0.015926869201868213,0.9999999171347091
500,4774.520538566127,1.0,tribonacci,0.013879127315130042,0.9999999150931473
500,4923.882631706737,1.0,tribonacci,0.011317432432110766,0.9999999114188654
500,5077.917243205398,1.0,tribonacci,0.014073219829741438,0.9999999092368019
500,5236.77054420465,1.0,tribonacci,0.015017263417225922,0.9999999055386565
500,5400.593278542368,1.0,tribonacci,0.014784431386786328,0.9999999034051639
500,5569.5409058001305,1.0,tribonacci,0.013675317897300277,0.9999998997617039
500,5743.773748826581,1.0,tribonacci,0.011965164082303813,0.9999998977799026
500,5923.4571458758055,1.0,tribonacci,0.016095477128790003,0.9999998941124795
500,6108.76160750504,1.0,tribonacci,0.014799873267860432,0.999999890874461
500,6299.862978380694,1.0,tribonacci,0.013500657295151758,0.9999998874170658
500,6496.942604146125,1.0,tribonacci,0.014849934015833675,0.9999998846601429
500,6700.18750350959,1.0,tribonacci,0.014090749980631785,0.9999998806484347
500,6909.790545715645,1.0,tribonacci,0.013327960824440046,0.9999998768243069
500,7125.950633568411,1.0,tribonacci,0.011003800497249937,0.9999998721259188
500,7348.872892180388,1.0,tribonacci,0.010219984280318017,0.9999998694508844
500,7578.76886362593,1.0,tribonacci,0.011216110034563426,0.9999998643566838
500,7815.856707684091,1.0,tribonacci,0.012551906184140272,0.9999998609803533
500,8060.361408861345,1.0,tribonacci,0.010577972404107351,0.9999998570551515
500,8312.514989890631,1.0,tribonacci,0.011392020501128098,0.999999853701779
500,8572.556731909324,1.0,tribonacci,0.011121174724364136,0.9999998494081551
500,8840.733401525064,1.0,tribonacci,0.009614593385761197,0.9999998459884165
500,9117.299484984922,1.0,tribonacci,0.009415042176275687,0.9999998407652547
500,9402.517429670132,1.0,tribonacci,0.012483155623510201,0.9999998367907833
500,9696.65789314552,1.0,tribonacci,0.009946022858660244,0.9999998310176246
500,10000.0,1.0,tribonacci,0.009834749545547345,0.999999827703528
500,0.0,1.5,fibonacci,0.020964511224918797,1.0
500,1.0,1.5,fibonacci,0.020955555747059387,0.9999999999965744
500,1.0312831606721848,1.5,fibonacci,0.020954621261064604,0.9999999999948825
500,1.0635449574860112,1.5,fibonacci,0.020953587214831176,0.9999999999947182
500,1.096816005273138,1.5,fibonacci,0.020952443436262767,0.9999999999965189
500,1.1311278765939214,1.5,fibonacci,0.02095117885178742,0.9999999999992871
500,1.1665131316981963,1.5,fibonacci,0.02094978143612812,0.9999999999999964
500,1.2030053494233244,1.5,fibonacci,0.020948238171564187,1.0000000000001041
500,1.240639159058832,1.5,fibonacci,0.020946535003617612,0.9999999999999292
500,1.2794502732078736,1.5,fibonacci,0.02094465680873992,0.9999999999999123
500,1.3194755216767062,1.5,fibonacci,0.020942587371953283,1.0000000000005993
500,1.3607528864243335,1.5,fibonacci,0.020940309376810858,1.000000000002036
500,1.403321537605485,1.5,fibonacci,0.020937804411420825,1.0000000000035272
500,1.4472218707411348,1.5,fibonacci,0.020935052994119078,1.0000000000038756
500,1.4924955450518296,1.5,fibonacci,0.020932034622704848,1.0000000000020839
500,1.5391855229902058,1.5,fibonacci,0.02092872785140299,0.9999999999983163
500,1.587336111010209,1.5,fibonacci,0.02092511039983087,0.9999999999945768
500,1.6369930016117025,1.5,fibonacci,0.02092115929814983,0.999999999994136
500,1.6882033167003634,1.5,fibonacci,0.020916851072167165,0.9999999999981962
500,1.7410156523040161,1.5,fibonacci,0.020912161972309384,1.0000000000000022
500,1.7954801246878311,1.5,fibonacci,0.02090706826242408,0.9999999999999983
500,1.8516484179121548,1.5,fibonacci,0.020901546552072957,0.9999999999998496
500,1.9095738328780973,1.5,fibonacci,0.020895574185339643,1.000000000001344
500,1.9693113379074225,1.5,fibonacci,0.020889129689198753,1.0000000000040918
500,2.0309176209047357,1.5,fibonacci,0.020882193276212067,1.0000000000048244
500,2.0944511431514696,1.5,fibonacci,0.02087474739932524,1.0000000000006406
500,2.159972194782718,1.5,fibonacci,0.020866777353363192,0.9999999999938582
500,2.2275429519995575,1.5,fibonacci,0.020858271914765036,0.9999999999928618
500,2.2972275360711523,1.5,fibonacci,0.020849224007441266,0.999999999999615
500,2.369092074182633,1.5,fibonacci,0.020839631375698737,1.0000000000000486
500,2.4432047621864883,1.5,fibonacci,0.020829497241424366,0.999999999999786
500,2.519635929317015,1.5,fibonacci,0.020818830925349547,1.0000000000024982
500,2.598458104929249,1.5,fibonacci,0.02080764840897416,1.0000000000057911
500,2.6797460873256913,1.5,fibonacci,0.02079597279318974,1.0000000000017382
500,2.763577014736159,1.5,fibonacci,0.020783834617062527,0.99999999999225
500,2.850030438518107,1.5,fibonacci,0.020771272019594358,0.9999999999943459
500,2.9391883986468863,1.5,fibonacci,0.020758330740414988,0.9999999999999387
500,3.0311355015675785,1.5,fibonacci,0.0207450638615905,0.9999999999996257
500,3.1259590004822804,1.5,fibonacci,0.020731531312388588,1.000000000002761
500,3.2237488781490296,1.5,fibonacci,0.020717799173245302,1.000000000005229
500,3.3245979322709407,1.5,fibonacci,0.02070393870824249,0.999999999996024
500,3.428601863556586,1.5,fibonacci,0.020690025134540123,0.9999999999923584
500,3.5358593665351785,1.5,fibonacci,0.0206761362392143,0.9999999999998417
500,3.646472223212748,1.5,fibonacci,0.020662350752173292,0.9999999999997145
500,3.760545399658171,1.5,fibonacci,0.020648746385819414,1.0000000000044094
500,3.8781871456107226,1.5,fibonacci,0.020635397638427058,1.0000000000007978
500,3.9995090972036653,1.5,fibonacci,0.020622372969547473,0.9999999999910908
500,4.1246263829013525,1.5,fibonacci,0.020609731140641067,0.999999999999745
500,4.253657732750387,1.5,fibonacci,0.020597516284092954,0.9999999999998745
500,4.386725591048498,1.5,fibonacci,0.02058575076531962,1.0000000000059253
500,4.523956232538054,1.5,fibonacci,0.020574425261587013,0.9999999999949543
500,4.6654798822344725,1.5,fibonacci,0.020563484787667143,0.9999999999966052
500,4.811430839003259,1.5,fibonacci,0.02055280986871387,0.9999999999993472
500,4.961947603002903,1.5,fibonacci,0.020542191915444562,1.000000000006132
500,5.117173007114605,1.5,fibonacci,0.02053130268006185,0.999999999997136
500,5.277254352483538,1.5,fibonacci,0.020519658542553332,0.9999999999948214
500,5.442343548300267,1.5,fibonacci,0.02050658182058362,0.9999999999991885
500,5.612597255954972,1.5,fibonacci,0.02049116319726363,1.000000000006451
500,5.788177037701274,1.5,fibonacci,0.020472231458606268,0.9999999999897589
500,5.969249509970735,1.5,fibonacci,0.020448338985849992,0.9999999999994822
500,6.155986501483509,1.5,fibonacci,0.02041777271502417,1.0000000000031597
500,6.348565216305219,1.5,fibonacci,0.020378601194752093,0.9999999999946658
500,6.547168402004738,1.5,fibonacci,0.02032876650057292,0.9999999999993059
500,6.751984523072503,1.5,fibonacci,0.0202662258812721,1.0000000000033804
500,6.963207939763885,1.5,fibonacci,0.020189141320542985,0.9999999999925727
500,7.181039092537351,1.5,fibonacci,0.020096105423148734,0.9999999999993384
500,7.405684692262437,1.5,fibonacci,0.01998638102161468,1.000000000006027
500,7.637357916378021,1.5,fibonacci,0.019860122010182963,0.9999999999870244
500,7.876278611187057,1.5,fibonacci,0.019718535971665143,0.9999999999987439
500,8.122673500479713,1.5,fibonacci,0.019563949272908398,1.0000000000014986
500,8.376776400682918,1.5,fibonacci,0.019399744514211593,0.9999999999989455
500,8.638828442740447,1.5,fibonacci,0.01923015756686415,1.0000000000069251
500,8.909078300934137,1.5,fibonacci,0.019059946767603402,0.9999999999894352
500,9.187782428863335,1.5,fibonacci,0.018893972951594052,1.0000000000019424
500,9.475205302806543,1.5,fibonacci,0.018736748044443047,0.9999999999849027
500,9.771619672696177,1.5,fibonacci,0.01859200737772557,0.9999999999992695
500,10.077306820944612,1.5,fibonacci,0.018462330951369222,0.999999999988032
500,10.392556829367125,1.5,fibonacci,0.018348785500359507,0.9999999999999145
500,10.71766885445503,1.5,fibonacci,0.01825052490974635,0.9999999999866309
500,11.052951411260215,1.5,fibonacci,0.018164323356285438,1.0000000000043072
500,11.39872266616052,1.5,fibonacci,0.018084166316707354,0.9999999999875158
500,11.755310738783693,1.5,fibonacci,0.01800124397419312,1.0000000000076459
500,12.123054013376523,1.5,fibonacci,0.017904839264535323,0.9999999999981449
500,12.502301459914554,1.5,fibonacci,0.017784476119806776,0.9999999999941048
500,12.89341296525715,1.5,fibonacci,0.017633172664984674,1.0000000000004468
500,13.29675967466212,1.5,fibonacci,0.01745085909786665,0.9999999999972828
500,13.712724343984002,1.5,fibonacci,0.017246426764924074,0.9999999999993956
500,14.141701702890233,1.5,fibonacci,0.017037032927078723,0.9999999999998732
500,14.584098829439856,1.5,fibonacci,0.01684437412819887,0.9999999999972771
500,15.040335536380244,1.5,fibonacci,0.016689164333526588,0.9999999999857382
500,15.510844769528397,1.5,fibonacci,0.01658603349976264,1.0000000000063411
500,15.996073018614878,1.5,fibonacci,0.016540470787399533,0.9999999999985718
500,16.496480740980207,1.5,fibonacci,0.01654724353393653,0.9999999999971648
500,17.012542798525892,1.5,fibonacci,0.016588444645631095,0.9999999999889942
500,17.544748908334597,1.5,fibonacci,0.01663225842977381,0.9999999999815116
500,18.093604107387165,1.5,fibonacci,0.016638578819851143,0.9999999999933057
500,18.65962923181746,1.5,fibonacci,0.01657636158681333,0.9999999999962802
500,19.2433614111598,1.5,fibonacci,0.01644584310509696,1.0000000000043296
500,19.845354578058032,1.5,fibonacci,0.016287006079322566,1.0000000000096645
500,20.466179993919898,1.5,fibonacci,0.016162267474120046,1.0000000000026057
500,21.106426791015547,1.5,fibonacci,0.016125614005513045,0.9999999999981042
500,21.76670253153459,1.5,fibonacci,0.016201483504982142,0.9999999999883836
500,22.44763378413224,1.5,fibonacci,0.016373406112664336,0.9999999999767061
500,23.14986671851161,1.5,fibonacci,0.016569410097033506,0.9999999999948594
500,23.87406771860647,1.5,fibonacci,0.016674864186842393,0.9999999999954694
500,24.620924014946254,1.5,fibonacci,0.01661277104092376,1.0000000000015148
500,25.39114433680347,1.5,fibonacci,0.01643011618987867,0.9999999999758872
500,26.185459584742325,1.5,fibonacci,0.016272831251349044,0.9999999999943462
500,27.00462352420682,1.5,fibonacci,0.01626817199727254,0.9999999999980271
500,27.849413500806442,1.5,fibonacci,0.016441215567068936,0.99999999999397
500,28.72063117797828,1.5,fibonacci,0.016670539742909066,0.9999999999998295
500,29.619103297725534,1.5,fibonacci,0.016713249157352766,0.9999999999940089
500,30.545682465154318,1.5,fibonacci,0.016438687688479378,0.9999999999943839
500,31.50124795755328,1.5,fibonacci,0.01603033855409693,0.9999999999936695
500,32.486706558783744,1.5,fibonacci,0.015789592266985234,0.9999999999930343
500,33.502993419772295,1.5,fibonacci,0.01582080293746946,0.9999999999855362
500,34.55107294592218,1.5,fibonacci,0.015904318326464904,1.0000000000000244
500,35.631939712285856,1.5,fibonacci,0.015607471973342106,0.9999999999983605
500,36.7466194073669,1.5,fibonacci,0.014898515261451693,0.9999999999927556
500,37.896169806447176,1.5,fibonacci,0.014288432142061092,0.999999999992073
500,39.08168177536266,1.5,fibonacci,0.014061501543014773,0.9999999999917486
500,40.30428030568053,1.5,fibonacci,0.013883070265190126,0.9999999999940722
500,41.5651255822599,1.5,fibonacci,0.013116449767399169,1.0000000000025626
500,42.86541408420927,1.5,fibonacci,0.01199693880261326,0.9999999999901147
500,44.20637972028532,1.5,fibonacci,0.011235970053600728,0.9999999999813847
500,45.58929499981062,1.5,fibonacci,0.010797061960173542,0.9999999999897788
500,47.01547224022132,1.5,fibonacci,0.010109852535692116,0.9999999999939624
500,48.48626481239081,1.5,fibonacci,0.009327328429546922,0.9999999999893959
500,50.00306842491092,1.5,fibonacci,0.009042906104277033,0.9999999999972968
500,51.56732244854966,1.5,fibonacci,0.009054437761938627,0.999999999988115
500,53.180511282142,1.5,fibonacci,0.008903787402117279,0.9999999999869725
500,54.84416576121018,1.5,fibonacci,0.008806081811842767,0.9999999999740489
500,56.55986461065005,1.5,fibonacci,0.008957111841783636,0.9999999999763689
500,58.329235942862034,1.5,fibonacci,0.009132944955781255,0.9999999999759622
500,60.153958802748356,1.5,fibonacci,0.009231560168628371,0.9999999999862045
500,62.035764761042714,1.5,fibonacci,0.009529022690753945,0.9999999999864629
500,63.97643955748427,1.5,fibonacci,0.00970851428632445,0.9999999999789971
500,65.97782479539536,1.5,fibonacci,0.00938221208896107,0.9999999999848587
500,68.04181968927098,1.5,fibonacci,0.009006458814074327,0.999999999973006
500,70.17038286703826,1.5,fibonacci,0.008385139952201505,0.9999999999950041
500,72.36553422869653,1.5,fibonacci,0.007802323774725502,0.9999999999831608
500,74.62935686310134,1.5,fibonacci,0.007445780768283002,0.9999999999832756
500,76.96399902471158,1.5,fibonacci,0.007259486858283053,0.9999999999827146
500,79.37167617217551,1.5,fibonacci,0.007347692831101179,0.9999999999814774
500,81.8546730706903,1.5,fibonacci,0.007581539642632823,0.9999999999892943
500,84.41534596012986,1.5,fibonacci,0.00801699067673278,0.9999999999802235
500,87.05612479099865,1.5,fibonacci,0.00844371483356794,0.9999999999812301
500,89.77951553033323,1.5,fibonacci,0.008758623078614558,0.9999999999854113
500,92.58810253973955,1.5,fibonacci,0.009073090403633707,0.9999999999815568
500,95.48455102782293,1.5,fibonacci,0.009339939051922777,0.9999999999836465
500,98.47160957933774,1.5,fibonacci,0.009675242989761716,0.9999999999844981
500,101.5521127634568,1.5,fibonacci,0.009791085606790713,0.9999999999745639
500,104.72898382363586,1.5,fibonacci,0.009485390689022332,0.9999999999883763
500,108.00523745162529,1.5,fibonacci,0.009359512394616583,0.9999999999749354
500,111.38398264826195,1.5,fibonacci,0.00923004044781891,0.999999999974687
500,114.86842567375535,1.5,fibonacci,0.00970711344577415,0.9999999999743157
500,118.46187309026836,1.5,fibonacci,0.010362819614936746,0.9999999999833362
500,122.16773489967919,1.5,fibonacci,0.011370616305631971,0.9999999999721615
500,125.98952777950272,1.5,fibonacci,0.012113549473986091,0.999999999957852
500,129.93087842004158,1.5,fibonacci,0.011303349436824001,0.9999999999567611
500,133.99552696593383,1.5,fibonacci,0.01077283857387417,0.9999999999576253
500,138.18733056536323,1.5,fibonacci,0.011422796612511655,0.9999999999683067
500,142.5102670302998,1.5,fibonacci,0.01258076054359571,0.9999999999622421
500,146.9684386112446,1.5,fibonacci,0.013560093525695807,0.99999999994901
500,151.5660758900603,1.5,fibonacci,0.014056514030326737,0.9999999999648844
500,156.30754179458157,1.5,fibonacci,0.014675750906202803,0.999999999970607
500,161.1973357388157,1.5,fibonacci,0.01554604190804063,0.999999999962919
500,166.2400978926612,1.5,fibonacci,0.015625413892399447,0.9999999999619873
500,171.440613585197,1.5,fibonacci,0.015018592347304646,0.9999999999640081
500,176.8038178457207,1.5,fibonacci,0.014789643365812509,0.999999999944017
500,182.33480008684404,1.5,fibonacci,0.015939961419539145,0.9999999999523866
500,188.03880893409146,1.5,fibonacci,0.015029760112790107,0.9999999999481466
500,193.9212572065829,1.5,fibonacci,0.011507408736532398,0.9999999999633575
500,199.9877270535285,1.5,fibonacci,0.009816845959428864,0.9999999999532062
500,206.24397525140904,1.5,fibonacci,0.010329139237427355,0.9999999999592096
500,212.69593866686898,1.5,fibonacci,0.011026452256143507,0.9999999999504405
500,219.3497398905058,1.5,fibonacci,0.01012516063135974,0.9999999999482948
500,226.2116930469024,1.5,fibonacci,0.008717858420460666,0.9999999999472607
500,233.2883097864156,1.5,fibonacci,0.00892680269567422,0.9999999999443462
500,240.58630546440645,1.5,fibonacci,0.010326462116593542,0.9999999999431642
500,248.11260551377677,1.5,fibonacci,0.011377305703134404,0.9999999999480244
500,255.87435201685892,1.5,fibonacci,0.010354628509222247,0.9999999999490312
500,263.87891048289345,1.5,fibonacci,0.009863020312757058,0.9999999999282368
500,272.13387683753086,1.5,fibonacci,0.011199335408543294,0.999999999927811
500,280.6470846309839,1.5,fibonacci,0.010883275597661723,0.9999999999326767
500,289.4266124716752,1.5,fibonacci,0.008436080653896278,0.9999999999164879
500,298.4807916924327,1.5,fibonacci,0.010542279626429856,0.9999999999048719
500,307.81821425650804,1.5,fibonacci,0.014960136187155302,0.9999999999322984
500,317.4477409109193,1.5,fibonacci,0.011516292011842934,0.9999999999345159
500,327.3785095948577,1.5,fibonacci,0.015883771770710143,0.9999999999205454
500,337.61994411113403,1.5,fibonacci,0.01394139959249732,0.9999999999007396
500,348.18176306889666,1.5,fibonacci,0.011725903029242863,0.9999999999055437
500,359.0739891061055,1.5,fibonacci,0.014551218377697813,0.9999999999125021
500,370.30695840051413,1.5,fibonacci,0.013317261955830582,0.9999999999194056
500,381.8913304781854,1.5,fibonacci,0.013087874462914912,0.9999999999116896
500,393.8380983288489,1.5,fibonacci,0.011750214982608856,0.9999999998861211
500,406.158598837698,1.5,fibonacci,0.010984117502836763,0.9999999998778921
500,418.86452354352707,1.5,fibonacci,0.011514573646943627,0.9999999999066477
500,431.96792973341735,1.5,fibonacci,0.013371877664511747,0.9999999998921798
500,445.4812518844989,1.5,fibonacci,0.010515565925179072,0.9999999999018658
500,459.41731346364764,1.5,fibonacci,0.01181928633872167,0.9999999998864669
500,473.7893390963144,1.5,fibonacci,0.009349189526361322,0.9999999998688973
500,488.6109671160326,1.5,fibonacci,0.010093465442067726,0.999999999887436
500,503.89626250651503,1.5,fibonacci,0.011184667154323294,0.999999999873499
500,519.6597302486197,1.5,fibonacci,0.01003163791433866,0.9999999998569029
500,535.9163290848514,1.5,fibonacci,0.00978024792038785,0.9999999998728938
500,552.6814857144603,1.5,fibonacci,0.009602126264990804,0.9999999998456526
500,569.9711094326076,1.5,fibonacci,0.010833042727202868,0.9999999998464681
500,587.8016072274912,1.5,fibonacci,0.01038064033301722,0.9999999998519904
500,606.1898993497572,1.5,fibonacci,0.011195601087206122,0.9999999998340745
500,625.1534353689711,1.5,fibonacci,0.007613697556668078,0.9999999998437734
500,644.7102107323869,1.5,fibonacci,0.00852077277912536,0.9999999998260877
500,664.8787838417263,1.5,fibonacci,0.009885248496967458,0.9999999998198318
500,685.6782936641738,1.5,fibonacci,0.008708079136873511,0.9999999998094216
500,707.1284778942996,1.5,fibonacci,0.00935922033019409,0.999999999821904
500,729.2496916841444,1.5,fibonacci,0.010532655357947932,0.99999999982673
500,752.0629269592407,1.5,fibonacci,0.01175350405321,0.999999999809773
500,775.5898323389001,1.5,fibonacci,0.012604526613639646,0.9999999998084955
500,799.8527336796708,1.5,fibonacci,0.01284342381479926,0.9999999997984108
500,824.8746552614581,1.5,fibonacci,0.011096391926619062,0.9999999997912983
500,850.6793416364153,1.5,fibonacci,0.011224697823671638,0.9999999997841147
500,877.2912801613356,1.5,fibonacci,0.01156816380918985,0.9999999997829534
500,904.7357242349293,1.5,fibonacci,0.01117653471302877,0.9999999997833633
500,933.038717262036,1.5,fibonacci,0.009678318219515054,0.9999999997636195
500,962.2271173675134,1.5,fibonacci,0.011153958413310877,0.999999999757967
500,992.3286228832545,1.5,fibonacci,0.008600718385517335,0.9999999997267952
500,1023.3717986325192,1.5,fibonacci,0.008505360342881746,0.999999999733559
500,1055.386103036523,1.5,fibonacci,0.009609076342822412,0.9999999997110051
500,1088.4019160690054,1.5,fibonacci,0.015087602333568253,0.9999999997095964
500,1122.4505680853058,1.5,fibonacci,0.010887083109460039,0.9999999997056945
500,1157.5643695533035,1.5,fibonacci,0.010252364311191116,0.9999999996834348
500,1193.7766417144358,1.5,fibonacci,0.009795297556087925,0.9999999996949185
500,1231.1217482038908,1.5,fibonacci,0.011194739099197546,0.9999999996933099
500,1269.6351276599742,1.5,fibonacci,0.013498568619481737,0.9999999996748263
500,1309.353327353611,1.5,fibonacci,0.01118355109556961,0.999999999641967
500,1350.3140378698736,1.5,fibonacci,0.010249002083034881,0.9999999996321656
500,1392.5561288744634,1.5,fibonacci,0.008491982556709686,0.9999999996197834
500,1436.1196859990787,1.5,fibonacci,0.011917845059412149,0.9999999996360135
500,1481.0460488806755,1.5,fibonacci,0.008923550152170771,0.9999999996239127
500,1527.377850390714,1.5,fibonacci,0.0074146761647182514,0.9999999995924572
500,1575.1590570916228,1.5,fibonacci,0.006206774979728657,0.9999999995902609
500,1624.435010958867,1.5,fibonacci,0.007939578568567217,0.9999999995845862
500,1675.2524724082155,1.5,fibonacci,0.007370781215204324,0.9999999995722476
500,1727.6596646690364,1.5,fibonacci,0.0080007197242705,0.9999999995517264
500,1781.7063195457306,1.5,fibonacci,0.009189887158838854,0.9999999995415723
500,1837.4437246107268,1.5,fibonacci,0.0068278572695750495,0.9999999995241503
500,1894.9247718738216,1.5,fibonacci,0.007505636830484967,0.999999999517541
500,1954.2040079740534,1.5,fibonacci,0.007896617145246712,0.9999999994950164
500,2015.337685941733,1.5,fibonacci,0.009342470549148304,0.9999999994797321
500,2078.383818579757,1.5,fibonacci,0.006256262998324982,0.9999999994608648
500,2143.4022335148566,1.5,fibonacci,0.0063972190397970485,0.9999999994433433
500,2210.4546299710214,1.5,fibonacci,0.006877215318401212,0.9999999994193982
500,2279.6046373189797,1.5,fibonacci,0.006407927462828119,0.9999999994009586
500,2350.9178754572868,1.5,fibonacci,0.00644252884731336,0.9999999993863631
500,2424.462017082328,1.5,fibonacci,0.006409846807973349,0.9999999993651727
500,2500.306851906324,1.5,fibonacci,0.006334436935290841,0.9999999993507428
500,2578.524352884274,1.5,fibonacci,0.006148270800630123,0.9999999993019156
500,2659.1887445126936,1.5,fibonacci,0.009105596211742527,0.9999999992738634
500,2742.3765732649495,1.5,fibonacci,0.00711067924297365,0.9999999992592595
500,2828.166780230032,1.5,fibonacci,0.007203958701778546,0.9999999992279076
500,2916.640776023704,1.5,fibonacci,0.007222167276591189,0.9999999992129713
500,3007.882518043099,1.5,fibonacci,0.0061720869427347586,0.9999999991746372
500,3101.978590138097,1.5,fibonacci,0.009747359911172789,0.999999999133151
500,3199.018284775064,1.5,fibonacci,0.0069601581121243134,0.9999999990944768
500,3299.093687770939,1.5,fibonacci,0.006628361811047498,0.9999999990609043
500,3402.2997656780676,1.5,fibonacci,0.006199113164097684,0.9999999990144652
500,3508.7344559027115,1.5,fibonacci,0.006453180131030689,0.9999999989686419
500,3618.4987596427463,1.5,fibonacci,0.006571187533481395,0.9999999989234333
500,3731.6968377327516,1.5,fibonacci,0.00795962060001922,0.9999999988483697
500,3848.436109487429,1.5,fibonacci,0.0065066082896071496,0.9999999988198099
500,3968.827354637162,1.5,fibonacci,0.006317102680059363,0.9999999987002592
500,4092.984818452438,1.5,fibonacci,0.006457229405974572,0.9999999986667144
500,4221.026320156899,1.5,fibonacci,0.006174976392090213,0.999999998554895
500,4353.0733647318875,1.5,fibonacci,0.0066271110145578625,0.9999999982209493
500,4489.251258218603,1.5,fibonacci,0.006418558941443309,0.9999999980455151
500,4629.689226627263,1.5,fibonacci,0.006449667814878358,0.9999999977132721
500,4774.520538566127,1.5,fibonacci,0.005564677995098963,0.9999999972464846
500,4923.882631706737,1.5,fibonacci,0.006445465773228513,0.9999999970806813
500,5077.917243205398,1.5,fibonacci,0.005577013577692222,0.9999999965582101
500,5236.77054420465,1.5,fibonacci,0.006076042762104508,0.9999999960315097
500,5400.593278542368,1.5,fibonacci,0.006409801716761422,0.9999999958649203
500,5569.5409058001305,1.5,fibonacci,0.007132717414933187,0.9999999952527568
500,5743.773748826581,1.5,fibonacci,0.006114737449177448,0.9999999947651208
500,5923.4571458758055,1.5,fibonacci,0.005479152730689829,0.9999999940587466
500,6108.76160750504,1.5,fibonacci,0.005996244501830266,0.999999993605238
500,6299.862978380694,1.5,fibonacci,0.005187939475345305,0.999999992634897
500,6496.942604146125,1.5,fibonacci,0.005819378499516083,0.9999999920014848
500,6700.18750350959,1.5,fibonacci,0.006413872604963481,0.999999991558592
500,6909.790545715645,1.5,fibonacci,0.006970157600639534,0.9999999909099697
500,7125.950633568411,1.5,fibonacci,0.005229493799744075,0.9999999898063857
500,7348.872892180388,1.5,fibonacci,0.00560618803503825,0.9999999891237107
500,7578.76886362593,1.5,fibonacci,0.005630552465319413,0.9999999881402772
500,7815.856707684091,1.5,fibonacci,0.005382768143139288,0.9999999871489677
500,8060.361408861345,1.5,fibonacci,0.006218829117600769,0.9999999862426002
500,8312.514989890631,1.5,fibonacci,0.006251033349110456,0.9999999848257262
500,8572.556731909324,1.5,fibonacci,0.005505641153974845,0.9999999834882861
500,8840.733401525064,1.5,fibonacci,0.005236733827916565,0.9999999821343336
500,9117.299484984922,1.5,fibonacci,0.006891276547815859,0.9999999806758366
500,9402.517429670132,1.5,fibonacci,0.00552785189414001,0.9999999787127892
500,9696.65789314552,1.5,fibonacci,0.005753608487070113,0.9999999775739168
500,10000.0,1.5,fibonacci,0.00490499023079203,0.9999999753645601
500,0.0,1.5,tribonacci,0.08201561019889944,1.0000000000000002
500,1.0,1.5,tribonacci,0.08187995258702184,0.999999999999774
500,1.0312831606721848,1.5,tribonacci,0.08186355167759458,1.0000000000005678
500,1.0635449574860112,1.5,tribonacci,0.08184526624798956,1.00000000000037
500,1.096816005273138,1.5,tribonacci,0.0818248989429696,0.9999999999994672
500,1.1311278765939214,1.5,tribonacci,0.08180223548812914,1.0000000000005762
500,1.1665131316981963,1.5,tribonacci,0.08177704398711168,1.0000000000056093
500,1.2030053494233244,1.5,tribonacci,0.08174907435945455,1.000000000013534
500,1.240639159058832,1.5,tribonacci,0.08171805796652559,1.000000000019979
500,1.2794502732078736,1.5,tribonacci,0.0816837074807276,1.0000000000189904
500,1.3194755216767062,1.5,tribonacci,0.08164571706112883,1.0000000000067684
500,1.3607528864243335,1.5,tribonacci,0.08160376290656676,0.9999999999861856
500,1.403321537605485,1.5,tribonacci,0.0815575042645266,0.9999999999692486
500,1.4472218707411348,1.5,tribonacci,0.08150658497991996,0.9999999999722736
500,1.4924955450518296,1.5,tribonacci,0.08145063567115604,0.9999999999952928
500,1.5391855229902058,1.5,tribonacci,0.08138927664771901,1.000000000000417
500,1.587336111010209,1.5,tribonacci,0.08132212180289243,0.9999999999998147
500,1.6369930016117025,1.5,tribonacci,0.08124878332813555,0.9999999999998684
500,1.6882033167003634,1.5,tribonacci,0.08116887757754486,1.0000000000080274
500,1.7410156523040161,1.5,tribonacci,0.08108203212233821,1.0000000000206943
500,1.7954801246878311,1.5,tribonacci,0.08098789409620963,1.0000000000221987
500,1.8516484179121548,1.5,tribonacci,0.0808861399217631,1.000000000000303
500,1.9095738328780973,1.5,tribonacci,0.08077648647703883,0.9999999999681163
500,1.9693113379074225,1.5,tribonacci,0.08065870372007752,0.9999999999663942
500,2.0309176209047357,1.5,tribonacci,0.08053262872874227,0.9999999999990279
500,2.0944511431514696,1.5,tribonacci,0.08039818110069497,1.0000000000003668
500,2.159972194782718,1.5,tribonacci,0.08025537966368948,0.9999999999992485
500,2.2275429519995575,1.5,tribonacci,0.08010436002479839,1.0000000000123734
500,2.2972275360711523,1.5,tribonacci,0.0799453928776477,1.0000000000282376
500,2.369092074182633,1.5,tribonacci,0.07977890244844875,1.0000000000102633
500,2.4432047621864883,1.5,tribonacci,0.07960548450454999,0.9999999999650887
500,2.519635929317015,1.5,tribonacci,0.07942592327945375,0.9999999999701692
500,2.598458104929249,1.5,tribonacci,0.07924120655665291,0.9999999999999402
500,2.6797460873256913,1.5,tribonacci,0.0790525376407411,0.9999999999982008
500,2.763577014736159,1.5,tribonacci,0.07886134324521153,1.0000000000122227
500,2.850030438518107,1.5,tribonacci,0.07866927656581031,1.000000000033655
500,2.9391883986468863,1.5,tribonacci,0.07847821419916859,0.9999999999954002
500,3.0311355015675785,1.5,tribonacci,0.07829024597139515,0.9999999999493968
500,3.1259590004822804,1.5,tribonacci,0.07810765822172362,0.9999999999983055
500,3.2237488781490296,1.5,tribonacci,0.07793291122358188,0.9999999999979409
500,3.3245979322709407,1.5,tribonacci,0.07776861039452541,1.000000000014342
500,3.428601863556586,1.5,tribonacci,0.0776174771082842,1.000000000028972
500,3.5358593665351785,1.5,tribonacci,0.07748232137963074,0.9999999999591687
500,3.646472223212748,1.5,tribonacci,0.07736602171065915,0.9999999999793514
500,3.760545399658171,1.5,tribonacci,0.0772715208602311,0.999999999998279
500,3.8781871456107226,1.5,tribonacci,0.07720183885130306,1.0000000000137734
500,3.9995090972036653,1.5,tribonacci,0.07716010865306916,1.0000000000194855
500,4.1246263829013525,1.5,tribonacci,0.07714963071980045,0.9999999999413681
500,4.253657732750387,1.5,tribonacci,0.07717393385465526,0.9999999999982074
500,4.386725591048498,1.5,tribonacci,0.07723682281939973,1.0000000000022495
500,4.523956232538054,1.5,tribonacci,0.0773423716532243,1.0000000000302827
500,4.6654798822344725,1.5,tribonacci,0.07749481981866728,0.9999999999419252
500,4.811430839003259,1.5,tribonacci,0.07769831172898543,0.999999999999065
500,4.961947603002903,1.5,tribonacci,0.0779564294523854,1.0000000000144198
500,5.117173007114605,1.5,tribonacci,0.07827147595736479,1.000000000024019
500,5.277254352483538,1.5,tribonacci,0.07864350541164977,0.9999999999390459
500,5.442343548300267,1.5,tribonacci,0.07906914068465187,0.9999999999949077
500,5.612597255954972,1.5,tribonacci,0.07954028484508908,1.0000000000345703
500,5.788177037701274,1.5,tribonacci,0.0800429028737144,0.9999999999426387
500,5.969249509970735,1.5,tribonacci,0.08055612367835129,0.9999999999945537
500,6.155986501483509,1.5,tribonacci,0.0810519660867047,1.0000000000124727
500,6.348565216305219,1.5,tribonacci,0.08149602319760307,0.9999999999904776
500,6.547168402004738,1.5,tribonacci,0.08184940579687301,1.0000000000063785
500,6.751984523072503,1.5,tribonacci,0.08207213055171339,0.9999999999629996
500,6.963207939763885,1.5,tribonacci,0.08212791048113009,0.9999999999939222
500,7.181039092537351,1.5,tribonacci,0.08198995618520828,1.0000000000055913
500,7.405684692262437,1.5,tribonacci,0.08164698527598123,0.9999999999956299
500,7.637357916378021,1.5,tribonacci,0.08110825287163062,1.0000000000383296
500,7.876278611187057,1.5,tribonacci,0.08040622637174132,0.9999999999681548
500,8.122673500479713,1.5,tribonacci,0.07959568661252546,1.0000000000169118
500,8.376776400682918,1.5,tribonacci,0.07874866990635115,0.9999999999542493
500,8.638828442740447,1.5,tribonacci,0.07794581434714559,1.0000000000091127
500,8.909078300934137,1.5,tribonacci,0.07726616026655468,0.9999999999758867
500,9.187782428863335,1.5,tribonacci,0.07677870595573062,1.0000000000180689
500,9.475205302806543,1.5,tribonacci,0.07653895392663547,0.9999999999925205
500,9.771619672696177,1.5,tribonacci,0.07659115382830937,1.0000000000061386
500,10.077306820944612,1.5,tribonacci,0.07697214107353921,0.9999999999909182
500,10.392556829367125,1.5,tribonacci,0.07770833376073007,0.9999999999471394
500,10.71766885445503,1.5,tribonacci,0.07879826302590394,1.0000000000155866
500,11.052951411260215,1.5,tribonacci,0.08018160394926543,0.9999999999910477
500,11.39872266616052,1.5,tribonacci,0.08170865083787864,0.999999999947871
500,11.755310738783693,1.5,tribonacci,0.08313303083484064,1.000000000017279
500,12.123054013376523,1.5,tribonacci,0.08414770917960317,0.9999999999953136
500,12.502301459914554,1.5,tribonacci,0.08446818582570674,0.9999999999908673
500,12.89341296525715,1.5,tribonacci,0.08394062531612734,0.9999999999413823
500,13.29675967466212,1.5,tribonacci,0.08262657695128577,0.9999999999869946
500,13.712724343984002,1.5,tribonacci,0.08080994295564077,1.0000000000131235
500,14.141701702890233,1.5,tribonacci,0.07890583663178943,1.0000000000010747
500,14.584098829439856,1.5,tribonacci,0.07731771770243133,0.9999999999920063
500,15.040335536380244,1.5,tribonacci,0.07633709092855971,0.9999999999877212
500,15.510844769528397,1.5,tribonacci,0.07614031553734402,0.9999999999870202
500,15.996073018614878,1.5,tribonacci,0.07681390672656489,0.9999999999869751
500,16.496480740980207,1.5,tribonacci,0.07828018346791053,0.9999999999863143
500,17.012542798525892,1.5,tribonacci,0.08013946133584712,0.9999999999868354
500,17.544748908334597,1.5,tribonacci,0.08165280921784002,0.9999999999991682
500,18.093604107387165,1.5,tribonacci,0.08205136135858018,1.0000000000121294
500,18.65962923181746,1.5,tribonacci,0.08103893650225431,0.9999999999638719
500,19.2433614111598,1.5,tribonacci,0.07906866360520926,0.9999999999650214
500,19.845354578058032,1.5,tribonacci,0.07708455859866176,0.9999999999843144
500,20.466179993919898,1.5,tribonacci,0.07595605950643998,1.0000000000058769
500,21.106426791015547,1.5,tribonacci,0.07617073407174021,0.9999999999370522
500,21.76670253153459,1.5,tribonacci,0.07783685199633437,0.9999999999832035
500,22.44763378413224,1.5,tribonacci,0.08047235850464438,1.0000000000030536
500,23.14986671851161,1.5,tribonacci,0.08275186807016638,0.9999999999835717
500,23.87406771860647,1.5,tribonacci,0.08313990270997032,1.0000000000008433
500,24.620924014946254,1.5,tribonacci,0.08128027633454142,0.9999999999820612
500,25.39114433680347,1.5,tribonacci,0.07851846130163379,0.9999999999516985
500,26.185459584742325,1.5,tribonacci,0.07673206376550742,1.0000000000016844
500,27.00462352420682,1.5,tribonacci,0.07700040313568096,0.9999999999805534
500,27.849413500806442,1.5,tribonacci,0.07923354993114311,0.9999999999564496
500,28.72063117797828,1.5,tribonacci,0.08170022149344111,0.9999999999481147
500,29.619103297725534,1.5,tribonacci,0.08154829281071611,0.9999999999771818
500,30.545682465154318,1.5,tribonacci,0.07819603257508359,0.9999999999982295
500,31.50124795755328,1.5,tribonacci,0.07485584917887106,0.9999999999895128
500,32.486706558783744,1.5,tribonacci,0.07477236174504821,0.9999999999736462
500,33.502993419772295,1.5,tribonacci,0.07871573088506284,0.9999999999389986
500,34.55107294592218,1.5,tribonacci,0.08375111977831658,0.9999999999656303
500,35.631939712285856,1.5,tribonacci,0.08347272715511421,0.999999999976298
500,36.7466194073669,1.5,tribonacci,0.07813179362789688,0.9999999999949284
500,37.896169806447176,1.5,tribonacci,0.0750650675814363,0.9999999999730353
500,39.08168177536266,1.5,tribonacci,0.07781191151372577,1.0000000000006162
500,40.30428030568053,1.5,tribonacci,0.08321255257035355,0.9999999999733595
500,41.5651255822599,1.5,tribonacci,0.08152580093135492,0.9999999999504424
500,42.86541408420927,1.5,tribonacci,0.07541790524339016,0.9999999999942824
500,44.20637972028532,1.5,tribonacci,0.07508583919880278,0.9999999999679318
500,45.58929499981062,1.5,tribonacci,0.0814085411132917,0.9999999999685713
500,47.01547224022132,1.5,tribonacci,0.08229418419664979,0.9999999999681445
500,48.48626481239081,1.5,tribonacci,0.07665703546766511,0.9999999999656806
500,50.00306842491092,1.5,tribonacci,0.078210491203033,0.9999999999753114
500,51.56732244854966,1.5,tribonacci,0.08512742659963048,0.9999999999940082
500,53.180511282142,1.5,tribonacci,0.07872014362625689,0.9999999999466952
500,54.84416576121018,1.5,tribonacci,0.07301878380007812,0.9999999999986424
500,56.55986461065005,1.5,tribonacci,0.08160792246720376,0.999999999957429
500,58.329235942862034,1.5,tribonacci,0.0835102622235544,0.9999999999075571
500,60.153958802748356,1.5,tribonacci,0.07445304096606259,0.9999999999679811
500,62.035764761042714,1.5,tribonacci,0.08078237941164582,0.9999999999711195
500,63.97643955748427,1.5,tribonacci,0.0832938285901447,0.9999999999164405
500,65.97782479539536,1.5,tribonacci,0.07451146946449469,0.9999999999519973
500,68.04181968927098,1.5,tribonacci,0.07965621358678865,0.9999999999603467
500,70.17038286703826,1.5,tribonacci,0.07883241041812472,0.9999999999176254
500,72.36553422869653,1.5,tribonacci,0.07724519954355274,0.9999999999633131
500,74.62935686310134,1.5,tribonacci,0.08178367103119769,0.999999999963026
500,76.96399902471158,1.5,tribonacci,0.07665860899373612,0.9999999999519157
500,79.37167617217551,1.5,tribonacci,0.07839964527653132,0.9999999999610505
500,81.8546730706903,1.5,tribonacci,0.07838683526389517,0.9999999999611668
500,84.41534596012986,1.5,tribonacci,0.07728927571394038,0.9999999999175418
500,87.05612479099865,1.5,tribonacci,0.08228318375945229,0.9999999999705323
500,89.77951553033323,1.5,tribonacci,0.07587540287326917,0.99999999993832
500,92.58810253973955,1.5,tribonacci,0.08049708872894835,0.9999999999069314
500,95.48455102782293,1.5,tribonacci,0.07688507985898803,0.9999999999188631
500,98.47160957933774,1.5,tribonacci,0.08195488678593295,0.9999999999352379
500,101.5521127634568,1.5,tribonacci,0.07735209962351199,0.9999999998987091
500,104.72898382363586,1.5,tribonacci,0.08016535960670013,0.9999999999463017
500,108.00523745162529,1.5,tribonacci,0.0771784488255648,0.9999999999547166
500,111.38398264826195,1.5,tribonacci,0.08026136718995956,0.9999999998931101
500,114.86842567375535,1.5,tribonacci,0.08030169153795007,0.9999999999237811
500,118.46187309026836,1.5,tribonacci,0.07332894628361708,0.9999999998846195
500,122.16773489967919,1.5,tribonacci,0.08347366357130917,0.999999999961336
500,125.98952777950272,1.5,tribonacci,0.07949428063012196,0.999999999951645
500,129.93087842004158,1.5,tribonacci,0.07166180374525483,0.9999999998571656
500,133.99552696593383,1.5,tribonacci,0.08153114277194703,0.9999999999267655
500,138.18733056536323,1.5,tribonacci,0.08375796911544899,0.9999999998484206
500,142.5102670302998,1.5,tribonacci,0.07558929962937391,0.9999999998946173
500,146.9684386112446,1.5,tribonacci,0.07394499216342575,0.9999999998916849
500,151.5660758900603,1.5,tribonacci,0.07713760333734379,0.9999999998878848
500,156.30754179458157,1.5,tribonacci,0.08320260629008293,0.9999999998792332
500,161.1973357388157,1.5,tribonacci,0.08475142378151666,0.9999999999028172
500,166.2400978926612,1.5,tribonacci,0.0810442428934115,0.9999999998955168
500,171.440613585197,1.5,tribonacci,0.0810687557226667,0.9999999998933362
500,176.8038178457207,1.5,tribonacci,0.07684761197099593,0.9999999998940282
500,182.33480008684404,1.5,tribonacci,0.07596731018612057,0.9999999998362531
500,188.03880893409146,1.5,tribonacci,0.07545521501809264,0.9999999998358765
500,193.9212572065829,1.5,tribonacci,0.07536728080380899,0.9999999998435144
500,199.9877270535285,1.5,tribonacci,0.07498361593869889,0.9999999998479795
500,206.24397525140904,1.5,tribonacci,0.07511739132865654,0.9999999998435309
500,212.69593866686898,1.5,tribonacci,0.07838974022296627,0.9999999998033761
500,219.3497398905058,1.5,tribonacci,0.08909680714493037,0.9999999993026406
500,226.2116930469024,1.5,tribonacci,0.07100560835422369,0.999999999730524
500,233.2883097864156,1.5,tribonacci,0.09035415742163828,0.9999999994108596
500,240.58630546440645,1.5,tribonacci,0.05154550337542483,0.9999999992529789
500,248.11260551377677,1.5,tribonacci,0.056820305992858734,0.9999999990919233
500,255.87435201685892,1.5,tribonacci,0.060628207221283224,0.9999999986485127
500,263.87891048289345,1.5,tribonacci,0.05553747451256371,0.9999999966871561
500,272.13387683753086,1.5,tribonacci,0.038713972474232465,0.9999999969998432
500,280.6470846309839,1.5,tribonacci,0.04483123369168609,0.9999999959987076
500,289.4266124716752,1.5,tribonacci,0.03544481612251651,0.9999999961639854
500,298.4807916924327,1.5,tribonacci,0.04450246713139824,0.9999999965167304
500,307.81821425650804,1.5,tribonacci,0.062234028900577616,0.9999999977041006
500,317.4477409109193,1.5,tribonacci,0.04574258111716148,0.9999999968258254
500,327.3785095948577,1.5,tribonacci,0.05522747881876716,0.9999999954990635
500,337.61994411113403,1.5,tribonacci,0.06732354011639706,0.9999999949372784
500,348.18176306889666,1.5,tribonacci,0.04139590308985927,0.9999999965985837
500,359.0739891061055,1.5,tribonacci,0.04735379296692496,0.9999999937380878
500,370.30695840051413,1.5,tribonacci,0.04970933191878031,0.9999999952104937
500,381.8913304781854,1.5,tribonacci,0.06948829738871318,0.9999999936632161
500,393.8380983288489,1.5,tribonacci,0.08698659614669134,0.9999999930177748
500,406.158598837698,1.5,tribonacci,0.09215502886596758,0.9999999929807357
500,418.86452354352707,1.5,tribonacci,0.061921075792718765,0.9999999924715876
500,431.96792973341735,1.5,tribonacci,0.06349277035054858,0.9999999923350105
500,445.4812518844989,1.5,tribonacci,0.0685806359055191,0.999999991789675
500,459.41731346364764,1.5,tribonacci,0.07983770566963273,0.9999999915556397
500,473.7893390963144,1.5,tribonacci,0.04565741948859099,0.9999999906915968
500,488.6109671160326,1.5,tribonacci,0.037697137591751424,0.9999999901288912
500,503.89626250651503,1.5,tribonacci,0.03781493186595442,0.9999999895886211
500,519.6597302486197,1.5,tribonacci,0.07384013660546125,0.9999999891229425
500,535.9163290848514,1.5,tribonacci,0.07035696685135974,0.9999999876113913
500,552.6814857144603,1.5,tribonacci,0.07303233888066679,0.9999999884256799
500,569.9711094326076,1.5,tribonacci,0.05617622632207558,0.9999999866643403
500,587.8016072274912,1.5,tribonacci,0.05304361495106763,0.9999999870876696
500,606.1898993497572,1.5,tribonacci,0.06388078426891743,0.9999999860575967
500,625.1534353689711,1.5,tribonacci,0.06481331025765291,0.9999999854536197
500,644.7102107323869,1.5,tribonacci,0.062250372329596175,0.9999999861565432
500,664.8787838417263,1.5,tribonacci,0.054181772193235375,0.9999999845984342
500,685.6782936641738,1.5,tribonacci,0.036026639927936005,0.9999999844063537
500,707.1284778942996,1.5,tribonacci,0.06362886263051076,0.9999999819674094
500,729.2496916841444,1.5,tribonacci,0.09114168958120371,0.9999999825962382
500,752.0629269592407,1.5,tribonacci,0.07431439321602835,0.9999999822157518
500,775.5898323389001,1.5,tribonacci,0.05332167467768675,0.9999999826740792
500,799.8527336796708,1.5,tribonacci,0.07783766291855732,0.9999999814700019
500,824.8746552614581,1.5,tribonacci,0.058095800140255456,0.9999999784142297
500,850.6793416364153,1.5,tribonacci,0.06043282303470148,0.9999999784793532
500,877.2912801613356,1.5,tribonacci,0.0418344900005207,0.9999999782720347
500,904.7357242349293,1.5,tribonacci,0.05377218215567584,0.9999999765310689
500,933.038717262036,1.5,tribonacci,0.05635806792780766,0.999999975564188
500,962.2271173675134,1.5,tribonacci,0.06711964576331515,0.9999999742904057
500,992.3286228832545,1.5,tribonacci,0.05578117129266385,0.9999999729788411
500,1023.3717986325192,1.5,tribonacci,0.05720791156511622,0.9999999726590172
500,1055.386103036523,1.5,tribonacci,0.04012244342379476,0.9999999717930732
500,1088.4019160690054,1.5,tribonacci,0.054677851974974975,0.9999999697250433
500,1122.4505680853058,1.5,tribonacci,0.06282732998665623,0.9999999683508277
500,1157.5643695533035,1.5,tribonacci,0.07838481915802724,0.9999999686327982
500,1193.7766417144358,1.5,tribonacci,0.04261407112045987,0.9999999654053299
500,1231.1217482038908,1.5,tribonacci,0.035498621248477795,0.9999999674160144
500,1269.6351276599742,1.5,tribonacci,0.04099729969723559,0.9999999676738907
500,1309.353327353611,1.5,tribonacci,0.0493475808859882,0.9999999648720018
500,1350.3140378698736,1.5,tribonacci,0.04697462388716552,0.9999999636028782
500,1392.5561288744634,1.5,tribonacci,0.04479778155652265,0.9999999628899794
500,1436.1196859990787,1.5,tribonacci,0.052365247009640674,0.9999999615656686
500,1481.0460488806755,1.5,tribonacci,0.05814337448705564,0.9999999603487281
500,1527.377850390714,1.5,tribonacci,0.05655041792546214,0.9999999586596068
500,1575.1590570916228,1.5,tribonacci,0.035657993522146735,0.9999999574380123
500,1624.435010958867,1.5,tribonacci,0.03539111004016262,0.9999999565323259
500,1675.2524724082155,1.5,tribonacci,0.03365155900635843,0.9999999557880969
500,1727.6596646690364,1.5,tribonacci,0.03343980762079671,0.9999999544351812
500,1781.7063195457306,1.5,tribonacci,0.03213363897588516,0.999999951692588
500,1837.4437246107268,1.5,tribonacci,0.032224111776850355,0.9999999521948274
500,1894.9247718738216,1.5,tribonacci,0.02346550441806644,0.9999999512288259
500,1954.2040079740534,1.5,tribonacci,0.028456173278610858,0.9999999501450717
500,2015.337685941733,1.5,tribonacci,0.025736954901898035,0.9999999485625946
500,2078.383818579757,1.5,tribonacci,0.020919702707495488,0.9999999475558574
500,2143.4022335148566,1.5,tribonacci,0.02331871424984054,0.9999999467894717
500,2210.4546299710214,1.5,tribonacci,0.02025163516637749,0.9999999446274402
500,2279.6046373189797,1.5,tribonacci,0.015930433314244083,0.999999944143191
500,2350.9178754572868,1.5,tribonacci,0.017835928398979534,0.9999999432623883
500,2424.462017082328,1.5,tribonacci,0.017730205939673817,0.9999999417853532
500,2500.306851906324,1.5,tribonacci,0.017930190273894968,0.9999999391464702
500,2578.524352884274,1.5,tribonacci,0.01685193827145314,0.9999999391985586
500,2659.1887445126936,1.5,tribonacci,0.021147929181822237,0.9999999377642261
500,2742.3765732649495,1.5,tribonacci,0.022250274411779007,0.9999999362844328
500,2828.166780230032,1.5,tribonacci,0.01311218172397456,0.9999999348544897
500,2916.640776023704,1.5,tribonacci,0.013052279756179203,0.9999999335134787
500,3007.882518043099,1.5,tribonacci,0.016775279614584603,0.9999999321164641
500,3101.978590138097,1.5,tribonacci,0.0169000102841642,0.999999930498168
500,3199.018284775064,1.5,tribonacci,0.015694370359592612,0.9999999282109631
500,3299.093687770939,1.5,tribonacci,0.013082161049957563,0.9999999271232463
500,3402.2997656780676,1.5,tribonacci,0.014659216200003744,0.9999999244531941
500,3508.7344559027115,1.5,tribonacci,0.015877416105194372,0.999999923457074
500,3618.4987596427463,1.5,tribonacci,0.01703667604116645,0.9999999218626642
500,3731.6968377327516,1.5,tribonacci,0.01235055012104193,0.999999920564084
500,3848.436109487429,1.5,tribonacci,0.011664248474540199,0.9999999179849677
500,3968.827354637162,1.5,tribonacci,0.013120463425168748,0.9999999161772638
500,4092.984818452438,1.5,tribonacci,0.013076331440325894,0.999999913626416
500,4221.026320156899,1.5,tribonacci,0.013161705762540766,0.9999999126944814
500,4353.0733647318875,1.5,tribonacci,0.010278149998525521,0.9999999103025168
500,4489.251258218603,1.5,tribonacci,0.010346222222028897,0.9999999081446366
500,4629.689226627263,1.5,tribonacci,0.009440333170867768,0.9999999059865886
500,4774.520538566127,1.5,tribonacci,0.010237562836402399,0.9999999041081251
500,4923.882631706737,1.5,tribonacci,0.011480450063030384,0.999999901819994
500,5077.917243205398,1.5,tribonacci,0.015408630771688506,0.9999998996406364
500,5236.77054420465,1.5,tribonacci,0.011230214186670211,0.9999998975002835
500,5400.593278542368,1.5,tribonacci,0.01083841402675033,0.999999894790809
500,5569.5409058001305,1.5,tribonacci,0.009740590710867027,0.9999998918694414
500,5743.773748826581,1.5,tribonacci,0.010889090775824771,0.9999998901267357
500,5923.4571458758055,1.5,tribonacci,0.008873204716741656,0.9999998872796039
500,6108.76160750504,1.5,tribonacci,0.008300328800012137,0.999999885903091
500,6299.862978380694,1.5,tribonacci,0.00921500810932075,0.9999998831207823
500,6496.942604146125,1.5,tribonacci,0.009244718273105097,0.9999998799970771
500,6700.18750350959,1.5,tribonacci,0.009160486512139054,0.9999998783095663
500,6909.790545715645,1.5,tribonacci,0.009924910776521394,0.9999998749251755
500,7125.950633568411,1.5,tribonacci,0.0081151835285101,0.9999998723070709
500,7348.872892180388,1.5,tribonacci,0.008426554083818838,0.9999998705485369
500,7578.76886362593,1.5,tribonacci,0.007700956545309775,0.9999998675841272
500,7815.856707684091,1.5,tribonacci,0.0087152551956267,0.9999998649491932
500,8060.361408861345,1.5,tribonacci,0.009998057663896378,0.9999998611274523
500,8312.514989890631,1.5,tribonacci,0.00844700844812197,0.999999858739248
500,8572.556731909324,1.5,tribonacci,0.00730685726712192,0.9999998555472955
500,8840.733401525064,1.5,tribonacci,0.006811685475324408,0.9999998523111202
500,9117.299484984922,1.5,tribonacci,0.008116475885205754,0.999999850448263
500,9402.517429670132,1.5,tribonacci,0.007960827491413313,0.9999998467849872
500,9696.65789314552,1.5,tribonacci,0.008439346803771779,0.999999843552344
500,10000.0,1.5,tribonacci,0.007460026755416841,0.9999998400680644
500,0.0,2.0,fibonacci,0.020964511224918797,1.0
500,1.0,2.0,fibonacci,0.02094973717255077,0.9999999999925941
500,1.0312831606721848,2.0,fibonacci,0.020948147409574507,0.9999999999927908
500,1.0635449574860112,2.0,fibonacci,0.020946385136662606,0.9999999999957274
500,1.096816005273138,2.0,fibonacci,0.02094443256808652,0.9999999999994665
500,1.1311278765939214,2.0,fibonacci,0.020942270340852942,1.0000000000000542
500,1.1665131316981963,2.0,fibonacci,0.020939877436443217,1.0000000000001412
500,1.2030053494233244,2.0,fibonacci,0.0209372310962281,0.999999999999866
500,1.240639159058832,2.0,fibonacci,0.020934306755695145,0.9999999999999503
500,1.2794502732078736,2.0,fibonacci,0.020931077991046442,1.0000000000011162
500,1.3194755216767062,2.0,fibonacci,0.020927516484010495,1.0000000000032931
500,1.3607528864243335,2.0,fibonacci,0.020923592010333864,1.000000000005358
500,1.403321537605485,2.0,fibonacci,0.020919272457718706,1.000000000005554
500,1.4472218707411348,2.0,fibonacci,0.020914523879580975,1.00000000000256
500,1.4924955450518296,2.0,fibonacci,0.02090931059151208,0.9999999999968687
500,1.5391855229902058,2.0,fibonacci,0.020903595317646597,0.999999999991666
500,1.587336111010209,2.0,fibonacci,0.020897339394157714,0.9999999999917277
500,1.6369930016117025,2.0,fibonacci,0.02089050303665814,0.9999999999980241
500,1.6882033167003634,2.0,fibonacci,0.020883045679725307,1.0000000000000642
500,1.7410156523040161,2.0,fibonacci,0.02087492641495171,0.9999999999999577
500,1.7954801246878311,2.0,fibonacci,0.020866104499472033,0.9999999999998632
500,1.8516484179121548,2.0,fibonacci,0.020856539965158793,1.0000000000022449
500,1.9095738328780973,2.0,fibonacci,0.02084619432880924,1.0000000000061695
500,1.9693113379074225,2.0,fibonacci,0.020835031401216293,1.0000000000067888
500,2.0309176209047357,2.0,fibonacci,0.020823018194414514,1.00000000000026
500,2.0944511431514696,2.0,fibonacci,0.020810125921475454,0.9999999999905849
500,2.159972194782718,2.0,fibonacci,0.020796331077947674,0.9999999999900866
500,2.2275429519995575,2.0,fibonacci,0.020781616587287957,0.9999999999996757
500,2.2972275360711523,2.0,fibonacci,0.020765972984650962,1.0000000000000586
500,2.369092074182633,2.0,fibonacci,0.020749399611343502,0.999999999999776
500,2.4432047621864883,2.0,fibonacci,0.020731905773426124,1.0000000000039675
500,2.519635929317015,2.0,fibonacci,0.020713511835268154,1.0000000000084885
500,2.598458104929249,2.0,fibonacci,0.020694250172035435,1.0000000000020421
500,2.6797460873256913,2.0,fibonacci,0.020674165919653664,0.999999999988457
500,2.763577014736159,2.0,fibonacci,0.02065331747920373,0.9999999999923851
500,2.850030438518107,2.0,fibonacci,0.020631776743876253,0.9999999999999757
500,2.9391883986468863,2.0,fibonacci,0.020609628896428794,0.9999999999994792
500,3.0311355015675785,2.0,fibonacci,0.020586971790862267,1.0000000000043554
500,3.1259590004822804,2.0,fibonacci,0.020563914936565043,1.0000000000080882
500,3.2237488781490296,2.0,fibonacci,0.02054057798833052,0.9999999999941813
500,3.3245979322709407,2.0,fibonacci,0.020517088758120604,0.9999999999880617
500,3.428601863556586,2.0,fibonacci,0.020493580936601967,0.9999999999997696
500,3.5358593665351785,2.0,fibonacci,0.020470191467572466,0.9999999999995214
500,3.646472223212748,2.0,fibonacci,0.020447057531621324,1.0000000000063454
500,3.760545399658171,2.0,fibonacci,0.02042431344738385,1.0000000000020601
500,3.8781871456107226,2.0,fibonacci,0.02040208709733695,0.9999999999863151
500,3.9995090972036653,2.0,fibonacci,0.020380495768310886,0.9999999999995396
500,4.1246263829013525,2.0,fibonacci,0.020359641007900046,0.9999999999995807
500,4.253657732750387,2.0,fibonacci,0.02033960118694658,1.0000000000083316
500,4.386725591048498,2.0,fibonacci,0.02032042096281481,0.9999999999941173
500,4.523956232538054,2.0,fibonacci,0.020302095493656882,0.9999999999933414
500,4.6654798822344725,2.0,fibonacci,0.020284547671684708,0.9999999999991762
500,4.811430839003259,2.0,fibonacci,0.020267596059277755,1.0000000000083595
500,4.961947603002903,2.0,fibonacci,0.02025091194426759,0.9999999999980234
500,5.117173007114605,2.0,fibonacci,0.0202339649677261,0.999999999989894
500,5.277254352483538,2.0,fibonacci,0.020215958692179268,0.9999999999988323
500,5.442343548300267,2.0,fibonacci,0.020195760420476487,1.0000000000105178
500,5.612597255954972,2.0,fibonacci,0.02017183320349942,0.9999999999858378
500,5.788177037701274,2.0,fibonacci,0.020142182384116844,0.9999999999990982
500,5.969249509970735,2.0,fibonacci,0.020104332578327368,1.0000000000031988
500,6.155986501483509,2.0,fibonacci,0.020055354299874813,0.9999999999961356
500,6.348565216305219,2.0,fibonacci,0.019991959203133222,0.9999999999986705
500,6.547168402004738,2.0,fibonacci,0.019910679388796974,1.0000000000028335
500,6.751984523072503,2.0,fibonacci,0.01980813745855216,0.9999999999937302
500,6.963207939763885,2.0,fibonacci,0.019681399419868767,0.9999999999988631
500,7.181039092537351,2.0,fibonacci,0.019528383385852735,1.0000000000078189
500,7.405684692262437,2.0,fibonacci,0.019348276649581046,0.9999999999805756
500,7.637357916378021,2.0,fibonacci,0.019141896242482078,0.9999999999982284
500,7.876278611187057,2.0,fibonacci,0.018911919893242108,1.0000000000071383
500,8.122673500479713,2.0,fibonacci,0.018662921570242772,0.9999999999978126
500,8.376776400682918,2.0,fibonacci,0.01840116786674674,1.0000000000074583
500,8.638828442740447,2.0,fibonacci,0.018134170154258535,0.999999999980416
500,8.909078300934137,2.0,fibonacci,0.017870034899760485,1.0000000000002072
500,9.187782428863335,2.0,fibonacci,0.01761670320589864,0.9999999999804827
500,9.475205302806543,2.0,fibonacci,0.017381201859366393,0.9999999999975477
500,9.771619672696177,2.0,fibonacci,0.01716901903511125,0.9999999999870944
500,10.077306820944612,2.0,fibonacci,0.016983642788861483,0.9999999999974948
500,10.392556829367125,2.0,fibonacci,0.016826179296164725,0.9999999999825393
500,10.71766885445503,2.0,fibonacci,0.01669487724695773,1.0000000000009432
500,11.052951411260215,2.0,fibonacci,0.016584456291773044,0.9999999999753502
500,11.39872266616052,2.0,fibonacci,0.01648543662178778,1.000000000011336
500,11.755310738783693,2.0,fibonacci,0.01638409235896346,0.9999999999965452
500,12.123054013376523,2.0,fibonacci,0.016263900148208468,1.0000000000028049
500,12.502301459914554,2.0,fibonacci,0.0161090747630098,0.9999999999968077
500,12.89341296525715,2.0,fibonacci,0.015909813287317907,0.9999999999861181
500,13.29675967466212,2.0,fibonacci,0.01566751658503846,1.0000000000072702
500,13.712724343984002,2.0,fibonacci,0.015397389905752394,0.9999999999970312
500,14.141701702890233,2.0,fibonacci,0.015126382879317772,0.9999999999905437
500,14.584098829439856,2.0,fibonacci,0.014886478015911312,0.9999999999886784
500,15.040335536380244,2.0,fibonacci,0.014705836804720172,1.0000000000082807
500,15.510844769528397,2.0,fibonacci,0.014601783850600125,0.9999999999953996
500,15.996073018614878,2.0,fibonacci,0.014578299536206362,0.9999999999955249
500,16.496480740980207,2.0,fibonacci,0.01462599758511291,0.9999999999799698
500,17.012542798525892,2.0,fibonacci,0.014719519474424786,0.9999999999760956
500,17.544748908334597,2.0,fibonacci,0.01481348477680787,0.9999999999978014
500,18.093604107387165,2.0,fibonacci,0.014848944225077636,0.9999999999990927
500,18.65962923181746,2.0,fibonacci,0.014780323018789765,0.9999999999980359
500,19.2433614111598,2.0,fibonacci,0.014611067881184435,1.0000000000061116
500,19.845354578058032,2.0,fibonacci,0.014405134627869845,1.0000000000062517
500,20.466179993919898,2.0,fibonacci,0.014255015125764508,0.9999999999935262
500,21.106426791015547,2.0,fibonacci,0.014232538544979918,0.9999999999800173
500,21.76670253153459,2.0,fibonacci,0.01436681731249543,0.9999999999908264
500,22.44763378413224,2.0,fibonacci,0.014639312815457318,0.9999999999930645
500,23.14986671851161,2.0,fibonacci,0.014953261479641954,0.999999999997734
500,23.87406771860647,2.0,fibonacci,0.015135816236206663,0.9999999999858447
500,24.620924014946254,2.0,fibonacci,0.015065290615851464,0.9999999999929978
500,25.39114433680347,2.0,fibonacci,0.014817889334201119,0.9999999999998159
500,26.185459584742325,2.0,fibonacci,0.014616178199317398,0.9999999999805053
500,27.00462352420682,2.0,fibonacci,0.01463273953222287,0.9999999999969778
500,27.849413500806442,2.0,fibonacci,0.014899345113266661,0.9999999999731969
500,28.72063117797828,2.0,fibonacci,0.01525479686725888,0.9999999999986906
500,29.619103297725534,2.0,fibonacci,0.015333559970800546,0.9999999999914718
500,30.545682465154318,2.0,fibonacci,0.014933225211692942,0.9999999999780137
500,31.50124795755328,2.0,fibonacci,0.014346266915231486,0.9999999999999298
500,32.486706558783744,2.0,fibonacci,0.01400126477620656,0.9999999999905946
500,33.502993419772295,2.0,fibonacci,0.014027682831301597,0.9999999999902737
500,34.55107294592218,2.0,fibonacci,0.014155493639947189,0.9999999999767006
500,35.631939712285856,2.0,fibonacci,0.013783381202453539,0.9999999999679449
500,36.7466194073669,2.0,fibonacci,0.01289422039530147,0.9999999999688376
500,37.896169806447176,2.0,fibonacci,0.012225554538420114,0.9999999999680317
500,39.08168177536266,2.0,fibonacci,0.012103111779850519,0.9999999999712418
500,40.30428030568053,2.0,fibonacci,0.0120949331631347,0.9999999999878069
500,41.5651255822599,2.0,fibonacci,0.011354582182821541,0.9999999999919195
500,42.86541408420927,2.0,fibonacci,0.010247348872719508,0.9999999999956803
500,44.20637972028532,2.0,fibonacci,0.009640136768407769,0.9999999999826488
500,45.58929499981062,2.0,fibonacci,0.0094180949360214,0.9999999999917973
500,47.01547224022132,2.0,fibonacci,0.009000604893215147,0.9999999999726542
500,48.48626481239081,2.0,fibonacci,0.008654852891637548,0.9999999999997643
500,50.00306842491092,2.0,fibonacci,0.008804302713513635,0.9999999999834082
500,51.56732244854966,2.0,fibonacci,0.009045504640739194,0.9999999999823053
500,53.180511282142,2.0,fibonacci,0.009107926361398283,0.9999999999559007
500,54.84416576121018,2.0,fibonacci,0.009149772517704121,0.9999999999595335
500,56.55986461065005,2.0,fibonacci,0.009105857487097841,0.999999999953838
500,58.329235942862034,2.0,fibonacci,0.009089613092841582,0.9999999999808649
500,60.153958802748356,2.0,fibonacci,0.00917570923783857,0.9999999999800756
500,62.035764761042714,2.0,fibonacci,0.009318044559298974,0.9999999999932944
500,63.97643955748427,2.0,fibonacci,0.009410893948482543,0.9999999999792847
500,65.97782479539536,2.0,fibonacci,0.009264580670836626,0.9999999999802208
500,68.04181968927098,2.0,fibonacci,0.008980445453036397,0.9999999999781308
500,70.17038286703826,2.0,fibonacci,0.008551370671690386,0.9999999999770101
500,72.36553422869653,2.0,fibonacci,0.00821723084394263,0.9999999999565659
500,74.62935686310134,2.0,fibonacci,0.00778638261428966,0.9999999999586584
500,76.96399902471158,2.0,fibonacci,0.0076850510537896325,0.9999999999732913
500,79.37167617217551,2.0,fibonacci,0.007712480739204616,0.9999999999731015
500,81.8546730706903,2.0,fibonacci,0.00793126859017129,0.999999999949851
500,84.41534596012986,2.0,fibonacci,0.008359977141676755,0.9999999999811268
500,87.05612479099865,2.0,fibonacci,0.008755798132380924,0.9999999999697279
500,89.77951553033323,2.0,fibonacci,0.009123530666774574,0.9999999999691068
500,92.58810253973955,2.0,fibonacci,0.009589258200924256,0.9999999999700453
500,95.48455102782293,2.0,fibonacci,0.010168290272406023,0.9999999999820713
500,98.47160957933774,2.0,fibonacci,0.01069729526572488,0.9999999999665535
500,101.5521127634568,2.0,fibonacci,0.010808897738979696,0.9999999999737003
500,104.72898382363586,2.0,fibonacci,0.010051442089268595,0.9999999999710152
500,108.00523745162529,2.0,fibonacci,0.009659299367962516,0.9999999999656725
500,111.38398264826195,2.0,fibonacci,0.009200560860596842,0.9999999999754875
500,114.86842567375535,2.0,fibonacci,0.009576884749946469,0.9999999999604319
500,118.46187309026836,2.0,fibonacci,0.010389487185627058,0.9999999999623375
500,122.16773489967919,2.0,fibonacci,0.011895118788948951,0.9999999999697456
500,125.98952777950272,2.0,fibonacci,0.012789496152671904,0.999999999953796
500,129.93087842004158,2.0,fibonacci,0.010988689796610319,0.9999999999541611
500,133.99552696593383,2.0,fibonacci,0.010218949377424104,0.999999999969241
500,138.18733056536323,2.0,fibonacci,0.01101130161378369,0.9999999999563591
500,142.5102670302998,2.0,fibonacci,0.012350101358681344,0.9999999999586915
500,146.9684386112446,2.0,fibonacci,0.013139715201045229,0.9999999999529439
500,151.5660758900603,2.0,fibonacci,0.013011771521879312,0.9999999999492044
500,156.30754179458157,2.0,fibonacci,0.013338128878030606,0.9999999999479521
500,161.1973357388157,2.0,fibonacci,0.014298017971647287,0.9999999999490197
500,166.2400978926612,2.0,fibonacci,0.01407151527374918,0.9999999999242069
500,171.440613585197,2.0,fibonacci,0.012680220787516091,0.9999999999604785
500,176.8038178457207,2.0,fibonacci,0.012149613848355422,0.9999999999585775
500,182.33480008684404,2.0,fibonacci,0.014125203847483548,0.9999999999150095
500,188.03880893409146,2.0,fibonacci,0.013975871373715042,0.9999999999543069
500,193.9212572065829,2.0,fibonacci,0.010737906040436706,0.9999999999487558
500,199.9877270535285,2.0,fibonacci,0.009619507188954015,0.999999999938016
500,206.24397525140904,2.0,fibonacci,0.011533780132487447,0.9999999999319098
500,212.69593866686898,2.0,fibonacci,0.013039446805757124,0.9999999999367538
500,219.3497398905058,2.0,fibonacci,0.011250366959825958,0.9999999999027398
500,226.2116930469024,2.0,fibonacci,0.009567307362252501,0.9999999999231174
500,233.2883097864156,2.0,fibonacci,0.010037449504464443,0.999999999902073
500,240.58630546440645,2.0,fibonacci,0.010973958111119432,0.999999999933026
500,248.11260551377677,2.0,fibonacci,0.011005451348201889,0.9999999999199316
500,255.87435201685892,2.0,fibonacci,0.009440376644961671,0.9999999999130961
500,263.87891048289345,2.0,fibonacci,0.008490612584405244,0.9999999999106415
500,272.13387683753086,2.0,fibonacci,0.009966901148994218,0.999999999911812
500,280.6470846309839,2.0,fibonacci,0.010892748057348854,0.9999999998927157
500,289.4266124716752,2.0,fibonacci,0.009354656555649118,0.9999999999023511
500,298.4807916924327,2.0,fibonacci,0.01092716430937218,0.999999999900091
500,307.81821425650804,2.0,fibonacci,0.014544427485463026,0.9999999999118899
500,317.4477409109193,2.0,fibonacci,0.012402593261212434,0.99999999989923
500,327.3785095948577,2.0,fibonacci,0.015208301278484444,0.999999999894085
500,337.61994411113403,2.0,fibonacci,0.011032211666501025,0.9999999998785448
500,348.18176306889666,2.0,fibonacci,0.011383705339231403,0.9999999998571197
500,359.0739891061055,2.0,fibonacci,0.011708338158485722,0.9999999998515251
500,370.30695840051413,2.0,fibonacci,0.01182202349898049,0.9999999998895557
500,381.8913304781854,2.0,fibonacci,0.011871820440992118,0.9999999998362266
500,393.8380983288489,2.0,fibonacci,0.010029001905680885,0.999999999832995
500,406.158598837698,2.0,fibonacci,0.011104138465110906,0.9999999998781672
500,418.86452354352707,2.0,fibonacci,0.012433804923996365,0.9999999998559614
500,431.96792973341735,2.0,fibonacci,0.014102852038517072,0.9999999998167297
500,445.4812518844989,2.0,fibonacci,0.009681355734587472,0.9999999998403588
500,459.41731346364764,2.0,fibonacci,0.01010525703908353,0.9999999998348579
500,473.7893390963144,2.0,fibonacci,0.010737335539363055,0.9999999997999609
500,488.6109671160326,2.0,fibonacci,0.009338908980518128,0.9999999997939563
500,503.89626250651503,2.0,fibonacci,0.010178287810607638,0.9999999997982514
500,519.6597302486197,2.0,fibonacci,0.010842069945446729,0.9999999997850355
500,535.9163290848514,2.0,fibonacci,0.01000859523489263,0.9999999997980642
500,552.6814857144603,2.0,fibonacci,0.009491343077168046,0.9999999997827699
500,569.9711094326076,2.0,fibonacci,0.01071893381033218,0.9999999997700396
500,587.8016072274912,2.0,fibonacci,0.010275053577424299,0.9999999997850503
500,606.1898993497572,2.0,fibonacci,0.008317852040234601,0.999999999759737
500,625.1534353689711,2.0,fibonacci,0.008680446855486341,0.9999999997700569
500,644.7102107323869,2.0,fibonacci,0.009780876224728237,0.9999999997623359
500,664.8787838417263,2.0,fibonacci,0.011134330406409319,0.9999999997665899
500,685.6782936641738,2.0,fibonacci,0.013122278911762647,0.9999999997465355
500,707.1284778942996,2.0,fibonacci,0.011911666874115337,0.999999999739001
500,729.2496916841444,2.0,fibonacci,0.009275152772347299,0.9999999997299657
500,752.0629269592407,2.0,fibonacci,0.008612554768261664,0.9999999996963024
500,775.5898323389001,2.0,fibonacci,0.01143566151644434,0.9999999997278293
500,799.8527336796708,2.0,fibonacci,0.009495621423291634,0.9999999997192665
500,824.8746552614581,2.0,fibonacci,0.009111806561732421,0.9999999996925311
500,850.6793416364153,2.0,fibonacci,0.012161226459550043,0.9999999996631229
500,877.2912801613356,2.0,fibonacci,0.011798215909424635,0.9999999996843012
500,904.7357242349293,2.0,fibonacci,0.010856837852305597,0.9999999996643519
500,933.038717262036,2.0,fibonacci,0.008619346320657376,0.9999999996687863
500,962.2271173675134,2.0,fibonacci,0.01118722413986209,0.9999999996275319
500,992.3286228832545,2.0,fibonacci,0.008540133211547327,0.9999999996301432
500,1023.3717986325192,2.0,fibonacci,0.011370104656002298,0.999999999625122
500,1055.386103036523,2.0,fibonacci,0.010105383194207737,0.999999999601181
500,1088.4019160690054,2.0,fibonacci,0.007701576241817587,0.9999999995919173
500,1122.4505680853058,2.0,fibonacci,0.006978290864662287,0.9999999995909988
500,1157.5643695533035,2.0,fibonacci,0.009532369391237545,0.9999999995702521
500,1193.7766417144358,2.0,fibonacci,0.007594287003411814,0.9999999995294148
500,1231.1217482038908,2.0,fibonacci,0.008091795009667963,0.9999999995180362
500,1269.6351276599742,2.0,fibonacci,0.00815302905624969,0.9999999995270149
500,1309.353327353611,2.0,fibonacci,0.008265316824351311,0.9999999994951988
500,1350.3140378698736,2.0,fibonacci,0.007909453546870244,0.9999999994800157
500,1392.5561288744634,2.0,fibonacci,0.007397257404877525,0.9999999994522615
500,1436.1196859990787,2.0,fibonacci,0.007095452475510646,0.9999999994272948
500,1481.0460488806755,2.0,fibonacci,0.00791532135542622,0.9999999993946249
500,1527.377850390714,2.0,fibonacci,0.007160597442393369,0.9999999993698442
500,1575.1590570916228,2.0,fibonacci,0.006893831264120991,0.999999999355022
500,1624.435010958867,2.0,fibonacci,0.007246854239940735,0.9999999992945876
500,1675.2524724082155,2.0,fibonacci,0.0065489422681309275,0.9999999992723073
500,1727.6596646690364,2.0,fibonacci,0.006297931923205047,0.9999999992264896
500,1781.7063195457306,2.0,fibonacci,0.006958627038557133,0.9999999991794294
500,1837.4437246107268,2.0,fibonacci,0.006019265893743058,0.9999999991337778
500,1894.9247718738216,2.0,fibonacci,0.006346773070671351,0.9999999990499819
500,1954.2040079740534,2.0,fibonacci,0.006028975179793325,0.9999999989624144
500,2015.337685941733,2.0,fibonacci,0.00689916505140873,0.9999999989237289
500,2078.383818579757,2.0,fibonacci,0.0057325646924018155,0.9999999988900525
500,2143.4022335148566,2.0,fibonacci,0.005634674437931035,0.999999998815538
500,2210.4546299710214,2.0,fibonacci,0.006220228875307997,0.9999999987391877
500,2279.6046373189797,2.0,fibonacci,0.006918638176883513,0.9999999985738616
500,2350.9178754572868,2.0,fibonacci,0.006205492161875146,0.9999999984633527
500,2424.462017082328,2.0,fibonacci,0.005952567405731812,0.9999999984247897
500,2500.306851906324,2.0,fibonacci,0.006991601009906711,0.9999999983335838
500,2578.524352884274,2.0,fibonacci,0.006132897909125766,0.9999999981339558
500,2659.1887445126936,2.0,fibonacci,0.006672582555145575,0.9999999979932844
500,2742.3765732649495,2.0,fibonacci,0.006569067262322654,0.9999999978200191
500,2828.166780230032,2.0,fibonacci,0.007803870458440506,0.999999997769275
500,2916.640776023704,2.0,fibonacci,0.005821104946202827,0.9999999976537265
500,3007.882518043099,2.0,fibonacci,0.006107277197053582,0.9999999974163808
500,3101.978590138097,2.0,fibonacci,0.005913765574089812,0.9999999970744758
500,3199.018284775064,2.0,fibonacci,0.00658745533191077,0.9999999969832969
500,3299.093687770939,2.0,fibonacci,0.006098050423415128,0.9999999964693306
500,3402.2997656780676,2.0,fibonacci,0.005513243609402974,0.999999996354281
500,3508.7344559027115,2.0,fibonacci,0.005907755299914872,0.999999995992469
500,3618.4987596427463,2.0,fibonacci,0.005727879011335798,0.9999999952999232
500,3731.6968377327516,2.0,fibonacci,0.005943656831997686,0.9999999952325693
500,3848.436109487429,2.0,fibonacci,0.005528584438623873,0.999999994776335
500,3968.827354637162,2.0,fibonacci,0.004866015094716916,0.9999999941719607
500,4092.984818452438,2.0,fibonacci,0.0055805674030188915,0.9999999933984814
500,4221.026320156899,2.0,fibonacci,0.005108984771441771,0.999999992945389
500,4353.0733647318875,2.0,fibonacci,0.005139526338612145,0.9999999920116133
500,4489.251258218603,2.0,fibonacci,0.005829547819623915,0.9999999913913212
500,4629.689226627263,2.0,fibonacci,0.005600095068954245,0.9999999900195323
500,4774.520538566127,2.0,fibonacci,0.005104785606611777,0.9999999891476742
500,4923.882631706737,2.0,fibonacci,0.005534324467199434,0.9999999887040324
500,5077.917243205398,2.0,fibonacci,0.0056393170103281815,0.9999999877678192
500,5236.77054420465,2.0,fibonacci,0.006234663831661015,0.9999999864392318
500,5400.593278542368,2.0,fibonacci,0.005981853913255882,0.9999999859087321
500,5569.5409058001305,2.0,fibonacci,0.004998139692141904,0.9999999844427446
500,5743.773748826581,2.0,fibonacci,0.0061978090117787476,0.9999999832932456
500,5923.4571458758055,2.0,fibonacci,0.00552703998565008,0.9999999820402252
500,6108.76160750504,2.0,fibonacci,0.005349449300340623,0.9999999806261866
500,6299.862978380694,2.0,fibonacci,0.00523294614755806,0.9999999793985375
500,6496.942604146125,2.0,fibonacci,0.005130186320582879,0.9999999776705619
500,6700.18750350959,2.0,fibonacci,0.005391083514185437,0.999999976411079
500,6909.790545715645,2.0,fibonacci,0.004996055072309865,0.9999999744077299
500,7125.950633568411,2.0,fibonacci,0.0052568428464861905,0.9999999725526111
500,7348.872892180388,2.0,fibonacci,0.005002576619927054,0.9999999701089112
500,7578.76886362593,2.0,fibonacci,0.004622846918116814,0.9999999685759642
500,7815.856707684091,2.0,fibonacci,0.0051600639156457245,0.9999999661350135
500,8060.361408861345,2.0,fibonacci,0.004596313589831145,0.9999999640839614
500,8312.514989890631,2.0,fibonacci,0.004536809987605661,0.9999999610316235
500,8572.556731909324,2.0,fibonacci,0.004882603540425695,0.9999999595122921
500,8840.733401525064,2.0,fibonacci,0.0050243179747589215,0.9999999563360535
500,9117.299484984922,2.0,fibonacci,0.004732137123332927,0.9999999533587058
500,9402.517429670132,2.0,fibonacci,0.004451909820241106,0.999999950313974
500,9696.65789314552,2.0,fibonacci,0.004656946358244548,0.999999947337356
500,10000.0,2.0,fibonacci,0.004699732937311847,0.9999999438653857
500,0.0,2.0,tribonacci,0.08201561019889944,1.0000000000000002
500,1.0,2.0,tribonacci,0.08177504363935856,1.000000000001148
500,1.0312831606721848,2.0,tribonacci,0.0817460182367985,1.0000000000006346
500,1.0635449574860112,2.0,tribonacci,0.08171367100188255,0.9999999999990972
500,1.096816005273138,2.0,tribonacci,0.08167765707285425,1.0000000000014466
500,1.1311278765939214,2.0,tribonacci,0.08163760271251654,1.0000000000108966
500,1.1665131316981963,2.0,tribonacci,0.0815931042847028,1.0000000000253235
500,1.2030053494233244,2.0,tribonacci,0.08154372751739057,1.0000000000367246
500,1.240639159058832,2.0,tribonacci,0.08148900714042165,1.0000000000344582
500,1.2794502732078736,2.0,tribonacci,0.08142844699884953,1.0000000000119502
500,1.3194755216767062,2.0,tribonacci,0.0813615207559108,0.9999999999747157
500,1.3607528864243335,2.0,tribonacci,0.08128767331164849,0.9999999999446123
500,1.403321537605485,2.0,tribonacci,0.0812063230730479,0.9999999999508666
500,1.4472218707411348,2.0,tribonacci,0.0811168652174068,0.9999999999923224
500,1.4924955450518296,2.0,tribonacci,0.08101867614092988,1.000000000000711
500,1.5391855229902058,2.0,tribonacci,0.08091111947384678,0.9999999999996325
500,1.587336111010209,2.0,tribonacci,0.08079355340288305,0.9999999999999243
500,1.6369930016117025,2.0,tribonacci,0.08066533986141103,1.0000000000141325
500,1.6882033167003634,2.0,tribonacci,0.08052585564138083,1.0000000000358578
500,1.7410156523040161,2.0,tribonacci,0.08037450561851642,1.000000000038082
500,1.7954801246878311,2.0,tribonacci,0.08021073825346142,0.9999999999997911
500,1.8516484179121548,2.0,tribonacci,0.08003406348286562,0.9999999999440603
500,1.9095738328780973,2.0,tribonacci,0.0798440730477188,0.999999999942235
500,1.9693113379074225,2.0,tribonacci,0.07964046320453765,0.9999999999984701
500,2.0309176209047357,2.0,tribonacci,0.07942305980980162,1.0000000000002303
500,2.0944511431514696,2.0,tribonacci,0.079191845776385,0.9999999999988323
500,2.159972194782718,2.0,tribonacci,0.07894699004603814,1.0000000000199967
500,2.2275429519995575,2.0,tribonacci,0.07868887806979906,1.000000000043423
500,2.2972275360711523,2.0,tribonacci,0.07841814280399947,1.0000000000127325
500,2.369092074182633,2.0,tribonacci,0.07813569529201361,0.9999999999440635
500,2.4432047621864883,2.0,tribonacci,0.07784275363697175,0.9999999999591074
500,2.519635929317015,2.0,tribonacci,0.07754086881777912,0.9999999999999547
500,2.598458104929249,2.0,tribonacci,0.07723194522215597,0.9999999999967563
500,2.6797460873256913,2.0,tribonacci,0.07691825373434732,1.000000000021366
500,2.763577014736159,2.0,tribonacci,0.0766024351599329,1.0000000000490918
500,2.850030438518107,2.0,tribonacci,0.07628749101273889,0.9999999999851713
500,2.9391883986468863,2.0,tribonacci,0.07597675899885677,0.9999999999308365
500,3.0311355015675785,2.0,tribonacci,0.0756738724571531,0.9999999999973564
500,3.1259590004822804,2.0,tribonacci,0.07538270300322329,0.9999999999958382
500,3.2237488781490296,2.0,tribonacci,0.07510728616606646,1.000000000028825
500,3.3245979322709407,2.0,tribonacci,0.07485173789102396,1.0000000000435798
500,3.428601863556586,2.0,tribonacci,0.07462016782539334,0.9999999999253513
500,3.5358593665351785,2.0,tribonacci,0.07441660219233005,0.9999999999745208
500,3.646472223212748,2.0,tribonacci,0.0742449373240814,0.9999999999961773
500,3.760545399658171,2.0,tribonacci,0.07410893710581266,1.0000000000263747
500,3.8781871456107226,2.0,tribonacci,0.07401229885000882,1.000000000025593
500,3.9995090972036653,2.0,tribonacci,0.07395879793916817,0.9999999998950693
500,4.1246263829013525,2.0,tribonacci,0.07395250974608265,0.9999999999964663
500,4.253657732750387,2.0,tribonacci,0.07399809012452337,1.0000000000053813
500,4.386725591048498,2.0,tribonacci,0.07410105310984877,1.000000000038386
500,4.523956232538054,2.0,tribonacci,0.07426796526611927,0.9999999999025294
500,4.6654798822344725,2.0,tribonacci,0.07450643023588258,0.9999999999971484
500,4.811430839003259,2.0,tribonacci,0.07482472979144633,1.0000000000312403
500,4.961947603002903,2.0,tribonacci,0.07523098175488278,0.999999999993359
500,5.117173007114605,2.0,tribonacci,0.07573172687429958,0.9999999999595618
500,5.277254352483538,2.0,tribonacci,0.07632992864450136,0.9999999999932411
500,5.442343548300267,2.0,tribonacci,0.0770224886876511,1.0000000000478428
500,5.612597255954972,2.0,tribonacci,0.07779751732265108,0.9999999999257262
500,5.788177037701274,2.0,tribonacci,0.07863174746862778,0.9999999999911824
500,5.969249509970735,2.0,tribonacci,0.07948861474193418,1.0000000000216924
500,6.155986501483509,2.0,tribonacci,0.08031763867296093,0.9999999999870464
500,6.348565216305219,2.0,tribonacci,0.08105579252561565,1.000000000022859
500,6.547168402004738,2.0,tribonacci,0.08163149378978324,0.999999999910841
500,6.751984523072503,2.0,tribonacci,0.08197160357214198,0.9999999999883847
500,6.963207939763885,2.0,tribonacci,0.0820112952099859,0.9999999999975688
500,7.181039092537351,2.0,tribonacci,0.08170584646776573,0.9999999999918832
500,7.405684692262437,2.0,tribonacci,0.08104242651776068,1.0000000000662466
500,7.637357916378021,2.0,tribonacci,0.08004911740580277,0.9999999999855017
500,7.876278611187057,2.0,tribonacci,0.07879809816674073,1.0000000000432183
500,8.122673500479713,2.0,tribonacci,0.07740046856399611,0.999999999975737
500,8.376776400682918,2.0,tribonacci,0.07599183543881889,1.0000000000223117
500,8.638828442740447,2.0,tribonacci,0.07471063308791691,0.9999999999866221
500,8.909078300934137,2.0,tribonacci,0.07367500529661705,0.9999999999973334
500,9.187782428863335,2.0,tribonacci,0.07296758442674509,0.9999999999840855
500,9.475205302806543,2.0,tribonacci,0.07263739840951054,0.9999999999047564
500,9.771619672696177,2.0,tribonacci,0.07272052272983841,1.00000000002288
500,10.077306820944612,2.0,tribonacci,0.07326616340864388,0.9999999999830034
500,10.392556829367125,2.0,tribonacci,0.07434178263400325,0.9999999999588286
500,10.71766885445503,2.0,tribonacci,0.07599460773605109,1.0000000000102842
500,11.052951411260215,2.0,tribonacci,0.07817351261282438,0.9999999999842779
500,11.39872266616052,2.0,tribonacci,0.08065009889157317,0.999999999902076
500,11.755310738783693,2.0,tribonacci,0.08299489644981843,1.000000000009014
500,12.123054013376523,2.0,tribonacci,0.08465115059319064,1.0000000000098304
500,12.502301459914554,2.0,tribonacci,0.08510984941719636,0.999999999983348
500,12.89341296525715,2.0,tribonacci,0.08413260016688676,0.9999999999819416
500,13.29675967466212,2.0,tribonacci,0.08191059030149836,0.9999999999579533
500,13.712724343984002,2.0,tribonacci,0.07903882738260118,0.9999999999077397
500,14.141701702890233,2.0,tribonacci,0.07627561800790189,0.9999999999276956
500,14.584098829439856,2.0,tribonacci,0.07422283478246255,0.9999999999376877
500,15.040335536380244,2.0,tribonacci,0.07317512832861943,0.9999999999285436
500,15.510844769528397,2.0,tribonacci,0.07326234142097779,0.9999999999183439
500,15.996073018614878,2.0,tribonacci,0.07464038200501355,0.9999999999370083
500,16.496480740980207,2.0,tribonacci,0.07731846840381765,0.9999999999750027
500,17.012542798525892,2.0,tribonacci,0.0806720031522497,0.9999999999763358
500,17.544748908334597,2.0,tribonacci,0.08327974499070806,0.9999999999818858
500,18.093604107387165,2.0,tribonacci,0.08358240932946363,1.0000000000256783
500,18.65962923181746,2.0,tribonacci,0.08104230674504406,0.9999999999077362
500,19.2433614111598,2.0,tribonacci,0.07675084805850171,0.9999999999741227
500,19.845354578058032,2.0,tribonacci,0.07270054584092762,1.000000000003589
500,20.466179993919898,2.0,tribonacci,0.07038020198057536,0.9999999999098578
500,21.106426791015547,2.0,tribonacci,0.07032092826745182,0.9999999999698223
500,21.76670253153459,2.0,tribonacci,0.07278520626848912,0.9999999999526779
500,22.44763378413224,2.0,tribonacci,0.07756225089678853,0.9999999999685755
500,23.14986671851161,2.0,tribonacci,0.08256642313315346,0.9999999999177348
500,23.87406771860647,2.0,tribonacci,0.08430716155085512,1.0000000000092182
500,24.620924014946254,2.0,tribonacci,0.08128509677698217,0.9999999999681769
500,25.39114433680347,2.0,tribonacci,0.07610518287568319,0.9999999999232623
500,26.185459584742325,2.0,tribonacci,0.07266458375963808,0.9999999999656612
500,27.00462352420682,2.0,tribonacci,0.07273369700373633,0.9999999999946435
500,27.849413500806442,2.0,tribonacci,0.0767063155410292,1.0000000000018072
500,28.72063117797828,2.0,tribonacci,0.08276756681659647,0.9999999999912934
500,29.619103297725534,2.0,tribonacci,0.08492947239609078,1.0000000000040006
500,30.545682465154318,2.0,tribonacci,0.07992212960067077,1.0000000000163691
500,31.50124795755328,2.0,tribonacci,0.07302785751812306,0.9999999999499496
500,32.486706558783744,2.0,tribonacci,0.07018706962531072,0.9999999999162471
500,33.502993419772295,2.0,tribonacci,0.07310588314879704,0.9999999999592114
500,34.55107294592218,2.0,tribonacci,0.0799981946392444,0.9999999999977683
500,35.631939712285856,2.0,tribonacci,0.08227327238520496,0.9999999999570963
500,36.7466194073669,2.0,tribonacci,0.0769636872198237,0.9999999999926786
500,37.896169806447176,2.0,tribonacci,0.0726121637893188,0.9999999999563686
500,39.08168177536266,2.0,tribonacci,0.0747492935910458,0.99999999989754
500,40.30428030568053,2.0,tribonacci,0.08229541942227664,0.9999999999959259
500,41.5651255822599,2.0,tribonacci,0.08396372464143682,0.9999999999736823
500,42.86541408420927,2.0,tribonacci,0.07641113596455038,0.9999999999544876
500,44.20637972028532,2.0,tribonacci,0.07203035092553088,0.9999999999532192
500,45.58929499981062,2.0,tribonacci,0.07655470017752411,0.9999999999619074
500,47.01547224022132,2.0,tribonacci,0.0824906720353422,1.0000000000003872
500,48.48626481239081,2.0,tribonacci,0.07665158702782723,0.9999999999549626
500,50.00306842491092,2.0,tribonacci,0.07043184052020966,0.9999999999084193
500,51.56732244854966,2.0,tribonacci,0.07636431532374845,0.999999999955967
500,53.180511282142,2.0,tribonacci,0.08647481870543051,0.9999999998536003
500,54.84416576121018,2.0,tribonacci,0.0778958403048812,0.9999999999736121
500,56.55986461065005,2.0,tribonacci,0.07043789004269742,0.9999999999349375
500,58.329235942862034,2.0,tribonacci,0.0800595219286591,0.9999999999059872
500,60.153958802748356,2.0,tribonacci,0.08042502781782888,0.999999999801677
500,62.035764761042714,2.0,tribonacci,0.06858878826293736,0.9999999999170228
500,63.97643955748427,2.0,tribonacci,0.07944445351052343,0.9999999999192575
500,65.97782479539536,2.0,tribonacci,0.07984761954337792,0.9999999998750225
500,68.04181968927098,2.0,tribonacci,0.07089799470441809,0.9999999999506628
500,70.17038286703826,2.0,tribonacci,0.08702271615714112,0.9999999999338205
500,72.36553422869653,2.0,tribonacci,0.07038287467053025,0.999999999949628
500,74.62935686310134,2.0,tribonacci,0.07452132866630468,0.9999999998759515
500,76.96399902471158,2.0,tribonacci,0.08113005170190242,0.9999999999035852
500,79.37167617217551,2.0,tribonacci,0.06929380850522182,0.9999999998349233
500,81.8546730706903,2.0,tribonacci,0.08816400649662538,0.9999999999253452
500,84.41534596012986,2.0,tribonacci,0.07014524465907494,0.9999999998981248
500,87.05612479099865,2.0,tribonacci,0.07980880755955898,0.9999999998140214
500,89.77951553033323,2.0,tribonacci,0.07226723280076651,0.9999999998869942
500,92.58810253973955,2.0,tribonacci,0.07916247586597175,0.999999999815288
500,95.48455102782293,2.0,tribonacci,0.0757283289686016,0.9999999999055998
500,98.47160957933774,2.0,tribonacci,0.07809153065089189,0.999999999885434
500,101.5521127634568,2.0,tribonacci,0.0738660226060546,0.9999999998173149
500,104.72898382363586,2.0,tribonacci,0.07818021025840889,0.9999999998764696
500,108.00523745162529,2.0,tribonacci,0.07398337229373443,0.9999999998406082
500,111.38398264826195,2.0,tribonacci,0.08478308192721172,0.9999999999360881
500,114.86842567375535,2.0,tribonacci,0.06784137901949391,0.9999999999392606
500,118.46187309026836,2.0,tribonacci,0.08104642166592987,0.9999999997650689
500,122.16773489967919,2.0,tribonacci,0.08078875447628286,0.9999999997943437
500,125.98952777950272,2.0,tribonacci,0.06793682651993416,0.9999999998327695
500,129.93087842004158,2.0,tribonacci,0.07620559692240791,0.9999999998860133
500,133.99552696593383,2.0,tribonacci,0.08514268828935405,0.9999999998669227
500,138.18733056536323,2.0,tribonacci,0.07105029023290864,0.9999999998302648
500,142.5102670302998,2.0,tribonacci,0.07207671110687149,0.9999999998247381
500,146.9684386112446,2.0,tribonacci,0.08078860909492369,0.9999999997874262
500,151.5660758900603,2.0,tribonacci,0.07589492464434712,0.999999999810665
500,156.30754179458157,2.0,tribonacci,0.06917229348404831,0.9999999998821812
500,161.1973357388157,2.0,tribonacci,0.07032606885405085,0.9999999997435336
500,166.2400978926612,2.0,tribonacci,0.07110013396761554,0.9999999997204775
500,171.440613585197,2.0,tribonacci,0.062596526104191,0.9999999998552912
500,176.8038178457207,2.0,tribonacci,0.11133887479094084,0.9999999993817249
500,182.33480008684404,2.0,tribonacci,0.063106687411877,0.999999999013902
500,188.03880893409146,2.0,tribonacci,0.06914825088178911,1.0000000007711818
500,193.9212572065829,2.0,tribonacci,0.0811203388742618,0.9999999988226996
500,199.9877270535285,2.0,tribonacci,0.06949744929966208,0.9999999980476006
500,206.24397525140904,2.0,tribonacci,0.04454401708220375,0.9999999953043889
500,212.69593866686898,2.0,tribonacci,0.03795322542861808,0.9999999976134557
500,219.3497398905058,2.0,tribonacci,0.047282145518874504,0.9999999974910438
500,226.2116930469024,2.0,tribonacci,0.058875583898062696,0.9999999955883034
500,233.2883097864156,2.0,tribonacci,0.04312330965261837,0.9999999971215776
500,240.58630546440645,2.0,tribonacci,0.07394700654841134,0.9999999966888715
500,248.11260551377677,2.0,tribonacci,0.047321571964643525,0.999999994849215
500,255.87435201685892,2.0,tribonacci,0.08194636560668193,0.9999999958454453
500,263.87891048289345,2.0,tribonacci,0.07659683023306574,0.9999999941520357
500,272.13387683753086,2.0,tribonacci,0.04933001151816878,0.9999999944956685
500,280.6470846309839,2.0,tribonacci,0.07612851059669097,0.9999999953224251
500,289.4266124716752,2.0,tribonacci,0.06528407746158313,0.999999993364106
500,298.4807916924327,2.0,tribonacci,0.05133679497256875,0.9999999933528914
500,307.81821425650804,2.0,tribonacci,0.07277499533265835,0.9999999936126286
500,317.4477409109193,2.0,tribonacci,0.050346620249226204,0.9999999926760668
500,327.3785095948577,2.0,tribonacci,0.05505457736975993,0.9999999925617654
500,337.61994411113403,2.0,tribonacci,0.06294273000924978,0.9999999929222029
500,348.18176306889666,2.0,tribonacci,0.06618412191555005,0.9999999924811531
500,359.0739891061055,2.0,tribonacci,0.07414161163915395,0.9999999923019253
500,370.30695840051413,2.0,tribonacci,0.062099490517085715,0.9999999914785849
500,381.8913304781854,2.0,tribonacci,0.04487644652374428,0.9999999909416456
500,393.8380983288489,2.0,tribonacci,0.035638723981929875,0.9999999898563883
500,406.158598837698,2.0,tribonacci,0.03372882334265759,0.9999999894156999
500,418.86452354352707,2.0,tribonacci,0.03270332451780715,0.9999999889932488
500,431.96792973341735,2.0,tribonacci,0.034777111563594296,0.9999999889269816
500,445.4812518844989,2.0,tribonacci,0.04292315524679313,0.9999999884812888
500,459.41731346364764,2.0,tribonacci,0.06400717179099617,0.9999999870628467
500,473.7893390963144,2.0,tribonacci,0.040749442874766326,0.9999999875951655
500,488.6109671160326,2.0,tribonacci,0.05681868160483129,0.9999999860945183
500,503.89626250651503,2.0,tribonacci,0.04936168325503481,0.999999986748011
500,519.6597302486197,2.0,tribonacci,0.03580985826662186,0.9999999861624534
500,535.9163290848514,2.0,tribonacci,0.05009247850487855,0.9999999862907666
500,552.6814857144603,2.0,tribonacci,0.05000772905672451,0.999999984767224
500,569.9711094326076,2.0,tribonacci,0.04039161705261048,0.9999999848288842
500,587.8016072274912,2.0,tribonacci,0.027663543491867396,0.9999999841702912
500,606.1898993497572,2.0,tribonacci,0.028433575204047063,0.9999999838078566
500,625.1534353689711,2.0,tribonacci,0.05237396557256472,0.999999981216163
500,644.7102107323869,2.0,tribonacci,0.03436142833984226,0.9999999832831312
500,664.8787838417263,2.0,tribonacci,0.04687429376704181,0.9999999824534198
500,685.6782936641738,2.0,tribonacci,0.04570488023549779,0.999999981714984
500,707.1284778942996,2.0,tribonacci,0.028179734012678467,0.9999999796313467
500,729.2496916841444,2.0,tribonacci,0.03155315581903089,0.9999999790381171
500,752.0629269592407,2.0,tribonacci,0.03113789359389138,0.9999999785667891
500,775.5898323389001,2.0,tribonacci,0.03636112947180103,0.9999999785144441
500,799.8527336796708,2.0,tribonacci,0.048767123153470815,0.999999975108179
500,824.8746552614581,2.0,tribonacci,0.028712985219412,0.9999999763543845
500,850.6793416364153,2.0,tribonacci,0.03489612459083494,0.9999999755438175
500,877.2912801613356,2.0,tribonacci,0.042001492098630994,0.9999999749679008
500,904.7357242349293,2.0,tribonacci,0.03889416447075922,0.9999999744011975
500,933.038717262036,2.0,tribonacci,0.024337932081399557,0.9999999733585396
500,962.2271173675134,2.0,tribonacci,0.019818910941177457,0.9999999730415282
500,992.3286228832545,2.0,tribonacci,0.024929895150477013,0.9999999730014357
500,1023.3717986325192,2.0,tribonacci,0.0319044871725662,0.9999999715031554
500,1055.386103036523,2.0,tribonacci,0.025548493232002544,0.9999999716190802
500,1088.4019160690054,2.0,tribonacci,0.024138471640252273,0.9999999692097472
500,1122.4505680853058,2.0,tribonacci,0.025498898170369134,0.9999999698124823
500,1157.5643695533035,2.0,tribonacci,0.025371807958913816,0.9999999690957995
500,1193.7766417144358,2.0,tribonacci,0.021332510447973827,0.999999968180657
500,1231.1217482038908,2.0,tribonacci,0.021138140238335695,0.9999999671582502
500,1269.6351276599742,2.0,tribonacci,0.01947374281990414,0.9999999674976229
500,1309.353327353611,2.0,tribonacci,0.02344090361823549,0.9999999660075977
500,1350.3140378698736,2.0,tribonacci,0.02014781591770955,0.9999999659716118
500,1392.5561288744634,2.0,tribonacci,0.017258355989707902,0.999999964851869
500,1436.1196859990787,2.0,tribonacci,0.017470900890181957,0.9999999644941201
500,1481.0460488806755,2.0,tribonacci,0.0214223645257099,0.9999999631229932
500,1527.377850390714,2.0,tribonacci,0.01869834251747852,0.9999999619721102
500,1575.1590570916228,2.0,tribonacci,0.016969113399444725,0.9999999616394355
500,1624.435010958867,2.0,tribonacci,0.018456831549548434,0.9999999605315033
500,1675.2524724082155,2.0,tribonacci,0.018477722955789873,0.9999999589771399
500,1727.6596646690364,2.0,tribonacci,0.018600383379570148,0.9999999591537198
500,1781.7063195457306,2.0,tribonacci,0.014340349719662337,0.999999956820929
500,1837.4437246107268,2.0,tribonacci,0.012628500605723835,0.9999999571427958
500,1894.9247718738216,2.0,tribonacci,0.014260428568776077,0.9999999563773169
500,1954.2040079740534,2.0,tribonacci,0.015463111800097589,0.9999999544185177
500,2015.337685941733,2.0,tribonacci,0.015745303402779385,0.9999999546380286
500,2078.383818579757,2.0,tribonacci,0.012801256966417799,0.9999999537746708
500,2143.4022335148566,2.0,tribonacci,0.012464737890712634,0.9999999528188317
500,2210.4546299710214,2.0,tribonacci,0.012166995507384062,0.9999999504184937
500,2279.6046373189797,2.0,tribonacci,0.01630844845996264,0.9999999503297642
500,2350.9178754572868,2.0,tribonacci,0.011581931165869305,0.9999999494561325
500,2424.462017082328,2.0,tribonacci,0.009467533794464467,0.9999999479097053
500,2500.306851906324,2.0,tribonacci,0.012540399632869825,0.9999999460147276
500,2578.524352884274,2.0,tribonacci,0.009673565726985061,0.9999999451404268
500,2659.1887445126936,2.0,tribonacci,0.011858962551424084,0.9999999436058354
500,2742.3765732649495,2.0,tribonacci,0.010697626597562,0.9999999422002535
500,2828.166780230032,2.0,tribonacci,0.012786240229824835,0.9999999406934197
500,2916.640776023704,2.0,tribonacci,0.010497703822455691,0.999999938823378
500,3007.882518043099,2.0,tribonacci,0.01838473919056897,0.999999937663795
500,3101.978590138097,2.0,tribonacci,0.015209501344422042,0.9999999357517743
500,3199.018284775064,2.0,tribonacci,0.011059566768900785,0.9999999352638558
500,3299.093687770939,2.0,tribonacci,0.011416070943852824,0.9999999336946649
500,3402.2997656780676,2.0,tribonacci,0.009064082238145218,0.99999993217166
500,3508.7344559027115,2.0,tribonacci,0.01016339936859155,0.9999999305738314
500,3618.4987596427463,2.0,tribonacci,0.010958028341424793,0.9999999287874627
500,3731.6968377327516,2.0,tribonacci,0.010254573373555249,0.9999999276726284
500,3848.436109487429,2.0,tribonacci,0.009789754613605291,0.9999999241726427
500,3968.827354637162,2.0,tribonacci,0.008570253763344486,0.9999999232593689
500,4092.984818452438,2.0,tribonacci,0.010878688243427042,0.9999999213922548
500,4221.026320156899,2.0,tribonacci,0.009532188411631996,0.9999999202816475
500,4353.0733647318875,2.0,tribonacci,0.008383265796705413,0.9999999176220384
500,4489.251258218603,2.0,tribonacci,0.0077434636616107244,0.9999999156257686
500,4629.689226627263,2.0,tribonacci,0.009021160840562195,0.9999999131171527
500,4774.520538566127,2.0,tribonacci,0.00834840361858666,0.9999999115430231
500,4923.882631706737,2.0,tribonacci,0.009515742465197399,0.9999999087354869
500,5077.917243205398,2.0,tribonacci,0.008182135884918744,0.9999999068250329
500,5236.77054420465,2.0,tribonacci,0.008499906061367947,0.9999999050668099
500,5400.593278542368,2.0,tribonacci,0.007217150257765611,0.9999999019466496
500,5569.5409058001305,2.0,tribonacci,0.006820120554735743,0.9999999005219037
500,5743.773748826581,2.0,tribonacci,0.007174536353633945,0.9999998980289049
500,5923.4571458758055,2.0,tribonacci,0.007717177023975366,0.9999998946180341
500,6108.76160750504,2.0,tribonacci,0.008327096853484468,0.9999998932223546
500,6299.862978380694,2.0,tribonacci,0.007640947718431581,0.9999998907923605
500,6496.942604146125,2.0,tribonacci,0.00717626828607683,0.9999998879359706
500,6700.18750350959,2.0,tribonacci,0.0065866483923366,0.9999998847306637
500,6909.790545715645,2.0,tribonacci,0.0073196658080851035,0.9999998831048763
500,7125.950633568411,2.0,tribonacci,0.00787321828587734,0.9999998803723629
500,7348.872892180388,2.0,tribonacci,0.008910073163747754,0.999999877530083
500,7578.76886362593,2.0,tribonacci,0.00596751226046942,0.9999998748867123
500,7815.856707684091,2.0,tribonacci,0.006389295608191739,0.9999998721875635
500,8060.361408861345,2.0,tribonacci,0.006785024817470028,0.9999998679762772
500,8312.514989890631,2.0,tribonacci,0.005913958484969695,0.9999998662770155
500,8572.556731909324,2.0,tribonacci,0.006289234315644382,0.9999998614997319
500,8840.733401525064,2.0,tribonacci,0.005735680036580494,0.9999998591320826
500,9117.299484984922,2.0,tribonacci,0.005998572193711883,0.9999998549490328
500,9402.517429670132,2.0,tribonacci,0.005881605886164591,0.9999998514230527
500,9696.65789314552,2.0,tribonacci,0.006580704830805319,0.9999998486057163
500,10000.0,2.0,tribonacci,0.00714239616392018,0.9999998448655105
500,0.0,3.0,fibonacci,0.020964511224918797,1.0
500,1.0,3.0,fibonacci,0.02093388059477606,0.9999999999899127
500,1.0312831606721848,3.0,fibonacci,0.020930471050535384,0.9999999999967767
500,1.0635449574860112,3.0,fibonacci,0.020926684806393564,0.9999999999999103
500,1.096816005273138,3.0,fibonacci,0.020922482806910767,1.0000000000003155
500,1.1311278765939214,3.0,fibonacci,0.020917822567304487,0.9999999999999997
500,1.1665131316981963,3.0,fibonacci,0.0209126579973345,0.9999999999996823
500,1.2030053494233244,3.0,fibonacci,0.020906939248569654,1.0000000000008609
500,1.240639159058832,3.0,fibonacci,0.02090061258576906,1.0000000000041485
500,1.2794502732078736,3.0,fibonacci,0.020893620293851157,1.0000000000083598
500,1.3194755216767062,3.0,fibonacci,0.02088590063085532,1.0000000000106832
500,1.3607528864243335,3.0,fibonacci,0.020877387838681545,1.0000000000080695
500,1.403321537605485,3.0,fibonacci,0.020868012224693797,0.999999999999561
500,1.4472218707411348,3.0,fibonacci,0.020857700328366677,0.9999999999885669
500,1.4924955450518296,3.0,fibonacci,0.02084637518786676,0.9999999999830516
500,1.5391855229902058,3.0,fibonacci,0.02083395672154624,0.9999999999901185
500,1.587336111010209,3.0,fibonacci,0.02082036223850223,0.9999999999997313
500,1.6369930016117025,3.0,fibonacci,0.020805507117030223,1.000000000000265
500,1.6882033167003634,3.0,fibonacci,0.02078930566058233,0.9999999999995273
500,1.7410156523040161,3.0,fibonacci,0.020771672112526424,1.0000000000012599
500,1.7954801246878311,3.0,fibonacci,0.020752521893311452,1.0000000000074063
500,1.8516484179121548,3.0,fibonacci,0.020731773045942984,1.0000000000124274
500,1.9095738328780973,3.0,fibonacci,0.020709347901994392,1.0000000000073976
500,1.9693113379074225,3.0,fibonacci,0.02068517496909515,0.9999999999913133
500,2.0309176209047357,3.0,fibonacci,0.020659191031697173,0.9999999999798571
500,2.0944511431514696,3.0,fibonacci,0.02063134344430713,0.9999999999921125
500,2.159972194782718,3.0,fibonacci,0.020601592581272168,1.0000000000000955
500,2.2275429519995575,3.0,fibonacci,0.020569914423003346,0.9999999999993934
500,2.2972275360711523,3.0,fibonacci,0.020536303184186824,1.000000000002216
500,2.369092074182633,3.0,fibonacci,0.020500773922201697,1.0000000000119005
500,2.4432047621864883,3.0,fibonacci,0.02046336502799195,1.0000000000117346
500,2.519635929317015,3.0,fibonacci,0.02042414045034122,0.9999999999910553
500,2.598458104929249,3.0,fibonacci,0.0203831915286539,0.9999999999785011
500,2.6797460873256913,3.0,fibonacci,0.020340638309642306,0.999999999999103
500,2.763577014736159,3.0,fibonacci,0.020296630165851707,0.9999999999996357
500,2.850030438518107,3.0,fibonacci,0.020251345441893737,1.0000000000016656
500,2.9391883986468863,3.0,fibonacci,0.02020499016883057,1.0000000000142686
500,3.0311355015675785,3.0,fibonacci,0.02015779563892559,1.0000000000065143
500,3.1259590004822804,3.0,fibonacci,0.020110014708590303,0.9999999999771588
500,3.2237488781490296,3.0,fibonacci,0.020061916974669126,0.9999999999937541
500,3.3245979322709407,3.0,fibonacci,0.02001378318345608,0.9999999999994631
500,3.428601863556586,3.0,fibonacci,0.01996589862647087,1.0000000000029081
500,3.5358593665351785,3.0,fibonacci,0.019918546495757413,1.0000000000142795
500,3.646472223212748,3.0,fibonacci,0.019872001493737097,0.9999999999878457
500,3.760545399658171,3.0,fibonacci,0.0198265239540171,0.9999999999840934
500,3.8781871456107226,3.0,fibonacci,0.019782355262497553,0.9999999999994246
500,3.9995090972036653,3.0,fibonacci,0.019739713889730164,1.0000000000042053
500,4.1246263829013525,3.0,fibonacci,0.0196987911448977,1.0000000000118987
500,4.253657732750387,3.0,fibonacci,0.019659744743766285,0.9999999999746068
500,4.386725591048498,3.0,fibonacci,0.019622686169900323,0.9999999999988192
500,4.523956232538054,3.0,fibonacci,0.019587657455493467,1.0000000000000289
500,4.6654798822344725,3.0,fibonacci,0.019554590225536857,1.0000000000190368
500,4.811430839003259,3.0,fibonacci,0.019523241251766913,0.9999999999716437
500,4.961947603002903,3.0,fibonacci,0.01949309846327924,0.9999999999987169
500,5.117173007114605,3.0,fibonacci,0.019463255796671172,1.0000000000030456
500,5.277254352483538,3.0,fibonacci,0.019432260138169757,1.0000000000160487
500,5.442343548300267,3.0,fibonacci,0.01939794312601935,0.9999999999670315
500,5.612597255954972,3.0,fibonacci,0.019357260615127027,0.9999999999977138
500,5.788177037701274,3.0,fibonacci,0.01930617400044953,1.0000000000185858
500,5.969249509970735,3.0,fibonacci,0.019239617425393714,0.9999999999678026
500,6.155986501483509,3.0,fibonacci,0.019151599748850404,0.9999999999979109
500,6.348565216305219,3.0,fibonacci,0.019035485819885026,1.0000000000179021
500,6.547168402004738,3.0,fibonacci,0.018884486810734128,0.9999999999662164
500,6.751984523072503,3.0,fibonacci,0.018692357367840032,0.9999999999967399
500,6.963207939763885,3.0,fibonacci,0.01845425195493026,1.0000000000175784
500,7.181039092537351,3.0,fibonacci,0.01816764084912405,0.9999999999860598
500,7.405684692262437,3.0,fibonacci,0.01783313656676089,1.0000000000054627
500,7.637357916378021,3.0,fibonacci,0.017455057324534645,0.9999999999704994
500,7.876278611187057,3.0,fibonacci,0.017041569747118634,0.9999999999963329
500,8.122673500479713,3.0,fibonacci,0.016604311196374615,1.0000000000095237
500,8.376776400682918,3.0,fibonacci,0.016157485667021347,0.9999999999967526
500,8.638828442740447,3.0,fibonacci,0.01571652866119809,1.0000000000219895
500,8.909078300934137,3.0,fibonacci,0.015296531587170472,0.9999999999907304
500,9.187782428863335,3.0,fibonacci,0.01491069281583904,1.000000000019474
500,9.475205302806543,3.0,fibonacci,0.01456910131708581,0.9999999999826239
500,9.771619672696177,3.0,fibonacci,0.014278092991469647,1.0000000000164904
500,10.077306820944612,3.0,fibonacci,0.014040180311733768,0.9999999999947906
500,10.392556829367125,3.0,fibonacci,0.013854181127727808,1.0000000000132534
500,10.71766885445503,3.0,fibonacci,0.013714943697959956,0.9999999999949399
500,11.052951411260215,3.0,fibonacci,0.013612343384678765,0.9999999999695031
500,11.39872266616052,3.0,fibonacci,0.013530071089693816,1.0000000000009392
500,11.755310738783693,3.0,fibonacci,0.013445622728740347,0.99999999998011
500,12.123054013376523,3.0,fibonacci,0.013333079401089428,1.000000000005291
500,12.502301459914554,3.0,fibonacci,0.01316934513979653,0.9999999999958827
500,12.89341296525715,3.0,fibonacci,0.012942630486287196,0.9999999999924916
500,13.29675967466212,3.0,fibonacci,0.012659828670372072,0.9999999999770032
500,13.712724343984002,3.0,fibonacci,0.012348554498202902,1.0000000000123879
500,14.141701702890233,3.0,fibonacci,0.012051433278771093,0.9999999999918537
500,14.584098829439856,3.0,fibonacci,0.01181382614926011,0.999999999992585
500,15.040335536380244,3.0,fibonacci,0.01166946924291288,0.9999999999627213
500,15.510844769528397,3.0,fibonacci,0.011631265731250427,0.9999999999708791
500,15.996073018614878,3.0,fibonacci,0.011693226730774586,1.000000000000431
500,16.496480740980207,3.0,fibonacci,0.011837565459527633,1.0000000000084308
500,17.012542798525892,3.0,fibonacci,0.012030815421186739,1.0000000000095448
500,17.544748908334597,3.0,fibonacci,0.0122099166764839,1.000000000006876
500,18.093604107387165,3.0,fibonacci,0.012287111079718202,1.000000000002324
500,18.65962923181746,3.0,fibonacci,0.01219609904580682,0.9999999999913932
500,19.2433614111598,3.0,fibonacci,0.011955132946668641,0.9999999999692513
500,19.845354578058032,3.0,fibonacci,0.011680228074309105,0.9999999999654051
500,20.466179993919898,3.0,fibonacci,0.011514635171784554,0.9999999999896187
500,21.106426791015547,3.0,fibonacci,0.011540383015200578,0.9999999999921032
500,21.76670253153459,3.0,fibonacci,0.011776636041464582,1.0000000000037161
500,22.44763378413224,3.0,fibonacci,0.01221600047964373,0.9999999999590262
500,23.14986671851161,3.0,fibonacci,0.012740244480189605,0.9999999999875903
500,23.87406771860647,3.0,fibonacci,0.01306414539509388,0.9999999999926901
500,24.620924014946254,3.0,fibonacci,0.012970016337666623,0.9999999999883754
500,25.39114433680347,3.0,fibonacci,0.012607953932687883,1.000000000004736
500,26.185459584742325,3.0,fibonacci,0.012352990142293314,0.9999999999871202
500,27.00462352420682,3.0,fibonacci,0.01240332041200141,0.9999999999889032
500,27.849413500806442,3.0,fibonacci,0.012777848161848702,0.999999999985419
500,28.72063117797828,3.0,fibonacci,0.013291234263310556,0.9999999999660755
500,29.619103297725534,3.0,fibonacci,0.013358977912186964,0.9999999999868876
500,30.545682465154318,3.0,fibonacci,0.012667384244561111,1.0000000000015536
500,31.50124795755328,3.0,fibonacci,0.011758398096945163,0.9999999999838035
500,32.486706558783744,3.0,fibonacci,0.011215668587939542,0.9999999999834716
500,33.502993419772295,3.0,fibonacci,0.011144006280568886,0.9999999999838473
500,34.55107294592218,3.0,fibonacci,0.011299745772334183,0.999999999982704
500,35.631939712285856,3.0,fibonacci,0.010870267473958781,0.9999999999810899
500,36.7466194073669,3.0,fibonacci,0.009920170176261478,0.9999999999889686
500,37.896169806447176,3.0,fibonacci,0.009514799302248605,0.9999999999953627
500,39.08168177536266,3.0,fibonacci,0.009838104600504462,0.9999999999554601
500,40.30428030568053,3.0,fibonacci,0.010293054834965377,0.9999999999819382
500,41.5651255822599,3.0,fibonacci,0.00978264553258461,0.9999999999456417
500,42.86541408420927,3.0,fibonacci,0.008938525739470208,0.999999999986315
500,44.20637972028532,3.0,fibonacci,0.008784941175818298,0.9999999999645058
500,45.58929499981062,3.0,fibonacci,0.009085462299788426,0.9999999999826884
500,47.01547224022132,3.0,fibonacci,0.009502725711942604,0.9999999999971816
500,48.48626481239081,3.0,fibonacci,0.010463387092344132,0.9999999999787238
500,50.00306842491092,3.0,fibonacci,0.011478700043805402,0.9999999999737125
500,51.56732244854966,3.0,fibonacci,0.011701518678130062,0.9999999999746554
500,53.180511282142,3.0,fibonacci,0.011580616146384884,0.9999999999927334
500,54.84416576121018,3.0,fibonacci,0.011086588474217689,0.9999999999650087
500,56.55986461065005,3.0,fibonacci,0.009984113759452825,0.9999999999709683
500,58.329235942862034,3.0,fibonacci,0.009266293124730703,0.9999999999937029
500,60.153958802748356,3.0,fibonacci,0.009237340395613745,0.9999999999692426
500,62.035764761042714,3.0,fibonacci,0.009077956522146746,0.999999999956715
500,63.97643955748427,3.0,fibonacci,0.009020526362412684,0.9999999999407178
500,65.97782479539536,3.0,fibonacci,0.009449721683300251,0.9999999999366131
500,68.04181968927098,3.0,fibonacci,0.009871067652717756,0.9999999999433873
500,70.17038286703826,3.0,fibonacci,0.010425126404713193,0.999999999964949
500,72.36553422869653,3.0,fibonacci,0.010917973062057114,0.9999999999789901
500,74.62935686310134,3.0,fibonacci,0.01028211802209386,0.9999999999635621
500,76.96399902471158,3.0,fibonacci,0.009537648453058515,0.9999999999324007
500,79.37167617217551,3.0,fibonacci,0.008934548892934968,0.9999999999777424
500,81.8546730706903,3.0,fibonacci,0.008651575446225987,0.9999999999772664
500,84.41534596012986,3.0,fibonacci,0.008981871203845618,0.999999999942396
500,87.05612479099865,3.0,fibonacci,0.00936437445736409,0.9999999999584265
500,89.77951553033323,3.0,fibonacci,0.010004455615049276,0.9999999999817828
500,92.58810253973955,3.0,fibonacci,0.011770389869350688,0.9999999999548538
500,95.48455102782293,3.0,fibonacci,0.013924945239125018,0.999999999953206
500,98.47160957933774,3.0,fibonacci,0.014220753912064942,0.9999999999526304
500,101.5521127634568,3.0,fibonacci,0.012314623282744349,0.9999999999571537
500,104.72898382363586,3.0,fibonacci,0.00919300801307215,0.9999999999153554
500,108.00523745162529,3.0,fibonacci,0.008809883279113093,0.9999999999621766
500,111.38398264826195,3.0,fibonacci,0.007948108450725461,0.9999999999653445
500,114.86842567375535,3.0,fibonacci,0.007660640286442909,0.9999999999172592
500,118.46187309026836,3.0,fibonacci,0.009338015753723887,0.9999999999411547
500,122.16773489967919,3.0,fibonacci,0.011848334740459533,0.9999999999045158
500,125.98952777950272,3.0,fibonacci,0.012196479678892095,0.9999999999001136
500,129.93087842004158,3.0,fibonacci,0.009074953566511116,0.9999999999351197
500,133.99552696593383,3.0,fibonacci,0.008355850487362988,0.999999999941484
500,138.18733056536323,3.0,fibonacci,0.008586637284336389,0.9999999999486051
500,142.5102670302998,3.0,fibonacci,0.010264706352119948,0.9999999999496951
500,146.9684386112446,3.0,fibonacci,0.010508600556037232,0.9999999998938547
500,151.5660758900603,3.0,fibonacci,0.009346965889052133,0.9999999999317091
500,156.30754179458157,3.0,fibonacci,0.009740010448593687,0.9999999999082703
500,161.1973357388157,3.0,fibonacci,0.010412482123820503,0.9999999999202257
500,166.2400978926612,3.0,fibonacci,0.010287496771677429,0.9999999998894392
500,171.440613585197,3.0,fibonacci,0.008913467409259057,0.9999999998922974
500,176.8038178457207,3.0,fibonacci,0.007826535557037353,0.9999999998949337
500,182.33480008684404,3.0,fibonacci,0.009580475929602053,0.9999999999290948
500,188.03880893409146,3.0,fibonacci,0.010063500533590607,0.9999999998920199
500,193.9212572065829,3.0,fibonacci,0.008581466456088788,0.9999999999046024
500,199.9877270535285,3.0,fibonacci,0.008087793890034244,0.9999999999020832
500,206.24397525140904,3.0,fibonacci,0.011944374934943224,0.999999999897646
500,212.69593866686898,3.0,fibonacci,0.011337711333087138,0.999999999894584
500,219.3497398905058,3.0,fibonacci,0.00999771789528908,0.9999999998958112
500,226.2116930469024,3.0,fibonacci,0.008831974783702203,0.9999999998686426
500,233.2883097864156,3.0,fibonacci,0.008910692873266441,0.9999999998850626
500,240.58630546440645,3.0,fibonacci,0.009780186220964231,0.999999999866758
500,248.11260551377677,3.0,fibonacci,0.012160171488910838,0.9999999998779456
500,255.87435201685892,3.0,fibonacci,0.010392958165672615,0.9999999998427382
500,263.87891048289345,3.0,fibonacci,0.010644168226034511,0.9999999998475692
500,272.13387683753086,3.0,fibonacci,0.008171045474428675,0.9999999998312916
500,280.6470846309839,3.0,fibonacci,0.009490397491010135,0.9999999998756025
500,289.4266124716752,3.0,fibonacci,0.011849626450903799,0.9999999998486122
500,298.4807916924327,3.0,fibonacci,0.008478220365649452,0.9999999998714417
500,307.81821425650804,3.0,fibonacci,0.010774079764055384,0.99999999984639
500,317.4477409109193,3.0,fibonacci,0.010587993567429059,0.999999999811361
500,327.3785095948577,3.0,fibonacci,0.009901402819492372,0.9999999998373044
500,337.61994411113403,3.0,fibonacci,0.009435139754193621,0.9999999998318929
500,348.18176306889666,3.0,fibonacci,0.013125619664923259,0.9999999998042376
500,359.0739891061055,3.0,fibonacci,0.008825195705858732,0.9999999998378365
500,370.30695840051413,3.0,fibonacci,0.007647001209983657,0.9999999997845695
500,381.8913304781854,3.0,fibonacci,0.008160780655637011,0.9999999998090793
500,393.8380983288489,3.0,fibonacci,0.008930430047807539,0.9999999998012726
500,406.158598837698,3.0,fibonacci,0.007778699365862809,0.9999999997956504
500,418.86452354352707,3.0,fibonacci,0.007594961153042967,0.9999999998070639
500,431.96792973341735,3.0,fibonacci,0.008271800382824619,0.9999999997779586
500,445.4812518844989,3.0,fibonacci,0.010555740479655337,0.9999999997741265
500,459.41731346364764,3.0,fibonacci,0.007538544764778073,0.9999999997663948
500,473.7893390963144,3.0,fibonacci,0.008930554907534836,0.9999999997705924
500,488.6109671160326,3.0,fibonacci,0.007426946144213059,0.9999999997713661
500,503.89626250651503,3.0,fibonacci,0.0075001303532684785,0.9999999997405499
500,519.6597302486197,3.0,fibonacci,0.008455525106780623,0.9999999996976947
500,535.9163290848514,3.0,fibonacci,0.008768455566631791,0.9999999997415693
500,552.6814857144603,3.0,fibonacci,0.007422159694078797,0.9999999996775771
500,569.9711094326076,3.0,fibonacci,0.006622341619338884,0.9999999996783339
500,587.8016072274912,3.0,fibonacci,0.006816881812014679,0.9999999997080602
500,606.1898993497572,3.0,fibonacci,0.0070354907181057105,0.9999999996773113
500,625.1534353689711,3.0,fibonacci,0.008289236731738855,0.9999999996658684
500,644.7102107323869,3.0,fibonacci,0.007368336703087402,0.9999999996778083
500,664.8787838417263,3.0,fibonacci,0.006321932326231875,0.9999999996410024
500,685.6782936641738,3.0,fibonacci,0.008884105903289087,0.9999999996508921
500,707.1284778942996,3.0,fibonacci,0.007479570391230391,0.9999999996120855
500,729.2496916841444,3.0,fibonacci,0.007913166348221246,0.9999999996157316
500,752.0629269592407,3.0,fibonacci,0.008157006424254053,0.9999999995785912
500,775.5898323389001,3.0,fibonacci,0.009538209720696295,0.9999999995860329
500,799.8527336796708,3.0,fibonacci,0.00752561607760821,0.9999999994985285
500,824.8746552614581,3.0,fibonacci,0.00689661503910325,0.9999999995061634
500,850.6793416364153,3.0,fibonacci,0.007636081378839041,0.999999999520381
500,877.2912801613356,3.0,fibonacci,0.006912681395524121,0.9999999994069134
500,904.7357242349293,3.0,fibonacci,0.00690369237161561,0.9999999993904913
500,933.038717262036,3.0,fibonacci,0.007295448141994274,0.9999999993554021
500,962.2271173675134,3.0,fibonacci,0.00816790638146954,0.999999999379197
500,992.3286228832545,3.0,fibonacci,0.007880968207405772,0.9999999993469262
500,1023.3717986325192,3.0,fibonacci,0.007195178324256432,0.9999999992470207
500,1055.386103036523,3.0,fibonacci,0.006605592421639018,0.9999999992059994
500,1088.4019160690054,3.0,fibonacci,0.007684520052511487,0.9999999992347964
500,1122.4505680853058,3.0,fibonacci,0.0075132609688286535,0.9999999991221672
500,1157.5643695533035,3.0,fibonacci,0.007185427016048686,0.9999999991416869
500,1193.7766417144358,3.0,fibonacci,0.007768002793544305,0.9999999990936331
500,1231.1217482038908,3.0,fibonacci,0.006900657914181133,0.9999999989539622
500,1269.6351276599742,3.0,fibonacci,0.0071665355789834045,0.9999999990346963
500,1309.353327353611,3.0,fibonacci,0.007046801973523785,0.999999998923571
500,1350.3140378698736,3.0,fibonacci,0.006344848588204547,0.9999999988924893
500,1392.5561288744634,3.0,fibonacci,0.005952106312792451,0.9999999987481765
500,1436.1196859990787,3.0,fibonacci,0.007359207598302159,0.9999999987430462
500,1481.0460488806755,3.0,fibonacci,0.006362860477060129,0.999999998436565
500,1527.377850390714,3.0,fibonacci,0.006191820446582173,0.9999999984795803
500,1575.1590570916228,3.0,fibonacci,0.006604782438382071,0.9999999983813226
500,1624.435010958867,3.0,fibonacci,0.006541194088272176,0.9999999982069365
500,1675.2524724082155,3.0,fibonacci,0.006775187536705049,0.9999999980837949
500,1727.6596646690364,3.0,fibonacci,0.007706263116820559,0.9999999977294591
500,1781.7063195457306,3.0,fibonacci,0.006092755661818191,0.9999999976916327
500,1837.4437246107268,3.0,fibonacci,0.006827421027645724,0.9999999976595021
500,1894.9247718738216,3.0,fibonacci,0.006782514260398648,0.9999999974813535
500,1954.2040079740534,3.0,fibonacci,0.006553317290044296,0.9999999972090704
500,2015.337685941733,3.0,fibonacci,0.006945537496087398,0.9999999969386066
500,2078.383818579757,3.0,fibonacci,0.00614703612781553,0.9999999967920952
500,2143.4022335148566,3.0,fibonacci,0.005825242516480178,0.99999999616716
500,2210.4546299710214,3.0,fibonacci,0.005727943815596669,0.9999999962967434
500,2279.6046373189797,3.0,fibonacci,0.005795393373030326,0.9999999958415662
500,2350.9178754572868,3.0,fibonacci,0.006902953241009606,0.9999999956515758
500,2424.462017082328,3.0,fibonacci,0.005943473197392492,0.999999995234867
500,2500.306851906324,3.0,fibonacci,0.005688082226588223,0.9999999948411373
500,2578.524352884274,3.0,fibonacci,0.006143835505621435,0.9999999942680177
500,2659.1887445126936,3.0,fibonacci,0.005606129397430139,0.9999999939232733
500,2742.3765732649495,3.0,fibonacci,0.005688865677973165,0.9999999930499557
500,2828.166780230032,3.0,fibonacci,0.0061350895193818394,0.9999999929571428
500,2916.640776023704,3.0,fibonacci,0.005754124657245368,0.9999999925380862
500,3007.882518043099,3.0,fibonacci,0.005673421413666627,0.9999999914982948
500,3101.978590138097,3.0,fibonacci,0.005785469130310127,0.9999999907377441
500,3199.018284775064,3.0,fibonacci,0.0048106191139834,0.9999999904598067
500,3299.093687770939,3.0,fibonacci,0.006406862853151731,0.9999999893993586
500,3402.2997656780676,3.0,fibonacci,0.004945498223893659,0.9999999888929211
500,3508.7344559027115,3.0,fibonacci,0.005946493450246405,0.9999999880657997
500,3618.4987596427463,3.0,fibonacci,0.005088331675459289,0.9999999869329591
500,3731.6968377327516,3.0,fibonacci,0.005249102188984072,0.9999999863507172
500,3848.436109487429,3.0,fibonacci,0.0045877795409318715,0.9999999846569928
500,3968.827354637162,3.0,fibonacci,0.005198853150803349,0.9999999845009747
500,4092.984818452438,3.0,fibonacci,0.00562944610053354,0.9999999826960239
500,4221.026320156899,3.0,fibonacci,0.004901457099319649,0.9999999819466183
500,4353.0733647318875,3.0,fibonacci,0.005544194218250977,0.9999999802460199
500,4489.251258218603,3.0,fibonacci,0.005314834875186102,0.9999999792148487
500,4629.689226627263,3.0,fibonacci,0.004925902513434037,0.9999999781669617
500,4774.520538566127,3.0,fibonacci,0.00524014584335233,0.9999999762192656
500,4923.882631706737,3.0,fibonacci,0.004810583079697067,0.9999999754332638
500,5077.917243205398,3.0,fibonacci,0.004712234221169398,0.9999999742722031
500,5236.77054420465,3.0,fibonacci,0.004443097173761829,0.9999999722226398
500,5400.593278542368,3.0,fibonacci,0.004562566767912847,0.9999999710147283
500,5569.5409058001305,3.0,fibonacci,0.005090515383689124,0.9999999685346209
500,5743.773748826581,3.0,fibonacci,0.004627214677447861,0.9999999667916462
500,5923.4571458758055,3.0,fibonacci,0.00442201828557937,0.9999999650247029
500,6108.76160750504,3.0,fibonacci,0.004649886580946506,0.9999999633273116
500,6299.862978380694,3.0,fibonacci,0.005712704709190597,0.999999960575144
500,6496.942604146125,3.0,fibonacci,0.004735334444109595,0.9999999589599112
500,6700.18750350959,3.0,fibonacci,0.004672894627532438,0.9999999559044794
500,6909.790545715645,3.0,fibonacci,0.004725621214207811,0.9999999544006873
500,7125.950633568411,3.0,fibonacci,0.0044100445421492865,0.9999999519449401
500,7348.872892180388,3.0,fibonacci,0.004812789057061003,0.9999999486012063
500,7578.76886362593,3.0,fibonacci,0.004361531947508414,0.9999999461707548
500,7815.856707684091,3.0,fibonacci,0.004304749889171699,0.999999943600299
500,8060.361408861345,3.0,fibonacci,0.003828210532642512,0.9999999413126531
500,8312.514989890631,3.0,fibonacci,0.00408810778523838,0.999999938242533
500,8572.556731909324,3.0,fibonacci,0.004187258085344979,0.9999999353251424
500,8840.733401525064,3.0,fibonacci,0.004152544920140909,0.9999999328150067
500,9117.299484984922,3.0,fibonacci,0.0044120762109024535,0.999999929220621
500,9402.517429670132,3.0,fibonacci,0.004308276435850926,0.9999999260743698
500,9696.65789314552,3.0,fibonacci,0.004016217687707581,0.9999999232865727
500,10000.0,3.0,fibonacci,0.0045847147393869485,0.9999999195374089
500,0.0,3.0,tribonacci,0.08201561019889944,1.0000000000000002
500,1.0,3.0,tribonacci,0.08147820512819413,1.0000000000003317
500,1.0312831606721848,3.0,tribonacci,0.08141373714304408,0.9999999999986546
500,1.0635449574860112,3.0,tribonacci,0.08134197479965415,1.0000000000161329
500,1.096816005273138,3.0,tribonacci,0.08126217967607174,1.0000000000570268
500,1.1311278765939214,3.0,tribonacci,0.08117355582566527,1.0000000001058258
500,1.1665131316981963,3.0,tribonacci,0.08107524883187248,1.000000000130676
500,1.2030053494233244,3.0,tribonacci,0.08096634571352176,1.00000000009896
500,1.240639159058832,3.0,tribonacci,0.08084587589314274,1.0000000000017772
500,1.2794502732078736,3.0,tribonacci,0.08071281346381161,0.999999999877238
500,1.3194755216767062,3.0,tribonacci,0.08056608100917205,0.9999999998119522
500,1.3607528864243335,3.0,tribonacci,0.0804045552430698,0.9999999998848762
500,1.403321537605485,3.0,tribonacci,0.08022707473540633,0.9999999999969402
500,1.4472218707411348,3.0,tribonacci,0.08003245036913255,1.000000000003621
500,1.4924955450518296,3.0,tribonacci,0.07981947881026158,0.9999999999963558
500,1.5391855229902058,3.0,tribonacci,0.07958695872894464,1.0000000000107627
500,1.587336111010209,3.0,tribonacci,0.07933371088381161,1.0000000000741003
500,1.6369930016117025,3.0,tribonacci,0.07905860200962517,1.000000000137616
500,1.6882033167003634,3.0,tribonacci,0.07876057293678959,1.0000000001043723
500,1.7410156523040161,3.0,tribonacci,0.0784386711772638,0.9999999999394008
500,1.7954801246878311,3.0,tribonacci,0.07809208809200274,0.9999999997814899
500,1.8516484179121548,3.0,tribonacci,0.07772020056961008,0.9999999998688847
500,1.9095738328780973,3.0,tribonacci,0.07732261690624612,0.9999999999965506
500,1.9693113379074225,3.0,tribonacci,0.07689922760066985,0.9999999999948035
500,2.0309176209047357,3.0,tribonacci,0.07645025983586896,1.0000000000056941
500,2.0944511431514696,3.0,tribonacci,0.07597633455951383,1.0000000000745934
500,2.159972194782718,3.0,tribonacci,0.07547852585415067,1.0000000000967713
500,2.2275429519995575,3.0,tribonacci,0.07495842068701486,0.9999999999644346
500,2.2972275360711523,3.0,tribonacci,0.07441817707258316,0.9999999998399614
500,2.369092074182633,3.0,tribonacci,0.07386057768554007,0.9999999999762661
500,2.4432047621864883,3.0,tribonacci,0.07328907496773086,0.9999999999943954
500,2.519635929317015,3.0,tribonacci,0.0727078238412363,0.9999999999990327
500,2.598458104929249,3.0,tribonacci,0.07212169462352735,1.0000000000695468
500,2.6797460873256913,3.0,tribonacci,0.0715362598519964,1.0000000000425437
500,2.763577014736159,3.0,tribonacci,0.070957745240144,0.9999999998979975
500,2.850030438518107,3.0,tribonacci,0.07039293607803243,0.9999999999584577
500,2.9391883986468863,3.0,tribonacci,0.06984903122965867,0.999999999993853
500,3.0311355015675785,3.0,tribonacci,0.06933343541371025,1.0000000000116602
500,3.1259590004822804,3.0,tribonacci,0.06885349073125929,1.000000000112132
500,3.2237488781490296,3.0,tribonacci,0.06841615509443451,0.9999999999402475
500,3.3245979322709407,3.0,tribonacci,0.06802764532880941,0.9999999998512256
500,3.428601863556586,3.0,tribonacci,0.06769308969988364,0.999999999992252
500,3.5358593665351785,3.0,tribonacci,0.06741624738833048,1.0000000000109324
500,3.646472223212748,3.0,tribonacci,0.06719937325563238,1.000000000121669
500,3.760545399658171,3.0,tribonacci,0.06704333064765937,0.9999999997833795
500,3.8781871456107226,3.0,tribonacci,0.0669480373752667,0.9999999999757744
500,3.9995090972036653,3.0,tribonacci,0.06691332346440307,0.9999999999831227
500,4.1246263829013525,3.0,tribonacci,0.06694019201212581,1.0000000001035956
500,4.253657732750387,3.0,tribonacci,0.06703239777302353,0.9999999997679728
500,4.386725591048498,3.0,tribonacci,0.06719810301251208,0.999999999982715
500,4.523956232538054,3.0,tribonacci,0.06745124292251568,1.000000000031463
500,4.6654798822344725,3.0,tribonacci,0.0678120985975487,1.000000000004832
500,4.811430839003259,3.0,tribonacci,0.0683065549387951,0.999999999864227
500,4.961947603002903,3.0,tribonacci,0.06896359556759617,0.9999999999750172
500,5.117173007114605,3.0,tribonacci,0.06981082580002827,1.0000000000064195
500,5.277254352483538,3.0,tribonacci,0.07086816050334165,0.9999999999548311
500,5.442343548300267,3.0,tribonacci,0.07214022388420194,0.9999999999942043
500,5.612597255954972,3.0,tribonacci,0.07360837211403813,0.9999999999188267
500,5.788177037701274,3.0,tribonacci,0.07522353052449435,0.9999999999750346
500,5.969249509970735,3.0,tribonacci,0.07690125243873201,1.000000000109461
500,6.155986501483509,3.0,tribonacci,0.07852063700702096,0.9999999999010163
500,6.348565216305219,3.0,tribonacci,0.07992899954311516,1.00000000005135
500,6.547168402004738,3.0,tribonacci,0.08095422272938373,0.9999999997427684
500,6.751984523072503,3.0,tribonacci,0.08142600644438328,0.999999999989948
500,6.963207939763885,3.0,tribonacci,0.08120518093902787,0.9999999997287147
500,7.181039092537351,3.0,tribonacci,0.08021693876358858,0.999999999962203
500,7.405684692262437,3.0,tribonacci,0.07848033006500721,0.9999999998495633
500,7.637357916378021,3.0,tribonacci,0.07612457275582968,0.9999999999568179
500,7.876278611187057,3.0,tribonacci,0.07338380882623947,0.9999999998594834
500,8.122673500479713,3.0,tribonacci,0.07056555222617357,0.9999999999639835
500,8.376776400682918,3.0,tribonacci,0.067993211823512,0.9999999998849887
500,8.638828442740447,3.0,tribonacci,0.06593097168207654,1.000000000044291
500,8.909078300934137,3.0,tribonacci,0.06451291192327661,0.9999999999605482
500,9.187782428863335,3.0,tribonacci,0.06371471697673745,0.999999999833043
500,9.475205302806543,3.0,tribonacci,0.06340799194777345,1.0000000000079161
500,9.771619672696177,3.0,tribonacci,0.06349916858954914,0.9999999999480506
500,10.077306820944612,3.0,tribonacci,0.06407905125936196,0.999999999803332
500,10.392556829367125,3.0,tribonacci,0.06545416045359073,1.0000000000317686
500,10.71766885445503,3.0,tribonacci,0.06797772246708897,0.9999999999440289
500,11.052951411260215,3.0,tribonacci,0.0717441932664228,0.9999999999474848
500,11.39872266616052,3.0,tribonacci,0.07633077806192816,0.9999999998440815
500,11.755310738783693,3.0,tribonacci,0.08075299870843303,0.9999999998297997
500,12.123054013376523,3.0,tribonacci,0.0837045496769239,1.0000000000770308
500,12.502301459914554,3.0,tribonacci,0.08406466247850429,1.0000000001309997
500,12.89341296525715,3.0,tribonacci,0.08150839580465058,1.0000000000479057
500,13.29675967466212,3.0,tribonacci,0.07684650556680878,0.9999999999681721
500,13.712724343984002,3.0,tribonacci,0.07174449242119382,0.9999999999561044
500,14.141701702890233,3.0,tribonacci,0.06784969139099732,0.999999999980073
500,14.584098829439856,3.0,tribonacci,0.06585342962244178,1.0000000000153717
500,15.040335536380244,3.0,tribonacci,0.06537680910033053,1.0000000000088958
500,15.510844769528397,3.0,tribonacci,0.0660779891184955,0.9999999998243057
500,15.996073018614878,3.0,tribonacci,0.0686808670910148,0.9999999999086854
500,16.496480740980207,3.0,tribonacci,0.07410774323878254,0.9999999999267113
500,17.012542798525892,3.0,tribonacci,0.08140853484242909,0.9999999999980449
500,17.544748908334597,3.0,tribonacci,0.08714717676697926,0.9999999997868616
500,18.093604107387165,3.0,tribonacci,0.08752963340115714,0.9999999999275332
500,18.65962923181746,3.0,tribonacci,0.08183314653244732,0.9999999999904825
500,19.2433614111598,3.0,tribonacci,0.07349758768605251,0.9999999999224988
500,19.845354578058032,3.0,tribonacci,0.06701933089598214,0.9999999999855754
500,20.466179993919898,3.0,tribonacci,0.063982440433398,0.9999999999197989
500,21.106426791015547,3.0,tribonacci,0.06357419740825379,0.999999999912524
500,21.76670253153459,3.0,tribonacci,0.06637785499337041,0.9999999999350526
500,22.44763378413224,3.0,tribonacci,0.07298317234980044,0.999999999918816
500,23.14986671851161,3.0,tribonacci,0.0793883257910339,0.9999999998071443
500,23.87406771860647,3.0,tribonacci,0.07955652086869422,1.0000000000195326
500,24.620924014946254,3.0,tribonacci,0.07330673550210394,0.9999999999373562
500,25.39114433680347,3.0,tribonacci,0.06663894653210346,0.9999999999103896
500,26.185459584742325,3.0,tribonacci,0.06354105348486416,0.9999999999067912
500,27.00462352420682,3.0,tribonacci,0.06434864031472291,0.9999999999064993
500,27.849413500806442,3.0,tribonacci,0.06963629978063676,0.9999999999275065
500,28.72063117797828,3.0,tribonacci,0.07626628473057552,0.9999999999657343
500,29.619103297725534,3.0,tribonacci,0.07824057176808502,0.9999999997891468
500,30.545682465154318,3.0,tribonacci,0.07563319874340717,0.9999999999043361
500,31.50124795755328,3.0,tribonacci,0.07306504812997643,0.9999999999544671
500,32.486706558783744,3.0,tribonacci,0.07270433366226235,0.9999999999007342
500,33.502993419772295,3.0,tribonacci,0.07387466651723619,0.999999999912584
500,34.55107294592218,3.0,tribonacci,0.0741651347361791,0.9999999999020961
500,35.631939712285856,3.0,tribonacci,0.07345031366522664,0.9999999998903014
500,36.7466194073669,3.0,tribonacci,0.07340180039069036,0.9999999998188452
500,37.896169806447176,3.0,tribonacci,0.07354652931407504,0.9999999998783383
500,39.08168177536266,3.0,tribonacci,0.07015517428762057,0.9999999998918799
500,40.30428030568053,3.0,tribonacci,0.06617178012101878,0.9999999998439331
500,41.5651255822599,3.0,tribonacci,0.06802700899724187,0.9999999998300376
500,42.86541408420927,3.0,tribonacci,0.07485329512163538,0.999999999889062
500,44.20637972028532,3.0,tribonacci,0.07589860436068065,0.9999999999680688
500,45.58929499981062,3.0,tribonacci,0.06733182600997827,0.9999999998259601
500,47.01547224022132,3.0,tribonacci,0.06703563033016345,0.9999999999204868
500,48.48626481239081,3.0,tribonacci,0.0780388483341765,0.999999999880321
500,50.00306842491092,3.0,tribonacci,0.0835328710978258,0.9999999998721527
500,51.56732244854966,3.0,tribonacci,0.07009758929246115,0.9999999997979114
500,53.180511282142,3.0,tribonacci,0.06682056599084919,0.9999999997604317
500,54.84416576121018,3.0,tribonacci,0.07792373643650984,0.9999999998247582
500,56.55986461065005,3.0,tribonacci,0.07306841683173998,0.9999999998656826
500,58.329235942862034,3.0,tribonacci,0.061698351328204434,0.9999999999164731
500,60.153958802748356,3.0,tribonacci,0.07455437140308448,0.9999999997019666
500,62.035764761042714,3.0,tribonacci,0.07992822680906474,0.9999999998561081
500,63.97643955748427,3.0,tribonacci,0.0635631548510525,0.9999999995710015
500,65.97782479539536,3.0,tribonacci,0.08109916108222445,0.9999999997111083
500,68.04181968927098,3.0,tribonacci,0.07905741083434661,0.9999999996009434
500,70.17038286703826,3.0,tribonacci,0.06336413744802176,0.9999999996048938
500,72.36553422869653,3.0,tribonacci,0.0801661748272652,0.999999999815173
500,74.62935686310134,3.0,tribonacci,0.06808386524674563,0.9999999998870779
500,76.96399902471158,3.0,tribonacci,0.0681660718819496,0.9999999998079443
500,79.37167617217551,3.0,tribonacci,0.07610380011782483,0.9999999997845836
500,81.8546730706903,3.0,tribonacci,0.07218771113362409,0.99999999980079
500,84.41534596012986,3.0,tribonacci,0.07607635795080325,0.9999999998214493
500,87.05612479099865,3.0,tribonacci,0.07275500200134885,0.9999999997462787
500,89.77951553033323,3.0,tribonacci,0.06771357195816098,0.9999999997061684
500,92.58810253973955,3.0,tribonacci,0.07308717770085814,0.9999999997832288
500,95.48455102782293,3.0,tribonacci,0.06893831594955527,0.9999999998093108
500,98.47160957933774,3.0,tribonacci,0.07582032573575316,0.9999999997144916
500,101.5521127634568,3.0,tribonacci,0.07365586970965987,0.9999999998076442
500,104.72898382363586,3.0,tribonacci,0.06989175273708029,0.9999999997538792
500,108.00523745162529,3.0,tribonacci,0.06946072480715508,0.9999999997256745
500,111.38398264826195,3.0,tribonacci,0.08311689492010978,0.9999999994427164
500,114.86842567375535,3.0,tribonacci,0.055855571839576915,0.9999999992928706
500,118.46187309026836,3.0,tribonacci,0.051230118429268084,0.9999999992129399
500,122.16773489967919,3.0,tribonacci,0.0549816971678386,0.999999999153022
500,125.98952777950272,3.0,tribonacci,0.054341257877233574,0.9999999983571092
500,129.93087842004158,3.0,tribonacci,0.05408286738987108,0.9999999986572595
500,133.99552696593383,3.0,tribonacci,0.051168863874394906,0.9999999983981558
500,138.18733056536323,3.0,tribonacci,0.04910200178406853,0.9999999980188806
500,142.5102670302998,3.0,tribonacci,0.048962073971322954,0.9999999979163018
500,146.9684386112446,3.0,tribonacci,0.041816294657307684,0.9999999971179356
500,151.5660758900603,3.0,tribonacci,0.0683250024845052,0.9999999968961051
500,156.30754179458157,3.0,tribonacci,0.06468355962332795,0.9999999980679215
500,161.1973357388157,3.0,tribonacci,0.05839985037004306,0.9999999973599845
500,166.2400978926612,3.0,tribonacci,0.054620673486900764,0.9999999971219421
500,171.440613585197,3.0,tribonacci,0.04796921694491059,0.9999999975050496
500,176.8038178457207,3.0,tribonacci,0.0673568083970295,0.9999999963449312
500,182.33480008684404,3.0,tribonacci,0.0541943920225763,0.999999995877173
500,188.03880893409146,3.0,tribonacci,0.07232754686151945,0.9999999979577022
500,193.9212572065829,3.0,tribonacci,0.06159940329856307,0.9999999978884787
500,199.9877270535285,3.0,tribonacci,0.05461358387945538,0.9999999966300795
500,206.24397525140904,3.0,tribonacci,0.059024519601255765,0.9999999948152386
500,212.69593866686898,3.0,tribonacci,0.04874007582012835,0.9999999940753991
500,219.3497398905058,3.0,tribonacci,0.07231680541198231,0.9999999939637271
500,226.2116930469024,3.0,tribonacci,0.070442656344736,0.9999999938220763
500,233.2883097864156,3.0,tribonacci,0.04148742472753938,0.9999999941306648
500,240.58630546440645,3.0,tribonacci,0.06229885281034134,0.9999999925651234
500,248.11260551377677,3.0,tribonacci,0.04681815155170903,0.9999999925612898
500,255.87435201685892,3.0,tribonacci,0.051329811145889755,0.999999992064655
500,263.87891048289345,3.0,tribonacci,0.03638038769205279,0.9999999910380599
500,272.13387683753086,3.0,tribonacci,0.06979352617492152,0.9999999914225425
500,280.6470846309839,3.0,tribonacci,0.03518376185184645,0.9999999914519585
500,289.4266124716752,3.0,tribonacci,0.053386415909072,0.999999991005234
500,298.4807916924327,3.0,tribonacci,0.040386737758079765,0.9999999904745693
500,307.81821425650804,3.0,tribonacci,0.03672198625731404,0.9999999901068604
500,317.4477409109193,3.0,tribonacci,0.03853812910276004,0.9999999887832474
500,327.3785095948577,3.0,tribonacci,0.04902072621567411,0.9999999898611162
500,337.61994411113403,3.0,tribonacci,0.05846876568422628,0.9999999889364939
500,348.18176306889666,3.0,tribonacci,0.043805626556511566,0.9999999883812782
500,359.0739891061055,3.0,tribonacci,0.057016294560067696,0.9999999895927658
500,370.30695840051413,3.0,tribonacci,0.05449873231955956,0.999999986647472
500,381.8913304781854,3.0,tribonacci,0.04324792794524046,0.9999999861561084
500,393.8380983288489,3.0,tribonacci,0.04884167997470011,0.9999999855713817
500,406.158598837698,3.0,tribonacci,0.041072819665983584,0.9999999855178822
500,418.86452354352707,3.0,tribonacci,0.05216538930164465,0.9999999831382788
500,431.96792973341735,3.0,tribonacci,0.07549816019960215,0.9999999825020855
500,445.4812518844989,3.0,tribonacci,0.06775289629739538,0.9999999833400568
500,459.41731346364764,3.0,tribonacci,0.04170396923865593,0.999999983065077
500,473.7893390963144,3.0,tribonacci,0.060516000939148856,0.9999999826531447
500,488.6109671160326,3.0,tribonacci,0.04166819410991414,0.9999999801350832
500,503.89626250651503,3.0,tribonacci,0.07528786233483743,0.9999999826347095
500,519.6597302486197,3.0,tribonacci,0.03186109414417485,0.9999999803861825
500,535.9163290848514,3.0,tribonacci,0.026187104629727582,0.999999981305911
500,552.6814857144603,3.0,tribonacci,0.03615610096641286,0.9999999797635208
500,569.9711094326076,3.0,tribonacci,0.04245020529962813,0.9999999791541446
500,587.8016072274912,3.0,tribonacci,0.02845153732821716,0.9999999779917161
500,606.1898993497572,3.0,tribonacci,0.03852126825275054,0.9999999768595984
500,625.1534353689711,3.0,tribonacci,0.04895351731013663,0.9999999760922585
500,644.7102107323869,3.0,tribonacci,0.07914175417739933,0.9999999740486832
500,664.8787838417263,3.0,tribonacci,0.04834088073951558,0.9999999744890794
500,685.6782936641738,3.0,tribonacci,0.05920704869250372,0.9999999746837407
500,707.1284778942996,3.0,tribonacci,0.05431548850584637,0.9999999729328198
500,729.2496916841444,3.0,tribonacci,0.03340906571443914,0.9999999722313088
500,752.0629269592407,3.0,tribonacci,0.03717879265987024,0.9999999704145253
500,775.5898323389001,3.0,tribonacci,0.024441642864357085,0.9999999697260132
500,799.8527336796708,3.0,tribonacci,0.02554501139444575,0.9999999697616808
500,824.8746552614581,3.0,tribonacci,0.024033384130709108,0.9999999682023432
500,850.6793416364153,3.0,tribonacci,0.019870442081494622,0.9999999670303441
500,877.2912801613356,3.0,tribonacci,0.026743731258556537,0.9999999675653101
500,904.7357242349293,3.0,tribonacci,0.019337230412892252,0.9999999666730722
500,933.038717262036,3.0,tribonacci,0.017920507526273197,0.9999999665250018
500,962.2271173675134,3.0,tribonacci,0.01718253724229608,0.9999999650247011
500,992.3286228832545,3.0,tribonacci,0.01813541151910518,0.9999999643183521
500,1023.3717986325192,3.0,tribonacci,0.02033773521098465,0.9999999629999712
500,1055.386103036523,3.0,tribonacci,0.016885022677243025,0.9999999634339659
500,1088.4019160690054,3.0,tribonacci,0.014854003002321868,0.9999999625234957
500,1122.4505680853058,3.0,tribonacci,0.019071118576196394,0.9999999605193574
500,1157.5643695533035,3.0,tribonacci,0.015851360674985836,0.9999999610438203
500,1193.7766417144358,3.0,tribonacci,0.01587500366843971,0.9999999602742731
500,1231.1217482038908,3.0,tribonacci,0.015186492045009247,0.9999999594405664
500,1269.6351276599742,3.0,tribonacci,0.014583033261345765,0.9999999586372657
500,1309.353327353611,3.0,tribonacci,0.016459365170742656,0.999999956367036
500,1350.3140378698736,3.0,tribonacci,0.01367081050835954,0.9999999572153213
500,1392.5561288744634,3.0,tribonacci,0.013110948179470238,0.999999957374536
500,1436.1196859990787,3.0,tribonacci,0.014268759839238776,0.9999999542149366
500,1481.0460488806755,3.0,tribonacci,0.012335244613863315,0.9999999541053829
500,1527.377850390714,3.0,tribonacci,0.013273241896734178,0.9999999524240158
500,1575.1590570916228,3.0,tribonacci,0.0119684299937023,0.999999952429627
500,1624.435010958867,3.0,tribonacci,0.012214549966863941,0.9999999518086126
500,1675.2524724082155,3.0,tribonacci,0.010893153469737427,0.9999999506584585
500,1727.6596646690364,3.0,tribonacci,0.011385095788728117,0.9999999504756217
500,1781.7063195457306,3.0,tribonacci,0.012287657293733099,0.9999999489429688
500,1837.4437246107268,3.0,tribonacci,0.01096446140803049,0.9999999475097863
500,1894.9247718738216,3.0,tribonacci,0.010222114390039819,0.9999999461135977
500,1954.2040079740534,3.0,tribonacci,0.009811654460742997,0.9999999438851191
500,2015.337685941733,3.0,tribonacci,0.009845863142588035,0.9999999438340539
500,2078.383818579757,3.0,tribonacci,0.009803199969975142,0.9999999417649483
500,2143.4022335148566,3.0,tribonacci,0.009163468839515087,0.99999994173219
500,2210.4546299710214,3.0,tribonacci,0.008412404508759264,0.9999999404491348
500,2279.6046373189797,3.0,tribonacci,0.007660604297855088,0.9999999392502554
500,2350.9178754572868,3.0,tribonacci,0.009150682642847362,0.9999999377036506
500,2424.462017082328,3.0,tribonacci,0.007680474200371015,0.9999999366938713
500,2500.306851906324,3.0,tribonacci,0.009376829600410268,0.9999999353137757
500,2578.524352884274,3.0,tribonacci,0.00853885053174653,0.9999999338188534
500,2659.1887445126936,3.0,tribonacci,0.00779035299272471,0.9999999318888402
500,2742.3765732649495,3.0,tribonacci,0.00864907838163873,0.9999999308432722
500,2828.166780230032,3.0,tribonacci,0.00789350745415931,0.9999999296974054
500,2916.640776023704,3.0,tribonacci,0.008192028022726752,0.9999999281673616
500,3007.882518043099,3.0,tribonacci,0.007197074777867162,0.9999999269218709
500,3101.978590138097,3.0,tribonacci,0.007309590187161461,0.9999999249290566
500,3199.018284775064,3.0,tribonacci,0.0071247661083725785,0.9999999233645704
500,3299.093687770939,3.0,tribonacci,0.008148394865633818,0.9999999207568511
500,3402.2997656780676,3.0,tribonacci,0.008330870577165953,0.9999999199683816
500,3508.7344559027115,3.0,tribonacci,0.008900076709655338,0.9999999182594869
500,3618.4987596427463,3.0,tribonacci,0.009954237606900788,0.9999999172671049
500,3731.6968377327516,3.0,tribonacci,0.008043919550606092,0.9999999133556318
500,3848.436109487429,3.0,tribonacci,0.007343355892520497,0.9999999128214678
500,3968.827354637162,3.0,tribonacci,0.00864042330829075,0.9999999097705008
500,4092.984818452438,3.0,tribonacci,0.006639708809390149,0.9999999084044081
500,4221.026320156899,3.0,tribonacci,0.00728623139094022,0.9999999067151181
500,4353.0733647318875,3.0,tribonacci,0.007189185932348662,0.9999999049016859
500,4489.251258218603,3.0,tribonacci,0.0068880841549852365,0.9999999031737681
500,4629.689226627263,3.0,tribonacci,0.007892081444969367,0.9999999008991926
500,4774.520538566127,3.0,tribonacci,0.006673136563922685,0.9999998987779275
500,4923.882631706737,3.0,tribonacci,0.007255317231675019,0.9999998969034856
500,5077.917243205398,3.0,tribonacci,0.006357058629116609,0.9999998943709378
500,5236.77054420465,3.0,tribonacci,0.007128992398020604,0.9999998921731696
500,5400.593278542368,3.0,tribonacci,0.008074257273594997,0.9999998896995921
500,5569.5409058001305,3.0,tribonacci,0.008027556476201675,0.9999998873551914
500,5743.773748826581,3.0,tribonacci,0.006116361659852755,0.9999998840116597
500,5923.4571458758055,3.0,tribonacci,0.006247654412359433,0.9999998831543219
500,6108.76160750504,3.0,tribonacci,0.006370679342551918,0.9999998797498125
500,6299.862978380694,3.0,tribonacci,0.006838937494746318,0.9999998773089672
500,6496.942604146125,3.0,tribonacci,0.005507068451513814,0.999999873779755
500,6700.18750350959,3.0,tribonacci,0.006495078023055624,0.9999998722114786
500,6909.790545715645,3.0,tribonacci,0.006478705865853233,0.9999998681043832
500,7125.950633568411,3.0,tribonacci,0.00611065739895509,0.9999998653208824
500,7348.872892180388,3.0,tribonacci,0.005520204674716657,0.9999998631777893
500,7578.76886362593,3.0,tribonacci,0.005526270776949091,0.9999998595744721
500,7815.856707684091,3.0,tribonacci,0.0053650550628312355,0.999999857468479
500,8060.361408861345,3.0,tribonacci,0.005871217568015095,0.9999998541010181
500,8312.514989890631,3.0,tribonacci,0.006123741431654267,0.9999998500723658
500,8572.556731909324,3.0,tribonacci,0.006014597225806528,0.9999998473786466
500,8840.733401525064,3.0,tribonacci,0.0056454958633150535,0.9999998442177083
500,9117.299484984922,3.0,tribonacci,0.005669512091977479,0.999999840314418
500,9402.517429670132,3.0,tribonacci,0.00576913870651906,0.9999998366646861
500,9696.65789314552,3.0,tribonacci,0.005691037710140969,0.9999998331673255
500,10000.0,3.0,tribonacci,0.005411516189747579,0.9999998291793882
500,0.0,4.0,fibonacci,0.020964511224918797,1.0
500,1.0,4.0,fibonacci,0.02091245017072025,0.9999999999960478
500,1.0312831606721848,4.0,fibonacci,0.02090655291872746,0.9999999999999549
500,1.0635449574860112,4.0,fibonacci,0.02089999941545959,1.0000000000005658
500,1.096816005273138,4.0,fibonacci,0.02089272176224074,0.999999999999929
500,1.1311278765939214,4.0,fibonacci,0.020884646198780315,0.9999999999995554
500,1.1665131316981963,4.0,fibonacci,0.02087569283789739,1.0000000000019205
500,1.2030053494233244,4.0,fibonacci,0.0208657754379721,1.000000000007804
500,1.240639159058832,4.0,fibonacci,0.02085480123039045,1.0000000000149152
500,1.2794502732078736,4.0,fibonacci,0.020842670818807064,1.0000000000183527
500,1.3194755216767062,4.0,fibonacci,0.020829278169360584,1.0000000000130898
500,1.3607528864243335,4.0,fibonacci,0.020814510713168307,0.9999999999979621
500,1.403321537605485,4.0,fibonacci,0.020798249584299773,0.9999999999794085
500,1.4472218707411348,4.0,fibonacci,0.020780370017698536,0.9999999999713572
500,1.4924955450518296,4.0,fibonacci,0.02076074193179186,0.9999999999849881
500,1.5391855229902058,4.0,fibonacci,0.02073923071973979,0.9999999999996119
500,1.587336111010209,4.0,fibonacci,0.020715698322078317,1.000000000000344
500,1.6369930016117025,4.0,fibonacci,0.020690004575557683,0.9999999999992233
500,1.6882033167003634,4.0,fibonacci,0.02066200883723847,1.0000000000025981
500,1.7410156523040161,4.0,fibonacci,0.02063157197019836,1.0000000000127327
500,1.7954801246878311,4.0,fibonacci,0.020598558679311332,1.0000000000199134
500,1.8516484179121548,4.0,fibonacci,0.020562840221489232,1.0000000000100773
500,1.9095738328780973,4.0,fibonacci,0.020524297496160943,0.9999999999834686
500,1.9693113379074225,4.0,fibonacci,0.020482824506256256,0.9999999999675986
500,2.0309176209047357,4.0,fibonacci,0.02043833215773073,0.9999999999905443
500,2.0944511431514696,4.0,fibonacci,0.020390752344823754,1.0000000000001927
500,2.159972194782718,4.0,fibonacci,0.02034004232795256,0.9999999999988708
500,2.2275429519995575,4.0,fibonacci,0.020286189201609444,1.0000000000045928
500,2.2972275360711523,4.0,fibonacci,0.020229214391805313,1.0000000000190594
500,2.369092074182633,4.0,fibonacci,0.02016917800412321,1.0000000000152036
500,2.4432047621864883,4.0,fibonacci,0.0201061827919524,0.9999999999824469
500,2.519635929317015,4.0,fibonacci,0.020040377516161636,0.999999999970399
500,2.598458104929249,4.0,fibonacci,0.019971959432945975,0.9999999999989438
500,2.6797460873256913,4.0,fibonacci,0.01990117554492086,0.9999999999988857
500,2.763577014736159,4.0,fibonacci,0.019828322223026783,1.0000000000045637
500,2.850030438518107,4.0,fibonacci,0.019753742986051318,1.0000000000232954
500,2.9391883986468863,4.0,fibonacci,0.019677824073987403,1.0000000000046272
500,3.0311355015675785,4.0,fibonacci,0.019600987486507456,0.9999999999639724
500,3.1259590004822804,4.0,fibonacci,0.019523681644501596,0.9999999999958159
500,3.2237488781490296,4.0,fibonacci,0.019446370085519388,0.9999999999986056
500,3.3245979322709407,4.0,fibonacci,0.0193695180631969,1.0000000000071372
500,3.428601863556586,4.0,fibonacci,0.019293578904006316,1.000000000021803
500,3.5358593665351785,4.0,fibonacci,0.019218981068495195,0.9999999999740503
500,3.646472223212748,4.0,fibonacci,0.019146117481998303,0.9999999999805539
500,3.760545399658171,4.0,fibonacci,0.01907533977795494,0.9999999999985276
500,3.8781871456107226,4.0,fibonacci,0.019006957902087746,1.0000000000089124
500,3.9995090972036653,4.0,fibonacci,0.018941245996009878,1.0000000000138336
500,4.1246263829013525,4.0,fibonacci,0.018878452914611547,0.9999999999569751
500,4.253657732750387,4.0,fibonacci,0.018818812393672134,0.999999999998507
500,4.386725591048498,4.0,fibonacci,0.018762545511472762,1.0000000000025293
500,4.523956232538054,4.0,fibonacci,0.018709841953290177,1.0000000000236122
500,4.6654798822344725,4.0,fibonacci,0.01866080617318151,0.9999999999521338
500,4.811430839003259,4.0,fibonacci,0.018615351447324034,0.9999999999988526
500,4.961947603002903,4.0,fibonacci,0.01857302979246517,1.0000000000132299
500,5.117173007114605,4.0,fibonacci,0.018532792261606548,1.000000000008033
500,5.277254352483538,4.0,fibonacci,0.018492690460435415,0.999999999967888
500,5.442343548300267,4.0,fibonacci,0.018449548884590296,0.9999999999957132
500,5.612597255954972,4.0,fibonacci,0.018398661751277683,1.0000000000313676
500,5.788177037701274,4.0,fibonacci,0.018333590419581648,0.999999999948117
500,5.969249509970735,4.0,fibonacci,0.018246154356532693,0.9999999999950363
500,6.155986501483509,4.0,fibonacci,0.01812671036192184,1.000000000024544
500,6.348565216305219,4.0,fibonacci,0.017964797559729975,0.999999999967911
500,6.547168402004738,4.0,fibonacci,0.017750176979811082,0.9999999999992846
500,6.751984523072503,4.0,fibonacci,0.017474214967274998,0.9999999999900366
500,6.963207939763885,4.0,fibonacci,0.01713145559222565,0.9999999999960789
500,7.181039092537351,4.0,fibonacci,0.016721117255639382,1.0000000000330709
500,7.405684692262437,4.0,fibonacci,0.0162481791005963,0.9999999999360936
500,7.637357916378021,4.0,fibonacci,0.01572373592793543,0.9999999999986731
500,7.876278611187057,4.0,fibonacci,0.015164423074884656,0.9999999999611686
500,8.122673500479713,4.0,fibonacci,0.014590924958921772,0.9999999999927617
500,8.376776400682918,4.0,fibonacci,0.014025797815735116,0.9999999999957806
500,8.638828442740447,4.0,fibonacci,0.013490980124485089,0.9999999999935103
500,8.909078300934137,4.0,fibonacci,0.013005401660587753,1.0000000000014766
500,9.187782428863335,4.0,fibonacci,0.012583092112417428,0.9999999999924878
500,9.475205302806543,4.0,fibonacci,0.012232167085547254,0.9999999999784669
500,9.771619672696177,4.0,fibonacci,0.011954923118460645,0.9999999999917065
500,10.077306820944612,4.0,fibonacci,0.011748819358166507,0.999999999936652
500,10.392556829367125,4.0,fibonacci,0.01160747319856978,1.0000000000139908
500,10.71766885445503,4.0,fibonacci,0.01152060019079428,0.999999999990238
500,11.052951411260215,4.0,fibonacci,0.01147272747146897,0.9999999999830146
500,11.39872266616052,4.0,fibonacci,0.011442064597915741,1.0000000000013172
500,11.755310738783693,4.0,fibonacci,0.011401576736606972,0.999999999990525
500,12.123054013376523,4.0,fibonacci,0.011323272748191305,0.999999999959217
500,12.502301459914554,4.0,fibonacci,0.01118515040557596,1.0000000000057265
500,12.89341296525715,4.0,fibonacci,0.010979244119178605,1.0000000000019802
500,13.29675967466212,4.0,fibonacci,0.010718086473977352,0.9999999999886453
500,13.712724343984002,4.0,fibonacci,0.01043588096739598,0.9999999999884944
500,14.141701702890233,4.0,fibonacci,0.010182002201784576,0.9999999999626001
500,14.584098829439856,4.0,fibonacci,0.010007017092662336,0.9999999999584804
500,15.040335536380244,4.0,fibonacci,0.009943914498105635,0.9999999999806701
500,15.510844769528397,4.0,fibonacci,0.009994915091632953,1.0000000000002056
500,15.996073018614878,4.0,fibonacci,0.010138588552634416,1.0000000000044578
500,16.496480740980207,4.0,fibonacci,0.01034824529180359,1.0000000000066063
500,17.012542798525892,4.0,fibonacci,0.0105881951948871,0.9999999999997822
500,17.544748908334597,4.0,fibonacci,0.010789221215326905,0.9999999999762523
500,18.093604107387165,4.0,fibonacci,0.010851629039144016,0.9999999999617699
500,18.65962923181746,4.0,fibonacci,0.010705205194195766,0.9999999999858746
500,19.2433614111598,4.0,fibonacci,0.010391226920139043,0.9999999999850435
500,19.845354578058032,4.0,fibonacci,0.010072325159438485,1.0000000000018927
500,20.466179993919898,4.0,fibonacci,0.009923987549920863,0.999999999963519
500,21.106426791015547,4.0,fibonacci,0.010009464212415853,0.9999999999848821
500,21.76670253153459,4.0,fibonacci,0.010317292355510243,1.0000000000028288
500,22.44763378413224,4.0,fibonacci,0.010865345828479107,0.9999999999400312
500,23.14986671851161,4.0,fibonacci,0.011537278956694775,0.9999999999834472
500,23.87406771860647,4.0,fibonacci,0.011948199407319482,0.9999999999555234
500,24.620924014946254,4.0,fibonacci,0.01180101389586102,0.9999999999893657
500,25.39114433680347,4.0,fibonacci,0.011348838683134464,0.9999999999644483
500,26.185459584742325,4.0,fibonacci,0.011096629704567748,0.999999999995402
500,27.00462352420682,4.0,fibonacci,0.011160329594554137,0.9999999999866326
500,27.849413500806442,4.0,fibonacci,0.011513409386810858,0.9999999999812808
500,28.72063117797828,4.0,fibonacci,0.012019004988602719,0.9999999999601008
500,29.619103297725534,4.0,fibonacci,0.011951394137308263,0.9999999999431215
500,30.545682465154318,4.0,fibonacci,0.010991746401820907,0.9999999999442892
500,31.50124795755328,4.0,fibonacci,0.009910570469446217,0.9999999999523651
500,32.486706558783744,4.0,fibonacci,0.009274639185662226,0.9999999999382605
500,33.502993419772295,4.0,fibonacci,0.009104812308500285,0.9999999999594056
500,34.55107294592218,4.0,fibonacci,0.009277364528442982,0.9999999999764605
500,35.631939712285856,4.0,fibonacci,0.008910286442793793,0.9999999999934545
500,36.7466194073669,4.0,fibonacci,0.00824617373365183,0.9999999999496031
500,37.896169806447176,4.0,fibonacci,0.008500884786379089,0.9999999999744995
500,39.08168177536266,4.0,fibonacci,0.009421904920605241,0.9999999999865876
500,40.30428030568053,4.0,fibonacci,0.010166342089645314,0.9999999999720576
500,41.5651255822599,4.0,fibonacci,0.00966175336192891,0.9999999999605439
500,42.86541408420927,4.0,fibonacci,0.00884981808421234,0.9999999999682564
500,44.20637972028532,4.0,fibonacci,0.0090671419313885,1.0000000000020495
500,45.58929499981062,4.0,fibonacci,0.009992289119717054,0.9999999999731769
500,47.01547224022132,4.0,fibonacci,0.011526066585853059,0.9999999999755093
500,48.48626481239081,4.0,fibonacci,0.014016321131299128,0.9999999999950681
500,50.00306842491092,4.0,fibonacci,0.015317077256595799,0.9999999999339482
500,51.56732244854966,4.0,fibonacci,0.014487114282365965,0.9999999999634407
500,53.180511282142,4.0,fibonacci,0.013046264361242016,0.9999999999389328
500,54.84416576121018,4.0,fibonacci,0.011098711841313634,0.9999999999734752
500,56.55986461065005,4.0,fibonacci,0.009259169388862886,0.9999999999614563
500,58.329235942862034,4.0,fibonacci,0.008578859507687012,0.9999999999432219
500,60.153958802748356,4.0,fibonacci,0.008852069128000609,0.9999999999357956
500,62.035764761042714,4.0,fibonacci,0.008579987967126914,0.9999999999577379
500,63.97643955748427,4.0,fibonacci,0.008303492924393429,0.9999999999755689
500,65.97782479539536,4.0,fibonacci,0.008759211085972147,0.9999999999318312
500,68.04181968927098,4.0,fibonacci,0.010246745263985802,0.9999999999721655
500,70.17038286703826,4.0,fibonacci,0.012040111860014446,0.9999999999554845
500,72.36553422869653,4.0,fibonacci,0.012785531645309827,0.9999999999508711
500,74.62935686310134,4.0,fibonacci,0.011903579261124482,0.9999999999501002
500,76.96399902471158,4.0,fibonacci,0.009095013605128389,0.9999999999713193
500,79.37167617217551,4.0,fibonacci,0.008314304180693845,0.9999999999311077
500,81.8546730706903,4.0,fibonacci,0.008483272561579656,0.99999999996737
500,84.41534596012986,4.0,fibonacci,0.009627305656811799,0.9999999999430281
500,87.05612479099865,4.0,fibonacci,0.009351470275793331,0.9999999999429017
500,89.77951553033323,4.0,fibonacci,0.009501797399389835,0.9999999999412615
500,92.58810253973955,4.0,fibonacci,0.012898956245260773,0.9999999999508506
500,95.48455102782293,4.0,fibonacci,0.01709310503219806,0.999999999935158
500,98.47160957933774,4.0,fibonacci,0.015305965450914834,0.9999999999317718
500,101.5521127634568,4.0,fibonacci,0.010673856193141764,0.9999999999288579
500,104.72898382363586,4.0,fibonacci,0.007143150773877585,0.9999999999674591
500,108.00523745162529,4.0,fibonacci,0.008365695408983518,0.9999999999226465
500,111.38398264826195,4.0,fibonacci,0.007971195351710801,0.9999999999193774
500,114.86842567375535,4.0,fibonacci,0.006854509931071641,0.999999999950268
500,118.46187309026836,4.0,fibonacci,0.00981213660800894,0.9999999999152352
500,122.16773489967919,4.0,fibonacci,0.012295854186307223,0.9999999999109107
500,125.98952777950272,4.0,fibonacci,0.01009857541618142,0.9999999999075938
500,129.93087842004158,4.0,fibonacci,0.00837288435339008,0.9999999998993162
500,133.99552696593383,4.0,fibonacci,0.008375856392849525,0.9999999998943104
500,138.18733056536323,4.0,fibonacci,0.009110561091561288,0.9999999998790252
500,142.5102670302998,4.0,fibonacci,0.013741624914317638,0.9999999999159133
500,146.9684386112446,4.0,fibonacci,0.010364707099563624,0.9999999998944983
500,151.5660758900603,4.0,fibonacci,0.007907343948009264,0.9999999999204232
500,156.30754179458157,4.0,fibonacci,0.007953189700065613,0.9999999998833251
500,161.1973357388157,4.0,fibonacci,0.00875280066088901,0.999999999863348
500,166.2400978926612,4.0,fibonacci,0.009409941497025641,0.9999999998757749
500,171.440613585197,4.0,fibonacci,0.008704506112229185,0.9999999998710544
500,176.8038178457207,4.0,fibonacci,0.008441835281893385,0.9999999998870822
500,182.33480008684404,4.0,fibonacci,0.007130666293386278,0.999999999895059
500,188.03880893409146,4.0,fibonacci,0.007323135946197459,0.9999999998002387
500,193.9212572065829,4.0,fibonacci,0.006768748247587431,0.9999999998878926
500,199.9877270535285,4.0,fibonacci,0.007417418221164243,0.9999999998491946
500,206.24397525140904,4.0,fibonacci,0.008394330560063683,0.9999999998280834
500,212.69593866686898,4.0,fibonacci,0.007541049976734732,0.9999999998417938
500,219.3497398905058,4.0,fibonacci,0.008263896399633439,0.9999999998519276
500,226.2116930469024,4.0,fibonacci,0.008506436193211658,0.9999999998284244
500,233.2883097864156,4.0,fibonacci,0.009147765482745391,0.9999999998473823
500,240.58630546440645,4.0,fibonacci,0.007423667022225737,0.9999999998165671
500,248.11260551377677,4.0,fibonacci,0.007517833965682762,0.9999999998249952
500,255.87435201685892,4.0,fibonacci,0.008268316952466754,0.9999999997613984
500,263.87891048289345,4.0,fibonacci,0.006808083759837836,0.9999999997987592
500,272.13387683753086,4.0,fibonacci,0.00636794418276106,0.9999999997998343
500,280.6470846309839,4.0,fibonacci,0.00693128678739227,0.9999999997938623
500,289.4266124716752,4.0,fibonacci,0.00671283834154644,0.9999999997757649
500,298.4807916924327,4.0,fibonacci,0.006896168863207516,0.9999999998014693
500,307.81821425650804,4.0,fibonacci,0.0064095673454087594,0.9999999997611323
500,317.4477409109193,4.0,fibonacci,0.0069446685402568585,0.9999999997117593
500,327.3785095948577,4.0,fibonacci,0.006966598158265015,0.9999999997463811
500,337.61994411113403,4.0,fibonacci,0.006168784107149334,0.9999999997742679
500,348.18176306889666,4.0,fibonacci,0.007831372472015754,0.9999999996742726
500,359.0739891061055,4.0,fibonacci,0.007594449188985618,0.9999999996632597
500,370.30695840051413,4.0,fibonacci,0.007162118472206671,0.9999999997027645
500,381.8913304781854,4.0,fibonacci,0.0068574091127763725,0.9999999996990939
500,393.8380983288489,4.0,fibonacci,0.008599510774073466,0.9999999997144117
500,406.158598837698,4.0,fibonacci,0.00846671303281463,0.9999999996613814
500,418.86452354352707,4.0,fibonacci,0.00815100416546441,0.9999999996471275
500,431.96792973341735,4.0,fibonacci,0.009123642077420908,0.9999999996868845
500,445.4812518844989,4.0,fibonacci,0.006978903072425513,0.9999999996487114
500,459.41731346364764,4.0,fibonacci,0.008831970184363287,0.9999999995538744
500,473.7893390963144,4.0,fibonacci,0.008323537364230603,0.9999999995008533
500,488.6109671160326,4.0,fibonacci,0.009048968324306404,0.9999999995690574
500,503.89626250651503,4.0,fibonacci,0.007351585488457687,0.999999999528346
500,519.6597302486197,4.0,fibonacci,0.008418938854069852,0.9999999994484422
500,535.9163290848514,4.0,fibonacci,0.007093406401537083,0.9999999994439703
500,552.6814857144603,4.0,fibonacci,0.007897995773114187,0.9999999994060634
500,569.9711094326076,4.0,fibonacci,0.007490864528857222,0.9999999994255411
500,587.8016072274912,4.0,fibonacci,0.006776613055312581,0.9999999992734425
500,606.1898993497572,4.0,fibonacci,0.006417213080827482,0.9999999993543036
500,625.1534353689711,4.0,fibonacci,0.006673367602484185,0.999999999397086
500,644.7102107323869,4.0,fibonacci,0.006591639386257609,0.9999999993425659
500,664.8787838417263,4.0,fibonacci,0.007831307357521747,0.9999999992685737
500,685.6782936641738,4.0,fibonacci,0.007754180105780155,0.9999999992250955
500,707.1284778942996,4.0,fibonacci,0.008405120041665829,0.9999999991473054
500,729.2496916841444,4.0,fibonacci,0.007244870947048708,0.9999999991311411
500,752.0629269592407,4.0,fibonacci,0.006159273459550081,0.9999999990049575
500,775.5898323389001,4.0,fibonacci,0.0066564831585687705,0.9999999990715445
500,799.8527336796708,4.0,fibonacci,0.006543012165400152,0.9999999986715353
500,824.8746552614581,4.0,fibonacci,0.005259502608901953,0.9999999987015602
500,850.6793416364153,4.0,fibonacci,0.007102026129953968,0.9999999985847196
500,877.2912801613356,4.0,fibonacci,0.006779030864970902,0.9999999984019794
500,904.7357242349293,4.0,fibonacci,0.006164736489712077,0.9999999981241898
500,933.038717262036,4.0,fibonacci,0.006926321537712923,0.9999999981883836
500,962.2271173675134,4.0,fibonacci,0.006539598763132007,0.9999999977565704
500,992.3286228832545,4.0,fibonacci,0.005246446046280977,0.9999999974980381
500,1023.3717986325192,4.0,fibonacci,0.006041029319620725,0.9999999976915961
500,1055.386103036523,4.0,fibonacci,0.005420070730586613,0.9999999974981186
500,1088.4019160690054,4.0,fibonacci,0.0062691686052017935,0.9999999975408308
500,1122.4505680853058,4.0,fibonacci,0.005778989669680332,0.9999999971028161
500,1157.5643695533035,4.0,fibonacci,0.005841615749356348,0.9999999971226698
500,1193.7766417144358,4.0,fibonacci,0.006104534291143801,0.9999999968070578
500,1231.1217482038908,4.0,fibonacci,0.006175813132027465,0.9999999959977208
500,1269.6351276599742,4.0,fibonacci,0.007897198870814321,0.9999999960839038
500,1309.353327353611,4.0,fibonacci,0.0055721793913461656,0.9999999960764624
500,1350.3140378698736,4.0,fibonacci,0.005697289461430458,0.9999999955024217
500,1392.5561288744634,4.0,fibonacci,0.00569399186747834,0.9999999954261197
500,1436.1196859990787,4.0,fibonacci,0.005455825517640128,0.9999999948049746
500,1481.0460488806755,4.0,fibonacci,0.007155559160561521,0.9999999938959336
500,1527.377850390714,4.0,fibonacci,0.005335357633279979,0.9999999943456056
500,1575.1590570916228,4.0,fibonacci,0.006197857060891298,0.9999999936897501
500,1624.435010958867,4.0,fibonacci,0.006789515681608491,0.9999999935369384
500,1675.2524724082155,4.0,fibonacci,0.005851205389110345,0.9999999931100795
500,1727.6596646690364,4.0,fibonacci,0.00544440524077227,0.9999999916979441
500,1781.7063195457306,4.0,fibonacci,0.005918744937225962,0.9999999913958971
500,1837.4437246107268,4.0,fibonacci,0.005976173467434249,0.9999999916607173
500,1894.9247718738216,4.0,fibonacci,0.005983280249493417,0.9999999908088505
500,1954.2040079740534,4.0,fibonacci,0.0048500014676366296,0.9999999901084262
500,2015.337685941733,4.0,fibonacci,0.005035779139871624,0.9999999899953952
500,2078.383818579757,4.0,fibonacci,0.005517706384864101,0.9999999886370522
500,2143.4022335148566,4.0,fibonacci,0.0054678240768966015,0.9999999883664749
500,2210.4546299710214,4.0,fibonacci,0.004574235140323217,0.9999999878539445
500,2279.6046373189797,4.0,fibonacci,0.005746362585549084,0.9999999866688877
500,2350.9178754572868,4.0,fibonacci,0.004936514308299018,0.9999999866801995
500,2424.462017082328,4.0,fibonacci,0.005048660251233407,0.9999999855031293
500,2500.306851906324,4.0,fibonacci,0.005121808231732732,0.9999999848013672
500,2578.524352884274,4.0,fibonacci,0.004742718051792679,0.9999999839940483
500,2659.1887445126936,4.0,fibonacci,0.0050978759514935705,0.9999999831237959
500,2742.3765732649495,4.0,fibonacci,0.005332003410449839,0.999999982213235
500,2828.166780230032,4.0,fibonacci,0.00475879045207108,0.9999999816503243
500,2916.640776023704,4.0,fibonacci,0.004464076793531442,0.9999999805611433
500,3007.882518043099,4.0,fibonacci,0.005015414903138936,0.9999999794478975
500,3101.978590138097,4.0,fibonacci,0.005869252839431366,0.9999999775997895
500,3199.018284775064,4.0,fibonacci,0.004839272023639725,0.9999999773884688
500,3299.093687770939,4.0,fibonacci,0.004250618900202167,0.9999999763770343
500,3402.2997656780676,4.0,fibonacci,0.005400187913769095,0.9999999750605141
500,3508.7344559027115,4.0,fibonacci,0.004496214798565556,0.9999999739990815
500,3618.4987596427463,4.0,fibonacci,0.005461058288610382,0.999999973207402
500,3731.6968377327516,4.0,fibonacci,0.004753191552297317,0.999999970841805
500,3848.436109487429,4.0,fibonacci,0.004323116474238898,0.9999999701076683
500,3968.827354637162,4.0,fibonacci,0.004132165207996912,0.9999999690953459
500,4092.984818452438,4.0,fibonacci,0.004238468596089311,0.9999999667296664
500,4221.026320156899,4.0,fibonacci,0.0040603971965739154,0.9999999650325049
500,4353.0733647318875,4.0,fibonacci,0.004286421915233726,0.9999999639888276
500,4489.251258218603,4.0,fibonacci,0.004353976874539139,0.9999999630827068
500,4629.689226627263,4.0,fibonacci,0.004406348488411164,0.9999999608885303
500,4774.520538566127,4.0,fibonacci,0.00405054565504886,0.9999999588464493
500,4923.882631706737,4.0,fibonacci,0.0049048739687297055,0.9999999581966433
500,5077.917243205398,4.0,fibonacci,0.004170620970679667,0.9999999556955378
500,5236.77054420465,4.0,fibonacci,0.004058548058681478,0.9999999543820973
500,5400.593278542368,4.0,fibonacci,0.004246886572777138,0.9999999518771849
500,5569.5409058001305,4.0,fibonacci,0.0038465137504728932,0.9999999506742596
500,5743.773748826581,4.0,fibonacci,0.004361597584935659,0.9999999484986366
500,5923.4571458758055,4.0,fibonacci,0.00419768070659094,0.9999999464052465
500,6108.76160750504,4.0,fibonacci,0.004058328157754963,0.9999999434209391
500,6299.862978380694,4.0,fibonacci,0.004201470439573623,0.9999999425287849
500,6496.942604146125,4.0,fibonacci,0.004130499674837055,0.999999940294018
500,6700.18750350959,4.0,fibonacci,0.004299288214680084,0.9999999376881293
500,6909.790545715645,4.0,fibonacci,0.004033129406031186,0.9999999355816187
500,7125.950633568411,4.0,fibonacci,0.004161381278668267,0.9999999332042958
500,7348.872892180388,4.0,fibonacci,0.0039958889902648774,0.9999999310204651
500,7578.76886362593,4.0,fibonacci,0.004159261254828847,0.9999999278438539
500,7815.856707684091,4.0,fibonacci,0.004005889156990529,0.9999999257861177
500,8060.361408861345,4.0,fibonacci,0.004107480454212729,0.9999999234099691
500,8312.514989890631,4.0,fibonacci,0.0042485674187764605,0.9999999207480179
500,8572.556731909324,4.0,fibonacci,0.004088875949642025,0.9999999174634755
500,8840.733401525064,4.0,fibonacci,0.004010333016392471,0.9999999139082049
500,9117.299484984922,4.0,fibonacci,0.00426555017108889,0.999999911562711
500,9402.517429670132,4.0,fibonacci,0.004129228846503871,0.9999999076970179
500,9696.65789314552,4.0,fibonacci,0.00410607564945996,0.9999999052219687
500,10000.0,4.0,fibonacci,0.004370219476432394,0.9999999019656959
500,0.0,4.0,tribonacci,0.08201561019889944,1.0000000000000002
500,1.0,4.0,tribonacci,0.08106974955099346,0.9999999999955632
500,1.0312831606721848,4.0,tribonacci,0.08095718855640757,1.0000000000453988
500,1.0635449574860112,4.0,tribonacci,0.08083209404074936,1.000000000180862
500,1.096816005273138,4.0,tribonacci,0.08069324242724361,1.0000000003579852
500,1.1311278765939214,4.0,tribonacci,0.08053932512277005,1.0000000004715814
500,1.1665131316981963,4.0,tribonacci,0.0803689498332695,1.0000000004036584
500,1.2030053494233244,4.0,tribonacci,0.08018064379259009,1.000000000103616
500,1.240639159058832,4.0,tribonacci,0.07997285928652734,0.9999999996699867
500,1.2794502732078736,4.0,tribonacci,0.07974398187060211,0.9999999993728984
500,1.3194755216767062,4.0,tribonacci,0.07949234167836608,0.9999999995134109
500,1.3607528864243335,4.0,tribonacci,0.0792162281877427,0.9999999999585841
500,1.403321537605485,4.0,tribonacci,0.07891390930338528,1.0000000000111562
500,1.4472218707411348,4.0,tribonacci,0.07858365618890868,0.9999999999937979
500,1.4924955450518296,4.0,tribonacci,0.07822377146420952,1.0000000000119886
500,1.5391855229902058,4.0,tribonacci,0.07783262386971654,1.0000000002006748
500,1.587336111010209,4.0,tribonacci,0.07740868851643655,1.0000000004520422
500,1.6369930016117025,4.0,tribonacci,0.0769505934036079,1.0000000004418657
500,1.6882033167003634,4.0,tribonacci,0.07645717236268325,0.9999999999634396
500,1.7410156523040161,4.0,tribonacci,0.07592752430461007,0.9999999993443514
500,1.7954801246878311,4.0,tribonacci,0.0753610782592431,0.9999999994059466
500,1.8516484179121548,4.0,tribonacci,0.07475766313587306,0.9999999999770465
500,1.9095738328780973,4.0,tribonacci,0.07411758330573803,0.9999999999831147
500,1.9693113379074225,4.0,tribonacci,0.0734416998789765,0.9999999999877595
500,2.0309176209047357,4.0,tribonacci,0.07273151201238423,1.0000000001351816
500,2.0944511431514696,4.0,tribonacci,0.07198924108766604,1.0000000002274256
500,2.159972194782718,4.0,tribonacci,0.07121791407813334,0.9999999999618188
500,2.2275429519995575,4.0,tribonacci,0.07042144385706617,0.9999999996348705
500,2.2972275360711523,4.0,tribonacci,0.06960470219576072,0.9999999999088309
500,2.369092074182633,4.0,tribonacci,0.06877357951153616,0.9999999999725948
500,2.4432047621864883,4.0,tribonacci,0.06793502766088759,0.9999999999786852
500,2.519635929317015,4.0,tribonacci,0.06709707164532434,1.000000000085503
500,2.598458104929249,4.0,tribonacci,0.06626877980745702,1.0000000000212046
500,2.6797460873256913,4.0,tribonacci,0.06546017369625869,0.999999999826753
500,2.763577014736159,4.0,tribonacci,0.06468205743131045,0.9999999999500476
500,2.850030438518107,4.0,tribonacci,0.06394574356767077,0.9999999999638836
500,2.9391883986468863,4.0,tribonacci,0.06326264863497587,1.0000000000431264
500,3.0311355015675785,4.0,tribonacci,0.06264374346601026,1.0000000001278266
500,3.1259590004822804,4.0,tribonacci,0.062098851806912596,0.9999999997609613
500,3.2237488781490296,4.0,tribonacci,0.06163581545004223,0.9999999999115735
500,3.3245979322709407,4.0,tribonacci,0.061259594210051185,0.9999999999543443
500,3.428601863556586,4.0,tribonacci,0.06097140303525423,1.0000000001349143
500,3.5358593665351785,4.0,tribonacci,0.06076807345273503,0.9999999999234316
500,3.646472223212748,4.0,tribonacci,0.060641873143985676,0.9999999997346172
500,3.760545399658171,4.0,tribonacci,0.06058106743287669,0.9999999999465673
500,3.8781871456107226,4.0,tribonacci,0.06057149178527801,1.000000000080175
500,3.9995090972036653,4.0,tribonacci,0.060599309232001845,0.9999999997257748
500,4.1246263829013525,4.0,tribonacci,0.060654924711142845,0.9999999999667103
500,4.253657732750387,4.0,tribonacci,0.06073770276292818,1.0000000001509164
500,4.386725591048498,4.0,tribonacci,0.060860725919692424,0.999999999887491
500,4.523956232538054,4.0,tribonacci,0.061054444674969593,0.9999999997679064
500,4.6654798822344725,4.0,tribonacci,0.06136783300597781,0.999999999953791
500,4.811430839003259,4.0,tribonacci,0.061865751150200016,0.9999999999797935
500,4.961947603002903,4.0,tribonacci,0.0626217294443335,0.9999999999082535
500,5.117173007114605,4.0,tribonacci,0.06370628650572946,0.9999999999712069
500,5.277254352483538,4.0,tribonacci,0.0651719379053818,0.999999999841083
500,5.442343548300267,4.0,tribonacci,0.06703686457865916,0.9999999999368429
500,5.612597255954972,4.0,tribonacci,0.06926948660718424,1.0000000001410934
500,5.788177037701274,4.0,tribonacci,0.07177596918845476,0.999999999769118
500,5.969249509970735,4.0,tribonacci,0.07439255491666123,1.000000000012622
500,6.155986501483509,4.0,tribonacci,0.07688535876881461,0.9999999995863913
500,6.348565216305219,4.0,tribonacci,0.07896205262271352,0.999999999920212
500,6.547168402004738,4.0,tribonacci,0.08030119555920451,0.9999999996720722
500,6.751984523072503,4.0,tribonacci,0.08060282669487065,0.9999999999147866
500,6.963207939763885,4.0,tribonacci,0.07965599710467679,0.9999999994817894
500,7.181039092537351,4.0,tribonacci,0.07740736891763257,0.9999999999623344
500,7.405684692262437,4.0,tribonacci,0.07400741409491317,0.9999999989655175
500,7.637357916378021,4.0,tribonacci,0.069814658822253,0.9999999999656514
500,7.876278611187057,4.0,tribonacci,0.06535171576306588,0.9999999995034268
500,8.122673500479713,4.0,tribonacci,0.061217076897561735,0.9999999999996407
500,8.376776400682918,4.0,tribonacci,0.0579561772284044,0.9999999998916829
500,8.638828442740447,4.0,tribonacci,0.05589965716415619,0.9999999997411543
500,8.909078300934137,4.0,tribonacci,0.055013540808623466,1.0000000000849385
500,9.187782428863335,4.0,tribonacci,0.054869133954902886,0.999999999881721
500,9.475205302806543,4.0,tribonacci,0.054854431108803066,0.9999999991687479
500,9.771619672696177,4.0,tribonacci,0.05461592920084165,1.0000000002317786
500,10.077306820944612,4.0,tribonacci,0.05446529498938089,0.9999999999198071
500,10.392556829367125,4.0,tribonacci,0.0553580850787745,0.9999999998615002
500,10.71766885445503,4.0,tribonacci,0.058316378676451036,0.9999999998617792
500,11.052951411260215,4.0,tribonacci,0.06366199353566196,0.9999999996935262
500,11.39872266616052,4.0,tribonacci,0.07058292357051502,0.9999999997119886
500,11.755310738783693,4.0,tribonacci,0.07720486661921282,1.0000000000477975
500,12.123054013376523,4.0,tribonacci,0.08111415020713977,1.0000000002653995
500,12.502301459914554,4.0,tribonacci,0.0804161024374022,1.0000000003243708
500,12.89341296525715,4.0,tribonacci,0.0750167084460309,1.0000000003697718
500,13.29675967466212,4.0,tribonacci,0.06704504934769571,1.0000000000745974
500,13.712724343984002,4.0,tribonacci,0.05983467438774794,0.999999999999259
500,14.141701702890233,4.0,tribonacci,0.05597511386137975,1.0000000000015685
500,14.584098829439856,4.0,tribonacci,0.05542178435495589,0.9999999997318785
500,15.040335536380244,4.0,tribonacci,0.0557546592734713,0.9999999992503887
500,15.510844769528397,4.0,tribonacci,0.055736106695503114,0.9999999998183828
500,15.996073018614878,4.0,tribonacci,0.05788160983016469,0.9999999998699962
500,16.496480740980207,4.0,tribonacci,0.06532941356905479,0.9999999997505044
500,17.012542798525892,4.0,tribonacci,0.07686420507468411,0.9999999998145115
500,17.544748908334597,4.0,tribonacci,0.086310650118764,1.0000000002629652
500,18.093604107387165,4.0,tribonacci,0.08702950371856912,0.999999999488124
500,18.65962923181746,4.0,tribonacci,0.07867587277356942,0.9999999999546685
500,19.2433614111598,4.0,tribonacci,0.06821663026503326,0.9999999997971502
500,19.845354578058032,4.0,tribonacci,0.062335061803520775,0.9999999997040202
500,20.466179993919898,4.0,tribonacci,0.06040955321770404,0.9999999999224589
500,21.106426791015547,4.0,tribonacci,0.05958180651771795,0.9999999997861199
500,21.76670253153459,4.0,tribonacci,0.06261242676157593,0.9999999997515993
500,22.44763378413224,4.0,tribonacci,0.07062072368619195,0.9999999996240648
500,23.14986671851161,4.0,tribonacci,0.07680514580184146,0.9999999998759282
500,23.87406771860647,4.0,tribonacci,0.07486381614376235,0.9999999999366306
500,24.620924014946254,4.0,tribonacci,0.06822150063060507,0.9999999998891513
500,25.39114433680347,4.0,tribonacci,0.0632736459755549,0.9999999998522795
500,26.185459584742325,4.0,tribonacci,0.060519935234354935,0.9999999997137979
500,27.00462352420682,4.0,tribonacci,0.059806779927998224,0.9999999996366641
500,27.849413500806442,4.0,tribonacci,0.061276315859268266,0.9999999997755257
500,28.72063117797828,4.0,tribonacci,0.06177908432330683,0.9999999998000397
500,29.619103297725534,4.0,tribonacci,0.06068673141366991,0.9999999997089873
500,30.545682465154318,4.0,tribonacci,0.0607475941762472,0.9999999997705188
500,31.50124795755328,4.0,tribonacci,0.06291839870309393,0.9999999998139438
500,32.486706558783744,4.0,tribonacci,0.0645912420839576,0.9999999997649127
500,33.502993419772295,4.0,tribonacci,0.06344528445970667,0.9999999996516196
500,34.55107294592218,4.0,tribonacci,0.0620489296021139,0.9999999997972481
500,35.631939712285856,4.0,tribonacci,0.06405781601355774,0.9999999998224364
500,36.7466194073669,4.0,tribonacci,0.07004306038330507,0.9999999997670423
500,37.896169806447176,4.0,tribonacci,0.07323432497959562,0.9999999998020928
500,39.08168177536266,4.0,tribonacci,0.0682087373215502,0.9999999998261772
500,40.30428030568053,4.0,tribonacci,0.06387498508282972,0.9999999997779067
500,41.5651255822599,4.0,tribonacci,0.06538701794522608,0.9999999997339541
500,42.86541408420927,4.0,tribonacci,0.06811614846979794,0.999999999808196
500,44.20637972028532,4.0,tribonacci,0.06614225972692653,0.9999999996474522
500,45.58929499981062,4.0,tribonacci,0.06366836070678482,0.9999999998451187
500,47.01547224022132,4.0,tribonacci,0.06293432388965448,0.9999999997580341
500,48.48626481239081,4.0,tribonacci,0.059200707593139786,0.9999999997364396
500,50.00306842491092,4.0,tribonacci,0.05871656888862287,0.9999999997440517
500,51.56732244854966,4.0,tribonacci,0.06476591254837238,0.9999999998458661
500,53.180511282142,4.0,tribonacci,0.06399025464019006,0.9999999997230539
500,54.84416576121018,4.0,tribonacci,0.059495372462796306,0.9999999997058434
500,56.55986461065005,4.0,tribonacci,0.07165563149629466,0.9999999997837424
500,58.329235942862034,4.0,tribonacci,0.0801124352419917,0.9999999997074147
500,60.153958802748356,4.0,tribonacci,0.05676145862718544,0.9999999996854986
500,62.035764761042714,4.0,tribonacci,0.06547007200071385,0.9999999996721594
500,63.97643955748427,4.0,tribonacci,0.0847349812242722,0.9999999996807797
500,65.97782479539536,4.0,tribonacci,0.053417012348276664,0.9999999998191335
500,68.04181968927098,4.0,tribonacci,0.06356905607685902,0.999999999588682
500,70.17038286703826,4.0,tribonacci,0.06870911719692188,0.9999999996531628
500,72.36553422869653,4.0,tribonacci,0.05368441113068902,0.9999999998215374
500,74.62935686310134,4.0,tribonacci,0.07762275333046782,0.9999999997229444
500,76.96399902471158,4.0,tribonacci,0.0659649791153561,0.9999999996130641
500,79.37167617217551,4.0,tribonacci,0.061260125448531176,0.9999999996051301
500,81.8546730706903,4.0,tribonacci,0.08453090567170897,0.9999999996493881
500,84.41534596012986,4.0,tribonacci,0.052586987518315316,0.9999999995706436
500,87.05612479099865,4.0,tribonacci,0.07504915383586616,0.9999999996569567
500,89.77951553033323,4.0,tribonacci,0.04379380998339253,0.9999999995614197
500,92.58810253973955,4.0,tribonacci,0.06476559800160563,0.9999999993376417
500,95.48455102782293,4.0,tribonacci,0.05380024455610552,0.9999999991097156
500,98.47160957933774,4.0,tribonacci,0.045594503077562805,0.9999999981403315
500,101.5521127634568,4.0,tribonacci,0.04430648163790315,0.9999999993819066
500,104.72898382363586,4.0,tribonacci,0.04453195525754127,0.999999998385892
500,108.00523745162529,4.0,tribonacci,0.054071840092939354,0.999999998062872
500,111.38398264826195,4.0,tribonacci,0.041810731494094075,0.9999999972102648
500,114.86842567375535,4.0,tribonacci,0.043798404740571305,0.9999999982602781
500,118.46187309026836,4.0,tribonacci,0.0321531538801334,0.9999999975465964
500,122.16773489967919,4.0,tribonacci,0.03479119049639335,0.9999999974382401
500,125.98952777950272,4.0,tribonacci,0.03983368045109781,0.9999999973496831
500,129.93087842004158,4.0,tribonacci,0.06520803681118138,0.9999999972860034
500,133.99552696593383,4.0,tribonacci,0.039450341390919554,0.9999999964047851
500,138.18733056536323,4.0,tribonacci,0.03994715095934278,0.9999999968093722
500,142.5102670302998,4.0,tribonacci,0.05496793689537924,0.9999999977090654
500,146.9684386112446,4.0,tribonacci,0.029724761873308213,0.9999999953374062
500,151.5660758900603,4.0,tribonacci,0.031074877924459163,0.9999999956068323
500,156.30754179458157,4.0,tribonacci,0.029163540747279705,0.999999995742409
500,161.1973357388157,4.0,tribonacci,0.026518531088717337,0.9999999961738448
500,166.2400978926612,4.0,tribonacci,0.033392436614113154,0.9999999961184439
500,171.440613585197,4.0,tribonacci,0.0366993506372199,0.9999999947497302
500,176.8038178457207,4.0,tribonacci,0.03472065511925498,0.9999999950483133
500,182.33480008684404,4.0,tribonacci,0.05559489069096385,0.9999999952052218
500,188.03880893409146,4.0,tribonacci,0.03599976229330956,0.9999999952817286
500,193.9212572065829,4.0,tribonacci,0.029157744044435906,0.9999999939316295
500,199.9877270535285,4.0,tribonacci,0.033520798812825416,0.9999999929714197
500,206.24397525140904,4.0,tribonacci,0.04305942007373052,0.999999992709027
500,212.69593866686898,4.0,tribonacci,0.023946610142271472,0.9999999941070231
500,219.3497398905058,4.0,tribonacci,0.034168839079903084,0.9999999936952653
500,226.2116930469024,4.0,tribonacci,0.035553155386731546,0.9999999939918907
500,233.2883097864156,4.0,tribonacci,0.025206637347127935,0.999999993548754
500,240.58630546440645,4.0,tribonacci,0.0320879974109778,0.9999999931432899
500,248.11260551377677,4.0,tribonacci,0.037078454700884035,0.9999999926376428
500,255.87435201685892,4.0,tribonacci,0.032628550182047404,0.9999999924289124
500,263.87891048289345,4.0,tribonacci,0.04190523264712283,0.9999999920256804
500,272.13387683753086,4.0,tribonacci,0.03241526366988996,0.9999999925348426
500,280.6470846309839,4.0,tribonacci,0.06230509543610397,0.999999990662917
500,289.4266124716752,4.0,tribonacci,0.02780669448055869,0.9999999909334414
500,298.4807916924327,4.0,tribonacci,0.027704059177252126,0.9999999897371994
500,307.81821425650804,4.0,tribonacci,0.027914553193937278,0.999999989155046
500,317.4477409109193,4.0,tribonacci,0.02532597723466828,0.9999999897652609
500,327.3785095948577,4.0,tribonacci,0.027129902950186843,0.999999990014072
500,337.61994411113403,4.0,tribonacci,0.02505555501686522,0.9999999890813066
500,348.18176306889666,4.0,tribonacci,0.028544751839003717,0.9999999886103496
500,359.0739891061055,4.0,tribonacci,0.023011053891828132,0.9999999886214556
500,370.30695840051413,4.0,tribonacci,0.034560383267613966,0.9999999881901768
500,381.8913304781854,4.0,tribonacci,0.019516237859140424,0.9999999875055909
500,393.8380983288489,4.0,tribonacci,0.02470359075244772,0.9999999876402349
500,406.158598837698,4.0,tribonacci,0.02605392819737197,0.9999999872247521
500,418.86452354352707,4.0,tribonacci,0.028133552284669613,0.99999998698802
500,431.96792973341735,4.0,tribonacci,0.023167630404432177,0.9999999862463974
500,445.4812518844989,4.0,tribonacci,0.01985380072419573,0.9999999854272473
500,459.41731346364764,4.0,tribonacci,0.02047341034819577,0.9999999855438805
500,473.7893390963144,4.0,tribonacci,0.018365960977049286,0.999999985121087
500,488.6109671160326,4.0,tribonacci,0.023192629584043466,0.9999999853751184
500,503.89626250651503,4.0,tribonacci,0.022320258130403288,0.9999999846428661
500,519.6597302486197,4.0,tribonacci,0.01856484034727169,0.999999984637535
500,535.9163290848514,4.0,tribonacci,0.018621647017016033,0.9999999821004113
500,552.6814857144603,4.0,tribonacci,0.0177869065288727,0.9999999824459772
500,569.9711094326076,4.0,tribonacci,0.022103194491657485,0.9999999827706869
500,587.8016072274912,4.0,tribonacci,0.01600606157969696,0.9999999823144715
500,606.1898993497572,4.0,tribonacci,0.01555033845553778,0.999999981809552
500,625.1534353689711,4.0,tribonacci,0.020210734101083153,0.9999999805624532
500,644.7102107323869,4.0,tribonacci,0.016131548534873492,0.9999999810094229
500,664.8787838417263,4.0,tribonacci,0.015538114118777391,0.999999980302965
500,685.6782936641738,4.0,tribonacci,0.013710347785605932,0.9999999798923637
500,707.1284778942996,4.0,tribonacci,0.0154171035559947,0.9999999789049095
500,729.2496916841444,4.0,tribonacci,0.014633788926504819,0.9999999782582222
500,752.0629269592407,4.0,tribonacci,0.013541726804430087,0.9999999782934194
500,775.5898323389001,4.0,tribonacci,0.014051653078013237,0.9999999767090973
500,799.8527336796708,4.0,tribonacci,0.013362312020014446,0.9999999777418029
500,824.8746552614581,4.0,tribonacci,0.013377933416954244,0.9999999768525004
500,850.6793416364153,4.0,tribonacci,0.014772895100777906,0.999999976359075
500,877.2912801613356,4.0,tribonacci,0.017256931383152065,0.9999999754212016
500,904.7357242349293,4.0,tribonacci,0.011797166885083124,0.9999999748164904
500,933.038717262036,4.0,tribonacci,0.012795042671385218,0.9999999742404988
500,962.2271173675134,4.0,tribonacci,0.012958172617977857,0.9999999735768778
500,992.3286228832545,4.0,tribonacci,0.012407831318945151,0.9999999732999267
500,1023.3717986325192,4.0,tribonacci,0.012014243866280916,0.9999999717735235
500,1055.386103036523,4.0,tribonacci,0.013767043422861894,0.9999999713957253
500,1088.4019160690054,4.0,tribonacci,0.012361714389193677,0.999999970804968
500,1122.4505680853058,4.0,tribonacci,0.01230103050186508,0.9999999700832594
500,1157.5643695533035,4.0,tribonacci,0.013021048606060334,0.999999969163559
500,1193.7766417144358,4.0,tribonacci,0.011651732932585198,0.9999999678372437
500,1231.1217482038908,4.0,tribonacci,0.010483886994100017,0.9999999684522104
500,1269.6351276599742,4.0,tribonacci,0.01088598475200637,0.9999999659066029
500,1309.353327353611,4.0,tribonacci,0.013053824308335219,0.9999999655743653
500,1350.3140378698736,4.0,tribonacci,0.010571930271943468,0.9999999639221324
500,1392.5561288744634,4.0,tribonacci,0.011473833235803588,0.999999965325706
500,1436.1196859990787,4.0,tribonacci,0.012747167509907117,0.9999999632461903
500,1481.0460488806755,4.0,tribonacci,0.010496763390342053,0.9999999635745536
500,1527.377850390714,4.0,tribonacci,0.008938222131553411,0.999999961562058
500,1575.1590570916228,4.0,tribonacci,0.008735668998823644,0.9999999614436748
500,1624.435010958867,4.0,tribonacci,0.010866930084572013,0.9999999601537171
500,1675.2524724082155,4.0,tribonacci,0.009884749874143898,0.9999999598915407
500,1727.6596646690364,4.0,tribonacci,0.008718479277085744,0.9999999592386887
500,1781.7063195457306,4.0,tribonacci,0.008663942851867354,0.9999999588162771
500,1837.4437246107268,4.0,tribonacci,0.007900406637514724,0.9999999569794018
500,1894.9247718738216,4.0,tribonacci,0.008191917720618183,0.9999999563609254
500,1954.2040079740534,4.0,tribonacci,0.009541474455312416,0.9999999554429865
500,2015.337685941733,4.0,tribonacci,0.009973509284795843,0.9999999545703313
500,2078.383818579757,4.0,tribonacci,0.008782490986605685,0.9999999524406987
500,2143.4022335148566,4.0,tribonacci,0.008962905846589488,0.9999999531657862
500,2210.4546299710214,4.0,tribonacci,0.009450668066598295,0.9999999510344484
500,2279.6046373189797,4.0,tribonacci,0.008258695757610249,0.9999999505894774
500,2350.9178754572868,4.0,tribonacci,0.008314725378740001,0.9999999494712907
500,2424.462017082328,4.0,tribonacci,0.010112545909932769,0.9999999483128247
500,2500.306851906324,4.0,tribonacci,0.008771673870788919,0.9999999464823162
500,2578.524352884274,4.0,tribonacci,0.008946639218936863,0.999999945835244
500,2659.1887445126936,4.0,tribonacci,0.010264358739927584,0.999999944561747
500,2742.3765732649495,4.0,tribonacci,0.008848493558652856,0.9999999431420459
500,2828.166780230032,4.0,tribonacci,0.008397887035611706,0.9999999409211503
500,2916.640776023704,4.0,tribonacci,0.008490324779860524,0.9999999409787906
500,3007.882518043099,4.0,tribonacci,0.006916573749258222,0.999999939635641
500,3101.978590138097,4.0,tribonacci,0.008836035582630485,0.999999937869191
500,3199.018284775064,4.0,tribonacci,0.008457775538590553,0.9999999356621799
500,3299.093687770939,4.0,tribonacci,0.009422357688564052,0.9999999328609612
500,3402.2997656780676,4.0,tribonacci,0.008294614939892697,0.9999999324505033
500,3508.7344559027115,4.0,tribonacci,0.008852521105209501,0.9999999313399915
500,3618.4987596427463,4.0,tribonacci,0.007114791867993588,0.9999999281600239
500,3731.6968377327516,4.0,tribonacci,0.007898732206734269,0.9999999266072684
500,3848.436109487429,4.0,tribonacci,0.008464311343776428,0.999999925484617
500,3968.827354637162,4.0,tribonacci,0.0077950260430317345,0.9999999234980217
500,4092.984818452438,4.0,tribonacci,0.007053149170039641,0.9999999203491123
500,4221.026320156899,4.0,tribonacci,0.006980019018439444,0.9999999196865728
500,4353.0733647318875,4.0,tribonacci,0.007721691418659653,0.9999999175563633
500,4489.251258218603,4.0,tribonacci,0.00650376118928357,0.9999999153988852
500,4629.689226627263,4.0,tribonacci,0.00786432271939164,0.9999999138561326
500,4774.520538566127,4.0,tribonacci,0.006219119422331081,0.9999999109321731
500,4923.882631706737,4.0,tribonacci,0.007524780023466636,0.9999999092678588
500,5077.917243205398,4.0,tribonacci,0.007405955730606167,0.9999999061125882
500,5236.77054420465,4.0,tribonacci,0.007580574262326618,0.9999999035746374
500,5400.593278542368,4.0,tribonacci,0.007578581306042446,0.9999999009491476
500,5569.5409058001305,4.0,tribonacci,0.00645535427428683,0.9999998970847772
500,5743.773748826581,4.0,tribonacci,0.006299288082519701,0.9999998956464513
500,5923.4571458758055,4.0,tribonacci,0.006764104097054456,0.9999998916289312
500,6108.76160750504,4.0,tribonacci,0.007633023164048783,0.9999998902882827
500,6299.862978380694,4.0,tribonacci,0.00719467274393814,0.9999998857152165
500,6496.942604146125,4.0,tribonacci,0.007062349357187472,0.9999998829697367
500,6700.18750350959,4.0,tribonacci,0.007734296372878869,0.9999998800925606
500,6909.790545715645,4.0,tribonacci,0.0078030549009332545,0.9999998755554378
500,7125.950633568411,4.0,tribonacci,0.007468622576180413,0.999999871361707
500,7348.872892180388,4.0,tribonacci,0.007532190134072915,0.9999998678980373
500,7578.76886362593,4.0,tribonacci,0.006629482631364726,0.999999864730769
500,7815.856707684091,4.0,tribonacci,0.0071328377562495365,0.9999998604021096
500,8060.361408861345,4.0,tribonacci,0.006495662863503829,0.9999998565832384
500,8312.514989890631,4.0,tribonacci,0.008033819568267264,0.9999998526007448
500,8572.556731909324,4.0,tribonacci,0.006980126246748838,0.9999998484201238
500,8840.733401525064,4.0,tribonacci,0.008030127065815193,0.9999998429601281
500,9117.299484984922,4.0,tribonacci,0.005709446238238064,0.999999838752
500,9402.517429670132,4.0,tribonacci,0.006161533890378108,0.9999998357397158
500,9696.65789314552,4.0,tribonacci,0.006654725323309662,0.9999998289343784
500,10000.0,4.0,tribonacci,0.0072096136893130495,0.9999998251317485
500,0.0,5.0,fibonacci,0.020964511224918797,1.0
500,1.0,5.0,fibonacci,0.0208855268105796,0.9999999999997449
500,1.0312831606721848,5.0,fibonacci,0.020876491147497872,1.000000000000995
500,1.0635449574860112,5.0,fibonacci,0.02086644796638233,1.0000000000002078
500,1.096816005273138,5.0,fibonacci,0.020855293707987207,0.999999999999225
500,1.1311278765939214,5.0,fibonacci,0.020842916099442978,1.0000000000023346
500,1.1665131316981963,5.0,fibonacci,0.020829193814621606,1.0000000000115306
500,1.2030053494233244,5.0,fibonacci,0.0208139962106015,1.000000000023797
500,1.240639159058832,5.0,fibonacci,0.02079718316429477,1.0000000000313634
500,1.2794502732078736,5.0,fibonacci,0.020778605036687565,1.0000000000253635
500,1.3194755216767062,5.0,fibonacci,0.020758102795377837,1.0000000000022542
500,1.3607528864243335,5.0,fibonacci,0.020735508328887122,0.9999999999704878
500,1.403321537605485,5.0,fibonacci,0.02071064498816561,0.9999999999519944
500,1.4472218707411348,5.0,fibonacci,0.02068332839124226,0.9999999999687826
500,1.4924955450518296,5.0,fibonacci,0.02065336752533189,0.9999999999991592
500,1.5391855229902058,5.0,fibonacci,0.020620566235024323,1.0000000000006477
500,1.587336111010209,5.0,fibonacci,0.020584725149813354,0.999999999998876
500,1.6369930016117025,5.0,fibonacci,0.02054564396637716,1.0000000000024798
500,1.6882033167003634,5.0,fibonacci,0.0205031242715762,1.0000000000178042
500,1.7410156523040161,5.0,fibonacci,0.020456972868005057,1.0000000000320433
500,1.7954801246878311,5.0,fibonacci,0.020407005647303213,1.0000000000215046
500,1.8516484179121548,5.0,fibonacci,0.020353052023070868,0.9999999999804788
500,1.9095738328780973,5.0,fibonacci,0.020294959912623943,0.9999999999473247
500,1.9693113379074225,5.0,fibonacci,0.020232601223764406,0.9999999999762517
500,2.0309176209047357,5.0,fibonacci,0.020165877766213154,0.9999999999997176
500,2.0944511431514696,5.0,fibonacci,0.020094727637622503,0.9999999999983412
500,2.159972194782718,5.0,fibonacci,0.020019131801387452,1.0000000000041378
500,2.2275429519995575,5.0,fibonacci,0.019939120722580597,1.0000000000254128
500,2.2972275360711523,5.0,fibonacci,0.01985478087577039,1.0000000000254705
500,2.369092074182633,5.0,fibonacci,0.019766260784681196,0.9999999999807668
500,2.4432047621864883,5.0,fibonacci,0.01967377625348778,0.9999999999546141
500,2.519635929317015,5.0,fibonacci,0.01957761436139099,0.9999999999978594
500,2.598458104929249,5.0,fibonacci,0.01947813568725501,0.9999999999984454
500,2.6797460873256913,5.0,fibonacci,0.019375774186879007,1.0000000000038145
500,2.763577014736159,5.0,fibonacci,0.019271034139305507,1.0000000000309721
500,2.850030438518107,5.0,fibonacci,0.019164483604721727,1.0000000000112959
500,2.9391883986468863,5.0,fibonacci,0.019056743687212784,0.9999999999531872
500,3.0311355015675785,5.0,fibonacci,0.01894847350389301,0.9999999999898359
500,3.1259590004822804,5.0,fibonacci,0.0188403511977776,0.9999999999980015
500,3.2237488781490296,5.0,fibonacci,0.018733050864773417,1.0000000000078504
500,3.3245979322709407,5.0,fibonacci,0.018627217718814506,1.0000000000341294
500,3.428601863556586,5.0,fibonacci,0.01852344355352027,0.9999999999673851
500,3.5358593665351785,5.0,fibonacci,0.018422245518366215,0.9999999999619816
500,3.646472223212748,5.0,fibonacci,0.018324053523283392,0.9999999999977053
500,3.760545399658171,5.0,fibonacci,0.01822920975346389,1.0000000000095548
500,3.8781871456107226,5.0,fibonacci,0.018137984357903418,1.0000000000239329
500,3.9995090972036653,5.0,fibonacci,0.018050609165792084,0.9999999999337325
500,4.1246263829013525,5.0,fibonacci,0.017967325638851818,0.9999999999963204
500,4.253657732750387,5.0,fibonacci,0.017888439137750168,1.0000000000009805
500,4.386725591048498,5.0,fibonacci,0.01781436025385518,1.0000000000322697
500,4.523956232538054,5.0,fibonacci,0.017745609452051343,0.9999999999294676
500,4.6654798822344725,5.0,fibonacci,0.01768275212622249,0.9999999999972558
500,4.811430839003259,5.0,fibonacci,0.017626233134585622,1.0000000000188993
500,4.961947603002903,5.0,fibonacci,0.017576085283283322,1.0000000000015352
500,5.117173007114605,5.0,fibonacci,0.01753150791500737,0.9999999999662647
500,5.277254352483538,5.0,fibonacci,0.017490340718850274,0.9999999999941355
500,5.442343548300267,5.0,fibonacci,0.01744849838989831,1.0000000000346432
500,5.612597255954972,5.0,fibonacci,0.017399473823398837,0.9999999999442694
500,5.788177037701274,5.0,fibonacci,0.017334054544160083,0.9999999999931461
500,5.969249509970735,5.0,fibonacci,0.0172404155616178,1.000000000012742
500,6.155986501483509,5.0,fibonacci,0.01710474261346203,0.9999999999907474
500,6.348565216305219,5.0,fibonacci,0.016912485625270028,1.0000000000162874
500,6.547168402004738,5.0,fibonacci,0.016650234723107442,0.9999999999307864
500,6.751984523072503,5.0,fibonacci,0.01630804728353154,0.9999999999911884
500,6.963207939763885,5.0,fibonacci,0.01588185388402555,1.000000000028024
500,7.181039092537351,5.0,fibonacci,0.015375399224304755,0.9999999999906329
500,7.405684692262437,5.0,fibonacci,0.014801119631020085,1.0000000000392795
500,7.637357916378021,5.0,fibonacci,0.014179519149746446,0.9999999999289225
500,7.876278611187057,5.0,fibonacci,0.013536990911290715,1.000000000010731
500,8.122673500479713,5.0,fibonacci,0.012902511541098049,0.9999999999223749
500,8.376776400682918,5.0,fibonacci,0.012303981687074458,1.0000000000034537
500,8.638828442740447,5.0,fibonacci,0.011765000724029704,0.9999999999325974
500,8.909078300934137,5.0,fibonacci,0.011302590204694232,1.0000000000128833
500,9.187782428863335,5.0,fibonacci,0.010926081301189852,0.9999999999835458
500,9.475205302806543,5.0,fibonacci,0.01063724929777658,1.0000000000087856
500,9.771619672696177,5.0,fibonacci,0.010431621780331551,0.9999999999869194
500,10.077306820944612,5.0,fibonacci,0.01030032933607433,0.9999999999217697
500,10.392556829367125,5.0,fibonacci,0.010231175124143767,1.0000000000189668
500,10.71766885445503,5.0,fibonacci,0.010207979388113424,0.9999999999873042
500,11.052951411260215,5.0,fibonacci,0.010209345243992135,0.9999999999416929
500,11.39872266616052,5.0,fibonacci,0.01020977020836472,1.0000000000150786
500,11.755310738783693,5.0,fibonacci,0.010184292061154144,0.9999999999875823
500,12.123054013376523,5.0,fibonacci,0.010113737174917967,0.9999999999854607
500,12.502301459914554,5.0,fibonacci,0.009987324223704795,0.9999999999534319
500,12.89341296525715,5.0,fibonacci,0.009804319115911689,0.9999999999589076
500,13.29675967466212,5.0,fibonacci,0.009578267404863505,0.999999999995573
500,13.712724343984002,5.0,fibonacci,0.009341795068868746,0.9999999999989216
500,14.141701702890233,5.0,fibonacci,0.009145231687145764,1.0000000000039035
500,14.584098829439856,5.0,fibonacci,0.009042816035347132,1.0000000000134432
500,15.040335536380244,5.0,fibonacci,0.009065914120095603,1.0000000000021725
500,15.510844769528397,5.0,fibonacci,0.00920173274855439,0.9999999999974104
500,15.996073018614878,5.0,fibonacci,0.009407312161900638,0.999999999988823
500,16.496480740980207,5.0,fibonacci,0.009644219036169875,0.999999999962246
500,17.012542798525892,5.0,fibonacci,0.009877220854165524,0.9999999999351723
500,17.544748908334597,5.0,fibonacci,0.010042574765554764,0.999999999978109
500,18.093604107387165,5.0,fibonacci,0.010049730606121129,0.9999999999801
500,18.65962923181746,5.0,fibonacci,0.009839101450698098,1.0000000000009992
500,19.2433614111598,5.0,fibonacci,0.009468632849977343,0.9999999999598459
500,19.845354578058032,5.0,fibonacci,0.009128517372321999,0.9999999999803754
500,20.466179993919898,5.0,fibonacci,0.009012178587885854,1.0000000000069276
500,21.106426791015547,5.0,fibonacci,0.009154715151584503,0.9999999999588851
500,21.76670253153459,5.0,fibonacci,0.009506677578106137,0.9999999999964114
500,22.44763378413224,5.0,fibonacci,0.010113000559281911,0.9999999999613379
500,23.14986671851161,5.0,fibonacci,0.01085757105172756,1.0000000000021687
500,23.87406771860647,5.0,fibonacci,0.011280461110282115,0.9999999999771017
500,24.620924014946254,5.0,fibonacci,0.011056519104840758,0.9999999999359253
500,25.39114433680347,5.0,fibonacci,0.010565256148671749,0.999999999987624
500,26.185459584742325,5.0,fibonacci,0.010380905293172432,0.9999999999961143
500,27.00462352420682,5.0,fibonacci,0.01043843359726813,0.9999999999764256
500,27.849413500806442,5.0,fibonacci,0.010667341933550978,0.9999999999738327
500,28.72063117797828,5.0,fibonacci,0.01103384695281551,0.9999999999730089
500,29.619103297725534,5.0,fibonacci,0.010767207780673258,0.999999999977142
500,30.545682465154318,5.0,fibonacci,0.00965361808777006,0.9999999999877534
500,31.50124795755328,5.0,fibonacci,0.008591916272428895,0.9999999999876281
500,32.486706558783744,5.0,fibonacci,0.008013116028192723,0.9999999999137815
500,33.502993419772295,5.0,fibonacci,0.007866018334062108,0.999999999970887
500,34.55107294592218,5.0,fibonacci,0.008099361323191905,1.0000000000067344
500,35.631939712285856,5.0,fibonacci,0.0078701888322257,0.9999999999221212
500,36.7466194073669,5.0,fibonacci,0.007724810984518554,0.9999999999808955
500,37.896169806447176,5.0,fibonacci,0.008791292581641585,0.9999999999586339
500,39.08168177536266,5.0,fibonacci,0.010149157416547252,0.9999999999465788
500,40.30428030568053,5.0,fibonacci,0.01075434628577918,0.9999999999814666
500,41.5651255822599,5.0,fibonacci,0.00988723653866371,0.9999999999681982
500,42.86541408420927,5.0,fibonacci,0.008784556901787699,0.9999999999483781
500,44.20637972028532,5.0,fibonacci,0.009393701303427263,0.9999999999067549
500,45.58929499981062,5.0,fibonacci,0.01103192508600634,0.9999999999602486
500,47.01547224022132,5.0,fibonacci,0.013569981128663132,0.9999999999825228
500,48.48626481239081,5.0,fibonacci,0.017003776844438358,0.9999999999575366
500,50.00306842491092,5.0,fibonacci,0.017301821947768525,0.9999999999494293
500,51.56732244854966,5.0,fibonacci,0.014785671148208246,0.9999999999738879
500,53.180511282142,5.0,fibonacci,0.012035708839809285,0.9999999999518383
500,54.84416576121018,5.0,fibonacci,0.009419520163132593,0.9999999999503043
500,56.55986461065005,5.0,fibonacci,0.008183602463351532,0.999999999973408
500,58.329235942862034,5.0,fibonacci,0.00824795128350811,0.999999999925761
500,60.153958802748356,5.0,fibonacci,0.008551114626469375,0.9999999999471149
500,62.035764761042714,5.0,fibonacci,0.007894640539028787,0.9999999999124307
500,63.97643955748427,5.0,fibonacci,0.0073943161562423755,0.9999999999483956
500,65.97782479539536,5.0,fibonacci,0.007577876650912227,0.9999999999563717
500,68.04181968927098,5.0,fibonacci,0.009799318844451853,0.9999999999257025
500,70.17038286703826,5.0,fibonacci,0.011595872374211856,0.9999999999363123
500,72.36553422869653,5.0,fibonacci,0.011245192897501323,0.9999999999586282
500,74.62935686310134,5.0,fibonacci,0.010466946484272427,0.999999999935826
500,76.96399902471158,5.0,fibonacci,0.007859604935607195,0.9999999998758632
500,79.37167617217551,5.0,fibonacci,0.007744685329006807,0.999999999915553
500,81.8546730706903,5.0,fibonacci,0.008688011742927809,0.9999999998812118
500,84.41534596012986,5.0,fibonacci,0.011241748565422219,0.9999999999262023
500,87.05612479099865,5.0,fibonacci,0.009314097013518017,0.9999999999253594
500,89.77951553033323,5.0,fibonacci,0.008182022335656392,0.9999999999236243
500,92.58810253973955,5.0,fibonacci,0.010534379006361274,0.9999999999175833
500,95.48455102782293,5.0,fibonacci,0.014326787031446858,0.9999999999391279
500,98.47160957933774,5.0,fibonacci,0.0129710075270312,0.9999999998608228
500,101.5521127634568,5.0,fibonacci,0.010524673568740015,0.9999999998856642
500,104.72898382363586,5.0,fibonacci,0.006983364202294131,0.9999999998574702
500,108.00523745162529,5.0,fibonacci,0.00724527897343289,0.9999999998999142
500,111.38398264826195,5.0,fibonacci,0.0084850124894595,0.9999999998877718
500,114.86842567375535,5.0,fibonacci,0.007120660526091316,0.9999999998388271
500,118.46187309026836,5.0,fibonacci,0.008269809926006252,0.9999999998874277
500,122.16773489967919,5.0,fibonacci,0.012797908295251537,0.9999999998200313
500,125.98952777950272,5.0,fibonacci,0.010044917035975818,0.9999999999223892
500,129.93087842004158,5.0,fibonacci,0.007334503025364712,0.9999999998536186
500,133.99552696593383,5.0,fibonacci,0.011693682959026884,0.9999999998703831
500,138.18733056536323,5.0,fibonacci,0.008501258432832825,0.9999999998663874
500,142.5102670302998,5.0,fibonacci,0.012161527410018259,0.9999999998636162
500,146.9684386112446,5.0,fibonacci,0.009750837871493778,0.9999999998539202
500,151.5660758900603,5.0,fibonacci,0.007725245515486834,0.9999999998479777
500,156.30754179458157,5.0,fibonacci,0.008804975595485097,0.9999999997918451
500,161.1973357388157,5.0,fibonacci,0.008885315727131544,0.999999999805552
500,166.2400978926612,5.0,fibonacci,0.008396262660597594,0.9999999997889085
500,171.440613585197,5.0,fibonacci,0.008064173439616339,0.9999999997767809
500,176.8038178457207,5.0,fibonacci,0.009149888151008182,0.9999999998478736
500,182.33480008684404,5.0,fibonacci,0.008684752288367155,0.999999999774721
500,188.03880893409146,5.0,fibonacci,0.006567325948459585,0.9999999997807864
500,193.9212572065829,5.0,fibonacci,0.006239817808195518,0.9999999998417427
500,199.9877270535285,5.0,fibonacci,0.008205943183103689,0.9999999998462337
500,206.24397525140904,5.0,fibonacci,0.007079165159088411,0.999999999809656
500,212.69593866686898,5.0,fibonacci,0.007232145348069849,0.9999999997571969
500,219.3497398905058,5.0,fibonacci,0.007007712393730677,0.9999999997475597
500,226.2116930469024,5.0,fibonacci,0.007281452470404701,0.9999999997297682
500,233.2883097864156,5.0,fibonacci,0.006981223782373795,0.9999999996326916
500,240.58630546440645,5.0,fibonacci,0.006106261510456909,0.9999999996028801
500,248.11260551377677,5.0,fibonacci,0.006715265212034072,0.9999999996480418
500,255.87435201685892,5.0,fibonacci,0.006654028316697154,0.9999999996695459
500,263.87891048289345,5.0,fibonacci,0.006144034723194945,0.9999999997001922
500,272.13387683753086,5.0,fibonacci,0.006552185800598103,0.9999999995365207
500,280.6470846309839,5.0,fibonacci,0.005805345208166261,0.999999999668169
500,289.4266124716752,5.0,fibonacci,0.006244400657900943,0.9999999996115774
500,298.4807916924327,5.0,fibonacci,0.007355710670502991,0.9999999995045977
500,307.81821425650804,5.0,fibonacci,0.007024846882286251,0.9999999996222244
500,317.4477409109193,5.0,fibonacci,0.006801772784453888,0.9999999994214491
500,327.3785095948577,5.0,fibonacci,0.008130393825934936,0.9999999995378197
500,337.61994411113403,5.0,fibonacci,0.006603467326919432,0.9999999995888055
500,348.18176306889666,5.0,fibonacci,0.0070880047928545105,0.9999999993426232
500,359.0739891061055,5.0,fibonacci,0.007312147141299418,0.9999999995050252
500,370.30695840051413,5.0,fibonacci,0.007901738912636307,0.999999999435038
500,381.8913304781854,5.0,fibonacci,0.006687142168006698,0.9999999994207927
500,393.8380983288489,5.0,fibonacci,0.006730633716280246,0.9999999994793837
500,406.158598837698,5.0,fibonacci,0.007434451288240699,0.9999999993521237
500,418.86452354352707,5.0,fibonacci,0.008723437776702467,0.999999999310356
500,431.96792973341735,5.0,fibonacci,0.006462202957330319,0.9999999993379138
500,445.4812518844989,5.0,fibonacci,0.009608791414677286,0.999999999344559
500,459.41731346364764,5.0,fibonacci,0.0070058533486741965,0.9999999992428114
500,473.7893390963144,5.0,fibonacci,0.007412162969345514,0.9999999989348877
500,488.6109671160326,5.0,fibonacci,0.0070451975342734445,0.9999999990582773
500,503.89626250651503,5.0,fibonacci,0.006419520715214227,0.9999999991193016
500,519.6597302486197,5.0,fibonacci,0.007257007734250057,0.9999999986112298
500,535.9163290848514,5.0,fibonacci,0.006063452947409105,0.9999999987588163
500,552.6814857144603,5.0,fibonacci,0.006582505548529096,0.9999999984105796
500,569.9711094326076,5.0,fibonacci,0.00637392745324318,0.9999999988485255
500,587.8016072274912,5.0,fibonacci,0.006311981446359947,0.9999999985149587
500,606.1898993497572,5.0,fibonacci,0.006109940813337712,0.9999999983948137
500,625.1534353689711,5.0,fibonacci,0.006956211289440188,0.999999998467262
500,644.7102107323869,5.0,fibonacci,0.006120768109175907,0.9999999981326355
500,664.8787838417263,5.0,fibonacci,0.006807165633179202,0.9999999979715791
500,685.6782936641738,5.0,fibonacci,0.006348978463385287,0.9999999980979792
500,707.1284778942996,5.0,fibonacci,0.006942884078911486,0.9999999977145775
500,729.2496916841444,5.0,fibonacci,0.006585293234666637,0.9999999975075224
500,752.0629269592407,5.0,fibonacci,0.007240416366641909,0.9999999968409876
500,775.5898323389001,5.0,fibonacci,0.005853991312709916,0.9999999966982794
500,799.8527336796708,5.0,fibonacci,0.006043506590662898,0.9999999969234226
500,824.8746552614581,5.0,fibonacci,0.0060019351902993266,0.999999996727803
500,850.6793416364153,5.0,fibonacci,0.005526894876585156,0.999999996574236
500,877.2912801613356,5.0,fibonacci,0.0060432835338348504,0.9999999965906349
500,904.7357242349293,5.0,fibonacci,0.005707587931913075,0.9999999957098827
500,933.038717262036,5.0,fibonacci,0.005503549138937456,0.9999999952409888
500,962.2271173675134,5.0,fibonacci,0.005639360967620793,0.9999999955224181
500,992.3286228832545,5.0,fibonacci,0.005142191678308032,0.9999999952044769
500,1023.3717986325192,5.0,fibonacci,0.005724870288141805,0.9999999949637313
500,1055.386103036523,5.0,fibonacci,0.005298915128069017,0.9999999949802014
500,1088.4019160690054,5.0,fibonacci,0.005306716062727233,0.9999999946925716
500,1122.4505680853058,5.0,fibonacci,0.005006463421855321,0.9999999939909597
500,1157.5643695533035,5.0,fibonacci,0.005026642029412834,0.99999999309165
500,1193.7766417144358,5.0,fibonacci,0.005555317935091752,0.9999999932861439
500,1231.1217482038908,5.0,fibonacci,0.005274810929334842,0.9999999928051403
500,1269.6351276599742,5.0,fibonacci,0.0049493701734797235,0.9999999925887292
500,1309.353327353611,5.0,fibonacci,0.005686392319275326,0.9999999917267403
500,1350.3140378698736,5.0,fibonacci,0.0053118251806775155,0.9999999918520475
500,1392.5561288744634,5.0,fibonacci,0.005861447739391265,0.999999991436513
500,1436.1196859990787,5.0,fibonacci,0.0048991534942240626,0.9999999903627473
500,1481.0460488806755,5.0,fibonacci,0.005327029485916197,0.9999999909357388
500,1527.377850390714,5.0,fibonacci,0.005281468758596969,0.99999998987827
500,1575.1590570916228,5.0,fibonacci,0.004925199933695716,0.9999999891973367
500,1624.435010958867,5.0,fibonacci,0.005130455434431798,0.9999999890242075
500,1675.2524724082155,5.0,fibonacci,0.005170808580711539,0.9999999879745781
500,1727.6596646690364,5.0,fibonacci,0.004981059401832203,0.9999999883179629
500,1781.7063195457306,5.0,fibonacci,0.004734990865282238,0.9999999869884659
500,1837.4437246107268,5.0,fibonacci,0.005199360039888481,0.9999999869686697
500,1894.9247718738216,5.0,fibonacci,0.005069502516102717,0.9999999864276484
500,1954.2040079740534,5.0,fibonacci,0.004849948152216962,0.9999999853149518
500,2015.337685941733,5.0,fibonacci,0.004810808176445348,0.999999985530322
500,2078.383818579757,5.0,fibonacci,0.004887953063496234,0.9999999848426615
500,2143.4022335148566,5.0,fibonacci,0.0048604232868142,0.9999999831134763
500,2210.4546299710214,5.0,fibonacci,0.004596736207584178,0.9999999824442086
500,2279.6046373189797,5.0,fibonacci,0.005435352211258742,0.9999999816805972
500,2350.9178754572868,5.0,fibonacci,0.004959688261354596,0.9999999818709789
500,2424.462017082328,5.0,fibonacci,0.004577475266385438,0.9999999806051041
500,2500.306851906324,5.0,fibonacci,0.004692559428195303,0.999999980123433
500,2578.524352884274,5.0,fibonacci,0.004810201883748398,0.9999999785196219
500,2659.1887445126936,5.0,fibonacci,0.004444512257979141,0.9999999782341079
500,2742.3765732649495,5.0,fibonacci,0.004960913131179381,0.9999999768969395
500,2828.166780230032,5.0,fibonacci,0.0047372118996781756,0.9999999763830295
500,2916.640776023704,5.0,fibonacci,0.004344403000432971,0.9999999748159657
500,3007.882518043099,5.0,fibonacci,0.0042611279683646384,0.9999999735765236
500,3101.978590138097,5.0,fibonacci,0.004220125716033607,0.9999999733824841
500,3199.018284775064,5.0,fibonacci,0.004582533896472523,0.9999999724338156
500,3299.093687770939,5.0,fibonacci,0.004614971703731466,0.9999999712088443
500,3402.2997656780676,5.0,fibonacci,0.004572136363704683,0.9999999693738494
500,3508.7344559027115,5.0,fibonacci,0.004935321778978083,0.9999999690204864
500,3618.4987596427463,5.0,fibonacci,0.004505606467939759,0.999999967990598
500,3731.6968377327516,5.0,fibonacci,0.004744632510895591,0.9999999666694769
500,3848.436109487429,5.0,fibonacci,0.004471390288638296,0.9999999654142886
500,3968.827354637162,5.0,fibonacci,0.004373707800546669,0.9999999641424112
500,4092.984818452438,5.0,fibonacci,0.0041502277013921295,0.9999999630480533
500,4221.026320156899,5.0,fibonacci,0.0039428346736242684,0.9999999617116426
500,4353.0733647318875,5.0,fibonacci,0.003973932231424462,0.9999999603978613
500,4489.251258218603,5.0,fibonacci,0.004462051230445049,0.9999999579401196
500,4629.689226627263,5.0,fibonacci,0.004174383427573101,0.9999999572249718
500,4774.520538566127,5.0,fibonacci,0.00433015074893792,0.9999999551974621
500,4923.882631706737,5.0,fibonacci,0.0043949480037232275,0.9999999541086415
500,5077.917243205398,5.0,fibonacci,0.0039708559888813845,0.9999999517827248
500,5236.77054420465,5.0,fibonacci,0.004011330486910195,0.9999999506312967
500,5400.593278542368,5.0,fibonacci,0.004350826528025072,0.9999999491876888
500,5569.5409058001305,5.0,fibonacci,0.004209454235281627,0.9999999475199384
500,5743.773748826581,5.0,fibonacci,0.004364640046968828,0.9999999451175567
500,5923.4571458758055,5.0,fibonacci,0.003945398983118367,0.9999999438039776
500,6108.76160750504,5.0,fibonacci,0.004052664955157677,0.9999999418030937
500,6299.862978380694,5.0,fibonacci,0.004189223182494876,0.999999939822549
500,6496.942604146125,5.0,fibonacci,0.0040913344983577495,0.9999999370601266
500,6700.18750350959,5.0,fibonacci,0.003928166758160536,0.9999999356928025
500,6909.790545715645,5.0,fibonacci,0.003994528419325446,0.999999933798087
500,7125.950633568411,5.0,fibonacci,0.0042472253459333855,0.9999999312555674
500,7348.872892180388,5.0,fibonacci,0.003996756115147521,0.9999999282162501
500,7578.76886362593,5.0,fibonacci,0.004307197561522153,0.9999999257469827
500,7815.856707684091,5.0,fibonacci,0.004111019495797931,0.9999999238749038
500,8060.361408861345,5.0,fibonacci,0.0038272695011506946,0.9999999217006288
500,8312.514989890631,5.0,fibonacci,0.0041257707482752004,0.999999918546342
500,8572.556731909324,5.0,fibonacci,0.00408083939511562,0.9999999158254572
500,8840.733401525064,5.0,fibonacci,0.004017453714350335,0.9999999129494322
500,9117.299484984922,5.0,fibonacci,0.003961563394733591,0.9999999101653323
500,9402.517429670132,5.0,fibonacci,0.003813116651764801,0.9999999074711804
500,9696.65789314552,5.0,fibonacci,0.0038951775428580655,0.9999999046217447
500,10000.0,5.0,fibonacci,0.0041529859533773585,0.9999999009813063
500,0.0,5.0,tribonacci,0.08201561019889944,1.0000000000000002
500,1.0,5.0,tribonacci,0.08055652032994187,1.000000000023877
500,1.0312831606721848,5.0,tribonacci,0.08038465316005813,1.0000000003254659
500,1.0635449574860112,5.0,tribonacci,0.08019404062642879,1.0000000009019856
500,1.096816005273138,5.0,tribonacci,0.07998293938629586,1.0000000015034562
500,1.1311278765939214,5.0,tribonacci,0.07974950469816604,1.0000000017170847
500,1.1665131316981963,5.0,tribonacci,0.07949179758472566,1.0000000011846668
500,1.2030053494233244,5.0,tribonacci,0.07920779554922534,0.9999999998942483
500,1.240639159058832,5.0,tribonacci,0.07889540738195992,0.9999999984089051
500,1.2794502732078736,5.0,tribonacci,0.07855249255158779,0.9999999977868883
500,1.3194755216767062,5.0,tribonacci,0.07817688557852917,0.9999999988046363
500,1.3607528864243335,5.0,tribonacci,0.07776642563371504,0.9999999999558244
500,1.403321537605485,5.0,tribonacci,0.07731899479164288,1.0000000000259366
500,1.4472218707411348,5.0,tribonacci,0.0768325630161023,0.9999999999498089
500,1.4924955450518296,5.0,tribonacci,0.07630523788813194,1.0000000001607499
500,1.5391855229902058,5.0,tribonacci,0.07573532330047822,1.0000000008596235
500,1.587336111010209,5.0,tribonacci,0.07512138491436147,1.0000000014210018
500,1.6369930016117025,5.0,tribonacci,0.07446232302701401,1.0000000008731522
500,1.6882033167003634,5.0,tribonacci,0.07375745220308748,0.999999999127566
500,1.7410156523040161,5.0,tribonacci,0.07300658637188348,0.9999999979044144
500,1.7954801246878311,5.0,tribonacci,0.07221012716525768,0.9999999992282588
500,1.8516484179121548,5.0,tribonacci,0.071369153087446,0.9999999999381435
500,1.9095738328780973,5.0,tribonacci,0.07048551765812733,0.9999999999099944
500,1.9693113379074225,5.0,tribonacci,0.06956194233814758,1.0000000000584748
500,2.0309176209047357,5.0,tribonacci,0.06860210825525083,1.0000000003656415
500,2.0944511431514696,5.0,tribonacci,0.06761074603653408,1.0000000001597342
500,2.159972194782718,5.0,tribonacci,0.06659372117490021,0.9999999994388513
500,2.2275429519995575,5.0,tribonacci,0.06555811224799836,0.9999999995473372
500,2.2972275360711523,5.0,tribonacci,0.06451227605074766,0.9999999999086254
500,2.369092074182633,5.0,tribonacci,0.06346589817216847,0.9999999998960921
500,2.4432047621864883,5.0,tribonacci,0.062430016371478554,1.0000000000276297
500,2.519635929317015,5.0,tribonacci,0.06141700018888307,0.9999999999895092
500,2.598458104929249,5.0,tribonacci,0.060440464379464605,0.999999999717497
500,2.6797460873256913,5.0,tribonacci,0.059515082221235395,0.9999999998665314
500,2.763577014736159,5.0,tribonacci,0.05865625675673559,0.9999999998918809
500,2.850030438518107,5.0,tribonacci,0.057879593636775625,1.0000000000016889
500,2.9391883986468863,5.0,tribonacci,0.0572001242032767,1.0000000000048608
500,3.0311355015675785,5.0,tribonacci,0.05663122978893685,0.9999999996217342
500,3.1259590004822804,5.0,tribonacci,0.05618324793289363,0.999999999889093
500,3.2237488781490296,5.0,tribonacci,0.055861803405302966,0.9999999999198697
500,3.3245979322709407,5.0,tribonacci,0.055665982750625544,1.0000000000171683
500,3.428601863556586,5.0,tribonacci,0.05558661705938542,0.9999999996441441
500,3.5358593665351785,5.0,tribonacci,0.05560507525652192,0.9999999998929835
500,3.646472223212748,5.0,tribonacci,0.05569313222429711,1.0000000001697602
500,3.760545399658171,5.0,tribonacci,0.05581456115601047,0.9999999995898132
500,3.8781871456107226,5.0,tribonacci,0.055929066856852054,0.9999999998781481
500,3.9995090972036653,5.0,tribonacci,0.05599890988885771,1.000000000045095
500,4.1246263829013525,5.0,tribonacci,0.05599801021426687,1.0000000004926666
500,4.253657732750387,5.0,tribonacci,0.05592247947179133,0.9999999985718243
500,4.386725591048498,5.0,tribonacci,0.05580053415927111,0.9999999998491128
500,4.523956232538054,5.0,tribonacci,0.055698926645486105,1.000000000222466
500,4.6654798822344725,5.0,tribonacci,0.055722801692872526,0.9999999993744192
500,4.811430839003259,5.0,tribonacci,0.056006691644100215,0.9999999998570515
500,4.961947603002903,5.0,tribonacci,0.056696275044285135,0.9999999997875796
500,5.117173007114605,5.0,tribonacci,0.05792310592960879,0.9999999998420237
500,5.277254352483538,5.0,tribonacci,0.05977672796897948,0.9999999999099243
500,5.442343548300267,5.0,tribonacci,0.06227911060576984,0.9999999998114958
500,5.612597255954972,5.0,tribonacci,0.06536458572124935,0.9999999999440015
500,5.788177037701274,5.0,tribonacci,0.06886551992564777,0.9999999996190457
500,5.969249509970735,5.0,tribonacci,0.07250294877888354,0.9999999998365497
500,6.155986501483509,5.0,tribonacci,0.07588571845963617,0.999999999626197
500,6.348565216305219,5.0,tribonacci,0.07853085578978533,0.9999999998289305
500,6.547168402004738,5.0,tribonacci,0.0799238700110692,0.9999999996347724
500,6.751984523072503,5.0,tribonacci,0.07962758083599948,0.9999999998030731
500,6.963207939763885,5.0,tribonacci,0.07741730088684928,0.999999998928649
500,7.181039092537351,5.0,tribonacci,0.07338742244681412,1.0000000006215126
500,7.405684692262437,5.0,tribonacci,0.06797472851579138,0.9999999987787197
500,7.637357916378021,5.0,tribonacci,0.061890001137570545,1.0000000002140572
500,7.876278611187057,5.0,tribonacci,0.05599944007147229,0.9999999997580846
500,8.122673500479713,5.0,tribonacci,0.05118859474283005,0.9999999995636305
500,8.376776400682918,5.0,tribonacci,0.0481791640237532,0.9999999999592625
500,8.638828442740447,5.0,tribonacci,0.04725377978820529,0.9999999997638152
500,8.909078300934137,5.0,tribonacci,0.04796586787422257,0.9999999990009575
500,9.187782428863335,5.0,tribonacci,0.049110720667104445,1.000000000297725
500,9.475205302806543,5.0,tribonacci,0.04926942446739749,0.9999999999496276
500,9.771619672696177,5.0,tribonacci,0.04784898110102278,0.9999999997024605
500,10.077306820944612,5.0,tribonacci,0.04586077801740618,0.9999999997026823
500,10.392556829367125,5.0,tribonacci,0.04551396617224677,0.9999999996845811
500,10.71766885445503,5.0,tribonacci,0.04870184034854113,0.9999999996577
500,11.052951411260215,5.0,tribonacci,0.05568484026877545,0.9999999995800476
500,11.39872266616052,5.0,tribonacci,0.06492823742064212,0.9999999993799055
500,11.755310738783693,5.0,tribonacci,0.07351921654522864,0.9999999991727047
500,12.123054013376523,5.0,tribonacci,0.07774267453129419,0.9999999986825345
500,12.502301459914554,5.0,tribonacci,0.07494001532679105,0.9999999978634239
500,12.89341296525715,5.0,tribonacci,0.06593170763382909,0.9999999996592426
500,13.29675967466212,5.0,tribonacci,0.05482738316634569,0.9999999996576663
500,13.712724343984002,5.0,tribonacci,0.04663515481874539,0.9999999997681598
500,14.141701702890233,5.0,tribonacci,0.04460350344958282,0.9999999996553616
500,14.584098829439856,5.0,tribonacci,0.04701916986033936,0.9999999996515575
500,15.040335536380244,5.0,tribonacci,0.04789557478822315,0.9999999998912491
500,15.510844769528397,5.0,tribonacci,0.04511403782872594,0.9999999996455621
500,15.996073018614878,5.0,tribonacci,0.04481400067292829,0.9999999996348737
500,16.496480740980207,5.0,tribonacci,0.05303046793838474,0.9999999997934199
500,17.012542798525892,5.0,tribonacci,0.0677347312332259,0.9999999994556594
500,17.544748908334597,5.0,tribonacci,0.08004357603785717,1.0000000001378553
500,18.093604107387165,5.0,tribonacci,0.08006391232507899,0.9999999987365136
500,18.65962923181746,5.0,tribonacci,0.06808261209444555,0.9999999999455113
500,19.2433614111598,5.0,tribonacci,0.05574329197684346,0.9999999995795356
500,19.845354578058032,5.0,tribonacci,0.052291327717153786,0.9999999996982787
500,20.466179993919898,5.0,tribonacci,0.052596092129853715,0.9999999997519934
500,21.106426791015547,5.0,tribonacci,0.05041451816748889,0.9999999995530298
500,21.76670253153459,5.0,tribonacci,0.0534564796289614,0.9999999995487834
500,22.44763378413224,5.0,tribonacci,0.06533057218178505,0.9999999995647226
500,23.14986671851161,5.0,tribonacci,0.07531688200786613,0.9999999995727394
500,23.87406771860647,5.0,tribonacci,0.07350536011047033,0.999999999564716
500,24.620924014946254,5.0,tribonacci,0.06537957834981165,0.9999999995402086
500,25.39114433680347,5.0,tribonacci,0.05900507121982996,0.9999999995701555
500,26.185459584742325,5.0,tribonacci,0.05406062869369104,0.9999999997630962
500,27.00462352420682,5.0,tribonacci,0.051569009582732285,0.9999999992937364
500,27.849413500806442,5.0,tribonacci,0.05365317398259392,0.9999999995300982
500,28.72063117797828,5.0,tribonacci,0.057633064165295275,0.999999999594054
500,29.619103297725534,5.0,tribonacci,0.06149453484221594,0.9999999995412966
500,30.545682465154318,5.0,tribonacci,0.062322594538709225,0.9999999996853317
500,31.50124795755328,5.0,tribonacci,0.05354165594438489,0.9999999995172528
500,32.486706558783744,5.0,tribonacci,0.04427215776841052,0.9999999995171048
500,33.502993419772295,5.0,tribonacci,0.04415455296163091,0.999999998893929
500,34.55107294592218,5.0,tribonacci,0.04602613860139651,0.9999999993146825
500,35.631939712285856,5.0,tribonacci,0.061446954694224884,0.9999999991076626
500,36.7466194073669,5.0,tribonacci,0.06193601458183601,0.9999999994599469
500,37.896169806447176,5.0,tribonacci,0.043900289993433476,0.9999999994588131
500,39.08168177536266,5.0,tribonacci,0.046428028240878993,0.9999999992390292
500,40.30428030568053,5.0,tribonacci,0.04803401926096884,0.9999999994414072
500,41.5651255822599,5.0,tribonacci,0.07616220725260266,0.9999999994115686
500,42.86541408420927,5.0,tribonacci,0.053272413778701476,0.9999999992548376
500,44.20637972028532,5.0,tribonacci,0.04661732060602744,0.9999999989596133
500,45.58929499981062,5.0,tribonacci,0.040823969764841046,0.9999999993155223
500,47.01547224022132,5.0,tribonacci,0.07146247944022963,0.9999999993233316
500,48.48626481239081,5.0,tribonacci,0.05030905361963429,0.9999999995122358
500,50.00306842491092,5.0,tribonacci,0.042986453178998,1.0000000004165832
500,51.56732244854966,5.0,tribonacci,0.03741920339492931,0.999999999188374
500,53.180511282142,5.0,tribonacci,0.060649028492303414,0.9999999982164949
500,54.84416576121018,5.0,tribonacci,0.03654898280247878,0.9999999995626366
500,56.55986461065005,5.0,tribonacci,0.03774539640254414,0.9999999990816602
500,58.329235942862034,5.0,tribonacci,0.06157959620445981,0.9999999986497777
500,60.153958802748356,5.0,tribonacci,0.04575323904575709,0.9999999991026779
500,62.035764761042714,5.0,tribonacci,0.042142232309594914,0.9999999994695637
500,63.97643955748427,5.0,tribonacci,0.05612286675266526,0.9999999990691119
500,65.97782479539536,5.0,tribonacci,0.05140705937722833,0.9999999988633194
500,68.04181968927098,5.0,tribonacci,0.043545712209881106,0.9999999988944932
500,70.17038286703826,5.0,tribonacci,0.04345027969006513,0.9999999990244982
500,72.36553422869653,5.0,tribonacci,0.04458457289032613,0.9999999991434639
500,74.62935686310134,5.0,tribonacci,0.04168612548283544,0.9999999992141152
500,76.96399902471158,5.0,tribonacci,0.050495081797594356,0.999999999217998
500,79.37167617217551,5.0,tribonacci,0.04127119788069906,0.999999999251258
500,81.8546730706903,5.0,tribonacci,0.04738334783677234,0.9999999990265976
500,84.41534596012986,5.0,tribonacci,0.04571244162249132,0.9999999991905539
500,87.05612479099865,5.0,tribonacci,0.05628571990396938,0.999999998062576
500,89.77951553033323,5.0,tribonacci,0.03226273177663042,0.9999999985011354
500,92.58810253973955,5.0,tribonacci,0.06175354625947748,0.9999999989451732
500,95.48455102782293,5.0,tribonacci,0.04335816961603611,0.9999999981511059
500,98.47160957933774,5.0,tribonacci,0.04078639170235254,0.9999999980845746
500,101.5521127634568,5.0,tribonacci,0.03997296221255011,0.9999999983839146
500,104.72898382363586,5.0,tribonacci,0.03619867159371097,0.9999999967401928
500,108.00523745162529,5.0,tribonacci,0.03431740901251711,0.9999999976325216
500,111.38398264826195,5.0,tribonacci,0.027272566377123487,0.9999999976916699
500,114.86842567375535,5.0,tribonacci,0.046554200353378095,0.9999999972021857
500,118.46187309026836,5.0,tribonacci,0.028541199226834443,0.9999999966357945
500,122.16773489967919,5.0,tribonacci,0.04485750413367038,0.999999996854124
500,125.98952777950272,5.0,tribonacci,0.03325688626288,0.9999999968805529
500,129.93087842004158,5.0,tribonacci,0.029756076053265232,0.9999999971247716
500,133.99552696593383,5.0,tribonacci,0.03059385494365437,0.9999999967188092
500,138.18733056536323,5.0,tribonacci,0.026429865417027094,0.9999999965937291
500,142.5102670302998,5.0,tribonacci,0.02820103360513324,0.9999999965885026
500,146.9684386112446,5.0,tribonacci,0.025472762265630864,0.9999999960433297
500,151.5660758900603,5.0,tribonacci,0.026781274515988926,0.9999999952367916
500,156.30754179458157,5.0,tribonacci,0.024018004896939938,0.9999999958447536
500,161.1973357388157,5.0,tribonacci,0.030434650529700773,0.9999999963280598
500,166.2400978926612,5.0,tribonacci,0.027601347019367874,0.9999999953578336
500,171.440613585197,5.0,tribonacci,0.023311428945521413,0.9999999955110195
500,176.8038178457207,5.0,tribonacci,0.02203806116317397,0.9999999956931436
500,182.33480008684404,5.0,tribonacci,0.02537385732213482,0.9999999953397103
500,188.03880893409146,5.0,tribonacci,0.020896462576654735,0.9999999948127061
500,193.9212572065829,5.0,tribonacci,0.02013902245297725,0.9999999940127657
500,199.9877270535285,5.0,tribonacci,0.023815913215825067,0.999999994751286
500,206.24397525140904,5.0,tribonacci,0.024983066252760065,0.9999999944256862
500,212.69593866686898,5.0,tribonacci,0.024718514878121975,0.9999999947118501
500,219.3497398905058,5.0,tribonacci,0.02139068295147204,0.9999999948790309
500,226.2116930469024,5.0,tribonacci,0.024884447125236894,0.9999999938921169
500,233.2883097864156,5.0,tribonacci,0.021275648275396367,0.9999999941723097
500,240.58630546440645,5.0,tribonacci,0.028048884045639,0.9999999933961623
500,248.11260551377677,5.0,tribonacci,0.0338921913490256,0.9999999936095151
500,255.87435201685892,5.0,tribonacci,0.02270885587736566,0.9999999930955727
500,263.87891048289345,5.0,tribonacci,0.029916351173178694,0.99999999268343
500,272.13387683753086,5.0,tribonacci,0.024708650399123174,0.9999999917918981
500,280.6470846309839,5.0,tribonacci,0.021407737465163546,0.9999999924945238
500,289.4266124716752,5.0,tribonacci,0.01925816515329824,0.9999999923189793
500,298.4807916924327,5.0,tribonacci,0.02097287235302513,0.9999999923076455
500,307.81821425650804,5.0,tribonacci,0.021188606306104942,0.9999999921428527
500,317.4477409109193,5.0,tribonacci,0.02163435771888557,0.9999999915375798
500,327.3785095948577,5.0,tribonacci,0.02019052985819319,0.9999999903769247
500,337.61994411113403,5.0,tribonacci,0.019540713001742625,0.9999999909294358
500,348.18176306889666,5.0,tribonacci,0.02026284051342018,0.9999999904925143
500,359.0739891061055,5.0,tribonacci,0.017395219596109554,0.9999999908636105
500,370.30695840051413,5.0,tribonacci,0.01758934943291417,0.9999999899232642
500,381.8913304781854,5.0,tribonacci,0.01854400533052909,0.99999998979978
500,393.8380983288489,5.0,tribonacci,0.021969041517948183,0.999999989371546
500,406.158598837698,5.0,tribonacci,0.02471875168402146,0.9999999890866702
500,418.86452354352707,5.0,tribonacci,0.022863628195425922,0.9999999876312189
500,431.96792973341735,5.0,tribonacci,0.019382770527901483,0.9999999884783306
500,445.4812518844989,5.0,tribonacci,0.019652471760967835,0.9999999877566277
500,459.41731346364764,5.0,tribonacci,0.021040217866690896,0.9999999872152787
500,473.7893390963144,5.0,tribonacci,0.016763853713088965,0.9999999867991274
500,488.6109671160326,5.0,tribonacci,0.027643588768375093,0.9999999865158931
500,503.89626250651503,5.0,tribonacci,0.02042401840045575,0.9999999860383639
500,519.6597302486197,5.0,tribonacci,0.014599552245678365,0.9999999859694646
500,535.9163290848514,5.0,tribonacci,0.01584566499363988,0.9999999851440944
500,552.6814857144603,5.0,tribonacci,0.017711260430201874,0.9999999834785962
500,569.9711094326076,5.0,tribonacci,0.01615452268017491,0.99999998487059
500,587.8016072274912,5.0,tribonacci,0.017215124882574675,0.9999999833729257
500,606.1898993497572,5.0,tribonacci,0.017168423117888472,0.9999999836671426
500,625.1534353689711,5.0,tribonacci,0.018212746465009106,0.9999999833668686
500,644.7102107323869,5.0,tribonacci,0.01715126903939832,0.9999999828601526
500,664.8787838417263,5.0,tribonacci,0.02120350746124435,0.9999999822984768
500,685.6782936641738,5.0,tribonacci,0.015065055022249974,0.99999998176154
500,707.1284778942996,5.0,tribonacci,0.0163247105339944,0.9999999812872638
500,729.2496916841444,5.0,tribonacci,0.021570219434014645,0.9999999798944563
500,752.0629269592407,5.0,tribonacci,0.014899433993087059,0.9999999793281069
500,775.5898323389001,5.0,tribonacci,0.013647240318660723,0.9999999798490157
500,799.8527336796708,5.0,tribonacci,0.013962814626267639,0.9999999782973606
500,824.8746552614581,5.0,tribonacci,0.01746131586664733,0.99999997802987
500,850.6793416364153,5.0,tribonacci,0.01821095666736821,0.9999999780334737
500,877.2912801613356,5.0,tribonacci,0.014452591938874553,0.9999999773537658
500,904.7357242349293,5.0,tribonacci,0.014858304451568084,0.9999999760409589
500,933.038717262036,5.0,tribonacci,0.015785586017959003,0.9999999751819708
500,962.2271173675134,5.0,tribonacci,0.014443011073322893,0.9999999740367361
500,992.3286228832545,5.0,tribonacci,0.012756749469762014,0.9999999732160656
500,1023.3717986325192,5.0,tribonacci,0.014883238555850274,0.9999999729571358
500,1055.386103036523,5.0,tribonacci,0.013367852040458728,0.9999999721059524
500,1088.4019160690054,5.0,tribonacci,0.014282767342646264,0.9999999706434575
500,1122.4505680853058,5.0,tribonacci,0.010437821058347901,0.9999999708544156
500,1157.5643695533035,5.0,tribonacci,0.012252044907712605,0.9999999701146429
500,1193.7766417144358,5.0,tribonacci,0.010240034267133125,0.9999999689580887
500,1231.1217482038908,5.0,tribonacci,0.010320960223131373,0.9999999686812877
500,1269.6351276599742,5.0,tribonacci,0.010252708421340198,0.999999967138962
500,1309.353327353611,5.0,tribonacci,0.01284330778793754,0.9999999672016764
500,1350.3140378698736,5.0,tribonacci,0.009710700307173487,0.9999999663674651
500,1392.5561288744634,5.0,tribonacci,0.011130596538966562,0.9999999654954365
500,1436.1196859990787,5.0,tribonacci,0.009850510860235355,0.999999964615969
500,1481.0460488806755,5.0,tribonacci,0.010994196892096346,0.9999999630539721
500,1527.377850390714,5.0,tribonacci,0.010329297803107677,0.999999961998271
500,1575.1590570916228,5.0,tribonacci,0.015544457432073912,0.9999999598718822
500,1624.435010958867,5.0,tribonacci,0.01211658344789187,0.9999999582751302
500,1675.2524724082155,5.0,tribonacci,0.01078171138856292,0.9999999573121322
500,1727.6596646690364,5.0,tribonacci,0.013008749893013722,0.9999999548354488
500,1781.7063195457306,5.0,tribonacci,0.011546254807930765,0.9999999543267477
500,1837.4437246107268,5.0,tribonacci,0.011383601310121427,0.9999999513321489
500,1894.9247718738216,5.0,tribonacci,0.010228564397361029,0.9999999504737419
500,1954.2040079740534,5.0,tribonacci,0.00979892799420484,0.9999999498190655
500,2015.337685941733,5.0,tribonacci,0.012007670879619507,0.9999999448729623
500,2078.383818579757,5.0,tribonacci,0.011141001838016959,0.9999999458798889
500,2143.4022335148566,5.0,tribonacci,0.009048954989111823,0.9999999427631753
500,2210.4546299710214,5.0,tribonacci,0.0102740503328529,0.9999999407699685
500,2279.6046373189797,5.0,tribonacci,0.00978522696705837,0.9999999393012885
500,2350.9178754572868,5.0,tribonacci,0.009115595192611644,0.9999999377246599
500,2424.462017082328,5.0,tribonacci,0.010344109856028466,0.9999999352910763
500,2500.306851906324,5.0,tribonacci,0.010168394631042544,0.9999999329306505
500,2578.524352884274,5.0,tribonacci,0.01041439839040705,0.9999999284946536
500,2659.1887445126936,5.0,tribonacci,0.015006644352954235,0.9999999256911031
500,2742.3765732649495,5.0,tribonacci,0.010850470433155924,0.9999999260325355
500,2828.166780230032,5.0,tribonacci,0.009405726385716436,0.9999999244940555
500,2916.640776023704,5.0,tribonacci,0.009356369325681405,0.9999999214013261
500,3007.882518043099,5.0,tribonacci,0.012015890489220082,0.9999999185366651
500,3101.978590138097,5.0,tribonacci,0.011550870872660825,0.9999999155243352
500,3199.018284775064,5.0,tribonacci,0.011064406838767244,0.9999999121295756
500,3299.093687770939,5.0,tribonacci,0.009497853847257683,0.9999999088256214
500,3402.2997656780676,5.0,tribonacci,0.008834621356265922,0.9999999069087776
500,3508.7344559027115,5.0,tribonacci,0.00780366615801534,0.9999999037906948
500,3618.4987596427463,5.0,tribonacci,0.010790220225734904,0.9999998999562605
500,3731.6968377327516,5.0,tribonacci,0.009329982859982483,0.9999998970226764
500,3848.436109487429,5.0,tribonacci,0.008135435791174145,0.9999998929882309
500,3968.827354637162,5.0,tribonacci,0.011696488998421234,0.9999998889458076
500,4092.984818452438,5.0,tribonacci,0.009849573506004967,0.9999998865658356
500,4221.026320156899,5.0,tribonacci,0.00854098251663749,0.9999998813395247
500,4353.0733647318875,5.0,tribonacci,0.010466759019772311,0.9999998783408066
500,4489.251258218603,5.0,tribonacci,0.009070588969747577,0.9999998739623321
500,4629.689226627263,5.0,tribonacci,0.009562213051171827,0.9999998710509868
500,4774.520538566127,5.0,tribonacci,0.007625509953410847,0.9999998679000884
500,4923.882631706737,5.0,tribonacci,0.009160867016516092,0.9999998645023765
500,5077.917243205398,5.0,tribonacci,0.009301074261175938,0.9999998608744768
500,5236.77054420465,5.0,tribonacci,0.008868330673310245,0.9999998565444709
500,5400.593278542368,5.0,tribonacci,0.008690585152100104,0.9999998530342021
500,5569.5409058001305,5.0,tribonacci,0.008665632852637703,0.999999848841319
500,5743.773748826581,5.0,tribonacci,0.009833462584390084,0.9999998450478029
500,5923.4571458758055,5.0,tribonacci,0.00749752665344822,0.9999998391997318
500,6108.76160750504,5.0,tribonacci,0.008843903574131768,0.9999998355791567
500,6299.862978380694,5.0,tribonacci,0.007456569068690787,0.9999998304693632
500,6496.942604146125,5.0,tribonacci,0.008674003135844698,0.9999998271753459
500,6700.18750350959,5.0,tribonacci,0.008021971911206372,0.9999998218755296
500,6909.790545715645,5.0,tribonacci,0.00776785997323363,0.999999816381396
500,7125.950633568411,5.0,tribonacci,0.007603641013089329,0.9999998122629529
500,7348.872892180388,5.0,tribonacci,0.00764691988773001,0.9999998083524433
500,7578.76886362593,5.0,tribonacci,0.007079105085273562,0.9999998051006255
500,7815.856707684091,5.0,tribonacci,0.007280480259452408,0.9999997995673351
500,8060.361408861345,5.0,tribonacci,0.007131038667223791,0.9999997952281141
500,8312.514989890631,5.0,tribonacci,0.007149966058759078,0.9999997911001228
500,8572.556731909324,5.0,tribonacci,0.00692655649375697,0.9999997853779214
500,8840.733401525064,5.0,tribonacci,0.006236030578488638,0.9999997811315927
500,9117.299484984922,5.0,tribonacci,0.005788418752279219,0.9999997763324647
500,9402.517429670132,5.0,tribonacci,0.006454485035592529,0.9999997705061899
500,9696.65789314552,5.0,tribonacci,0.006128019432154977,0.9999997656051297
500,10000.0,5.0,tribonacci,0.006415833783057216,0.9999997612573024
1000,0.0,0.5,fibonacci,0.010802718160829386,1.0
1000,1.0,0.5,fibonacci,0.010802786728925996,1.0000000000002636
1000,1.0312831606721848,0.5,fibonacci,0.010802783517197066,1.0000000000004492
1000,1.0635449574860112,0.5,fibonacci,0.01080277926143435,1.0000000000006304
1000,1.096816005273138,0.5,fibonacci,0.010802773813233283,1.0000000000007516
1000,1.1311278765939214,0.5,fibonacci,0.010802767008955948,1.000000000000754
1000,1.1665131316981963,0.5,fibonacci,0.01080275866882502,1.0000000000005915
1000,1.2030053494233244,0.5,fibonacci,0.010802748596088737,1.000000000000251
1000,1.240639159058832,0.5,fibonacci,0.010802736576290183,0.9999999999997743
1000,1.2794502732078736,0.5,fibonacci,0.010802722376679043,0.9999999999992703
1000,1.3194755216767062,0.5,fibonacci,0.01080270574580818,0.9999999999989072
1000,1.3607528864243335,0.5,fibonacci,0.010802686413360582,0.9999999999988675
1000,1.403321537605485,0.5,fibonacci,0.010802664090253484,0.9999999999992396
1000,1.4472218707411348,0.5,fibonacci,0.010802638469064312,0.9999999999998206
1000,1.4924955450518296,0.5,fibonacci,0.010802609224907027,0.999999999999985
1000,1.5391855229902058,0.5,fibonacci,0.010802576017642703,1.000000000000008
1000,1.587336111010209,0.5,fibonacci,0.010802538493571247,0.9999999999999734
1000,1.6369930016117025,0.5,fibonacci,0.010802496288305197,0.9999999999999716
1000,1.6882033167003634,0.5,fibonacci,0.010802449030582523,1.000000000000114
1000,1.7410156523040161,0.5,fibonacci,0.01080239634693314,1.0000000000004021
1000,1.7954801246878311,0.5,fibonacci,0.010802337867371958,1.0000000000006843
1000,1.8516484179121548,0.5,fibonacci,0.010802273232207412,1.0000000000007148
1000,1.9095738328780973,0.5,fibonacci,0.01080220210003863,1.0000000000003137
1000,1.9693113379074225,0.5,fibonacci,0.0108021241569891,0.9999999999995638
1000,2.0309176209047357,0.5,fibonacci,0.010802039127186693,0.999999999998914
1000,2.0944511431514696,0.5,fibonacci,0.010801946784444722,0.9999999999989849
1000,2.159972194782718,0.5,fibonacci,0.010801846965020578,0.9999999999997938
1000,2.2275429519995575,0.5,fibonacci,0.010801739581311172,0.9999999999999903
1000,2.2972275360711523,0.5,fibonacci,0.010801624636921857,0.9999999999999629
1000,2.369092074182633,0.5,fibonacci,0.010801502241564646,0.9999999999999835
1000,2.4432047621864883,0.5,fibonacci,0.010801372626501453,1.0000000000003395
1000,2.519635929317015,0.5,fibonacci,0.010801236160056368,1.000000000000789
1000,2.598458104929249,0.5,fibonacci,0.010801093362163025,1.0000000000006604
1000,2.6797460873256913,0.5,fibonacci,0.010800944917471715,0.9999999999996657
1000,2.763577014736159,0.5,fibonacci,0.010800791686672253,0.9999999999986964
1000,2.850030438518107,0.5,fibonacci,0.010800634715937993,0.9999999999992303
1000,2.9391883986468863,0.5,fibonacci,0.010800475244630197,0.9999999999999579
1000,3.0311355015675785,0.5,fibonacci,0.010800314707210445,0.9999999999999358
1000,3.1259590004822804,0.5,fibonacci,0.010800154731606285,1.0000000000000722
1000,3.2237488781490296,0.5,fibonacci,0.010799997135045366,1.000000000000657
1000,3.3245979322709407,0.5,fibonacci,0.010799843914702576,1.0000000000006095
1000,3.428601863556586,0.5,fibonacci,0.010799697231544836,0.9999999999992982
1000,3.5358593665351785,0.5,fibonacci,0.010799559387625357,0.9999999999987857
1000,3.646472223212748,0.5,fibonacci,0.010799432799611522,0.9999999999999237
1000,3.760545399658171,0.5,fibonacci,0.010799319962614436,0.9999999999999122
1000,3.8781871456107226,0.5,fibonacci,0.010799223393417828,1.0000000000001998
1000,3.9995090972036653,0.5,fibonacci,0.01079914556428964,1.0000000000007183
1000,4.1246263829013525,0.5,fibonacci,0.01079908880676669,0.9999999999996303
1000,4.253657732750387,0.5,fibonacci,0.010799055175797953,0.9999999999988461
1000,4.386725591048498,0.5,fibonacci,0.010799046268210735,0.9999999999999315
1000,4.523956232538054,0.5,fibonacci,0.010799062976273931,0.9999999999999056
1000,4.6654798822344725,0.5,fibonacci,0.010799105149944305,1.000000000000671
1000,4.811430839003259,0.5,fibonacci,0.010799171169097555,1.0000000000001539
1000,4.961947603002903,0.5,fibonacci,0.010799257400491036,0.9999999999985509
1000,5.117173007114605,0.5,fibonacci,0.010799357544710094,0.9999999999999127
1000,5.277254352483538,0.5,fibonacci,0.01079946189219033,0.9999999999999406
1000,5.442343548300267,0.5,fibonacci,0.01079955651941986,1.000000000000855
1000,5.612597255954972,0.5,fibonacci,0.010799622508068284,0.9999999999990719
1000,5.788177037701274,0.5,fibonacci,0.010799635296093032,0.9999999999996362
1000,5.969249509970735,0.5,fibonacci,0.010799564302539439,0.9999999999998475
1000,6.155986501483509,0.5,fibonacci,0.010799373020568584,1.0000000000006823
1000,6.348565216305219,0.5,fibonacci,0.010799019765351985,0.9999999999990172
1000,6.547168402004738,0.5,fibonacci,0.010798459278278865,0.9999999999998453
1000,6.751984523072503,0.5,fibonacci,0.01079764529531105,0.9999999999999752
1000,6.963207939763885,0.5,fibonacci,0.010796534138293777,1.0000000000004354
1000,7.181039092537351,0.5,fibonacci,0.010795089174868207,0.9999999999988362
1000,7.405684692262437,0.5,fibonacci,0.010793285844325838,0.9999999999998077
1000,7.637357916378021,0.5,fibonacci,0.010791116689728276,1.0000000000007472
1000,7.876278611187057,0.5,fibonacci,0.010788595715672346,0.9999999999984819
1000,8.122673500479713,0.5,fibonacci,0.010785761251931173,0.9999999999997934
1000,8.376776400682918,0.5,fibonacci,0.010782676572567734,1.000000000000702
1000,8.638828442740447,0.5,fibonacci,0.010779427764408664,0.9999999999987363
1000,8.909078300934137,0.5,fibonacci,0.01077611866180742,0.9999999999998129
1000,9.187782428863335,0.5,fibonacci,0.010772863125465307,1.0000000000000633
1000,9.475205302806543,0.5,fibonacci,0.010769775225751746,0.9999999999997662
1000,9.771619672696177,0.5,fibonacci,0.010766957960732848,1.0000000000004978
1000,10.077306820944612,0.5,fibonacci,0.010764490870515212,0.9999999999984512
1000,10.392556829367125,0.5,fibonacci,0.010762416499376428,0.9999999999998239
1000,10.71766885445503,0.5,fibonacci,0.010760725745802113,0.9999999999989629
1000,11.052951411260215,0.5,fibonacci,0.010759343188494397,0.9999999999997063
1000,11.39872266616052,0.5,fibonacci,0.010758116272779297,0.999999999999948
1000,11.755310738783693,0.5,fibonacci,0.010756815756164821,0.9999999999997294
1000,12.123054013376523,0.5,fibonacci,0.010755157239719459,1.000000000000145
1000,12.502301459914554,0.5,fibonacci,0.010752851412120764,0.9999999999996921
1000,12.89341296525715,0.5,fibonacci,0.01074968146448217,0.9999999999994978
1000,13.29675967466212,0.5,fibonacci,0.010745591162344767,0.9999999999996368
1000,13.712724343984002,0.5,fibonacci,0.010740753099258664,0.9999999999981402
1000,14.141701702890233,0.5,fibonacci,0.010735583711964482,1.0000000000000666
1000,14.584098829439856,0.5,fibonacci,0.010730686078485699,0.9999999999990469
1000,15.040335536380244,0.5,fibonacci,0.010726728561875147,1.0000000000004412
1000,15.510844769528397,0.5,fibonacci,0.010724290267536397,0.999999999999558
1000,15.996073018614878,0.5,fibonacci,0.010723707160079688,0.9999999999981849
1000,16.496480740980207,0.5,fibonacci,0.01072493929695401,1.000000000000541
1000,17.012542798525892,0.5,fibonacci,0.010727480109878408,0.9999999999995187
1000,17.544748908334597,0.5,fibonacci,0.010730369042753565,0.9999999999985925
1000,18.093604107387165,0.5,fibonacci,0.010732414069997864,0.9999999999993339
1000,18.65962923181746,0.5,fibonacci,0.010732675243804292,1.0000000000002163
1000,19.2433614111598,0.5,fibonacci,0.010731048655797751,0.9999999999994753
1000,19.845354578058032,0.5,fibonacci,0.010728573906539512,0.9999999999994312
1000,20.466179993919898,0.5,fibonacci,0.010727153412209194,0.9999999999975959
1000,21.106426791015547,0.5,fibonacci,0.010728751682606803,0.9999999999987206
1000,21.76670253153459,0.5,fibonacci,0.010734445300105777,0.9999999999997595
1000,22.44763378413224,0.5,fibonacci,0.01074365642146513,1.0000000000008404
1000,23.14986671851161,0.5,fibonacci,0.010753909540778518,1.0000000000002622
1000,23.87406771860647,0.5,fibonacci,0.01076172970723251,0.9999999999999791
1000,24.620924014946254,0.5,fibonacci,0.0107648956020094,1.0000000000002436
1000,25.39114433680347,0.5,fibonacci,0.010764599693525403,1.0000000000008562
1000,26.185459584742325,0.5,fibonacci,0.01076520726633284,1.0000000000001406
1000,27.00462352420682,0.5,fibonacci,0.010771252491029714,0.9999999999991125
1000,27.849413500806442,0.5,fibonacci,0.010783765910786407,0.99999999999728
1000,28.72063117797828,0.5,fibonacci,0.01079838103309226,0.9999999999983906
1000,29.619103297725534,0.5,fibonacci,0.010807563096592192,0.9999999999990797
1000,30.545682465154318,0.5,fibonacci,0.010807426973987224,1.0000000000000284
1000,31.50124795755328,0.5,fibonacci,0.010803089729516303,0.9999999999984821
1000,32.486706558783744,0.5,fibonacci,0.010804741700124144,0.9999999999989957
1000,33.502993419772295,0.5,fibonacci,0.010816719333271088,0.9999999999999543
1000,34.55107294592218,0.5,fibonacci,0.010830260929076851,0.9999999999971321
1000,35.631939712285856,0.5,fibonacci,0.010829967211626261,0.9999999999989589
1000,36.7466194073669,0.5,fibonacci,0.010813084493721953,0.9999999999970658
1000,37.896169806447176,0.5,fibonacci,0.010796075589660496,0.9999999999989037
1000,39.08168177536266,0.5,fibonacci,0.010791751790256683,0.9999999999973163
1000,40.30428030568053,0.5,fibonacci,0.010785917723052202,0.9999999999998074
1000,41.5651255822599,0.5,fibonacci,0.010751476239854719,0.999999999998634
1000,42.86541408420927,0.5,fibonacci,0.010692558846959365,0.9999999999968708
1000,44.20637972028532,0.5,fibonacci,0.010642263582039072,0.9999999999979313
1000,45.58929499981062,0.5,fibonacci,0.010604442833906453,0.9999999999999456
1000,47.01547224022132,0.5,fibonacci,0.010542159838438703,0.9999999999992285
1000,48.48626481239081,0.5,fibonacci,0.01045342325189568,0.9999999999986208
1000,50.00306842491092,0.5,fibonacci,0.010390823160737027,0.9999999999987847
1000,51.56732244854966,0.5,fibonacci,0.010360214551552172,0.9999999999987222
1000,53.180511282142,0.5,fibonacci,0.010312286276505387,0.9999999999998549
1000,54.84416576121018,0.5,fibonacci,0.010268291923247058,0.999999999997597
1000,56.55986461065005,0.5,fibonacci,0.010280862709461878,0.9999999999970843
1000,58.329235942862034,0.5,fibonacci,0.010299965063113552,0.9999999999981461
1000,60.153958802748356,0.5,fibonacci,0.010291784245422356,0.9999999999974166
1000,62.035764761042714,0.5,fibonacci,0.010318613359377973,0.9999999999977266
1000,63.97643955748427,0.5,fibonacci,0.01033017597014313,0.9999999999963992
1000,65.97782479539536,0.5,fibonacci,0.010268214645358606,0.999999999998073
1000,68.04181968927098,0.5,fibonacci,0.010214140660051895,0.999999999997523
1000,70.17038286703826,0.5,fibonacci,0.010107684542751728,0.999999999995976
1000,72.36553422869653,0.5,fibonacci,0.00996512139136498,0.9999999999957782
1000,74.62935686310134,0.5,fibonacci,0.00986329299071546,0.9999999999962566
1000,76.96399902471158,0.5,fibonacci,0.009731824790309264,0.9999999999952692
1000,79.37167617217551,0.5,fibonacci,0.00966833147563402,0.9999999999953345
1000,81.8546730706903,0.5,fibonacci,0.009606478706361781,0.9999999999967696
1000,84.41534596012986,0.5,fibonacci,0.009584777075728936,0.9999999999986118
1000,87.05612479099865,0.5,fibonacci,0.009579259690881142,0.9999999999965491
1000,89.77951553033323,0.5,fibonacci,0.009581319113703484,0.9999999999971203
1000,92.58810253973955,0.5,fibonacci,0.009608377576497755,0.9999999999968985
1000,95.48455102782293,0.5,fibonacci,0.009624677813186381,0.9999999999961426
1000,98.47160957933774,0.5,fibonacci,0.009632846709133041,0.9999999999960684
1000,101.5521127634568,0.5,fibonacci,0.009592280613747263,0.9999999999958379
1000,104.72898382363586,0.5,fibonacci,0.009470455489200703,0.9999999999964196
1000,108.00523745162529,0.5,fibonacci,0.00935243875885903,0.99999999999509
1000,111.38398264826195,0.5,fibonacci,0.009223815253998409,0.9999999999953435
1000,114.86842567375535,0.5,fibonacci,0.009277600839054321,0.9999999999939548
1000,118.46187309026836,0.5,fibonacci,0.009427486718368716,0.999999999995357
1000,122.16773489967919,0.5,fibonacci,0.009638912451361534,0.9999999999952334
1000,125.98952777950272,0.5,fibonacci,0.009800391372225383,0.9999999999933837
1000,129.93087842004158,0.5,fibonacci,0.009745465359519302,0.9999999999946089
1000,133.99552696593383,0.5,fibonacci,0.009584154532389755,0.9999999999950151
1000,138.18733056536323,0.5,fibonacci,0.009544930349350453,0.9999999999942477
1000,142.5102670302998,0.5,fibonacci,0.009692754398144333,0.9999999999940596
1000,146.9684386112446,0.5,fibonacci,0.009928979660551313,0.9999999999938712
1000,151.5660758900603,0.5,fibonacci,0.010165147493920475,0.9999999999943647
1000,156.30754179458157,0.5,fibonacci,0.01038436369015946,0.9999999999920213
1000,161.1973357388157,0.5,fibonacci,0.010509640974949372,0.9999999999941884
1000,166.2400978926612,0.5,fibonacci,0.010450534460917496,0.9999999999930406
1000,171.440613585197,0.5,fibonacci,0.010398485071400499,0.9999999999932072
1000,176.8038178457207,0.5,fibonacci,0.010717992196145842,0.9999999999932931
1000,182.33480008684404,0.5,fibonacci,0.011337477227669574,0.9999999999923362
1000,188.03880893409146,0.5,fibonacci,0.01156803899595232,0.9999999999905467
1000,193.9212572065829,0.5,fibonacci,0.01127532484400936,0.9999999999906093
1000,199.9877270535285,0.5,fibonacci,0.01122212781359602,0.9999999999915039
1000,206.24397525140904,0.5,fibonacci,0.011608346715894294,0.9999999999898344
1000,212.69593866686898,0.5,fibonacci,0.012027196654614835,0.9999999999921455
1000,219.3497398905058,0.5,fibonacci,0.012246958169981326,0.9999999999917191
1000,226.2116930469024,0.5,fibonacci,0.012000750249345256,0.9999999999889005
1000,233.2883097864156,0.5,fibonacci,0.011764380352474143,0.9999999999909511
1000,240.58630546440645,0.5,fibonacci,0.01238222987628697,0.9999999999909533
1000,248.11260551377677,0.5,fibonacci,0.012659977634538005,0.9999999999866314
1000,255.87435201685892,0.5,fibonacci,0.011838548955384588,0.9999999999899369
1000,263.87891048289345,0.5,fibonacci,0.011609821382848383,0.9999999999885828
1000,272.13387683753086,0.5,fibonacci,0.01191311445026539,0.9999999999894215
1000,280.6470846309839,0.5,fibonacci,0.011495335361692994,0.9999999999876714
1000,289.4266124716752,0.5,fibonacci,0.010372490215880763,0.9999999999871059
1000,298.4807916924327,0.5,fibonacci,0.010046406165215738,0.9999999999873722
1000,307.81821425650804,0.5,fibonacci,0.009869724137962476,0.9999999999862808
1000,317.4477409109193,0.5,fibonacci,0.008507603456709152,0.999999999985686
1000,327.3785095948577,0.5,fibonacci,0.00823800265861245,0.9999999999828879
1000,337.61994411113403,0.5,fibonacci,0.00800055105498426,0.9999999999825508
1000,348.18176306889666,0.5,fibonacci,0.0072738056339316255,0.9999999999840441
1000,359.0739891061055,0.5,fibonacci,0.007399202263789857,0.9999999999835197
1000,370.30695840051413,0.5,fibonacci,0.007557017970516418,0.9999999999842077
1000,381.8913304781854,0.5,fibonacci,0.007418528099230884,0.9999999999835315
1000,393.8380983288489,0.5,fibonacci,0.008229671727341674,0.9999999999816741
1000,406.158598837698,0.5,fibonacci,0.00848346579203592,0.9999999999807814
1000,418.86452354352707,0.5,fibonacci,0.009059046375077678,0.9999999999815044
1000,431.96792973341735,0.5,fibonacci,0.009031104560793467,0.9999999999813723
1000,445.4812518844989,0.5,fibonacci,0.008605939128915809,0.9999999999790722
1000,459.41731346364764,0.5,fibonacci,0.008076071416196007,0.9999999999781798
1000,473.7893390963144,0.5,fibonacci,0.0068838081064773885,0.9999999999733163
1000,488.6109671160326,0.5,fibonacci,0.006729125077033266,0.9999999999765684
1000,503.89626250651503,0.5,fibonacci,0.006227038482456735,0.9999999999758501
1000,519.6597302486197,0.5,fibonacci,0.006487745313738546,0.9999999999727213
1000,535.9163290848514,0.5,fibonacci,0.006661019881955047,0.9999999999740501
1000,552.6814857144603,0.5,fibonacci,0.007529404073381119,0.9999999999733034
1000,569.9711094326076,0.5,fibonacci,0.008600830766212052,0.9999999999715208
1000,587.8016072274912,0.5,fibonacci,0.00919207828227222,0.9999999999724193
1000,606.1898993497572,0.5,fibonacci,0.010168853105196267,0.9999999999703443
1000,625.1534353689711,0.5,fibonacci,0.009881860052719318,0.9999999999675808
1000,644.7102107323869,0.5,fibonacci,0.009748253411960676,0.9999999999677279
1000,664.8787838417263,0.5,fibonacci,0.009663893316892077,0.999999999969205
1000,685.6782936641738,0.5,fibonacci,0.008796247458534572,0.999999999966373
1000,707.1284778942996,0.5,fibonacci,0.008198377051938446,0.9999999999653885
1000,729.2496916841444,0.5,fibonacci,0.008194260420153037,0.9999999999644779
1000,752.0629269592407,0.5,fibonacci,0.00816591655241032,0.9999999999613185
1000,775.5898323389001,0.5,fibonacci,0.00793472961104093,0.9999999999642823
1000,799.8527336796708,0.5,fibonacci,0.00786358885601518,0.9999999999610262
1000,824.8746552614581,0.5,fibonacci,0.00810941417606692,0.9999999999584487
1000,850.6793416364153,0.5,fibonacci,0.00831366995818778,0.9999999999592262
1000,877.2912801613356,0.5,fibonacci,0.0088770904809106,0.9999999999575218
1000,904.7357242349293,0.5,fibonacci,0.009788492711495126,0.9999999999569384
1000,933.038717262036,0.5,fibonacci,0.010123846070408287,0.9999999999546367
1000,962.2271173675134,0.5,fibonacci,0.010578169932351002,0.9999999999526106
1000,992.3286228832545,0.5,fibonacci,0.010907934400319669,0.999999999949211
1000,1023.3717986325192,0.5,fibonacci,0.011299482665607926,0.9999999999469601
1000,1055.386103036523,0.5,fibonacci,0.010695652603622218,0.9999999999476978
1000,1088.4019160690054,0.5,fibonacci,0.009516884024140332,0.999999999946115
1000,1122.4505680853058,0.5,fibonacci,0.008357390720119089,0.9999999999448999
1000,1157.5643695533035,0.5,fibonacci,0.007682980784868915,0.9999999999423609
1000,1193.7766417144358,0.5,fibonacci,0.007810988779264775,0.99999999994044
1000,1231.1217482038908,0.5,fibonacci,0.0076262123296628155,0.999999999939813
1000,1269.6351276599742,0.5,fibonacci,0.007224928386875679,0.9999999999343223
1000,1309.353327353611,0.5,fibonacci,0.008277557460946938,0.9999999999326389
1000,1350.3140378698736,0.5,fibonacci,0.00947663215956747,0.9999999999328965
1000,1392.5561288744634,0.5,fibonacci,0.009246893733536701,0.9999999999318024
1000,1436.1196859990787,0.5,fibonacci,0.008476399712051948,0.9999999999295753
1000,1481.0460488806755,0.5,fibonacci,0.007348771114387757,0.9999999999261115
1000,1527.377850390714,0.5,fibonacci,0.007213531821230006,0.9999999999226596
1000,1575.1590570916228,0.5,fibonacci,0.00711548568504693,0.9999999999192049
1000,1624.435010958867,0.5,fibonacci,0.008288432552160092,0.999999999917002
1000,1675.2524724082155,0.5,fibonacci,0.00914007110259047,0.9999999999143865
1000,1727.6596646690364,0.5,fibonacci,0.009021980078978723,0.9999999999137904
1000,1781.7063195457306,0.5,fibonacci,0.009022863573793711,0.9999999999108862
1000,1837.4437246107268,0.5,fibonacci,0.008225289093345455,0.9999999999078586
1000,1894.9247718738216,0.5,fibonacci,0.008067459613052963,0.9999999999045682
1000,1954.2040079740534,0.5,fibonacci,0.009538929313658065,0.9999999999014677
1000,2015.337685941733,0.5,fibonacci,0.009560658407748066,0.9999999998984856
1000,2078.383818579757,0.5,fibonacci,0.00993497171522537,0.9999999998951271
1000,2143.4022335148566,0.5,fibonacci,0.010232852451798915,0.9999999998884782
1000,2210.4546299710214,0.5,fibonacci,0.012513427967191789,0.9999999998897844
1000,2279.6046373189797,0.5,fibonacci,0.009360094807286579,0.9999999998843602
1000,2350.9178754572868,0.5,fibonacci,0.011067798002822331,0.9999999998783293
1000,2424.462017082328,0.5,fibonacci,0.008862062434077616,0.9999999998739734
1000,2500.306851906324,0.5,fibonacci,0.009526966277219804,0.9999999998702894
1000,2578.524352884274,0.5,fibonacci,0.008383752679396162,0.9999999998664889
1000,2659.1887445126936,0.5,fibonacci,0.010378462883872813,0.9999999998626048
1000,2742.3765732649495,0.5,fibonacci,0.00856492942976042,0.9999999998531024
1000,2828.166780230032,0.5,fibonacci,0.0063199907839547155,0.9999999998508675
1000,2916.640776023704,0.5,fibonacci,0.007111009169415767,0.9999999998463188
1000,3007.882518043099,0.5,fibonacci,0.009381830363008029,0.9999999998387588
1000,3101.978590138097,0.5,fibonacci,0.009461720387381179,0.9999999998289169
1000,3199.018284775064,0.5,fibonacci,0.01126034410001604,0.999999999827663
1000,3299.093687770939,0.5,fibonacci,0.014603937942142873,0.9999999998203526
1000,3402.2997656780676,0.5,fibonacci,0.008974703091410866,0.9999999998121916
1000,3508.7344559027115,0.5,fibonacci,0.007973944885071157,0.9999999998069934
1000,3618.4987596427463,0.5,fibonacci,0.006927435632249811,0.9999999997980845
1000,3731.6968377327516,0.5,fibonacci,0.006143505985006737,0.9999999997912133
1000,3848.436109487429,0.5,fibonacci,0.007723789388152623,0.9999999997820573
1000,3968.827354637162,0.5,fibonacci,0.01321689576689757,0.999999999772666
1000,4092.984818452438,0.5,fibonacci,0.009985658400434113,0.9999999997658082
1000,4221.026320156899,0.5,fibonacci,0.008880969825083115,0.9999999997566358
1000,4353.0733647318875,0.5,fibonacci,0.00823810469491939,0.999999999742836
1000,4489.251258218603,0.5,fibonacci,0.01121550361059208,0.999999999738099
1000,4629.689226627263,0.5,fibonacci,0.007330082457757134,0.9999999997253806
1000,4774.520538566127,0.5,fibonacci,0.00789339981363993,0.9999999997083624
1000,4923.882631706737,0.5,fibonacci,0.008913751517007613,0.9999999996957246
1000,5077.917243205398,0.5,fibonacci,0.006298212352371242,0.9999999996709102
1000,5236.77054420465,0.5,fibonacci,0.005887175339653715,0.9999999996524618
1000,5400.593278542368,0.5,fibonacci,0.00736416114011432,0.9999999996264578
1000,5569.5409058001305,0.5,fibonacci,0.010506179432492477,0.9999999996034781
1000,5743.773748826581,0.5,fibonacci,0.011267948522975003,0.9999999995769145
1000,5923.4571458758055,0.5,fibonacci,0.006727469187085256,0.9999999995488785
1000,6108.76160750504,0.5,fibonacci,0.007623878350954916,0.9999999995208015
1000,6299.862978380694,0.5,fibonacci,0.007497014874692498,0.9999999994883415
1000,6496.942604146125,0.5,fibonacci,0.007479184177107717,0.9999999994584852
1000,6700.18750350959,0.5,fibonacci,0.007990199761631789,0.9999999994254118
1000,6909.790545715645,0.5,fibonacci,0.006275475129504612,0.9999999993716132
1000,7125.950633568411,0.5,fibonacci,0.008952692893379655,0.9999999992996615
1000,7348.872892180388,0.5,fibonacci,0.006596784509704397,0.9999999992186748
1000,7578.76886362593,0.5,fibonacci,0.006561674021624106,0.999999999142859
1000,7815.856707684091,0.5,fibonacci,0.006271777774857017,0.9999999990562553
1000,8060.361408861345,0.5,fibonacci,0.0074827840265209,0.9999999989559707
1000,8312.514989890631,0.5,fibonacci,0.005278400758621288,0.9999999988608271
1000,8572.556731909324,0.5,fibonacci,0.006379588740858267,0.9999999987434534
1000,8840.733401525064,0.5,fibonacci,0.006934993483225406,0.9999999986206382
1000,9117.299484984922,0.5,fibonacci,0.006562566190466273,0.9999999984379648
1000,9402.517429670132,0.5,fibonacci,0.0065496715525170356,0.9999999982871287
1000,9696.65789314552,0.5,fibonacci,0.006067777576040879,0.9999999980913397
1000,10000.0,0.5,fibonacci,0.005796172304046792,0.9999999978856771
1000,0.0,0.5,tribonacci,0.0410088225794245,1.0
1000,1.0,0.5,tribonacci,0.04100692967495014,1.000000000002146
1000,1.0312831606721848,0.5,tribonacci,0.04100670032456797,1.0000000000015834
1000,1.0635449574860112,0.5,tribonacci,0.041006444493842095,1.0000000000005025
1000,1.096816005273138,0.5,tribonacci,0.041006159379948386,0.9999999999990562
1000,1.1311278765939214,0.5,tribonacci,0.041005841932914996,0.9999999999976013
1000,1.1665131316981963,0.5,tribonacci,0.04100548884360561,0.9999999999966647
1000,1.2030053494233244,0.5,tribonacci,0.04100509653318436,0.9999999999967805
1000,1.240639159058832,0.5,tribonacci,0.04100466114458132,0.9999999999981135
1000,1.2794502732078736,0.5,tribonacci,0.04100417853652936,0.9999999999997631
1000,1.3194755216767062,0.5,tribonacci,0.0410036442818924,1.0000000000000098
1000,1.3607528864243335,0.5,tribonacci,0.04100305367394448,1.0000000000000426
1000,1.403321537605485,0.5,tribonacci,0.041002401731968875,0.9999999999999181
1000,1.4472218707411348,0.5,tribonacci,0.04100168321783465,0.9999999999999793
1000,1.4924955450518296,0.5,tribonacci,0.04100089266024251,1.00000000000054
1000,1.5391855229902058,0.5,tribonacci,0.04100002438864727,1.0000000000015234
1000,1.587336111010209,0.5,tribonacci,0.040999072578601685,1.0000000000023739
1000,1.6369930016117025,0.5,tribonacci,0.040998031310201646,1.000000000002297
1000,1.6882033167003634,0.5,tribonacci,0.040996894641343457,1.000000000000787
1000,1.7410156523040161,0.5,tribonacci,0.040995656697456515,0.9999999999982423
1000,1.7954801246878311,0.5,tribonacci,0.04099431177921879,0.9999999999962472
1000,1.8516484179121548,0.5,tribonacci,0.04099285448944551,0.9999999999968119
1000,1.9095738328780973,0.5,tribonacci,0.04099127987979846,0.9999999999995743
1000,1.9693113379074225,0.5,tribonacci,0.04098958361857263,1.0000000000000335
1000,2.0309176209047357,0.5,tribonacci,0.0409877621851609,0.9999999999999052
1000,2.0944511431514696,0.5,tribonacci,0.04098581307838878,1.0000000000000273
1000,2.159972194782718,0.5,tribonacci,0.04098373504869815,1.0000000000013316
1000,2.2275429519995575,0.5,tribonacci,0.040981528348658446,1.0000000000029146
1000,2.2972275360711523,0.5,tribonacci,0.04097919499686245,1.0000000000024567
1000,2.369092074182633,0.5,tribonacci,0.0409767390513186,0.9999999999989279
1000,2.4432047621864883,0.5,tribonacci,0.04097416688792835,0.9999999999953223
1000,2.519635929317015,0.5,tribonacci,0.04097148747952083,0.9999999999969702
1000,2.598458104929249,0.5,tribonacci,0.040968712670777674,0.9999999999999046
1000,2.6797460873256913,0.5,tribonacci,0.040965857428913226,0.9999999999998743
1000,2.763577014736159,0.5,tribonacci,0.04096294007076581,1.0000000000001925
1000,2.850030438518107,0.5,tribonacci,0.040959982467345876,1.0000000000024833
1000,2.9391883986468863,0.5,tribonacci,0.04095701021477729,1.0000000000031812
1000,3.0311355015675785,0.5,tribonacci,0.040954052757157716,0.9999999999985573
1000,3.1259590004822804,0.5,tribonacci,0.040951143465540324,0.9999999999944216
1000,3.2237488781490296,0.5,tribonacci,0.04094831969707391,0.9999999999993285
1000,3.3245979322709407,0.5,tribonacci,0.040945622846925815,0.9999999999998653
1000,3.428601863556586,0.5,tribonacci,0.04094309830620959,1.0000000000001699
1000,3.5358593665351785,0.5,tribonacci,0.04094079546710538,1.0000000000025746
1000,3.646472223212748,0.5,tribonacci,0.040938767699429696,1.0000000000007598
1000,3.760545399658171,0.5,tribonacci,0.04093707227157163,0.9999999999953164
1000,3.8781871456107226,0.5,tribonacci,0.040935770215786337,0.9999999999995528
1000,3.9995090972036653,0.5,tribonacci,0.040934926124387205,0.9999999999997162
1000,4.1246263829013525,0.5,tribonacci,0.04093460759046775,1.0000000000011702
1000,4.253657732750387,0.5,tribonacci,0.040934884326796775,1.0000000000022813
1000,4.386725591048498,0.5,tribonacci,0.04093582660699961,0.9999999999958409
1000,4.523956232538054,0.5,tribonacci,0.04093750274122256,0.9999999999994198
1000,4.6654798822344725,0.5,tribonacci,0.0409399753648855,0.9999999999996166
1000,4.811430839003259,0.5,tribonacci,0.04094329601214554,1.00000000000277
1000,4.961947603002903,0.5,tribonacci,0.040947497866980966,1.0000000000011375
1000,5.117173007114605,0.5,tribonacci,0.04095258646563017,0.9999999999934074
1000,5.277254352483538,0.5,tribonacci,0.040958528532034535,0.9999999999998006
1000,5.442343548300267,0.5,tribonacci,0.040965239546421076,1.0000000000009863
1000,5.612597255954972,0.5,tribonacci,0.04097257108655007,1.000000000002636
1000,5.788177037701274,0.5,tribonacci,0.04098029977783541,0.9999999999932399
1000,5.969249509970735,0.5,tribonacci,0.04098812023995943,0.9999999999996071
1000,6.155986501483509,0.5,tribonacci,0.040995644840468595,1.0000000000014553
1000,6.348565216305219,0.5,tribonacci,0.041002413476936096,0.9999999999975397
1000,6.547168402004738,0.5,tribonacci,0.041007915987489894,0.9999999999995135
1000,6.751984523072503,0.5,tribonacci,0.041011628754512156,1.0000000000005422
1000,6.963207939763885,0.5,tribonacci,0.04101306529856781,0.999999999998516
1000,7.181039092537351,0.5,tribonacci,0.041011837828465,0.9999999999994829
1000,7.405684692262437,0.5,tribonacci,0.041007723832398445,1.000000000001264
1000,7.637357916378021,0.5,tribonacci,0.0410007291591323,0.9999999999967754
1000,7.876278611187057,0.5,tribonacci,0.04099113735501069,0.999999999999525
1000,8.122673500479713,0.5,tribonacci,0.04097953527389413,1.0000000000026115
1000,8.376776400682918,0.5,tribonacci,0.04096680752568554,0.9999999999937464
1000,8.638828442740447,0.5,tribonacci,0.04095409634581651,0.9999999999992695
1000,8.909078300934137,0.5,tribonacci,0.040942728404601926,0.999999999999682
1000,9.187782428863335,0.5,tribonacci,0.04093411279176824,0.9999999999993777
1000,9.475205302806543,0.5,tribonacci,0.0409296143392656,1.0000000000020566
1000,9.771619672696177,0.5,tribonacci,0.04093040235926823,0.9999999999990518
1000,10.077306820944612,0.5,tribonacci,0.040937270519067814,1.0000000000022975
1000,10.392556829367125,0.5,tribonacci,0.04095042593566887,0.9999999999969462
1000,10.71766885445503,0.5,tribonacci,0.040969261338385125,1.0000000000020048
1000,11.052951411260215,0.5,tribonacci,0.040992157913710935,0.9999999999967516
1000,11.39872266616052,0.5,tribonacci,0.04101640706724426,1.0000000000018454
1000,11.755310738783693,0.5,tribonacci,0.04103836503112317,0.999999999999053
1000,12.123054013376523,0.5,tribonacci,0.04105393197074904,1.0000000000003364
1000,12.502301459914554,0.5,tribonacci,0.04105935749625422,0.9999999999989398
1000,12.89341296525715,0.5,tribonacci,0.04105223069392933,0.9999999999945197
1000,13.29675967466212,0.5,tribonacci,0.041032372644750514,1.0000000000017526
1000,13.712724343984002,0.5,tribonacci,0.04100229781226987,0.9999999999989955
1000,14.141701702890233,0.5,tribonacci,0.04096700531547278,0.9999999999962852
1000,14.584098829439856,0.5,tribonacci,0.04093307361638686,1.0000000000008653
1000,15.040335536380244,0.5,tribonacci,0.04090724638101058,0.999999999998863
1000,15.510844769528397,0.5,tribonacci,0.0408947980412148,0.9999999999943752
1000,15.996073018614878,0.5,tribonacci,0.040897981330982894,1.0000000000008102
1000,16.496480740980207,0.5,tribonacci,0.040914947439001814,1.0000000000000777
1000,17.012542798525892,0.5,tribonacci,0.04093974938415195,0.9999999999985995
1000,17.544748908334597,0.5,tribonacci,0.04096407033450844,0.9999999999986311
1000,18.093604107387165,0.5,tribonacci,0.04098064174601163,0.9999999999950814
1000,18.65962923181746,0.5,tribonacci,0.04098696357529155,0.9999999999947108
1000,19.2433614111598,0.5,tribonacci,0.04098696248680634,0.9999999999982242
1000,19.845354578058032,0.5,tribonacci,0.040988882290399396,0.9999999999994301
1000,20.466179993919898,0.5,tribonacci,0.040999883643291456,1.000000000000015
1000,21.106426791015547,0.5,tribonacci,0.04101994449450878,1.0000000000005635
1000,21.76670253153459,0.5,tribonacci,0.0410386451628563,0.9999999999997037
1000,22.44763378413224,0.5,tribonacci,0.04103850487270254,0.9999999999973369
1000,23.14986671851161,0.5,tribonacci,0.0410063136434844,0.9999999999943269
1000,23.87406771860647,0.5,tribonacci,0.04094689953288353,0.9999999999953773
1000,24.620924014946254,0.5,tribonacci,0.040886798139273074,0.9999999999981778
1000,25.39114433680347,0.5,tribonacci,0.040859866143648615,0.9999999999984001
1000,26.185459584742325,0.5,tribonacci,0.040882512017599106,1.0000000000013813
1000,27.00462352420682,0.5,tribonacci,0.04093717891003627,0.9999999999933601
1000,27.849413500806442,0.5,tribonacci,0.04098201060749808,0.9999999999979162
1000,28.72063117797828,0.5,tribonacci,0.04098898659162868,1.0000000000011713
1000,29.619103297725534,0.5,tribonacci,0.04097609290980078,0.9999999999935711
1000,30.545682465154318,0.5,tribonacci,0.040986383104461774,0.9999999999985072
1000,31.50124795755328,0.5,tribonacci,0.04102566374716578,0.9999999999924905
1000,32.486706558783744,0.5,tribonacci,0.04103279174158216,0.9999999999985189
1000,33.502993419772295,0.5,tribonacci,0.04094431245666344,0.9999999999961446
1000,34.55107294592218,0.5,tribonacci,0.04080614868582537,0.9999999999997451
1000,35.631939712285856,0.5,tribonacci,0.04076191906297138,0.9999999999974101
1000,36.7466194073669,0.5,tribonacci,0.04087862894549303,0.9999999999971365
1000,37.896169806447176,0.5,tribonacci,0.04102709226611091,0.9999999999930244
1000,39.08168177536266,0.5,tribonacci,0.041024568476746674,0.9999999999970044
1000,40.30428030568053,0.5,tribonacci,0.0409049466949278,0.9999999999990741
1000,41.5651255822599,0.5,tribonacci,0.04086303288164825,0.9999999999992396
1000,42.86541408420927,0.5,tribonacci,0.04091646258704168,0.9999999999987107
1000,44.20637972028532,0.5,tribonacci,0.04087552667312121,0.9999999999956929
1000,45.58929499981062,0.5,tribonacci,0.04073154110013883,0.9999999999925681
1000,47.01547224022132,0.5,tribonacci,0.04073051246267754,0.9999999999965163
1000,48.48626481239081,0.5,tribonacci,0.040904783269568624,0.9999999999982304
1000,50.00306842491092,0.5,tribonacci,0.04097637727453912,0.9999999999925566
1000,51.56732244854966,0.5,tribonacci,0.04083346229594419,0.999999999996029
1000,53.180511282142,0.5,tribonacci,0.04063060426205264,0.9999999999931877
1000,54.84416576121018,0.5,tribonacci,0.04056084221710941,0.9999999999969056
1000,56.55986461065005,0.5,tribonacci,0.04076141064508954,0.999999999995687
1000,58.329235942862034,0.5,tribonacci,0.04085534157919177,0.9999999999916483
1000,60.153958802748356,0.5,tribonacci,0.040544516817791115,0.9999999999963866
1000,62.035764761042714,0.5,tribonacci,0.0405709971917235,0.9999999999976525
1000,63.97643955748427,0.5,tribonacci,0.04062240603264394,0.9999999999969006
1000,65.97782479539536,0.5,tribonacci,0.04023457216698152,0.9999999999940483
1000,68.04181968927098,0.5,tribonacci,0.04064392541308899,0.9999999999897675
1000,70.17038286703826,0.5,tribonacci,0.04051582393592743,0.9999999999945153
1000,72.36553422869653,0.5,tribonacci,0.03999852457486058,0.9999999999955272
1000,74.62935686310134,0.5,tribonacci,0.0404025437915087,0.9999999999943016
1000,76.96399902471158,0.5,tribonacci,0.04002593300964431,0.9999999999915277
1000,79.37167617217551,0.5,tribonacci,0.04022623386717803,0.9999999999963826
1000,81.8546730706903,0.5,tribonacci,0.03980414103475914,0.9999999999942905
1000,84.41534596012986,0.5,tribonacci,0.03982192075446933,0.9999999999939023
1000,87.05612479099865,0.5,tribonacci,0.0397510804500899,0.9999999999953502
1000,89.77951553033323,0.5,tribonacci,0.039622376989402006,0.9999999999933825
1000,92.58810253973955,0.5,tribonacci,0.03927678000927928,0.9999999999926944
1000,95.48455102782293,0.5,tribonacci,0.03939199915884452,0.999999999994981
1000,98.47160957933774,0.5,tribonacci,0.03900940305887806,0.9999999999923868
1000,101.5521127634568,0.5,tribonacci,0.03893376398199893,0.9999999999889687
1000,104.72898382363586,0.5,tribonacci,0.03867064199675229,0.9999999999871256
1000,108.00523745162529,0.5,tribonacci,0.0384535843892934,0.9999999999894456
1000,111.38398264826195,0.5,tribonacci,0.03830469281954467,0.9999999999913046
1000,114.86842567375535,0.5,tribonacci,0.03791489277614376,0.999999999990712
1000,118.46187309026836,0.5,tribonacci,0.03774595254154934,0.999999999991317
1000,122.16773489967919,0.5,tribonacci,0.03747132915920346,0.9999999999907371
1000,125.98952777950272,0.5,tribonacci,0.037131184164594926,0.9999999999904597
1000,129.93087842004158,0.5,tribonacci,0.036848155600002756,0.9999999999900507
1000,133.99552696593383,0.5,tribonacci,0.0364996695242285,0.9999999999923577
1000,138.18733056536323,0.5,tribonacci,0.03625040817565812,0.9999999999896506
1000,142.5102670302998,0.5,tribonacci,0.0358333710495972,0.9999999999857256
1000,146.9684386112446,0.5,tribonacci,0.03554731717037757,0.9999999999849412
1000,151.5660758900603,0.5,tribonacci,0.03515728567427742,0.9999999999877518
1000,156.30754179458157,0.5,tribonacci,0.03486958105131552,0.9999999999888803
1000,161.1973357388157,0.5,tribonacci,0.03452235735792571,0.9999999999847173
1000,166.2400978926612,0.5,tribonacci,0.03428996183159893,0.9999999999867616
1000,171.440613585197,0.5,tribonacci,0.033882402909546645,0.9999999999846912
1000,176.8038178457207,0.5,tribonacci,0.03379659462597827,0.9999999999868417
1000,182.33480008684404,0.5,tribonacci,0.03339502019028031,0.9999999999858276
1000,188.03880893409146,0.5,tribonacci,0.03330307403075177,0.9999999999888195
1000,193.9212572065829,0.5,tribonacci,0.03299256506322272,0.9999999999868244
1000,199.9877270535285,0.5,tribonacci,0.032688694488074224,0.9999999999849349
1000,206.24397525140904,0.5,tribonacci,0.03273367195513603,0.9999999999815504
1000,212.69593866686898,0.5,tribonacci,0.032774931780896056,0.9999999999800242
1000,219.3497398905058,0.5,tribonacci,0.03286891822530146,0.9999999999835211
1000,226.2116930469024,0.5,tribonacci,0.03297325052754561,0.9999999999788572
1000,233.2883097864156,0.5,tribonacci,0.03328524379081747,0.9999999999781439
1000,240.58630546440645,0.5,tribonacci,0.03363503389439228,0.999999999981753
1000,248.11260551377677,0.5,tribonacci,0.03400426224026364,0.9999999999785096
1000,255.87435201685892,0.5,tribonacci,0.034835916172343585,0.9999999999802817
1000,263.87891048289345,0.5,tribonacci,0.03535240077569206,0.9999999999819453
1000,272.13387683753086,0.5,tribonacci,0.03622022496359353,0.9999999999792785
1000,280.6470846309839,0.5,tribonacci,0.03723194964768071,0.999999999980574
1000,289.4266124716752,0.5,tribonacci,0.0382251555643034,0.9999999999780645
1000,298.4807916924327,0.5,tribonacci,0.03944513895245196,0.9999999999772679
1000,307.81821425650804,0.5,tribonacci,0.04050518731646085,0.9999999999726654
1000,317.4477409109193,0.5,tribonacci,0.041746926021436086,0.9999999999723757
1000,327.3785095948577,0.5,tribonacci,0.04256861313950171,0.9999999999781889
1000,337.61994411113403,0.5,tribonacci,0.04333822081125587,0.9999999999767278
1000,348.18176306889666,0.5,tribonacci,0.04373116457394,0.9999999999736214
1000,359.0739891061055,0.5,tribonacci,0.04361875121065945,0.999999999974326
1000,370.30695840051413,0.5,tribonacci,0.04300366198405221,0.9999999999719968
1000,381.8913304781854,0.5,tribonacci,0.042006842341075205,0.9999999999711503
1000,393.8380983288489,0.5,tribonacci,0.04082748431235921,0.9999999999663187
1000,406.158598837698,0.5,tribonacci,0.03901059192461884,0.9999999999694099
1000,418.86452354352707,0.5,tribonacci,0.037080702609920455,0.9999999999685988
1000,431.96792973341735,0.5,tribonacci,0.035542702137532405,0.9999999999705708
1000,445.4812518844989,0.5,tribonacci,0.03367359085562254,0.9999999999695548
1000,459.41731346364764,0.5,tribonacci,0.03261368403844871,0.9999999999656113
1000,473.7893390963144,0.5,tribonacci,0.03152805219941216,0.9999999999651147
1000,488.6109671160326,0.5,tribonacci,0.030968216601666352,0.9999999999594437
1000,503.89626250651503,0.5,tribonacci,0.03083990772222807,0.9999999999598819
1000,519.6597302486197,0.5,tribonacci,0.03095278738443746,0.999999999962888
1000,535.9163290848514,0.5,tribonacci,0.03146444298287077,0.9999999999577039
1000,552.6814857144603,0.5,tribonacci,0.032505842813921264,0.9999999999590655
1000,569.9711094326076,0.5,tribonacci,0.03393643077418167,0.9999999999591638
1000,587.8016072274912,0.5,tribonacci,0.03578114495468413,0.9999999999577398
1000,606.1898993497572,0.5,tribonacci,0.038180025876759255,0.9999999999553755
1000,625.1534353689711,0.5,tribonacci,0.04121450414675567,0.9999999999539388
1000,644.7102107323869,0.5,tribonacci,0.04407315637512102,0.9999999999504892
1000,664.8787838417263,0.5,tribonacci,0.046536202567030956,0.9999999999516043
1000,685.6782936641738,0.5,tribonacci,0.047821110329197086,0.9999999999451734
1000,707.1284778942996,0.5,tribonacci,0.046718283576963386,0.9999999999506572
1000,729.2496916841444,0.5,tribonacci,0.04370380104966184,0.9999999999461199
1000,752.0629269592407,0.5,tribonacci,0.03981795273733272,0.9999999999434177
1000,775.5898323389001,0.5,tribonacci,0.03634310860257458,0.9999999999425457
1000,799.8527336796708,0.5,tribonacci,0.03330494089889069,0.9999999999389712
1000,824.8746552614581,0.5,tribonacci,0.03144724184684311,0.9999999999416753
1000,850.6793416364153,0.5,tribonacci,0.030702601028369837,0.9999999999342811
1000,877.2912801613356,0.5,tribonacci,0.03132929579972916,0.9999999999379131
1000,904.7357242349293,0.5,tribonacci,0.033286368569062065,0.9999999999313822
1000,933.038717262036,0.5,tribonacci,0.03659317051609348,0.9999999999302653
1000,962.2271173675134,0.5,tribonacci,0.040091557088279633,0.9999999999285817
1000,992.3286228832545,0.5,tribonacci,0.042320516435008344,0.999999999915954
1000,1023.3717986325192,0.5,tribonacci,0.04196535025614865,0.9999999999140584
1000,1055.386103036523,0.5,tribonacci,0.03956620952198668,0.9999999999090087
1000,1088.4019160690054,0.5,tribonacci,0.03740128766986312,0.9999999999077165
1000,1122.4505680853058,0.5,tribonacci,0.03616465155932354,0.9999999998328158
1000,1157.5643695533035,0.5,tribonacci,0.03670929818909187,0.9999999997315043
1000,1193.7766417144358,0.5,tribonacci,0.03794873948089292,0.9999999995406783
1000,1231.1217482038908,0.5,tribonacci,0.0349574636713689,0.9999999990597643
1000,1269.6351276599742,0.5,tribonacci,0.02956381898565582,0.9999999986623594
1000,1309.353327353611,0.5,tribonacci,0.033122556644819286,0.9999999970066427
1000,1350.3140378698736,0.5,tribonacci,0.033625727902486004,0.9999999929998519
1000,1392.5561288744634,0.5,tribonacci,0.03605018521039603,0.9999999943688624
1000,1436.1196859990787,0.5,tribonacci,0.03744813900448783,0.9999999909354069
1000,1481.0460488806755,0.5,tribonacci,0.03311825821577766,0.9999999915672303
1000,1527.377850390714,0.5,tribonacci,0.029021273703347634,0.9999999908280286
1000,1575.1590570916228,0.5,tribonacci,0.027520601916357294,0.9999999872713691
1000,1624.435010958867,0.5,tribonacci,0.04379658846762774,0.9999999862734058
1000,1675.2524724082155,0.5,tribonacci,0.035406338301519694,0.9999999843995925
1000,1727.6596646690364,0.5,tribonacci,0.04148593943248467,0.999999984663393
1000,1781.7063195457306,0.5,tribonacci,0.0468444769011997,0.9999999839031652
1000,1837.4437246107268,0.5,tribonacci,0.05298088781075059,0.9999999795370763
1000,1894.9247718738216,0.5,tribonacci,0.04378920126402364,0.9999999810105386
1000,1954.2040079740534,0.5,tribonacci,0.04294007550832056,0.9999999782332805
1000,2015.337685941733,0.5,tribonacci,0.046957597161477224,0.9999999740675155
1000,2078.383818579757,0.5,tribonacci,0.032607435348017674,0.9999999724683943
1000,2143.4022335148566,0.5,tribonacci,0.05588862287437369,0.9999999702962457
1000,2210.4546299710214,0.5,tribonacci,0.03052721246071639,0.9999999684288224
1000,2279.6046373189797,0.5,tribonacci,0.03569984281239339,0.9999999675012224
1000,2350.9178754572868,0.5,tribonacci,0.03733791834364715,0.9999999662303277
1000,2424.462017082328,0.5,tribonacci,0.04718156232064174,0.9999999624740779
1000,2500.306851906324,0.5,tribonacci,0.042164846285469675,0.9999999638750147
1000,2578.524352884274,0.5,tribonacci,0.05139759967674452,0.9999999610680498
1000,2659.1887445126936,0.5,tribonacci,0.04232269519926516,0.9999999564876518
1000,2742.3765732649495,0.5,tribonacci,0.04125446333125506,0.9999999538577747
1000,2828.166780230032,0.5,tribonacci,0.037926257086223165,0.999999949385868
1000,2916.640776023704,0.5,tribonacci,0.03891245899102113,0.9999999476303641
1000,3007.882518043099,0.5,tribonacci,0.04583356342601565,0.9999999443666288
1000,3101.978590138097,0.5,tribonacci,0.03781844051441742,0.9999999409844837
1000,3199.018284775064,0.5,tribonacci,0.04438598880169133,0.9999999385502922
1000,3299.093687770939,0.5,tribonacci,0.04204315779032847,0.9999999349069248
1000,3402.2997656780676,0.5,tribonacci,0.0347827668747469,0.9999999306009303
1000,3508.7344559027115,0.5,tribonacci,0.04281282210199564,0.999999927641893
1000,3618.4987596427463,0.5,tribonacci,0.03878007478765535,0.9999999247116541
1000,3731.6968377327516,0.5,tribonacci,0.0462064027347085,0.9999999222718424
1000,3848.436109487429,0.5,tribonacci,0.04550776239570037,0.999999918834527
1000,3968.827354637162,0.5,tribonacci,0.04574110020289619,0.9999999132556426
1000,4092.984818452438,0.5,tribonacci,0.036019227817080765,0.9999999101043282
1000,4221.026320156899,0.5,tribonacci,0.035158214521918675,0.9999999074916471
1000,4353.0733647318875,0.5,tribonacci,0.04525697776266897,0.9999999042031672
1000,4489.251258218603,0.5,tribonacci,0.039288499088761225,0.999999900674851
1000,4629.689226627263,0.5,tribonacci,0.03438503747369542,0.9999998965557466
1000,4774.520538566127,0.5,tribonacci,0.036262073762134465,0.9999998878487358
1000,4923.882631706737,0.5,tribonacci,0.04951784594170418,0.9999998851203591
1000,5077.917243205398,0.5,tribonacci,0.034899071652091856,0.9999998835430296
1000,5236.77054420465,0.5,tribonacci,0.03510586966830425,0.9999998796001945
1000,5400.593278542368,0.5,tribonacci,0.04931166127534138,0.9999998727673169
1000,5569.5409058001305,0.5,tribonacci,0.0465450120720004,0.9999998673357215
1000,5743.773748826581,0.5,tribonacci,0.03336214379909709,0.9999998635405108
1000,5923.4571458758055,0.5,tribonacci,0.040282512909748706,0.9999998570338883
1000,6108.76160750504,0.5,tribonacci,0.03164584276359585,0.9999998529085178
1000,6299.862978380694,0.5,tribonacci,0.03529776590226371,0.9999998464784247
1000,6496.942604146125,0.5,tribonacci,0.034979455773678336,0.9999998421886067
1000,6700.18750350959,0.5,tribonacci,0.04447452062804727,0.9999998351443599
1000,6909.790545715645,0.5,tribonacci,0.03286801150992642,0.999999829653091
1000,7125.950633568411,0.5,tribonacci,0.03920608647934158,0.9999998240072673
1000,7348.872892180388,0.5,tribonacci,0.046010871109167066,0.9999998188469509
1000,7578.76886362593,0.5,tribonacci,0.03683893439075038,0.999999810894614
1000,7815.856707684091,0.5,tribonacci,0.04597334454369906,0.9999998028826701
1000,8060.361408861345,0.5,tribonacci,0.04389030138129344,0.9999997964296031
1000,8312.514989890631,0.5,tribonacci,0.0333686563822408,0.9999997902304514
1000,8572.556731909324,0.5,tribonacci,0.037795349563566075,0.999999781574599
1000,8840.733401525064,0.5,tribonacci,0.04001186493540923,0.999999773590556
1000,9117.299484984922,0.5,tribonacci,0.04450070232642171,0.9999997696260913
1000,9402.517429670132,0.5,tribonacci,0.03212332105709799,0.9999997596608069
1000,9696.65789314552,0.5,tribonacci,0.0352063652227948,0.9999997525007759
1000,10000.0,0.5,tribonacci,0.042563625902640706,0.999999742486335
1000,0.0,1.0,fibonacci,0.010802718160829386,1.0
1000,1.0,1.0,fibonacci,0.010802609190541363,1.000000000001479
1000,1.0312831606721848,1.0,fibonacci,0.010802572829209121,1.0000000000015643
1000,1.0635449574860112,1.0,fibonacci,0.010802530899709176,1.000000000001335
1000,1.096816005273138,1.0,fibonacci,0.010802482731945149,1.0000000000007392
1000,1.1311278765939214,1.0,fibonacci,0.010802427591351787,0.999999999999826
1000,1.1665131316981963,1.0,fibonacci,0.010802364675152795,0.9999999999987773
1000,1.2030053494233244,1.0,fibonacci,0.010802293108880963,0.9999999999979104
1000,1.240639159058832,1.0,fibonacci,0.010802211943279896,0.9999999999976114
1000,1.2794502732078736,1.0,fibonacci,0.010802120151719071,0.9999999999981538
1000,1.3194755216767062,1.0,fibonacci,0.010802016628263487,0.9999999999993409
1000,1.3607528864243335,1.0,fibonacci,0.01080190018657172,0.9999999999999591
1000,1.403321537605485,1.0,fibonacci,0.010801769561367957,1.0000000000000273
1000,1.4472218707411348,1.0,fibonacci,0.01080162341019537,0.9999999999999786
1000,1.4924955450518296,1.0,fibonacci,0.0108014603165556,0.9999999999999292
1000,1.5391855229902058,1.0,fibonacci,0.010801278796078572,1.0000000000001303
1000,1.587336111010209,1.0,fibonacci,0.010801077304882372,1.0000000000006675
1000,1.6369930016117025,1.0,fibonacci,0.010800854250814913,1.0000000000013116
1000,1.6882033167003634,1.0,fibonacci,0.010800608007971115,1.0000000000015812
1000,1.7410156523040161,1.0,fibonacci,0.010800336934872385,1.000000000001017
1000,1.7954801246878311,1.0,fibonacci,0.010800039396665205,0.9999999999995861
1000,1.8516484179121548,1.0,fibonacci,0.010799713791633315,0.9999999999980034
1000,1.9095738328780973,1.0,fibonacci,0.010799358582210719,0.9999999999975778
1000,1.9693113379074225,1.0,fibonacci,0.010798972330513648,0.9999999999990229
1000,2.0309176209047357,1.0,fibonacci,0.01079855373822502,0.9999999999999561
1000,2.0944511431514696,1.0,fibonacci,0.010798101692426105,0.9999999999999875
1000,2.159972194782718,1.0,fibonacci,0.010797615314798488,0.9999999999999027
1000,2.2275429519995575,1.0,fibonacci,0.010797094013802279,1.0000000000004345
1000,2.2972275360711523,1.0,fibonacci,0.010796537540942756,1.0000000000015121
1000,2.369092074182633,1.0,fibonacci,0.010795946048231987,1.000000000001848
1000,2.4432047621864883,1.0,fibonacci,0.01079532014548764,1.000000000000253
1000,2.519635929317015,1.0,fibonacci,0.01079466095600444,0.9999999999976398
1000,2.598458104929249,1.0,fibonacci,0.010793970169195883,0.9999999999973148
1000,2.6797460873256913,1.0,fibonacci,0.010793250089060161,0.9999999999998482
1000,2.763577014736159,1.0,fibonacci,0.010792503674426461,0.9999999999999644
1000,2.850030438518107,1.0,fibonacci,0.010791734564496913,0.9999999999999094
1000,2.9391883986468863,1.0,fibonacci,0.010790947097369245,1.00000000000097
1000,3.0311355015675785,1.0,fibonacci,0.01079014631377165,1.0000000000019242
1000,3.1259590004822804,1.0,fibonacci,0.010789337942908758,1.0000000000000087
1000,3.2237488781490296,1.0,fibonacci,0.010788528367978637,0.99999999999698
1000,3.3245979322709407,1.0,fibonacci,0.010787724575811064,0.9999999999988815
1000,3.428601863556586,1.0,fibonacci,0.010786934096238229,0.9999999999999306
1000,3.5358593665351785,1.0,fibonacci,0.010786164899666951,0.9999999999999212
1000,3.646472223212748,1.0,fibonacci,0.010785425279309233,1.0000000000012934
1000,3.760545399658171,1.0,fibonacci,0.01078472370272229,1.0000000000009668
1000,3.8781871456107226,1.0,fibonacci,0.010784068608401554,0.9999999999974918
1000,3.9995090972036653,1.0,fibonacci,0.010783468134406298,0.9999999999991686
1000,4.1246263829013525,1.0,fibonacci,0.01078292977119743,0.9999999999998572
1000,4.253657732750387,1.0,fibonacci,0.010782459851179895,1.000000000000406
1000,4.386725591048498,1.0,fibonacci,0.010782062865446949,1.0000000000017513
1000,4.523956232538054,1.0,fibonacci,0.010781740527788523,0.9999999999980039
1000,4.6654798822344725,1.0,fibonacci,0.010781490506477698,0.99999999999876
1000,4.811430839003259,1.0,fibonacci,0.010781304788218307,0.9999999999998005
1000,4.961947603002903,1.0,fibonacci,0.010781167593232261,1.000000000001014
1000,5.117173007114605,1.0,fibonacci,0.01078105285648688,1.0000000000012432
1000,5.277254352483538,1.0,fibonacci,0.010780921333264151,0.9999999999962278
1000,5.442343548300267,1.0,fibonacci,0.010780717485689364,0.9999999999998239
1000,5.612597255954972,1.0,fibonacci,0.010780366443537042,1.0000000000002491
1000,5.788177037701274,1.0,fibonacci,0.010779771479708355,1.0000000000013967
1000,5.969249509970735,1.0,fibonacci,0.010778812595466087,0.9999999999965535
1000,6.155986501483509,1.0,fibonacci,0.010777346957540715,0.9999999999997633
1000,6.348565216305219,1.0,fibonacci,0.010775211933549678,1.000000000001042
1000,6.547168402004738,1.0,fibonacci,0.01077223151199042,0.99999999999868
1000,6.751984523072503,1.0,fibonacci,0.010768226572767317,0.9999999999996521
1000,6.963207939763885,1.0,fibonacci,0.010763029077264416,1.0000000000001064
1000,7.181039092537351,1.0,fibonacci,0.010756499647386421,1.0000000000003615
1000,7.405684692262437,1.0,fibonacci,0.010748547145681056,0.999999999998876
1000,7.637357916378021,1.0,fibonacci,0.010739148091631165,0.9999999999999262
1000,7.876278611187057,1.0,fibonacci,0.01072836303139051,0.999999999999885
1000,8.122673500479713,1.0,fibonacci,0.01071634672127261,0.9999999999995673
1000,8.376776400682918,1.0,fibonacci,0.01070334922969429,1.0000000000008118
1000,8.638828442740447,1.0,fibonacci,0.010689706076671954,0.9999999999968616
1000,8.909078300934137,1.0,fibonacci,0.010675817073624696,0.9999999999995561
1000,9.187782428863335,1.0,fibonacci,0.010662115326167221,1.0000000000018485
1000,9.475205302806543,1.0,fibonacci,0.010649029125352599,0.9999999999988124
1000,9.771619672696177,1.0,fibonacci,0.010636939607116022,1.0000000000008522
1000,10.077306820944612,1.0,fibonacci,0.010626135770598745,0.999999999996416
1000,10.392556829367125,1.0,fibonacci,0.010616766269305113,0.9999999999998819
1000,10.71766885445503,1.0,fibonacci,0.010608787073142705,0.9999999999963873
1000,11.052951411260215,1.0,fibonacci,0.010601907968317196,0.9999999999995686
1000,11.39872266616052,1.0,fibonacci,0.01059555186774985,0.9999999999958633
1000,11.755310738783693,1.0,fibonacci,0.01058885559333805,0.9999999999994049
1000,12.123054013376523,1.0,fibonacci,0.010580751108698442,0.9999999999958444
1000,12.502301459914554,1.0,fibonacci,0.01057015768679689,1.000000000000015
1000,12.89341296525715,1.0,fibonacci,0.010556278338659375,0.9999999999976537
1000,13.29675967466212,1.0,fibonacci,0.010538933650623554,1.0000000000019929
1000,13.712724343984002,1.0,fibonacci,0.010518811171511887,0.9999999999993173
1000,14.141701702890233,1.0,fibonacci,0.010497501042424749,0.9999999999976258
1000,14.584098829439856,1.0,fibonacci,0.010477252261530462,0.9999999999998274
1000,15.040335536380244,1.0,fibonacci,0.01046049678500864,0.9999999999989487
1000,15.510844769528397,1.0,fibonacci,0.010449278602123746,0.9999999999988165
1000,15.996073018614878,1.0,fibonacci,0.010444722629960792,1.0000000000001694
1000,16.496480740980207,1.0,fibonacci,0.010446597370044235,0.9999999999991048
1000,17.012542798525892,1.0,fibonacci,0.010453004037945052,0.9999999999944238
1000,17.544748908334597,1.0,fibonacci,0.010460398214879867,1.0000000000016387
1000,18.093604107387165,1.0,fibonacci,0.010464376599188108,0.9999999999996501
1000,18.65962923181746,1.0,fibonacci,0.01046147468208291,0.9999999999987574
1000,19.2433614111598,1.0,fibonacci,0.01045136231719097,0.9999999999988576
1000,19.845354578058032,1.0,fibonacci,0.010437942634744775,0.9999999999922484
1000,20.466179993919898,1.0,fibonacci,0.010428174925068931,0.9999999999962214
1000,21.106426791015547,1.0,fibonacci,0.010429051653100289,0.9999999999982893
1000,21.76670253153459,1.0,fibonacci,0.010444288178711946,0.9999999999993489
1000,22.44763378413224,1.0,fibonacci,0.010471755299782266,1.0000000000010514
1000,23.14986671851161,1.0,fibonacci,0.010502485811896061,1.0000000000002898
1000,23.87406771860647,1.0,fibonacci,0.01052368281498951,0.9999999999984135
1000,24.620924014946254,1.0,fibonacci,0.010527092135754255,0.9999999999956652
1000,25.39114433680347,1.0,fibonacci,0.010517210875459296,0.9999999999918573
1000,26.185459584742325,1.0,fibonacci,0.01051011869071907,0.9999999999972656
1000,27.00462352420682,1.0,fibonacci,0.010522117303618152,0.9999999999980634
1000,27.849413500806442,1.0,fibonacci,0.0105568381970977,1.0000000000004527
1000,28.72063117797828,1.0,fibonacci,0.01059855640160248,0.9999999999987365
1000,29.619103297725534,1.0,fibonacci,0.010619552928593656,0.9999999999972286
1000,30.545682465154318,1.0,fibonacci,0.010605396999778376,0.9999999999984754
1000,31.50124795755328,1.0,fibonacci,0.010575241915563749,0.999999999997328
1000,32.486706558783744,1.0,fibonacci,0.010566206457373968,0.9999999999977376
1000,33.502993419772295,1.0,fibonacci,0.010593640991605258,1.0000000000001836
1000,34.55107294592218,1.0,fibonacci,0.010626160532483806,0.9999999999975198
1000,35.631939712285856,1.0,fibonacci,0.01060774720622307,0.9999999999976321
1000,36.7466194073669,1.0,fibonacci,0.01052913886630381,0.9999999999972038
1000,37.896169806447176,1.0,fibonacci,0.010451151903279339,0.999999999993645
1000,39.08168177536266,1.0,fibonacci,0.010419035344547207,1.0000000000010565
1000,40.30428030568053,1.0,fibonacci,0.010382610316543035,0.9999999999970548
1000,41.5651255822599,1.0,fibonacci,0.010246178600071883,0.9999999999969958
1000,42.86541408420927,1.0,fibonacci,0.010028110665434636,0.9999999999918153
1000,44.20637972028532,1.0,fibonacci,0.009844756102195826,0.9999999999924009
1000,45.58929499981062,1.0,fibonacci,0.009707024215805458,0.9999999999927353
1000,47.01547224022132,1.0,fibonacci,0.009492337585957375,0.9999999999923721
1000,48.48626481239081,1.0,fibonacci,0.009200467958005103,0.9999999999893406
1000,50.00306842491092,1.0,fibonacci,0.009000716525174344,0.9999999999957666
1000,51.56732244854966,1.0,fibonacci,0.008903001901085353,0.9999999999956687
1000,53.180511282142,1.0,fibonacci,0.008753271470155175,1.0000000000004432
1000,54.84416576121018,1.0,fibonacci,0.008617437431999565,0.9999999999909693
1000,56.55986461065005,1.0,fibonacci,0.00864573749090066,0.99999999999503
1000,58.329235942862034,1.0,fibonacci,0.008691827133693859,0.9999999999909469
1000,60.153958802748356,1.0,fibonacci,0.008661969091870947,0.999999999996108
1000,62.035764761042714,1.0,fibonacci,0.008738913257073908,0.999999999994637
1000,63.97643955748427,1.0,fibonacci,0.008772472840356553,0.9999999999908028
1000,65.97782479539536,1.0,fibonacci,0.008592698548834052,0.9999999999925268
1000,68.04181968927098,1.0,fibonacci,0.008439152562571868,0.9999999999953143
1000,70.17038286703826,1.0,fibonacci,0.008146587020688486,0.9999999999917988
1000,72.36553422869653,1.0,fibonacci,0.007778772305597911,0.9999999999885953
1000,74.62935686310134,1.0,fibonacci,0.007542891169590601,0.9999999999929593
1000,76.96399902471158,1.0,fibonacci,0.007250640179640129,0.9999999999932475
1000,79.37167617217551,1.0,fibonacci,0.007143641486458877,0.9999999999886134
1000,81.8546730706903,1.0,fibonacci,0.007050354610941783,0.9999999999924825
1000,84.41534596012986,1.0,fibonacci,0.007058802274729516,0.99999999999016
1000,87.05612479099865,1.0,fibonacci,0.0071086304420502865,0.9999999999862262
1000,89.77951553033323,1.0,fibonacci,0.007160390649683799,0.9999999999862151
1000,92.58810253973955,1.0,fibonacci,0.007265607633127628,0.9999999999863467
1000,95.48455102782293,1.0,fibonacci,0.0073211223526629,0.9999999999907939
1000,98.47160957933774,1.0,fibonacci,0.007364908351343254,0.9999999999948442
1000,101.5521127634568,1.0,fibonacci,0.0072880380111219455,0.9999999999902127
1000,104.72898382363586,1.0,fibonacci,0.007041402321674784,0.9999999999862931
1000,108.00523745162529,1.0,fibonacci,0.006828518553523127,0.9999999999917644
1000,111.38398264826195,1.0,fibonacci,0.006604613088845547,0.9999999999911616
1000,114.86842567375535,1.0,fibonacci,0.006768383841046077,0.9999999999847597
1000,118.46187309026836,1.0,fibonacci,0.007090565288585905,0.9999999999886555
1000,122.16773489967919,1.0,fibonacci,0.007545092879612572,0.9999999999874506
1000,125.98952777950272,1.0,fibonacci,0.007895717003569983,0.9999999999905262
1000,129.93087842004158,1.0,fibonacci,0.007710813004245637,0.9999999999882693
1000,133.99552696593383,1.0,fibonacci,0.0073157239186372415,0.9999999999889281
1000,138.18733056536323,1.0,fibonacci,0.007231303368307475,0.9999999999875362
1000,142.5102670302998,1.0,fibonacci,0.007532753007344737,0.9999999999864981
1000,146.9684386112446,1.0,fibonacci,0.007994737471176253,0.999999999984034
1000,151.5660758900603,1.0,fibonacci,0.008434168105722117,0.9999999999878948
1000,156.30754179458157,1.0,fibonacci,0.008821068868331592,0.9999999999861446
1000,161.1973357388157,1.0,fibonacci,0.00895147165653495,0.999999999977716
1000,166.2400978926612,1.0,fibonacci,0.008583661397072964,0.9999999999870738
1000,171.440613585197,1.0,fibonacci,0.008207138319473437,0.9999999999835164
1000,176.8038178457207,1.0,fibonacci,0.008642878485105691,0.9999999999829186
1000,182.33480008684404,1.0,fibonacci,0.009822736819160207,0.9999999999829002
1000,188.03880893409146,1.0,fibonacci,0.009992200399516794,0.9999999999766412
1000,193.9212572065829,1.0,fibonacci,0.00885809799160062,0.9999999999852776
1000,199.9877270535285,1.0,fibonacci,0.008390727158852059,0.9999999999846488
1000,206.24397525140904,1.0,fibonacci,0.008811578694779384,0.9999999999747047
1000,212.69593866686898,1.0,fibonacci,0.009265624134135017,0.9999999999810671
1000,219.3497398905058,1.0,fibonacci,0.009419022781469397,0.99999999998252
1000,226.2116930469024,1.0,fibonacci,0.008700378038785561,0.9999999999712474
1000,233.2883097864156,1.0,fibonacci,0.008085535457738982,0.999999999979943
1000,240.58630546440645,1.0,fibonacci,0.00907362109610678,0.9999999999780064
1000,248.11260551377677,1.0,fibonacci,0.009500995160110277,0.9999999999701402
1000,255.87435201685892,1.0,fibonacci,0.008060427915010696,0.9999999999770675
1000,263.87891048289345,1.0,fibonacci,0.008030072390182469,0.9999999999761738
1000,272.13387683753086,1.0,fibonacci,0.008754181697397553,0.999999999966863
1000,280.6470846309839,1.0,fibonacci,0.008518058141299486,0.9999999999723946
1000,289.4266124716752,1.0,fibonacci,0.007472908351399464,0.9999999999652017
1000,298.4807916924327,1.0,fibonacci,0.007638900749579006,0.9999999999709351
1000,307.81821425650804,1.0,fibonacci,0.008084169482371043,0.9999999999694629
1000,317.4477409109193,1.0,fibonacci,0.0067443580423956605,0.9999999999630912
1000,327.3785095948577,1.0,fibonacci,0.00685330472863949,0.9999999999593224
1000,337.61994411113403,1.0,fibonacci,0.0066743252948028,0.9999999999665584
1000,348.18176306889666,1.0,fibonacci,0.006153831130648171,0.9999999999638182
1000,359.0739891061055,1.0,fibonacci,0.0060972151826756225,0.9999999999592091
1000,370.30695840051413,1.0,fibonacci,0.005890652089757926,0.9999999999575843
1000,381.8913304781854,1.0,fibonacci,0.005558277252921608,0.9999999999601238
1000,393.8380983288489,1.0,fibonacci,0.00592835768680769,0.9999999999588207
1000,406.158598837698,1.0,fibonacci,0.006170616059001904,0.9999999999527577
1000,418.86452354352707,1.0,fibonacci,0.006736805697663809,0.9999999999513434
1000,431.96792973341735,1.0,fibonacci,0.006755904292526983,0.9999999999580517
1000,445.4812518844989,1.0,fibonacci,0.006709986724565022,0.99999999995213
1000,459.41731346364764,1.0,fibonacci,0.0064029207175326204,0.9999999999562672
1000,473.7893390963144,1.0,fibonacci,0.006125716145850305,0.9999999999478089
1000,488.6109671160326,1.0,fibonacci,0.006145494416601598,0.9999999999490495
1000,503.89626250651503,1.0,fibonacci,0.005893655870097726,0.9999999999476157
1000,519.6597302486197,1.0,fibonacci,0.005766984548021024,0.9999999999463242
1000,535.9163290848514,1.0,fibonacci,0.006024538551503315,0.9999999999449538
1000,552.6814857144603,1.0,fibonacci,0.006864847200359353,0.9999999999432096
1000,569.9711094326076,1.0,fibonacci,0.007445266193277889,0.9999999999420892
1000,587.8016072274912,1.0,fibonacci,0.007317429124678289,0.999999999940447
1000,606.1898993497572,1.0,fibonacci,0.007213201581846644,0.9999999999336355
1000,625.1534353689711,1.0,fibonacci,0.007268391725381487,0.9999999999397788
1000,644.7102107323869,1.0,fibonacci,0.007565632482373418,0.9999999999356118
1000,664.8787838417263,1.0,fibonacci,0.00809126250709745,0.9999999999349691
1000,685.6782936641738,1.0,fibonacci,0.00897412686560789,0.999999999931807
1000,707.1284778942996,1.0,fibonacci,0.009802269758997464,0.9999999999331901
1000,729.2496916841444,1.0,fibonacci,0.00995950198432373,0.9999999999279703
1000,752.0629269592407,1.0,fibonacci,0.009651251284270308,0.9999999999267393
1000,775.5898323389001,1.0,fibonacci,0.00982217658479416,0.9999999999245319
1000,799.8527336796708,1.0,fibonacci,0.010854533652295549,0.9999999999217389
1000,824.8746552614581,1.0,fibonacci,0.012175672871726103,0.9999999999193264
1000,850.6793416364153,1.0,fibonacci,0.011941922820657255,0.9999999999156457
1000,877.2912801613356,1.0,fibonacci,0.009621048626114095,0.9999999999085122
1000,904.7357242349293,1.0,fibonacci,0.008616796205308143,0.9999999999117023
1000,933.038717262036,1.0,fibonacci,0.008088360753565676,0.999999999903498
1000,962.2271173675134,1.0,fibonacci,0.009461270420430035,0.9999999999063545
1000,992.3286228832545,1.0,fibonacci,0.008169189828688212,0.9999999999021095
1000,1023.3717986325192,1.0,fibonacci,0.005976513538553939,0.9999999999001933
1000,1055.386103036523,1.0,fibonacci,0.005354366851570327,0.9999999998908613
1000,1088.4019160690054,1.0,fibonacci,0.007223447117561519,0.999999999890917
1000,1122.4505680853058,1.0,fibonacci,0.008151207760897304,0.9999999998897263
1000,1157.5643695533035,1.0,fibonacci,0.0067098185457565235,0.9999999998847406
1000,1193.7766417144358,1.0,fibonacci,0.005880585565784739,0.9999999998835178
1000,1231.1217482038908,1.0,fibonacci,0.006314260357659075,0.999999999876899
1000,1269.6351276599742,1.0,fibonacci,0.00859043914041017,0.9999999998733088
1000,1309.353327353611,1.0,fibonacci,0.009157045786324763,0.9999999998722389
1000,1350.3140378698736,1.0,fibonacci,0.007903313441889598,0.9999999998665935
1000,1392.5561288744634,1.0,fibonacci,0.00886414197409041,0.9999999998621365
1000,1436.1196859990787,1.0,fibonacci,0.009295836741402634,0.9999999998500679
1000,1481.0460488806755,1.0,fibonacci,0.007361689650002174,0.9999999998508909
1000,1527.377850390714,1.0,fibonacci,0.006751905280773119,0.9999999998461521
1000,1575.1590570916228,1.0,fibonacci,0.008450876707003823,0.9999999998421993
1000,1624.435010958867,1.0,fibonacci,0.005910606064215439,0.9999999998361797
1000,1675.2524724082155,1.0,fibonacci,0.006163031732659321,0.9999999998258695
1000,1727.6596646690364,1.0,fibonacci,0.007158433086944453,0.9999999998245306
1000,1781.7063195457306,1.0,fibonacci,0.005333265967706849,0.9999999998188902
1000,1837.4437246107268,1.0,fibonacci,0.006250082058192086,0.9999999998133359
1000,1894.9247718738216,1.0,fibonacci,0.007616091928974129,0.9999999998014333
1000,1954.2040079740534,1.0,fibonacci,0.007206327108005877,0.9999999998048957
1000,2015.337685941733,1.0,fibonacci,0.007884463282994414,0.9999999997990605
1000,2078.383818579757,1.0,fibonacci,0.005864484194614607,0.9999999997888422
1000,2143.4022335148566,1.0,fibonacci,0.007034533481510785,0.9999999997839767
1000,2210.4546299710214,1.0,fibonacci,0.00639017767866389,0.9999999997765261
1000,2279.6046373189797,1.0,fibonacci,0.0053668717912195634,0.9999999997722372
1000,2350.9178754572868,1.0,fibonacci,0.00633613655916799,0.9999999997614979
1000,2424.462017082328,1.0,fibonacci,0.006134616610371424,0.9999999997571452
1000,2500.306851906324,1.0,fibonacci,0.006056602338644208,0.9999999997468925
1000,2578.524352884274,1.0,fibonacci,0.005539990888890877,0.9999999997331565
1000,2659.1887445126936,1.0,fibonacci,0.0054697227974842815,0.999999999729716
1000,2742.3765732649495,1.0,fibonacci,0.00666369935156504,0.9999999997155771
1000,2828.166780230032,1.0,fibonacci,0.00630243944279764,0.9999999997077365
1000,2916.640776023704,1.0,fibonacci,0.005747854352015093,0.9999999996968676
1000,3007.882518043099,1.0,fibonacci,0.00731735362596247,0.9999999996850008
1000,3101.978590138097,1.0,fibonacci,0.00552767652165216,0.9999999996799219
1000,3199.018284775064,1.0,fibonacci,0.007885644825336133,0.9999999996599531
1000,3299.093687770939,1.0,fibonacci,0.006826993528815218,0.9999999996386778
1000,3402.2997656780676,1.0,fibonacci,0.0056293301635632715,0.9999999996171903
1000,3508.7344559027115,1.0,fibonacci,0.007603692224996211,0.9999999995913252
1000,3618.4987596427463,1.0,fibonacci,0.0062152650157809965,0.9999999995734014
1000,3731.6968377327516,1.0,fibonacci,0.005483224176826707,0.9999999995437433
1000,3848.436109487429,1.0,fibonacci,0.005847298866090664,0.999999999495324
1000,3968.827354637162,1.0,fibonacci,0.0057273285660630335,0.9999999994795166
1000,4092.984818452438,1.0,fibonacci,0.006537476352746528,0.9999999994381538
1000,4221.026320156899,1.0,fibonacci,0.006624569621484223,0.9999999994173936
1000,4353.0733647318875,1.0,fibonacci,0.006531856126556288,0.9999999993836036
1000,4489.251258218603,1.0,fibonacci,0.00623447982730121,0.999999999334595
1000,4629.689226627263,1.0,fibonacci,0.005851413181397109,0.9999999992901605
1000,4774.520538566127,1.0,fibonacci,0.006353587182551164,0.9999999992443124
1000,4923.882631706737,1.0,fibonacci,0.006140648340381768,0.9999999991933662
1000,5077.917243205398,1.0,fibonacci,0.004910946424413534,0.9999999991191747
1000,5236.77054420465,1.0,fibonacci,0.004929791354554313,0.999999999059012
1000,5400.593278542368,1.0,fibonacci,0.005098392041519226,0.9999999989893457
1000,5569.5409058001305,1.0,fibonacci,0.006530355936510643,0.9999999989179061
1000,5743.773748826581,1.0,fibonacci,0.005158783835002613,0.9999999988171385
1000,5923.4571458758055,1.0,fibonacci,0.004842270040858944,0.9999999986879947
1000,6108.76160750504,1.0,fibonacci,0.005930147233294643,0.9999999986016778
1000,6299.862978380694,1.0,fibonacci,0.004992230485695061,0.9999999984365184
1000,6496.942604146125,1.0,fibonacci,0.005612987666011449,0.9999999983132616
1000,6700.18750350959,1.0,fibonacci,0.00489497619395417,0.9999999981102895
1000,6909.790545715645,1.0,fibonacci,0.0048336021200958675,0.9999999978761337
1000,7125.950633568411,1.0,fibonacci,0.005037504028204124,0.999999997632432
1000,7348.872892180388,1.0,fibonacci,0.004456947468027266,0.9999999973642141
1000,7578.76886362593,1.0,fibonacci,0.0053500882627826795,0.9999999970272385
1000,7815.856707684091,1.0,fibonacci,0.004752714210377704,0.9999999966014493
1000,8060.361408861345,1.0,fibonacci,0.005390139312151031,0.9999999963582678
1000,8312.514989890631,1.0,fibonacci,0.006332403548149095,0.9999999958702455
1000,8572.556731909324,1.0,fibonacci,0.005600916330936321,0.9999999954116674
1000,8840.733401525064,1.0,fibonacci,0.005279605701527303,0.9999999947916945
1000,9117.299484984922,1.0,fibonacci,0.005846921270792551,0.9999999943494402
1000,9402.517429670132,1.0,fibonacci,0.005652762884526439,0.9999999937156927
1000,9696.65789314552,1.0,fibonacci,0.005330940221859046,0.9999999928204738
1000,10000.0,1.0,fibonacci,0.004537780837882811,0.9999999917144078
1000,0.0,1.0,tribonacci,0.0410088225794245,1.0
1000,1.0,1.0,tribonacci,0.04100125527714958,0.9999999999988232
1000,1.0312831606721848,1.0,tribonacci,0.04100033846186827,0.9999999999956222
1000,1.0635449574860112,1.0,tribonacci,0.04099931583223117,0.9999999999932091
1000,1.096816005273138,1.0,tribonacci,0.04099817619857169,0.9999999999927803
1000,1.1311278765939214,1.0,tribonacci,0.04099690738601056,0.9999999999950187
1000,1.1665131316981963,1.0,tribonacci,0.04099549618615433,0.9999999999987894
1000,1.2030053494233244,1.0,tribonacci,0.04099392831502914,0.9999999999999714
1000,1.240639159058832,1.0,tribonacci,0.04099218838786315,1.0000000000001537
1000,1.2794502732078736,1.0,tribonacci,0.04099025989426988,0.9999999999999221
1000,1.3194755216767062,1.0,tribonacci,0.04098812519285902,0.9999999999998473
1000,1.3607528864243335,1.0,tribonacci,0.040985765525718774,1.0000000000007299
1000,1.403321537605485,1.0,tribonacci,0.04098316105531994,1.0000000000027087
1000,1.4472218707411348,1.0,tribonacci,0.04098029092971973,1.0000000000048754
1000,1.4924955450518296,1.0,tribonacci,0.0409771333815497,1.0000000000055609
1000,1.5391855229902058,1.0,tribonacci,0.0409736658667316,1.0000000000032874
1000,1.587336111010209,1.0,tribonacci,0.040969865249199676,0.9999999999981148
1000,1.6369930016117025,1.0,tribonacci,0.040965708038044175,0.999999999992661
1000,1.6882033167003634,1.0,tribonacci,0.040961170683310996,0.99999999999149
1000,1.7410156523040161,1.0,tribonacci,0.0409562299360421,0.9999999999968476
1000,1.7954801246878311,1.0,tribonacci,0.04095086327758715,0.9999999999999512
1000,1.8516484179121548,1.0,tribonacci,0.04094504943850647,1.0000000000000466
1000,1.9095738328780973,1.0,tribonacci,0.04093876899068012,0.9999999999997293
1000,1.9693113379074225,1.0,tribonacci,0.04093200502172413,1.000000000001612
1000,2.0309176209047357,1.0,tribonacci,0.04092474390204412,1.000000000005573
1000,2.0944511431514696,1.0,tribonacci,0.040916976133370454,1.0000000000071767
1000,2.159972194782718,1.0,tribonacci,0.0409086972747326,1.0000000000018765
1000,2.2275429519995575,1.0,tribonacci,0.04089990893790311,0.999999999992014
1000,2.2972275360711523,1.0,tribonacci,0.040890619840866615,0.9999999999891004
1000,2.369092074182633,1.0,tribonacci,0.040880846904007936,0.9999999999987222
1000,2.4432047621864883,1.0,tribonacci,0.04087061636302293,1.000000000000133
1000,2.519635929317015,1.0,tribonacci,0.04085996485790443,0.9999999999995748
1000,2.598458104929249,1.0,tribonacci,0.04084894049238935,1.0000000000029985
1000,2.6797460873256913,1.0,tribonacci,0.04083760382936561,1.0000000000086962
1000,2.763577014736159,1.0,tribonacci,0.04082602877473918,1.0000000000046714
1000,2.850030438518107,1.0,tribonacci,0.04081430330551423,0.9999999999899778
1000,2.9391883986468863,1.0,tribonacci,0.040802530042799934,0.9999999999886038
1000,3.0311355015675785,1.0,tribonacci,0.04079082670629661,0.9999999999997077
1000,3.1259590004822804,1.0,tribonacci,0.04077932635286609,0.9999999999994478
1000,3.2237488781490296,1.0,tribonacci,0.040768177390308406,1.000000000002612
1000,3.3245979322709407,1.0,tribonacci,0.040757543568438234,1.0000000000077143
1000,3.428601863556586,1.0,tribonacci,0.04074760382716702,0.999999999997237
1000,3.5358593665351785,1.0,tribonacci,0.04073855202998108,0.9999999999876772
1000,3.646472223212748,1.0,tribonacci,0.040730596762652185,0.9999999999995592
1000,3.760545399658171,1.0,tribonacci,0.0407239611408689,0.9999999999993423
1000,3.8781871456107226,1.0,tribonacci,0.04071888226374174,1.0000000000049067
1000,3.9995090972036653,1.0,tribonacci,0.04071561053393329,1.0000000000029912
1000,4.1246263829013525,1.0,tribonacci,0.04071440804644095,0.999999999987994
1000,4.253657732750387,1.0,tribonacci,0.0407155455163608,0.9999999999994366
1000,4.386725591048498,1.0,tribonacci,0.040719296999469176,0.9999999999993899
1000,4.523956232538054,1.0,tribonacci,0.04072593068034154,1.0000000000080558
1000,4.6654798822344725,1.0,tribonacci,0.04073569483006646,0.9999999999958062
1000,4.811430839003259,1.0,tribonacci,0.04074879699082133,0.9999999999916614
1000,4.961947603002903,1.0,tribonacci,0.04076537537947975,0.9999999999993194
1000,5.117173007114605,1.0,tribonacci,0.04078546167451423,1.0000000000077347
1000,5.277254352483538,1.0,tribonacci,0.04080893565296632,1.000000000002526
1000,5.442343548300267,1.0,tribonacci,0.0408354740222115,0.9999999999830969
1000,5.612597255954972,1.0,tribonacci,0.040864497886064326,0.9999999999989772
1000,5.788177037701274,1.0,tribonacci,0.04089512614360421,1.0000000000061497
1000,5.969249509970735,1.0,tribonacci,0.04092614479375865,0.9999999999907186
1000,6.155986501483509,1.0,tribonacci,0.04095600443022381,0.9999999999989655
1000,6.348565216305219,1.0,tribonacci,0.040982858575508825,1.0000000000018452
1000,6.547168402004738,1.0,tribonacci,0.041004654709968155,0.9999999999945047
1000,6.751984523072503,1.0,tribonacci,0.041019284609744855,0.9999999999990262
1000,6.963207939763885,1.0,tribonacci,0.041024792669595404,1.00000000000421
1000,7.181039092537351,1.0,tribonacci,0.041019629783905595,0.9999999999889216
1000,7.405684692262437,1.0,tribonacci,0.04100292709541909,0.9999999999987427
1000,7.637357916378021,1.0,tribonacci,0.040974751856688835,1.000000000008591
1000,7.876278611187057,1.0,tribonacci,0.040936301396652344,0.9999999999879773
1000,8.122673500479713,1.0,tribonacci,0.04088999188834007,0.9999999999997373
1000,8.376776400682918,1.0,tribonacci,0.04083941128690747,0.9999999999926205
1000,8.638828442740447,1.0,tribonacci,0.04078912749788093,0.999999999998429
1000,8.909078300934137,1.0,tribonacci,0.04074436759599293,1.0000000000021587
1000,9.187782428863335,1.0,tribonacci,0.04071060158008027,0.9999999999985345
1000,9.475205302806543,1.0,tribonacci,0.04069306238906498,1.0000000000048015
1000,9.771619672696177,1.0,tribonacci,0.040696207547251506,0.999999999998288
1000,10.077306820944612,1.0,tribonacci,0.04072308844774903,1.0000000000060771
1000,10.392556829367125,1.0,tribonacci,0.040774579250544125,0.9999999999982655
1000,10.71766885445503,1.0,tribonacci,0.040848473937128406,1.0000000000047362
1000,11.052951411260215,1.0,tribonacci,0.04093861760938539,0.9999999999981058
1000,11.39872266616052,1.0,tribonacci,0.041034452482343386,0.9999999999938894
1000,11.755310738783693,1.0,tribonacci,0.04112151168368927,0.9999999999987941
1000,12.123054013376523,1.0,tribonacci,0.041183319465868104,0.9999999999945343
1000,12.502301459914554,1.0,tribonacci,0.041204750783543916,1.0000000000025153
1000,12.89341296525715,1.0,tribonacci,0.04117622354071336,0.9999999999976046
1000,13.29675967466212,1.0,tribonacci,0.041097425853745956,0.99999999998883
1000,13.712724343984002,1.0,tribonacci,0.04097904702087301,1.0000000000028637
1000,14.141701702890233,1.0,tribonacci,0.04084151347477696,0.99999999999844
1000,14.584098829439856,1.0,tribonacci,0.040710887655480955,0.9999999999974649
1000,15.040335536380244,1.0,tribonacci,0.04061313980564707,0.9999999999872463
1000,15.510844769528397,1.0,tribonacci,0.04056816112199659,1.0000000000026716
1000,15.996073018614878,1.0,tribonacci,0.04058429541228559,1.0000000000019773
1000,16.496480740980207,1.0,tribonacci,0.04065414271498,0.9999999999968303
1000,17.012542798525892,1.0,tribonacci,0.04075383226087728,0.9999999999970678
1000,17.544748908334597,1.0,tribonacci,0.04084917436995305,0.999999999996796
1000,18.093604107387165,1.0,tribonacci,0.04090961388881794,0.9999999999933241
1000,18.65962923181746,1.0,tribonacci,0.040924280740989735,0.9999999999861349
1000,19.2433614111598,1.0,tribonacci,0.04090939349458181,0.9999999999877502
1000,19.845354578058032,1.0,tribonacci,0.0408996879603964,0.9999999999910313
1000,20.466179993919898,1.0,tribonacci,0.04092709993092729,0.9999999999953813
1000,21.106426791015547,1.0,tribonacci,0.0409976275098906,0.9999999999963158
1000,21.76670253153459,1.0,tribonacci,0.04107759497598672,0.9999999999961566
1000,22.44763378413224,1.0,tribonacci,0.04110150465554231,0.9999999999971951
1000,23.14986671851161,1.0,tribonacci,0.041011925707218067,1.000000000002601
1000,23.87406771860647,1.0,tribonacci,0.040815097497300085,0.9999999999884345
1000,24.620924014946254,1.0,tribonacci,0.04060012483139949,0.9999999999955881
1000,25.39114433680347,1.0,tribonacci,0.040488293854954456,0.9999999999974442
1000,26.185459584742325,1.0,tribonacci,0.04054703036973206,0.999999999992845
1000,27.00462352420682,1.0,tribonacci,0.04073014778884207,0.9999999999953604
1000,27.849413500806442,1.0,tribonacci,0.04089470454050875,1.0000000000008065
1000,28.72063117797828,1.0,tribonacci,0.040924472919453427,0.9999999999948036
1000,29.619103297725534,1.0,tribonacci,0.04086039940928381,1.0000000000006215
1000,30.545682465154318,1.0,tribonacci,0.040851342027368495,0.9999999999948802
1000,31.50124795755328,1.0,tribonacci,0.040955295896202414,0.9999999999863797
1000,32.486706558783744,1.0,tribonacci,0.04101998577361755,0.9999999999987584
1000,33.502993419772295,1.0,tribonacci,0.04082975609774407,0.9999999999943058
1000,34.55107294592218,1.0,tribonacci,0.040455434796007606,0.9999999999884173
1000,35.631939712285856,1.0,tribonacci,0.04028107262791872,0.9999999999854894
1000,36.7466194073669,1.0,tribonacci,0.040534202555883386,0.99999999999212
1000,37.896169806447176,1.0,tribonacci,0.04092670085528232,0.999999999996466
1000,39.08168177536266,1.0,tribonacci,0.04094443292066023,0.9999999999951874
1000,40.30428030568053,1.0,tribonacci,0.04062185308589125,0.9999999999877655
1000,41.5651255822599,1.0,tribonacci,0.040493644583369334,0.9999999999852877
1000,42.86541408420927,1.0,tribonacci,0.04067179428212686,0.9999999999930486
1000,44.20637972028532,1.0,tribonacci,0.04064606200856015,0.9999999999963594
1000,45.58929499981062,1.0,tribonacci,0.040283902144588,0.9999999999853965
1000,47.01547224022132,1.0,tribonacci,0.040207735915479895,0.9999999999920121
1000,48.48626481239081,1.0,tribonacci,0.04055132444663784,0.999999999986755
1000,50.00306842491092,1.0,tribonacci,0.040613432851993723,0.9999999999934309
1000,51.56732244854966,1.0,tribonacci,0.04028651448894136,0.999999999991505
1000,53.180511282142,1.0,tribonacci,0.040188139654880994,0.9999999999825339
1000,54.84416576121018,1.0,tribonacci,0.04020591971508717,0.999999999989598
1000,56.55986461065005,1.0,tribonacci,0.040038728206432686,0.9999999999929806
1000,58.329235942862034,1.0,tribonacci,0.04006775428551299,0.9999999999890677
1000,60.153958802748356,1.0,tribonacci,0.04010600562222584,0.9999999999805678
1000,62.035764761042714,1.0,tribonacci,0.03982549951531938,0.9999999999901529
1000,63.97643955748427,1.0,tribonacci,0.03986340665407069,0.9999999999926997
1000,65.97782479539536,1.0,tribonacci,0.03990239311946626,0.9999999999815143
1000,68.04181968927098,1.0,tribonacci,0.03936049102245187,0.999999999988957
1000,70.17038286703826,1.0,tribonacci,0.039594467402803854,0.9999999999755086
1000,72.36553422869653,1.0,tribonacci,0.03971343652570962,0.9999999999915439
1000,74.62935686310134,1.0,tribonacci,0.039195813405893114,0.9999999999941341
1000,76.96399902471158,1.0,tribonacci,0.03942429106943428,0.9999999999925405
1000,79.37167617217551,1.0,tribonacci,0.03883493866366559,0.9999999999926599
1000,81.8546730706903,1.0,tribonacci,0.03944401561344935,0.9999999999784138
1000,84.41534596012986,1.0,tribonacci,0.038946046710703265,0.9999999999859099
1000,87.05612479099865,1.0,tribonacci,0.03884729035681035,0.9999999999811328
1000,89.77951553033323,1.0,tribonacci,0.03867902904401076,0.9999999999896861
1000,92.58810253973955,1.0,tribonacci,0.03924229480651528,0.9999999999846139
1000,95.48455102782293,1.0,tribonacci,0.038321702163503724,0.9999999999841639
1000,98.47160957933774,1.0,tribonacci,0.03897844891879887,0.9999999999884733
1000,101.5521127634568,1.0,tribonacci,0.03858486592592523,0.9999999999786897
1000,104.72898382363586,1.0,tribonacci,0.038786663516780756,0.9999999999820696
1000,108.00523745162529,1.0,tribonacci,0.03886187894746095,0.999999999968029
1000,111.38398264826195,1.0,tribonacci,0.038532558358828635,0.9999999999793306
1000,114.86842567375535,1.0,tribonacci,0.039282256844266894,0.9999999999723772
1000,118.46187309026836,1.0,tribonacci,0.03898158952677352,0.9999999999786231
1000,122.16773489967919,1.0,tribonacci,0.03897323377879276,0.999999999984086
1000,125.98952777950272,1.0,tribonacci,0.03959918764853215,0.9999999999785916
1000,129.93087842004158,1.0,tribonacci,0.03970259511073468,0.9999999999691769
1000,133.99552696593383,1.0,tribonacci,0.03976521596038679,0.9999999999741847
1000,138.18733056536323,1.0,tribonacci,0.03970865052199657,0.9999999999759915
1000,142.5102670302998,1.0,tribonacci,0.04061919537876016,0.9999999999671869
1000,146.9684386112446,1.0,tribonacci,0.04072330545605963,0.9999999999813836
1000,151.5660758900603,1.0,tribonacci,0.04084945744810894,0.9999999999822117
1000,156.30754179458157,1.0,tribonacci,0.04069031560214542,0.9999999999617305
1000,161.1973357388157,1.0,tribonacci,0.04070492233890402,0.9999999999720564
1000,166.2400978926612,1.0,tribonacci,0.040539095356011495,0.9999999999707148
1000,171.440613585197,1.0,tribonacci,0.040440718600348875,0.9999999999697522
1000,176.8038178457207,1.0,tribonacci,0.040111708813715626,0.9999999999725142
1000,182.33480008684404,1.0,tribonacci,0.039838002220368804,0.9999999999676241
1000,188.03880893409146,1.0,tribonacci,0.03967937709695373,0.9999999999663032
1000,193.9212572065829,1.0,tribonacci,0.039400694148491684,0.999999999965882
1000,199.9877270535285,1.0,tribonacci,0.03884927947847244,0.9999999999559471
1000,206.24397525140904,1.0,tribonacci,0.038740019074881435,0.9999999999572129
1000,212.69593866686898,1.0,tribonacci,0.03795493816526652,0.9999999999618718
1000,219.3497398905058,1.0,tribonacci,0.03721074827407249,0.9999999999507349
1000,226.2116930469024,1.0,tribonacci,0.03708030528580687,0.9999999999560609
1000,233.2883097864156,1.0,tribonacci,0.03731527431810123,0.999999999962223
1000,240.58630546440645,1.0,tribonacci,0.03699706371116161,0.9999999999565681
1000,248.11260551377677,1.0,tribonacci,0.037028628889659757,0.9999999999628574
1000,255.87435201685892,1.0,tribonacci,0.03830507105927433,0.9999999999539626
1000,263.87891048289345,1.0,tribonacci,0.03791781173731185,0.9999999999520714
1000,272.13387683753086,1.0,tribonacci,0.0389434980743862,0.9999999999508777
1000,280.6470846309839,1.0,tribonacci,0.039508606747758426,0.9999999999507928
1000,289.4266124716752,1.0,tribonacci,0.04045809800814425,0.9999999999471103
1000,298.4807916924327,1.0,tribonacci,0.04101062295437827,0.9999999999452549
1000,307.81821425650804,1.0,tribonacci,0.0406393158808978,0.9999999999506837
1000,317.4477409109193,1.0,tribonacci,0.04008344620280621,0.9999999999478608
1000,327.3785095948577,1.0,tribonacci,0.04028096559903586,0.9999999999382247
1000,337.61994411113403,1.0,tribonacci,0.039566887273481156,0.9999999999428365
1000,348.18176306889666,1.0,tribonacci,0.038578518241152056,0.9999999999347782
1000,359.0739891061055,1.0,tribonacci,0.03793449374942401,0.9999999999179914
1000,370.30695840051413,1.0,tribonacci,0.03756939366107649,0.9999999999269301
1000,381.8913304781854,1.0,tribonacci,0.037239276940620875,0.9999999999104846
1000,393.8380983288489,1.0,tribonacci,0.03708245054699324,0.9999999999308229
1000,406.158598837698,1.0,tribonacci,0.03880560753001376,0.9999999999030612
1000,418.86452354352707,1.0,tribonacci,0.0403618871541959,0.9999999999060681
1000,431.96792973341735,1.0,tribonacci,0.04035106435103449,0.999999999908218
1000,445.4812518844989,1.0,tribonacci,0.04123918001062984,0.9999999999128227
1000,459.41731346364764,1.0,tribonacci,0.04027797276474264,0.9999999998932715
1000,473.7893390963144,1.0,tribonacci,0.04003971779605582,0.9999999999046412
1000,488.6109671160326,1.0,tribonacci,0.03977316601182978,0.9999999998869309
1000,503.89626250651503,1.0,tribonacci,0.03918356249978152,0.9999999998971423
1000,519.6597302486197,1.0,tribonacci,0.038841324387833526,0.9999999998933298
1000,535.9163290848514,1.0,tribonacci,0.03922104816836492,0.9999999998873805
1000,552.6814857144603,1.0,tribonacci,0.040169452777981944,0.9999999998887737
1000,569.9711094326076,1.0,tribonacci,0.04078314301740213,0.999999999883446
1000,587.8016072274912,1.0,tribonacci,0.04075857611840676,0.9999999998021409
1000,606.1898993497572,1.0,tribonacci,0.04004276739199232,0.9999999997738557
1000,625.1534353689711,1.0,tribonacci,0.04160460059244541,0.999999999847156
1000,644.7102107323869,1.0,tribonacci,0.04182946265761662,0.9999999994751925
1000,664.8787838417263,1.0,tribonacci,0.04338737841397768,0.9999999995385227
1000,685.6782936641738,1.0,tribonacci,0.03602553988366919,0.9999999999505966
1000,707.1284778942996,1.0,tribonacci,0.052820909716809875,0.9999999994723215
1000,729.2496916841444,1.0,tribonacci,0.050779787428485795,0.9999999972661263
1000,752.0629269592407,1.0,tribonacci,0.03420403774203859,0.9999999966158578
1000,775.5898323389001,1.0,tribonacci,0.04086647877391449,0.9999999969813381
1000,799.8527336796708,1.0,tribonacci,0.037191817102861985,0.9999999959618012
1000,824.8746552614581,1.0,tribonacci,0.03894058257440098,0.9999999958614668
1000,850.6793416364153,1.0,tribonacci,0.03215892982990777,0.9999999926085141
1000,877.2912801613356,1.0,tribonacci,0.030494485119058026,0.9999999941180552
1000,904.7357242349293,1.0,tribonacci,0.03636109959124881,0.999999993832691
1000,933.038717262036,1.0,tribonacci,0.03998084791992483,0.9999999935830944
1000,962.2271173675134,1.0,tribonacci,0.0402818986333657,0.9999999934762236
1000,992.3286228832545,1.0,tribonacci,0.038566925193344655,0.9999999934709068
1000,1023.3717986325192,1.0,tribonacci,0.037431726101268534,0.9999999934276355
1000,1055.386103036523,1.0,tribonacci,0.039517505077127583,0.999999993140458
1000,1088.4019160690054,1.0,tribonacci,0.03664402617506211,0.9999999931764184
1000,1122.4505680853058,1.0,tribonacci,0.035192501335128176,0.9999999921153799
1000,1157.5643695533035,1.0,tribonacci,0.04284639123909284,0.9999999899037233
1000,1193.7766417144358,1.0,tribonacci,0.036812857104292045,0.999999990380092
1000,1231.1217482038908,1.0,tribonacci,0.03149837655823002,0.9999999889258793
1000,1269.6351276599742,1.0,tribonacci,0.045585481367444995,0.9999999883656367
1000,1309.353327353611,1.0,tribonacci,0.034881492373948164,0.9999999874222726
1000,1350.3140378698736,1.0,tribonacci,0.04130745170997374,0.9999999864026253
1000,1392.5561288744634,1.0,tribonacci,0.039456318309425,0.9999999865564728
1000,1436.1196859990787,1.0,tribonacci,0.038027780925710235,0.999999986206714
1000,1481.0460488806755,1.0,tribonacci,0.05111552965916041,0.9999999855183239
1000,1527.377850390714,1.0,tribonacci,0.0366590654088832,0.9999999839139119
1000,1575.1590570916228,1.0,tribonacci,0.036184418037208954,0.9999999812422395
1000,1624.435010958867,1.0,tribonacci,0.03893648896346754,0.9999999814088452
1000,1675.2524724082155,1.0,tribonacci,0.035624451521723804,0.9999999810221167
1000,1727.6596646690364,1.0,tribonacci,0.03939117143841778,0.9999999797402874
1000,1781.7063195457306,1.0,tribonacci,0.03468724862887907,0.9999999790024684
1000,1837.4437246107268,1.0,tribonacci,0.03717278996137722,0.9999999779011101
1000,1894.9247718738216,1.0,tribonacci,0.04111831736258553,0.9999999759499579
1000,1954.2040079740534,1.0,tribonacci,0.04515364538190182,0.9999999752127706
1000,2015.337685941733,1.0,tribonacci,0.04824396810279989,0.999999972170958
1000,2078.383818579757,1.0,tribonacci,0.04099405883320199,0.999999972246897
1000,2143.4022335148566,1.0,tribonacci,0.035361201044667556,0.9999999694044324
1000,2210.4546299710214,1.0,tribonacci,0.04287412230797058,0.9999999669740679
1000,2279.6046373189797,1.0,tribonacci,0.04630184138610789,0.9999999659548863
1000,2350.9178754572868,1.0,tribonacci,0.04053872579173687,0.9999999610574709
1000,2424.462017082328,1.0,tribonacci,0.037050068971871915,0.9999999591341077
1000,2500.306851906324,1.0,tribonacci,0.0430273638177497,0.9999999575262437
1000,2578.524352884274,1.0,tribonacci,0.041354838276709834,0.9999999560714207
1000,2659.1887445126936,1.0,tribonacci,0.033804051976575766,0.9999999542231954
1000,2742.3765732649495,1.0,tribonacci,0.03710271451575405,0.9999999532474914
1000,2828.166780230032,1.0,tribonacci,0.03457015954898601,0.9999999500075379
1000,2916.640776023704,1.0,tribonacci,0.02960306775591046,0.9999999472530142
1000,3007.882518043099,1.0,tribonacci,0.033301940390083,0.9999999454738249
1000,3101.978590138097,1.0,tribonacci,0.04195306413873597,0.9999999418400748
1000,3199.018284775064,1.0,tribonacci,0.037261308179878806,0.9999999395838055
1000,3299.093687770939,1.0,tribonacci,0.0338289946081187,0.9999999371417921
1000,3402.2997656780676,1.0,tribonacci,0.0356380598316676,0.9999999339769703
1000,3508.7344559027115,1.0,tribonacci,0.03550030912366842,0.9999999279725851
1000,3618.4987596427463,1.0,tribonacci,0.0310816187452712,0.9999999269835241
1000,3731.6968377327516,1.0,tribonacci,0.031056326533001836,0.999999924259426
1000,3848.436109487429,1.0,tribonacci,0.030756615310314483,0.999999918447829
1000,3968.827354637162,1.0,tribonacci,0.023974941524470484,0.9999999153411847
1000,4092.984818452438,1.0,tribonacci,0.027471033315715612,0.9999999130315071
1000,4221.026320156899,1.0,tribonacci,0.02055006998133716,0.9999999106625628
1000,4353.0733647318875,1.0,tribonacci,0.022225401817203807,0.9999999067660492
1000,4489.251258218603,1.0,tribonacci,0.01547879694887219,0.9999999050862749
1000,4629.689226627263,1.0,tribonacci,0.017747558653533526,0.999999902140616
1000,4774.520538566127,1.0,tribonacci,0.017422528389785374,0.9999998979005603
1000,4923.882631706737,1.0,tribonacci,0.017099553662966272,0.9999998946337026
1000,5077.917243205398,1.0,tribonacci,0.018486407412376768,0.9999998893586741
1000,5236.77054420465,1.0,tribonacci,0.014767975347972978,0.999999885613939
1000,5400.593278542368,1.0,tribonacci,0.01837340441427069,0.9999998821129691
1000,5569.5409058001305,1.0,tribonacci,0.01800180847365284,0.9999998787305533
1000,5743.773748826581,1.0,tribonacci,0.014111189778700621,0.9999998756380846
1000,5923.4571458758055,1.0,tribonacci,0.01793684806309203,0.9999998722764011
1000,6108.76160750504,1.0,tribonacci,0.018933267405191023,0.999999868182893
1000,6299.862978380694,1.0,tribonacci,0.020734550444571388,0.9999998636629354
1000,6496.942604146125,1.0,tribonacci,0.019131303823799732,0.9999998572292884
1000,6700.18750350959,1.0,tribonacci,0.017420217950551826,0.9999998516732974
1000,6909.790545715645,1.0,tribonacci,0.017801132708415768,0.9999998490553125
1000,7125.950633568411,1.0,tribonacci,0.01587311018819474,0.999999844095375
1000,7348.872892180388,1.0,tribonacci,0.01426380824094329,0.999999839796479
1000,7578.76886362593,1.0,tribonacci,0.018467625076158213,0.9999998327603474
1000,7815.856707684091,1.0,tribonacci,0.015942289504754775,0.999999828311122
1000,8060.361408861345,1.0,tribonacci,0.014128287735799504,0.9999998234167263
1000,8312.514989890631,1.0,tribonacci,0.014251156929053953,0.999999816679318
1000,8572.556731909324,1.0,tribonacci,0.01348281425150136,0.9999998115039618
1000,8840.733401525064,1.0,tribonacci,0.013181612674393774,0.9999998057474235
1000,9117.299484984922,1.0,tribonacci,0.011922440757638991,0.9999998011929176
1000,9402.517429670132,1.0,tribonacci,0.011087294273229749,0.9999997940454952
1000,9696.65789314552,1.0,tribonacci,0.011477915878633994,0.999999788745697
1000,10000.0,1.0,tribonacci,0.01325048657170217,0.9999997832477424
1000,0.0,1.5,fibonacci,0.010802718160829386,1.0
1000,1.0,1.5,fibonacci,0.010802185623293138,1.0000000000022513
1000,1.0312831606721848,1.5,fibonacci,0.01080208619478393,1.0000000000015619
1000,1.0635449574860112,1.5,fibonacci,0.010801973198960906,1.0000000000003328
1000,1.096816005273138,1.5,fibonacci,0.010801845071971435,0.9999999999987572
1000,1.1311278765939214,1.5,fibonacci,0.0108017001024792,0.9999999999972449
1000,1.1665131316981963,1.5,fibonacci,0.010801536423158488,0.99999999999637
1000,1.2030053494233244,1.5,fibonacci,0.010801352002743157,0.9999999999966749
1000,1.240639159058832,1.5,fibonacci,0.010801144638876607,0.9999999999982337
1000,1.2794502732078736,1.5,fibonacci,0.01080091195202997,0.999999999999864
1000,1.3194755216767062,1.5,fibonacci,0.010800651381832843,1.0000000000000224
1000,1.3607528864243335,1.5,fibonacci,0.010800360187082008,1.0000000000000273
1000,1.403321537605485,1.5,fibonacci,0.010800035444614315,0.9999999999999015
1000,1.4472218707411348,1.5,fibonacci,0.010799674054320406,1.0000000000000198
1000,1.4924955450518296,1.5,fibonacci,0.0107992727475423,1.0000000000006648
1000,1.5391855229902058,1.5,fibonacci,0.01079882810025397,1.0000000000016895
1000,1.587336111010209,1.5,fibonacci,0.010798336551879013,1.0000000000024707
1000,1.6369930016117025,1.5,fibonacci,0.010797794430598117,1.0000000000022
1000,1.6882033167003634,1.5,fibonacci,0.010797197986002604,1.0000000000004563
1000,1.7410156523040161,1.5,fibonacci,0.010796543429907383,0.9999999999978207
1000,1.7954801246878311,1.5,fibonacci,0.010795826986027499,0.9999999999960636
1000,1.8516484179121548,1.5,fibonacci,0.010795044949018827,0.9999999999971244
1000,1.9095738328780973,1.5,fibonacci,0.010794193753049268,0.99999999999982
1000,1.9693113379074225,1.5,fibonacci,0.010793270051189952,1.0000000000000435
1000,2.0309176209047357,1.5,fibonacci,0.0107922708079111,0.999999999999866
1000,2.0944511431514696,1.5,fibonacci,0.010791193396773997,1.0000000000001517
1000,2.159972194782718,1.5,fibonacci,0.0107900357104664,1.0000000000016454
1000,2.2275429519995575,1.5,fibonacci,0.010788796278314767,1.0000000000030902
1000,2.2972275360711523,1.5,fibonacci,0.010787474389070763,1.0000000000021052
1000,2.369092074182633,1.5,fibonacci,0.010786070216547282,0.9999999999981691
1000,2.4432047621864883,1.5,fibonacci,0.01078458494529062,0.9999999999950491
1000,2.519635929317015,1.5,fibonacci,0.01078302089323836,0.9999999999977403
1000,2.598458104929249,1.5,fibonacci,0.01078138162766474,0.9999999999999519
1000,2.6797460873256913,1.5,fibonacci,0.010779672062193222,0.9999999999998093
1000,2.763577014736159,1.5,fibonacci,0.010777898537005741,1.0000000000004654
1000,2.850030438518107,1.5,fibonacci,0.010776068877459953,1.000000000002758
1000,2.9391883986468863,1.5,fibonacci,0.010774192423504563,1.0000000000024896
1000,3.0311355015675785,1.5,fibonacci,0.010772280020129862,0.9999999999973409
1000,3.1259590004822804,1.5,fibonacci,0.01077034396925048,0.9999999999950847
1000,3.2237488781490296,1.5,fibonacci,0.010768397952392912,0.9999999999997835
1000,3.3245979322709407,1.5,fibonacci,0.01076645691223775,0.9999999999997728
1000,3.428601863556586,1.5,fibonacci,0.010764536863886755,1.0000000000006568
1000,3.5358593665351785,1.5,fibonacci,0.010762654689145416,1.0000000000028515
1000,3.646472223212748,1.5,fibonacci,0.010760827865308017,0.9999999999993537
1000,3.760545399658171,1.5,fibonacci,0.010759074112626292,0.9999999999952229
1000,3.8781871456107226,1.5,fibonacci,0.010757410962113495,0.9999999999997626
1000,3.9995090972036653,1.5,fibonacci,0.01075585520280453,0.9999999999996786
1000,4.1246263829013525,1.5,fibonacci,0.01075442208507583,1.0000000000019829
1000,4.253657732750387,1.5,fibonacci,0.010753124280087734,1.0000000000013893
1000,4.386725591048498,1.5,fibonacci,0.010751970406498095,0.9999999999949446
1000,4.523956232538054,1.5,fibonacci,0.010750963001360029,0.9999999999997087
1000,4.6654798822344725,1.5,fibonacci,0.01075009581075646,0.9999999999996824
1000,4.811430839003259,1.5,fibonacci,0.010749350161953447,1.0000000000033722
1000,4.961947603002903,1.5,fibonacci,0.010748690392153135,0.9999999999983129
1000,5.117173007114605,1.5,fibonacci,0.01074805825337027,0.9999999999963486
1000,5.277254352483538,1.5,fibonacci,0.010747366457902582,0.9999999999996171
1000,5.442343548300267,1.5,fibonacci,0.010746491719358844,1.0000000000024496
1000,5.612597255954972,1.5,fibonacci,0.010745267947299238,0.9999999999992142
1000,5.788177037701274,1.5,fibonacci,0.010743480635117155,0.9999999999968249
1000,5.969249509970735,1.5,fibonacci,0.010740863786087915,0.9999999999994661
1000,6.155986501483509,1.5,fibonacci,0.010737101057787822,1.0000000000029023
1000,6.348565216305219,1.5,fibonacci,0.01073183291041534,0.9999999999947605
1000,6.547168402004738,1.5,fibonacci,0.010724671427327127,0.9999999999996322
1000,6.751984523072503,1.5,fibonacci,0.010715223798091316,1.0000000000020741
1000,6.963207939763885,1.5,fibonacci,0.0107031246521166,0.9999999999961822
1000,7.181039092537351,1.5,fibonacci,0.010688075720840847,0.999999999999549
1000,7.405684692262437,1.5,fibonacci,0.01066988954416183,1.0000000000020246
1000,7.637357916378021,1.5,fibonacci,0.010648532161359728,0.9999999999950476
1000,7.876278611187057,1.5,fibonacci,0.01062415812369973,0.9999999999994768
1000,8.122673500479713,1.5,fibonacci,0.010597130685376098,1.0000000000030878
1000,8.376776400682918,1.5,fibonacci,0.010568020967806213,0.9999999999944124
1000,8.638828442740447,1.5,fibonacci,0.010537582228135983,0.9999999999994986
1000,8.909078300934137,1.5,fibonacci,0.01050669928429789,0.9999999999986314
1000,9.187782428863335,1.5,fibonacci,0.010476317323259281,0.9999999999993683
1000,9.475205302806543,1.5,fibonacci,0.010447357472831991,1.0000000000033369
1000,9.771619672696177,1.5,fibonacci,0.010420626669907396,0.9999999999978157
1000,10.077306820944612,1.5,fibonacci,0.010396725603442805,1.0000000000018805
1000,10.392556829367125,1.5,fibonacci,0.01037595270223747,0.9999999999959348
1000,10.71766885445503,1.5,fibonacci,0.010358199093187378,1.0000000000021034
1000,11.052951411260215,1.5,fibonacci,0.010342838193786579,0.9999999999938638
1000,11.39872266616052,1.5,fibonacci,0.010328638029031913,1.000000000002661
1000,11.755310738783693,1.5,fibonacci,0.010313760345627303,0.9999999999940175
1000,12.123054013376523,1.5,fibonacci,0.01029593500053393,1.000000000002623
1000,12.502301459914554,1.5,fibonacci,0.010272879137621928,0.9999999999988592
1000,12.89341296525715,1.5,fibonacci,0.010242944021626782,0.9999999999995681
1000,13.29675967466212,1.5,fibonacci,0.010205833098070459,0.9999999999987337
1000,13.712724343984002,1.5,fibonacci,0.010163113580245577,0.9999999999907899
1000,14.141701702890233,1.5,fibonacci,0.010118237823650414,1.0000000000036058
1000,14.584098829439856,1.5,fibonacci,0.010075952346352652,0.9999999999986187
1000,15.040335536380244,1.5,fibonacci,0.010041238898247824,0.9999999999918854
1000,15.510844769528397,1.5,fibonacci,0.010018131269687806,1.0000000000030778
1000,15.996073018614878,1.5,fibonacci,0.010008712189033247,0.9999999999983021
1000,16.496480740980207,1.5,fibonacci,0.010012340304761254,0.9999999999979429
1000,17.012542798525892,1.5,fibonacci,0.01002505146297208,0.999999999992835
1000,17.544748908334597,1.5,fibonacci,0.010039513984521815,1.0000000000035862
1000,18.093604107387165,1.5,fibonacci,0.010046563653206763,0.9999999999990743
1000,18.65962923181746,1.5,fibonacci,0.010038993977027453,0.9999999999978725
1000,19.2433614111598,1.5,fibonacci,0.01001626270698807,0.9999999999982658
1000,19.845354578058032,1.5,fibonacci,0.009986706644456944,0.999999999991689
1000,20.466179993919898,1.5,fibonacci,0.009964719675754226,0.9999999999903602
1000,21.106426791015547,1.5,fibonacci,0.009964276574225656,0.9999999999921629
1000,21.76670253153459,1.5,fibonacci,0.009992578026096606,0.9999999999911953
1000,22.44763378413224,1.5,fibonacci,0.010045392868519064,0.9999999999876749
1000,23.14986671851161,1.5,fibonacci,0.010104619297051002,0.9999999999905237
1000,23.87406771860647,1.5,fibonacci,0.010143627964138171,0.9999999999970536
1000,24.620924014946254,1.5,fibonacci,0.010144949727578578,0.9999999999971712
1000,25.39114433680347,1.5,fibonacci,0.010118200526568656,0.9999999999973352
1000,26.185459584742325,1.5,fibonacci,0.01009691803765023,1.0000000000001288
1000,27.00462352420682,1.5,fibonacci,0.010114050699740794,0.999999999993843
1000,27.849413500806442,1.5,fibonacci,0.010176947574462655,0.9999999999962537
1000,28.72063117797828,1.5,fibonacci,0.010254151747769091,0.9999999999969382
1000,29.619103297725534,1.5,fibonacci,0.010288049211613533,0.9999999999947428
1000,30.545682465154318,1.5,fibonacci,0.010248074365744436,0.9999999999965282
1000,31.50124795755328,1.5,fibonacci,0.010174853781214696,1.000000000000849
1000,32.486706558783744,1.5,fibonacci,0.010144409768497068,0.9999999999961353
1000,33.502993419772295,1.5,fibonacci,0.010187194737140533,1.0000000000006062
1000,34.55107294592218,1.5,fibonacci,0.01024125597223935,0.9999999999958092
1000,35.631939712285856,1.5,fibonacci,0.010192698182435634,0.999999999989889
1000,36.7466194073669,1.5,fibonacci,0.010024750197120801,1.0000000000019114
1000,37.896169806447176,1.5,fibonacci,0.009863737731416921,0.9999999999951635
1000,39.08168177536266,1.5,fibonacci,0.009798011296877697,0.9999999999922975
1000,40.30428030568053,1.5,fibonacci,0.009730443225354385,0.9999999999890756
1000,41.5651255822599,1.5,fibonacci,0.009474352494849087,0.9999999999919329
1000,42.86541408420927,1.5,fibonacci,0.009074505882867057,0.9999999999991493
1000,44.20637972028532,1.5,fibonacci,0.008754561767451013,0.9999999999974777
1000,45.58929499981062,1.5,fibonacci,0.008528309730660615,0.9999999999971354
1000,47.01547224022132,1.5,fibonacci,0.008176629916987687,0.9999999999864395
1000,48.48626481239081,1.5,fibonacci,0.007712864991662683,0.9999999999866368
1000,50.00306842491092,1.5,fibonacci,0.00742356916924523,0.9999999999928715
1000,51.56732244854966,1.5,fibonacci,0.007304272874143544,0.9999999999969968
1000,53.180511282142,1.5,fibonacci,0.007103645084781071,0.999999999992425
1000,54.84416576121018,1.5,fibonacci,0.00692858297196158,0.9999999999969708
1000,56.55986461065005,1.5,fibonacci,0.006994609557347867,0.9999999999919242
1000,58.329235942862034,1.5,fibonacci,0.007086765696701324,0.9999999999880351
1000,60.153958802748356,1.5,fibonacci,0.007075086627111832,0.9999999999870783
1000,62.035764761042714,1.5,fibonacci,0.0072298560498539,0.9999999999913814
1000,63.97643955748427,1.5,fibonacci,0.007319642119217425,0.9999999999895636
1000,65.97782479539536,1.5,fibonacci,0.0070851006604717645,0.999999999984199
1000,68.04181968927098,1.5,fibonacci,0.006886712142378057,0.9999999999869497
1000,70.17038286703826,1.5,fibonacci,0.006495062852233102,0.9999999999900658
1000,72.36553422869653,1.5,fibonacci,0.006030657481558701,0.9999999999917021
1000,74.62935686310134,1.5,fibonacci,0.005770428825423952,0.9999999999894534
1000,76.96399902471158,1.5,fibonacci,0.0054619080446348224,0.9999999999833856
1000,79.37167617217551,1.5,fibonacci,0.005400283133335941,0.9999999999940283
1000,81.8546730706903,1.5,fibonacci,0.005366926605265022,0.9999999999901732
1000,84.41534596012986,1.5,fibonacci,0.005466318900880912,0.9999999999900684
1000,87.05612479099865,1.5,fibonacci,0.005617503614254868,0.9999999999926568
1000,89.77951553033323,1.5,fibonacci,0.005742486189146674,0.9999999999784491
1000,92.58810253973955,1.5,fibonacci,0.005926077326698651,0.9999999999865901
1000,95.48455102782293,1.5,fibonacci,0.0060133107906168584,0.999999999979344
1000,98.47160957933774,1.5,fibonacci,0.006095437665215755,0.9999999999915522
1000,101.5521127634568,1.5,fibonacci,0.00600380574347286,0.9999999999856387
1000,104.72898382363586,1.5,fibonacci,0.0057001596950569155,0.9999999999849879
1000,108.00523745162529,1.5,fibonacci,0.005475010381847987,0.9999999999860029
1000,111.38398264826195,1.5,fibonacci,0.005251139467951921,0.9999999999868793
1000,114.86842567375535,1.5,fibonacci,0.005515657670218863,0.999999999983644
1000,118.46187309026836,1.5,fibonacci,0.005937169204536735,0.9999999999813608
1000,122.16773489967919,1.5,fibonacci,0.006526490999909781,0.9999999999869364
1000,125.98952777950272,1.5,fibonacci,0.006982624175059933,0.9999999999867334
1000,129.93087842004158,1.5,fibonacci,0.006649166087341797,0.9999999999782783
1000,133.99552696593383,1.5,fibonacci,0.00609534726046339,0.9999999999802992
1000,138.18733056536323,1.5,fibonacci,0.00602639036924333,0.9999999999857754
1000,142.5102670302998,1.5,fibonacci,0.006445036503243165,0.9999999999825187
1000,146.9684386112446,1.5,fibonacci,0.007038649478535222,0.9999999999825636
1000,151.5660758900603,1.5,fibonacci,0.007533195402233723,0.9999999999737551
1000,156.30754179458157,1.5,fibonacci,0.007893818819404059,0.9999999999762579
1000,161.1973357388157,1.5,fibonacci,0.007898153083055451,0.9999999999687093
1000,166.2400978926612,1.5,fibonacci,0.007253984810315363,0.9999999999633465
1000,171.440613585197,1.5,fibonacci,0.0066447970363264835,0.999999999974063
1000,176.8038178457207,1.5,fibonacci,0.007015686784590468,0.9999999999789392
1000,182.33480008684404,1.5,fibonacci,0.008384355473934414,0.9999999999715531
1000,188.03880893409146,1.5,fibonacci,0.008409058202786564,0.9999999999705358
1000,193.9212572065829,1.5,fibonacci,0.006839080711016236,0.9999999999781234
1000,199.9877270535285,1.5,fibonacci,0.006224328124013932,0.9999999999685268
1000,206.24397525140904,1.5,fibonacci,0.006606833321663243,0.9999999999670061
1000,212.69593866686898,1.5,fibonacci,0.007039790228614749,0.999999999965883
1000,219.3497398905058,1.5,fibonacci,0.0072091054412985215,0.9999999999540468
1000,226.2116930469024,1.5,fibonacci,0.006520187640387441,0.9999999999668748
1000,233.2883097864156,1.5,fibonacci,0.006016743177108075,0.9999999999517937
1000,240.58630546440645,1.5,fibonacci,0.007048033434366429,0.9999999999661096
1000,248.11260551377677,1.5,fibonacci,0.007451300546791382,0.9999999999666493
1000,255.87435201685892,1.5,fibonacci,0.006085576209575779,0.999999999958008
1000,263.87891048289345,1.5,fibonacci,0.0063906769430977116,0.999999999952382
1000,272.13387683753086,1.5,fibonacci,0.00720444373526327,0.9999999999557243
1000,280.6470846309839,1.5,fibonacci,0.007245860874309082,0.9999999999543241
1000,289.4266124716752,1.5,fibonacci,0.006841463915057297,0.9999999999527008
1000,298.4807916924327,1.5,fibonacci,0.007338796739553553,0.9999999999422808
1000,307.81821425650804,1.5,fibonacci,0.007824107066339464,0.9999999999433997
1000,317.4477409109193,1.5,fibonacci,0.006902059155683306,0.9999999999510129
1000,327.3785095948577,1.5,fibonacci,0.00693320926170463,0.9999999999469921
1000,337.61994411113403,1.5,fibonacci,0.006696890614932237,0.999999999951979
1000,348.18176306889666,1.5,fibonacci,0.006445264244222011,0.9999999999469156
1000,359.0739891061055,1.5,fibonacci,0.0062262525625409945,0.999999999932176
1000,370.30695840051413,1.5,fibonacci,0.005470777899449521,0.9999999999323766
1000,381.8913304781854,1.5,fibonacci,0.00520290358811812,0.9999999999442432
1000,393.8380983288489,1.5,fibonacci,0.005579263136436488,0.9999999999428344
1000,406.158598837698,1.5,fibonacci,0.006115052076350495,0.9999999999340345
1000,418.86452354352707,1.5,fibonacci,0.0064933968902193065,0.9999999999325472
1000,431.96792973341735,1.5,fibonacci,0.006437808251785322,0.9999999999345256
1000,445.4812518844989,1.5,fibonacci,0.006695455224961887,0.999999999928037
1000,459.41731346364764,1.5,fibonacci,0.007016972017935321,0.9999999999251539
1000,473.7893390963144,1.5,fibonacci,0.0069713302774003305,0.9999999999227137
1000,488.6109671160326,1.5,fibonacci,0.006661432425732673,0.9999999999099451
1000,503.89626250651503,1.5,fibonacci,0.005765184397254231,0.9999999999209417
1000,519.6597302486197,1.5,fibonacci,0.005096996115190212,0.9999999999103065
1000,535.9163290848514,1.5,fibonacci,0.005481041634546934,0.9999999999014226
1000,552.6814857144603,1.5,fibonacci,0.0060867461470198595,0.9999999999006989
1000,569.9711094326076,1.5,fibonacci,0.005993599818381206,0.999999999900037
1000,587.8016072274912,1.5,fibonacci,0.005948826807813113,0.9999999998996797
1000,606.1898993497572,1.5,fibonacci,0.007431667528997495,0.9999999999068742
1000,625.1534353689711,1.5,fibonacci,0.0068112690632408,0.9999999999040653
1000,644.7102107323869,1.5,fibonacci,0.005735423113843518,0.9999999998940285
1000,664.8787838417263,1.5,fibonacci,0.005606467951490881,0.9999999998830951
1000,685.6782936641738,1.5,fibonacci,0.005348261801750068,0.9999999998931833
1000,707.1284778942996,1.5,fibonacci,0.005752451557485608,0.9999999998828357
1000,729.2496916841444,1.5,fibonacci,0.006623362765691649,0.9999999998695175
1000,752.0629269592407,1.5,fibonacci,0.00727231309486149,0.9999999998681298
1000,775.5898323389001,1.5,fibonacci,0.0075310773895155315,0.9999999998707602
1000,799.8527336796708,1.5,fibonacci,0.007281827631062775,0.9999999998717733
1000,824.8746552614581,1.5,fibonacci,0.007436762199898918,0.9999999998511238
1000,850.6793416364153,1.5,fibonacci,0.006383505554061441,0.9999999998457626
1000,877.2912801613356,1.5,fibonacci,0.005881680880709706,0.9999999998506474
1000,904.7357242349293,1.5,fibonacci,0.006564671499728514,0.999999999852404
1000,933.038717262036,1.5,fibonacci,0.007128818773565369,0.9999999998288398
1000,962.2271173675134,1.5,fibonacci,0.006070527185383127,0.999999999841985
1000,992.3286228832545,1.5,fibonacci,0.005495727046735524,0.9999999998250417
1000,1023.3717986325192,1.5,fibonacci,0.00561603468788191,0.9999999998242234
1000,1055.386103036523,1.5,fibonacci,0.006016351348281855,0.9999999998241822
1000,1088.4019160690054,1.5,fibonacci,0.007209992682748066,0.9999999998153408
1000,1122.4505680853058,1.5,fibonacci,0.005408346858331949,0.9999999998112586
1000,1157.5643695533035,1.5,fibonacci,0.005805974543428578,0.9999999998040431
1000,1193.7766417144358,1.5,fibonacci,0.005189442665534443,0.9999999997897713
1000,1231.1217482038908,1.5,fibonacci,0.006012941814804768,0.9999999997814868
1000,1269.6351276599742,1.5,fibonacci,0.005431466541970279,0.9999999997819891
1000,1309.353327353611,1.5,fibonacci,0.006548420737684867,0.999999999753474
1000,1350.3140378698736,1.5,fibonacci,0.0058186841957531725,0.9999999997653444
1000,1392.5561288744634,1.5,fibonacci,0.005916993916748152,0.9999999997493577
1000,1436.1196859990787,1.5,fibonacci,0.007501160199383012,0.999999999740941
1000,1481.0460488806755,1.5,fibonacci,0.006187231196916056,0.9999999997206866
1000,1527.377850390714,1.5,fibonacci,0.006537897871085389,0.9999999997269213
1000,1575.1590570916228,1.5,fibonacci,0.005115245031639774,0.9999999997159632
1000,1624.435010958867,1.5,fibonacci,0.005180766843990257,0.9999999997117717
1000,1675.2524724082155,1.5,fibonacci,0.005156163792721923,0.9999999996851938
1000,1727.6596646690364,1.5,fibonacci,0.00627664678349292,0.99999999968228
1000,1781.7063195457306,1.5,fibonacci,0.005869953922313378,0.9999999996582345
1000,1837.4437246107268,1.5,fibonacci,0.006871995674387576,0.9999999996581094
1000,1894.9247718738216,1.5,fibonacci,0.005783570899871641,0.9999999996359089
1000,1954.2040079740534,1.5,fibonacci,0.005061238505177289,0.9999999996370886
1000,2015.337685941733,1.5,fibonacci,0.006674508901576588,0.9999999996244203
1000,2078.383818579757,1.5,fibonacci,0.006339736353689204,0.9999999996011494
1000,2143.4022335148566,1.5,fibonacci,0.00536325127288729,0.9999999995988018
1000,2210.4546299710214,1.5,fibonacci,0.006164515635436829,0.9999999995895603
1000,2279.6046373189797,1.5,fibonacci,0.005390822304307152,0.9999999995793326
1000,2350.9178754572868,1.5,fibonacci,0.0064738768715159435,0.9999999995535032
1000,2424.462017082328,1.5,fibonacci,0.005822477281972143,0.9999999995523083
1000,2500.306851906324,1.5,fibonacci,0.005255094056360641,0.9999999995277057
1000,2578.524352884274,1.5,fibonacci,0.005833861633332506,0.9999999995119198
1000,2659.1887445126936,1.5,fibonacci,0.006642159376183745,0.99999999950281
1000,2742.3765732649495,1.5,fibonacci,0.005311639467837446,0.9999999994816895
1000,2828.166780230032,1.5,fibonacci,0.007234121986510267,0.9999999994635821
1000,2916.640776023704,1.5,fibonacci,0.005275313655811247,0.9999999994463932
1000,3007.882518043099,1.5,fibonacci,0.007092960993026786,0.9999999994176978
1000,3101.978590138097,1.5,fibonacci,0.005983118637393721,0.9999999994129648
1000,3199.018284775064,1.5,fibonacci,0.005601053456238859,0.9999999993991405
1000,3299.093687770939,1.5,fibonacci,0.005879508003101257,0.9999999993758432
1000,3402.2997656780676,1.5,fibonacci,0.005454771257984053,0.9999999993551676
1000,3508.7344559027115,1.5,fibonacci,0.0053557446483644576,0.999999999316298
1000,3618.4987596427463,1.5,fibonacci,0.006307285890630528,0.9999999992959521
1000,3731.6968377327516,1.5,fibonacci,0.005156194806953746,0.9999999992643618
1000,3848.436109487429,1.5,fibonacci,0.0067284498866200535,0.9999999992474119
1000,3968.827354637162,1.5,fibonacci,0.005463122381623271,0.9999999992207952
1000,4092.984818452438,1.5,fibonacci,0.004716637776909487,0.9999999991808345
1000,4221.026320156899,1.5,fibonacci,0.005302369448368289,0.9999999991425498
1000,4353.0733647318875,1.5,fibonacci,0.006257564441131769,0.9999999990887793
1000,4489.251258218603,1.5,fibonacci,0.005444283729573285,0.9999999990704309
1000,4629.689226627263,1.5,fibonacci,0.006222865953106465,0.9999999990189106
1000,4774.520538566127,1.5,fibonacci,0.005601575128411377,0.9999999989327316
1000,4923.882631706737,1.5,fibonacci,0.005282199065506707,0.9999999988766786
1000,5077.917243205398,1.5,fibonacci,0.005572486222701562,0.9999999987999225
1000,5236.77054420465,1.5,fibonacci,0.005321288237056081,0.9999999986688667
1000,5400.593278542368,1.5,fibonacci,0.005667310927755967,0.9999999985443587
1000,5569.5409058001305,1.5,fibonacci,0.0064277638898558856,0.9999999983097981
1000,5743.773748826581,1.5,fibonacci,0.005415881869815232,0.9999999979787321
1000,5923.4571458758055,1.5,fibonacci,0.005097609794307907,0.9999999976917334
1000,6108.76160750504,1.5,fibonacci,0.005655712807835939,0.9999999969468436
1000,6299.862978380694,1.5,fibonacci,0.005249925865821622,0.9999999965971469
1000,6496.942604146125,1.5,fibonacci,0.005937373631078705,0.9999999959653888
1000,6700.18750350959,1.5,fibonacci,0.004243381656303703,0.9999999948742692
1000,6909.790545715645,1.5,fibonacci,0.004839770549992574,0.9999999939547076
1000,7125.950633568411,1.5,fibonacci,0.00571951605311072,0.9999999929987823
1000,7348.872892180388,1.5,fibonacci,0.0036640059426760675,0.9999999914044053
1000,7578.76886362593,1.5,fibonacci,0.0038898834379537724,0.9999999897170728
1000,7815.856707684091,1.5,fibonacci,0.004909463264846059,0.9999999878134962
1000,8060.361408861345,1.5,fibonacci,0.0037355051074932986,0.9999999856673363
1000,8312.514989890631,1.5,fibonacci,0.0040024336608268235,0.9999999837705155
1000,8572.556731909324,1.5,fibonacci,0.003818636211160704,0.9999999814688642
1000,8840.733401525064,1.5,fibonacci,0.004091350237827302,0.9999999787277852
1000,9117.299484984922,1.5,fibonacci,0.003770997282003684,0.9999999762112255
1000,9402.517429670132,1.5,fibonacci,0.0034043712457091572,0.9999999729307404
1000,9696.65789314552,1.5,fibonacci,0.00362126121970112,0.9999999708884834
1000,10000.0,1.5,fibonacci,0.0032111101278793188,0.9999999676082469
1000,0.0,1.5,tribonacci,0.0410088225794245,1.0
1000,1.0,1.5,tribonacci,0.040991805550540106,0.9999999999903832
1000,1.0312831606721848,1.5,tribonacci,0.04098974450218674,0.9999999999881438
1000,1.0635449574860112,1.5,tribonacci,0.0409874457425259,0.9999999999899674
1000,1.096816005273138,1.5,tribonacci,0.04098488417018424,0.9999999999955829
1000,1.1311278765939214,1.5,tribonacci,0.040982032479712494,0.9999999999998479
1000,1.1665131316981963,1.5,tribonacci,0.04097886106321474,1.000000000000228
1000,1.2030053494233244,1.5,tribonacci,0.0409753379257023,1.0000000000001057
1000,1.240639159058832,1.5,tribonacci,0.0409714286092125,0.999999999999694
1000,1.2794502732078736,1.5,tribonacci,0.04096709615509749,1.0000000000003424
1000,1.3194755216767062,1.5,tribonacci,0.04096230109733095,1.000000000002882
1000,1.3607528864243335,1.5,tribonacci,0.0409570014992986,1.0000000000066096
1000,1.403321537605485,1.5,tribonacci,0.040951153044082755,1.000000000009236
1000,1.4472218707411348,1.5,tribonacci,0.040944709189410414,1.0000000000079432
1000,1.4924955450518296,1.5,tribonacci,0.0409376213994943,1.000000000001362
1000,1.5391855229902058,1.5,tribonacci,0.04092983946683953,0.9999999999916914
1000,1.587336111010209,1.5,tribonacci,0.04092131193755588,0.9999999999853415
1000,1.6369930016117025,1.5,tribonacci,0.04091198665357779,0.999999999989344
1000,1.6882033167003634,1.5,tribonacci,0.04090181142413704,0.9999999999994305
1000,1.7410156523040161,1.5,tribonacci,0.04089073484915778,1.000000000000289
1000,1.7954801246878311,1.5,tribonacci,0.04087870732513139,0.9999999999996533
1000,1.8516484179121548,1.5,tribonacci,0.0408656821900824,1.0000000000005027
1000,1.9095738328780973,1.5,tribonacci,0.04085161707444357,1.0000000000058162
1000,1.9693113379074225,1.5,tribonacci,0.04083647543877814,1.0000000000116371
1000,2.0309176209047357,1.5,tribonacci,0.04082022830109622,1.0000000000092912
1000,2.0944511431514696,1.5,tribonacci,0.04080285614969831,0.9999999999953721
1000,2.159972194782718,1.5,tribonacci,0.04078435103030719,0.9999999999815606
1000,2.2275429519995575,1.5,tribonacci,0.04076471878746116,0.9999999999881526
1000,2.2972275360711523,1.5,tribonacci,0.04074398142862195,0.9999999999998009
1000,2.369092074182633,1.5,tribonacci,0.04072217955747915,0.9999999999997555
1000,2.4432047621864883,1.5,tribonacci,0.04069937483094249,1.0000000000006795
1000,2.519635929317015,1.5,tribonacci,0.04067565237687669,1.0000000000100828
1000,2.598458104929249,1.5,tribonacci,0.040651123113457296,1.0000000000150389
1000,2.6797460873256913,1.5,tribonacci,0.04062592584123441,0.9999999999980809
1000,2.763577014736159,1.5,tribonacci,0.040600229036137886,0.9999999999764236
1000,2.850030438518107,1.5,tribonacci,0.04057423231535474,0.9999999999922038
1000,2.9391883986468863,1.5,tribonacci,0.04054816755918229,1.0000000000000147
1000,3.0311355015675785,1.5,tribonacci,0.04052229938009325,0.9999999999995876
1000,3.1259590004822804,1.5,tribonacci,0.04049692522417219,1.0000000000098306
1000,3.2237488781490296,1.5,tribonacci,0.0404723750792021,1.0000000000114229
1000,3.3245979322709407,1.5,tribonacci,0.04044901072845964,0.9999999999844832
1000,3.428601863556586,1.5,tribonacci,0.04042722472529249,0.999999999985197
1000,3.5358593665351785,1.5,tribonacci,0.04040743956988863,0.9999999999997261
1000,3.646472223212748,1.5,tribonacci,0.04039010676673181,1.00000000000023
1000,3.760545399658171,1.5,tribonacci,0.04037570604462955,1.0000000000119051
1000,3.8781871456107226,1.5,tribonacci,0.040364744927532004,0.9999999999965854
1000,3.9995090972036653,1.5,tribonacci,0.04035775776443534,0.9999999999809946
1000,4.1246263829013525,1.5,tribonacci,0.0403553038685557,0.9999999999996285
1000,4.253657732750387,1.5,tribonacci,0.040357963179289406,1.0000000000013822
1000,4.386725591048498,1.5,tribonacci,0.04036632681986635,1.0000000000138016
1000,4.523956232538054,1.5,tribonacci,0.0403809802429258,0.9999999999814755
1000,4.6654798822344725,1.5,tribonacci,0.040402474541292845,0.9999999999980561
1000,4.811430839003259,1.5,tribonacci,0.04043128275227824,0.9999999999984591
1000,4.961947603002903,1.5,tribonacci,0.040467736692323446,1.0000000000205322
1000,5.117173007114605,1.5,tribonacci,0.040511942915296875,0.9999999999836314
1000,5.277254352483538,1.5,tribonacci,0.04056367795471533,0.9999999999932275
1000,5.442343548300267,1.5,tribonacci,0.04062226800640852,0.9999999999983231
1000,5.612597255954972,1.5,tribonacci,0.0406864634161433,1.000000000016758
1000,5.788177037701274,1.5,tribonacci,0.040754325239865455,0.9999999999716318
1000,5.969249509970735,1.5,tribonacci,0.04082314807283306,0.9999999999983704
1000,6.155986501483509,1.5,tribonacci,0.04088944788713673,1.0000000000068865
1000,6.348565216305219,1.5,tribonacci,0.040949047149173565,0.9999999999838832
1000,6.547168402004738,1.5,tribonacci,0.040997284916052035,0.9999999999980096
1000,6.751984523072503,1.5,tribonacci,0.041029368770249985,1.0000000000084712
1000,6.963207939763885,1.5,tribonacci,0.04104086614165624,0.9999999999848309
1000,7.181039092537351,1.5,tribonacci,0.0410283030996131,0.9999999999982642
1000,7.405684692262437,1.5,tribonacci,0.040989805451758995,1.0000000000022577
1000,7.637357916378021,1.5,tribonacci,0.04092568746767462,0.9999999999975968
1000,7.876278611187057,1.5,tribonacci,0.040838874267856075,1.0000000000097307
1000,8.122673500479713,1.5,tribonacci,0.04073505065228045,0.9999999999745689
1000,8.376776400682918,1.5,tribonacci,0.040622465291521505,0.9999999999981798
1000,8.638828442740447,1.5,tribonacci,0.04051138505798903,0.9999999999862959
1000,8.909078300934137,1.5,tribonacci,0.04041327319370369,0.9999999999968778
1000,9.187782428863335,1.5,tribonacci,0.04033982493089647,0.9999999999926985
1000,9.475205302806543,1.5,tribonacci,0.04030198830094044,0.9999999999967704
1000,9.771619672696177,1.5,tribonacci,0.04030899877880177,0.9999999999905331
1000,10.077306820944612,1.5,tribonacci,0.04036728702086285,0.9999999999965188
1000,10.392556829367125,1.5,tribonacci,0.040479001001173597,0.9999999999800092
1000,10.71766885445503,1.5,tribonacci,0.04063999113267564,0.9999999999992584
1000,11.052951411260215,1.5,tribonacci,0.04083755487194029,0.9999999999776251
1000,11.39872266616052,1.5,tribonacci,0.04104890872975163,1.0000000000073601
1000,11.755310738783693,1.5,tribonacci,0.04124187214106072,0.9999999999963789
1000,12.123054013376523,1.5,tribonacci,0.04137911095013402,0.9999999999827089
1000,12.502301459914554,1.5,tribonacci,0.0414261950725056,1.000000000007505
1000,12.89341296525715,1.5,tribonacci,0.04136183900238694,0.9999999999957845
1000,13.29675967466212,1.5,tribonacci,0.041186807533508826,0.9999999999759743
1000,13.712724343984002,1.5,tribonacci,0.04092736422884743,1.000000000004619
1000,14.141701702890233,1.5,tribonacci,0.040630887387840174,0.9999999999992663
1000,14.584098829439856,1.5,tribonacci,0.04035496070960544,0.9999999999956244
1000,15.040335536380244,1.5,tribonacci,0.04015431040705067,0.9999999999887903
1000,15.510844769528397,1.5,tribonacci,0.04006941331646668,0.9999999999787459
1000,15.996073018614878,1.5,tribonacci,0.040116896299910394,1.0000000000053904
1000,16.496480740980207,1.5,tribonacci,0.040280443440625924,1.0000000000051974
1000,17.012542798525892,1.5,tribonacci,0.040506338592742,1.0000000000009286
1000,17.544748908334597,1.5,tribonacci,0.04071450360895711,0.9999999999995446
1000,18.093604107387165,1.5,tribonacci,0.040830946276564015,0.9999999999993275
1000,18.65962923181746,1.5,tribonacci,0.04082824296708074,0.9999999999979937
1000,19.2433614111598,1.5,tribonacci,0.0407451749942688,0.9999999999991724
1000,19.845354578058032,1.5,tribonacci,0.040666509151820754,1.000000000002585
1000,20.466179993919898,1.5,tribonacci,0.040674535250181,0.9999999999986658
1000,21.106426791015547,1.5,tribonacci,0.04080096853851207,0.9999999999796204
1000,21.76670253153459,1.5,tribonacci,0.04099557074026076,0.9999999999829357
1000,22.44763378413224,1.5,tribonacci,0.04112713395709608,0.9999999999932256
1000,23.14986671851161,1.5,tribonacci,0.04105197938244203,1.0000000000023752
1000,23.87406771860647,1.5,tribonacci,0.04073826273874131,0.9999999999826926
1000,24.620924014946254,1.5,tribonacci,0.04033051381206926,0.9999999999929466
1000,25.39114433680347,1.5,tribonacci,0.040062871525626334,1.000000000001827
1000,26.185459584742325,1.5,tribonacci,0.04009588946360591,0.9999999999783278
1000,27.00462352420682,1.5,tribonacci,0.040397686396381215,0.999999999996153
1000,27.849413500806442,1.5,tribonacci,0.04072817498046428,0.9999999999771139
1000,28.72063117797828,1.5,tribonacci,0.04081780154759898,1.000000000002222
1000,29.619103297725534,1.5,tribonacci,0.0406520579086124,0.9999999999915062
1000,30.545682465154318,1.5,tribonacci,0.04048775738431628,0.9999999999828472
1000,31.50124795755328,1.5,tribonacci,0.040548664599466475,1.0000000000010771
1000,32.486706558783744,1.5,tribonacci,0.04075673710258194,0.9999999999903934
1000,33.502993419772295,1.5,tribonacci,0.04077343864614973,0.9999999999904384
1000,34.55107294592218,1.5,tribonacci,0.040439954021981535,0.999999999978666
1000,35.631939712285856,1.5,tribonacci,0.04007523735831219,0.9999999999750107
1000,36.7466194073669,1.5,tribonacci,0.04008889354769903,0.9999999999747682
1000,37.896169806447176,1.5,tribonacci,0.040429400801984934,0.9999999999796023
1000,39.08168177536266,1.5,tribonacci,0.04057893731402866,0.9999999999893947
1000,40.30428030568053,1.5,tribonacci,0.0403116212857467,0.9999999999899222
1000,41.5651255822599,1.5,tribonacci,0.040083873816359576,0.9999999999957437
1000,42.86541408420927,1.5,tribonacci,0.04025611408436517,0.9999999999796504
1000,44.20637972028532,1.5,tribonacci,0.04047468329615123,0.9999999999915954
1000,45.58929499981062,1.5,tribonacci,0.04027628739904139,0.9999999999713493
1000,47.01547224022132,1.5,tribonacci,0.039989907235622756,0.999999999995594
1000,48.48626481239081,1.5,tribonacci,0.03997803065780379,0.999999999987204
1000,50.00306842491092,1.5,tribonacci,0.03987103789326961,0.9999999999705301
1000,51.56732244854966,1.5,tribonacci,0.03970528424215658,0.9999999999859235
1000,53.180511282142,1.5,tribonacci,0.04021005332707132,0.9999999999923119
1000,54.84416576121018,1.5,tribonacci,0.04058276783444296,0.9999999999929267
1000,56.55986461065005,1.5,tribonacci,0.03956175828810988,0.999999999980495
1000,58.329235942862034,1.5,tribonacci,0.03919714982935351,0.9999999999718913
1000,60.153958802748356,1.5,tribonacci,0.04027610699829622,0.9999999999839914
1000,62.035764761042714,1.5,tribonacci,0.039675966694684386,0.9999999999975477
1000,63.97643955748427,1.5,tribonacci,0.03944244529816366,0.9999999999829088
1000,65.97782479539536,1.5,tribonacci,0.04074339872695104,0.9999999999919484
1000,68.04181968927098,1.5,tribonacci,0.03904838854863731,0.9999999999814304
1000,70.17038286703826,1.5,tribonacci,0.03941303291191867,0.9999999999809902
1000,72.36553422869653,1.5,tribonacci,0.04057330312735166,0.9999999999729096
1000,74.62935686310134,1.5,tribonacci,0.039151096518040905,0.999999999977052
1000,76.96399902471158,1.5,tribonacci,0.0405109180630598,0.9999999999795155
1000,79.37167617217551,1.5,tribonacci,0.03948439756931982,0.999999999985265
1000,81.8546730706903,1.5,tribonacci,0.04006102743957716,0.9999999999636928
1000,84.41534596012986,1.5,tribonacci,0.04001005169033024,0.9999999999839249
1000,87.05612479099865,1.5,tribonacci,0.040391819644011714,0.9999999999770625
1000,89.77951553033323,1.5,tribonacci,0.04019269287758081,0.9999999999752083
1000,92.58810253973955,1.5,tribonacci,0.04009119618441893,0.999999999973872
1000,95.48455102782293,1.5,tribonacci,0.040695093695154845,0.9999999999749436
1000,98.47160957933774,1.5,tribonacci,0.04067366527852925,0.9999999999843431
1000,101.5521127634568,1.5,tribonacci,0.04026127861082471,0.9999999999731051
1000,104.72898382363586,1.5,tribonacci,0.040944910949997436,0.9999999999758017
1000,108.00523745162529,1.5,tribonacci,0.040472820772140476,0.9999999999821785
1000,111.38398264826195,1.5,tribonacci,0.04095183636531625,0.9999999999789947
1000,114.86842567375535,1.5,tribonacci,0.04028761376106471,0.9999999999539578
1000,118.46187309026836,1.5,tribonacci,0.04052525900715648,0.9999999999745637
1000,122.16773489967919,1.5,tribonacci,0.04054295223307008,0.9999999999686333
1000,125.98952777950272,1.5,tribonacci,0.04000816691577325,0.9999999999675835
1000,129.93087842004158,1.5,tribonacci,0.039878115718115704,0.9999999999662468
1000,133.99552696593383,1.5,tribonacci,0.039492115488576576,0.9999999999736844
1000,138.18733056536323,1.5,tribonacci,0.03992578916677601,0.9999999999642286
1000,142.5102670302998,1.5,tribonacci,0.03894720514053136,0.9999999999634855
1000,146.9684386112446,1.5,tribonacci,0.03886546003417918,0.9999999999625782
1000,151.5660758900603,1.5,tribonacci,0.038797284081961016,0.999999999970915
1000,156.30754179458157,1.5,tribonacci,0.03879873611098544,0.9999999999601614
1000,161.1973357388157,1.5,tribonacci,0.03919737099146679,0.9999999999585814
1000,166.2400978926612,1.5,tribonacci,0.039424386246399185,0.9999999999568884
1000,171.440613585197,1.5,tribonacci,0.040234161884564475,0.9999999999650626
1000,176.8038178457207,1.5,tribonacci,0.03980643193793242,0.9999999999541489
1000,182.33480008684404,1.5,tribonacci,0.04045945437617226,0.9999999999524504
1000,188.03880893409146,1.5,tribonacci,0.04011790107815544,0.9999999999625675
1000,193.9212572065829,1.5,tribonacci,0.04057320888731653,0.9999999999499039
1000,199.9877270535285,1.5,tribonacci,0.04043480150065697,0.999999999948634
1000,206.24397525140904,1.5,tribonacci,0.04017528932651766,0.9999999999544897
1000,212.69593866686898,1.5,tribonacci,0.03944521963179686,0.9999999999447948
1000,219.3497398905058,1.5,tribonacci,0.03931365372644063,0.9999999999419266
1000,226.2116930469024,1.5,tribonacci,0.040238895909097815,0.9999999999484858
1000,233.2883097864156,1.5,tribonacci,0.03936951282439941,0.9999999999391675
1000,240.58630546440645,1.5,tribonacci,0.0385279008645089,0.9999999999420212
1000,248.11260551377677,1.5,tribonacci,0.039258774752082636,0.9999999999223493
1000,255.87435201685892,1.5,tribonacci,0.03973507873081406,0.9999999999334452
1000,263.87891048289345,1.5,tribonacci,0.03928357695638613,0.9999999999351429
1000,272.13387683753086,1.5,tribonacci,0.039505079710316866,0.999999999920053
1000,280.6470846309839,1.5,tribonacci,0.04019490815326992,0.9999999999272431
1000,289.4266124716752,1.5,tribonacci,0.0405203255632687,0.9999999999255627
1000,298.4807916924327,1.5,tribonacci,0.04058247941351777,0.9999999999316915
1000,307.81821425650804,1.5,tribonacci,0.040057945320568285,0.9999999999344954
1000,317.4477409109193,1.5,tribonacci,0.03935733273467893,0.9999999999116372
1000,327.3785095948577,1.5,tribonacci,0.039586860362406245,0.9999999999137552
1000,337.61994411113403,1.5,tribonacci,0.03962956877936098,0.9999999999073355
1000,348.18176306889666,1.5,tribonacci,0.039895968862785694,0.9999999999103287
1000,359.0739891061055,1.5,tribonacci,0.03955247075520295,0.9999999998969009
1000,370.30695840051413,1.5,tribonacci,0.03938479007635729,0.9999999999051988
1000,381.8913304781854,1.5,tribonacci,0.039803769841889,0.9999999999019122
1000,393.8380983288489,1.5,tribonacci,0.04030488795690968,0.9999999999055279
1000,406.158598837698,1.5,tribonacci,0.03964848501298718,0.9999999998885704
1000,418.86452354352707,1.5,tribonacci,0.03989028068614169,0.9999999998907118
1000,431.96792973341735,1.5,tribonacci,0.03977949495602599,0.9999999998364857
1000,445.4812518844989,1.5,tribonacci,0.03993016396504691,0.9999999996927224
1000,459.41731346364764,1.5,tribonacci,0.04140230876581156,0.9999999991176142
1000,473.7893390963144,1.5,tribonacci,0.045953605905494965,0.9999999986586883
1000,488.6109671160326,1.5,tribonacci,0.029053050817580747,0.9999999989941177
1000,503.89626250651503,1.5,tribonacci,0.038925695537286885,0.9999999979800973
1000,519.6597302486197,1.5,tribonacci,0.03590551729752792,0.9999999982340666
1000,535.9163290848514,1.5,tribonacci,0.03238101022637648,0.9999999974300052
1000,552.6814857144603,1.5,tribonacci,0.042302333920910096,0.9999999968554026
1000,569.9711094326076,1.5,tribonacci,0.04062041877531989,0.9999999967824492
1000,587.8016072274912,1.5,tribonacci,0.042150030529762635,0.9999999948747921
1000,606.1898993497572,1.5,tribonacci,0.04390070155699114,0.9999999954094445
1000,625.1534353689711,1.5,tribonacci,0.038741543237035166,0.9999999961345968
1000,644.7102107323869,1.5,tribonacci,0.03941855301701172,0.9999999959219291
1000,664.8787838417263,1.5,tribonacci,0.0407782465085234,0.9999999960505542
1000,685.6782936641738,1.5,tribonacci,0.032730244657741187,0.9999999954696894
1000,707.1284778942996,1.5,tribonacci,0.0356313554285006,0.9999999950935743
1000,729.2496916841444,1.5,tribonacci,0.03604524076959068,0.9999999944348771
1000,752.0629269592407,1.5,tribonacci,0.04109110826665948,0.9999999935941306
1000,775.5898323389001,1.5,tribonacci,0.043909045222829964,0.9999999931961626
1000,799.8527336796708,1.5,tribonacci,0.03390764785462874,0.9999999926540222
1000,824.8746552614581,1.5,tribonacci,0.044142597619147815,0.9999999917845367
1000,850.6793416364153,1.5,tribonacci,0.04094448785748188,0.9999999915856417
1000,877.2912801613356,1.5,tribonacci,0.04228264122876137,0.9999999916389828
1000,904.7357242349293,1.5,tribonacci,0.03511550074968444,0.9999999911440896
1000,933.038717262036,1.5,tribonacci,0.04532857931577947,0.9999999912057836
1000,962.2271173675134,1.5,tribonacci,0.04070606500960288,0.9999999899238228
1000,992.3286228832545,1.5,tribonacci,0.046288249830963496,0.9999999878905478
1000,1023.3717986325192,1.5,tribonacci,0.0418442704500785,0.9999999884365144
1000,1055.386103036523,1.5,tribonacci,0.04112876392240535,0.9999999880450736
1000,1088.4019160690054,1.5,tribonacci,0.04360509355286386,0.9999999874185157
1000,1122.4505680853058,1.5,tribonacci,0.04627024806628695,0.9999999870731082
1000,1157.5643695533035,1.5,tribonacci,0.04278078864939681,0.9999999870135149
1000,1193.7766417144358,1.5,tribonacci,0.03182582301152509,0.9999999854661226
1000,1231.1217482038908,1.5,tribonacci,0.03949918994311497,0.9999999845569835
1000,1269.6351276599742,1.5,tribonacci,0.03680358021359462,0.9999999841377871
1000,1309.353327353611,1.5,tribonacci,0.041664906585829276,0.9999999837979534
1000,1350.3140378698736,1.5,tribonacci,0.03901309247045926,0.9999999828919482
1000,1392.5561288744634,1.5,tribonacci,0.04580202811100896,0.9999999813850446
1000,1436.1196859990787,1.5,tribonacci,0.04554923905398514,0.9999999798896051
1000,1481.0460488806755,1.5,tribonacci,0.04038569195455624,0.9999999779875157
1000,1527.377850390714,1.5,tribonacci,0.04027410535388012,0.9999999773934511
1000,1575.1590570916228,1.5,tribonacci,0.03793291258260426,0.9999999782013371
1000,1624.435010958867,1.5,tribonacci,0.036875893532084994,0.9999999757841086
1000,1675.2524724082155,1.5,tribonacci,0.035940416614895256,0.9999999743761679
1000,1727.6596646690364,1.5,tribonacci,0.03836272823981596,0.9999999715642034
1000,1781.7063195457306,1.5,tribonacci,0.03756349756493759,0.9999999719611959
1000,1837.4437246107268,1.5,tribonacci,0.031440183991177706,0.9999999707002194
1000,1894.9247718738216,1.5,tribonacci,0.036563370749706475,0.9999999687049725
1000,1954.2040079740534,1.5,tribonacci,0.03489474174748032,0.9999999663607156
1000,2015.337685941733,1.5,tribonacci,0.040216033117385426,0.9999999666721398
1000,2078.383818579757,1.5,tribonacci,0.03739498723983549,0.9999999652011445
1000,2143.4022335148566,1.5,tribonacci,0.03634110057660929,0.9999999629291907
1000,2210.4546299710214,1.5,tribonacci,0.03893326131397014,0.999999961987392
1000,2279.6046373189797,1.5,tribonacci,0.03741710644602046,0.9999999606761172
1000,2350.9178754572868,1.5,tribonacci,0.04147101915476776,0.9999999578753754
1000,2424.462017082328,1.5,tribonacci,0.038801930023140044,0.9999999557558898
1000,2500.306851906324,1.5,tribonacci,0.03891949430083725,0.9999999536870825
1000,2578.524352884274,1.5,tribonacci,0.03853855248707164,0.9999999525562827
1000,2659.1887445126936,1.5,tribonacci,0.032544184764344355,0.9999999493029317
1000,2742.3765732649495,1.5,tribonacci,0.03954782868474305,0.9999999461129816
1000,2828.166780230032,1.5,tribonacci,0.03893745784195042,0.999999945234119
1000,2916.640776023704,1.5,tribonacci,0.03923786904653567,0.9999999423000466
1000,3007.882518043099,1.5,tribonacci,0.04074069299192892,0.9999999403336082
1000,3101.978590138097,1.5,tribonacci,0.03469585897791965,0.9999999364649225
1000,3199.018284775064,1.5,tribonacci,0.037988318779340315,0.9999999345237404
1000,3299.093687770939,1.5,tribonacci,0.03939871924712947,0.9999999314515567
1000,3402.2997656780676,1.5,tribonacci,0.040488631290385574,0.9999999287964633
1000,3508.7344559027115,1.5,tribonacci,0.03809705846707336,0.9999999256975951
1000,3618.4987596427463,1.5,tribonacci,0.038773614271313754,0.9999999234186471
1000,3731.6968377327516,1.5,tribonacci,0.042226795626069916,0.9999999199206641
1000,3848.436109487429,1.5,tribonacci,0.03763269633067232,0.999999917671837
1000,3968.827354637162,1.5,tribonacci,0.034014948494411695,0.9999999149674595
1000,4092.984818452438,1.5,tribonacci,0.042751359401676035,0.9999999110670296
1000,4221.026320156899,1.5,tribonacci,0.038317100131615,0.9999999078702175
1000,4353.0733647318875,1.5,tribonacci,0.03746685512686563,0.9999999049368016
1000,4489.251258218603,1.5,tribonacci,0.037497820954914746,0.9999998994584485
1000,4629.689226627263,1.5,tribonacci,0.03850678354597548,0.9999998967584304
1000,4774.520538566127,1.5,tribonacci,0.03319688028158484,0.9999998911377567
1000,4923.882631706737,1.5,tribonacci,0.030880666845953312,0.9999998881552676
1000,5077.917243205398,1.5,tribonacci,0.04366566656004713,0.9999998843452784
1000,5236.77054420465,1.5,tribonacci,0.0358713602066759,0.99999987962225
1000,5400.593278542368,1.5,tribonacci,0.03693713675744199,0.9999998747689772
1000,5569.5409058001305,1.5,tribonacci,0.044067655472380035,0.9999998715915787
1000,5743.773748826581,1.5,tribonacci,0.03499020646000926,0.9999998639732096
1000,5923.4571458758055,1.5,tribonacci,0.03054470207439225,0.9999998600106673
1000,6108.76160750504,1.5,tribonacci,0.036902338471199496,0.9999998564368879
1000,6299.862978380694,1.5,tribonacci,0.0379551196186871,0.9999998510583031
1000,6496.942604146125,1.5,tribonacci,0.03225001437732778,0.9999998460688065
1000,6700.18750350959,1.5,tribonacci,0.031241197685364878,0.999999841350278
1000,6909.790545715645,1.5,tribonacci,0.03368973058018724,0.999999835134871
1000,7125.950633568411,1.5,tribonacci,0.03159117078383904,0.9999998294911054
1000,7348.872892180388,1.5,tribonacci,0.027531616854064977,0.9999998240043132
1000,7578.76886362593,1.5,tribonacci,0.03338962783314874,0.9999998177201811
1000,7815.856707684091,1.5,tribonacci,0.030550305732424055,0.9999998112085596
1000,8060.361408861345,1.5,tribonacci,0.03353872035447909,0.999999804687619
1000,8312.514989890631,1.5,tribonacci,0.02089667305239386,0.9999997988240437
1000,8572.556731909324,1.5,tribonacci,0.02272004440515381,0.9999997904753793
1000,8840.733401525064,1.5,tribonacci,0.021144841043386292,0.9999997856410753
1000,9117.299484984922,1.5,tribonacci,0.019515970314591326,0.9999997796207083
1000,9402.517429670132,1.5,tribonacci,0.017574229943355373,0.9999997717614776
1000,9696.65789314552,1.5,tribonacci,0.01832018570002126,0.999999764489093
1000,10000.0,1.5,tribonacci,0.01343976894414354,0.9999997573236455
1000,0.0,2.0,fibonacci,0.010802718160829386,1.0
1000,1.0,2.0,fibonacci,0.010801516192605947,1.0000000000019469
1000,1.0312831606721848,2.0,fibonacci,0.010801323819106434,1.000000000000176
1000,1.0635449574860112,2.0,fibonacci,0.01080110641337624,0.9999999999979906
1000,1.096816005273138,2.0,fibonacci,0.010800861147750796,0.9999999999959901
1000,1.1311278765939214,2.0,fibonacci,0.010800584930654066,0.9999999999949796
1000,1.1665131316981963,2.0,fibonacci,0.010800274391442322,0.9999999999956609
1000,1.2030053494233244,2.0,fibonacci,0.010799925866189913,0.9999999999979738
1000,1.240639159058832,2.0,fibonacci,0.010799535384826598,0.999999999999913
1000,1.2794502732078736,2.0,fibonacci,0.01079909866223175,1.0000000000000606
1000,1.3194755216767062,2.0,fibonacci,0.010798611092888204,1.0000000000000238
1000,1.3607528864243335,2.0,fibonacci,0.010798067745500333,0.99999999999986
1000,1.403321537605485,2.0,fibonacci,0.010797463365898168,1.000000000000109
1000,1.4472218707411348,2.0,fibonacci,0.01079679238497129,1.0000000000011044
1000,1.4924955450518296,2.0,fibonacci,0.010796048933872305,1.0000000000025544
1000,1.5391855229902058,2.0,fibonacci,0.010795226867848316,1.0000000000035323
1000,1.587336111010209,2.0,fibonacci,0.01079431980014018,1.000000000002929
1000,1.6369930016117025,2.0,fibonacci,0.01079332114742958,1.0000000000002713
1000,1.6882033167003634,2.0,fibonacci,0.010792224188287838,0.9999999999965525
1000,1.7410156523040161,2.0,fibonacci,0.01079102213595538,0.9999999999943826
1000,1.7954801246878311,2.0,fibonacci,0.010789708226513957,0.9999999999963265
1000,1.8516484179121548,2.0,fibonacci,0.010788275823047233,0.9999999999998576
1000,1.9095738328780973,2.0,fibonacci,0.010786718539057183,1.000000000000076
1000,1.9693113379074225,2.0,fibonacci,0.010785030383116751,0.9999999999998034
1000,2.0309176209047357,2.0,fibonacci,0.01078320591518207,1.0000000000003466
1000,2.0944511431514696,2.0,fibonacci,0.010781240425087008,1.0000000000025637
1000,2.159972194782718,2.0,fibonacci,0.010779130126130361,1.0000000000044658
1000,2.2275429519995575,2.0,fibonacci,0.010776872361448378,1.0000000000027316
1000,2.2972275360711523,2.0,fibonacci,0.01077446581979944,0.9999999999969778
1000,2.369092074182633,2.0,fibonacci,0.0107719107565078,0.9999999999929001
1000,2.4432047621864883,2.0,fibonacci,0.010769209214473155,0.999999999997213
1000,2.519635929317015,2.0,fibonacci,0.01076636523853262,0.9999999999999754
1000,2.598458104929249,2.0,fibonacci,0.010763385067151477,0.9999999999997294
1000,2.6797460873256913,2.0,fibonacci,0.01076027730085158,1.000000000000813
1000,2.763577014736159,2.0,fibonacci,0.010757053037740712,1.000000000004122
1000,2.850030438518107,2.0,fibonacci,0.010753725963707366,1.0000000000034877
1000,2.9391883986468863,2.0,fibonacci,0.010750312380810392,0.9999999999959519
1000,3.0311355015675785,2.0,fibonacci,0.010746831171779275,0.999999999992999
1000,3.1259590004822804,2.0,fibonacci,0.010743303710410651,0.9999999999997193
1000,3.2237488781490296,2.0,fibonacci,0.01073975369843834,0.9999999999996928
1000,3.3245979322709407,2.0,fibonacci,0.01073620689421055,1.0000000000010152
1000,3.428601863556586,2.0,fibonacci,0.010732690804819424,1.0000000000042772
1000,3.5358593665351785,2.0,fibonacci,0.010729234285188015,0.9999999999992097
1000,3.646472223212748,2.0,fibonacci,0.010725867031157918,0.999999999992833
1000,3.760545399658171,2.0,fibonacci,0.010722618986009711,0.9999999999996637
1000,3.8781871456107226,2.0,fibonacci,0.01071951962639592,0.999999999999556
1000,3.9995090972036653,2.0,fibonacci,0.010716596966364744,1.000000000002716
1000,4.1246263829013525,2.0,fibonacci,0.01071387630829879,1.0000000000023423
1000,4.253657732750387,2.0,fibonacci,0.010711378477703778,0.9999999999927696
1000,4.386725591048498,2.0,fibonacci,0.010709117355344782,0.9999999999995695
1000,4.523956232538054,2.0,fibonacci,0.01070709650354755,0.9999999999995166
1000,4.6654798822344725,2.0,fibonacci,0.01070530444898276,1.0000000000046345
1000,4.811430839003259,2.0,fibonacci,0.010703708470298211,0.9999999999983274
1000,4.961947603002903,2.0,fibonacci,0.010702246569760406,0.9999999999940791
1000,5.117173007114605,2.0,fibonacci,0.010700817626097328,0.9999999999995522
1000,5.277254352483538,2.0,fibonacci,0.010699269949393936,1.0000000000034137
1000,5.442343548300267,2.0,fibonacci,0.010697388882779546,1.0000000000002234
1000,5.612597255954972,2.0,fibonacci,0.010694884714808119,0.9999999999934711
1000,5.788177037701274,2.0,fibonacci,0.010691382741124127,0.9999999999992834
1000,5.969249509970735,2.0,fibonacci,0.010686418006594839,1.000000000004254
1000,6.155986501483509,2.0,fibonacci,0.010679437783610118,0.9999999999931275
1000,6.348565216305219,2.0,fibonacci,0.01066981505983586,0.9999999999994704
1000,6.547168402004738,2.0,fibonacci,0.010656875831618307,1.000000000002135
1000,6.751984523072503,2.0,fibonacci,0.010639942173164173,0.9999999999964799
1000,6.963207939763885,2.0,fibonacci,0.010618390820167998,0.9999999999992479
1000,7.181039092537351,2.0,fibonacci,0.010591724292743552,1.000000000002066
1000,7.405684692262437,2.0,fibonacci,0.010559648279854728,0.999999999994941
1000,7.637357916378021,2.0,fibonacci,0.010522145561898861,0.9999999999993019
1000,7.876278611187057,2.0,fibonacci,0.010479534325418186,1.0000000000039948
1000,8.122673500479713,2.0,fibonacci,0.010432498243854055,0.9999999999906906
1000,8.376776400682918,2.0,fibonacci,0.010382077596381711,0.999999999998884
1000,8.638828442740447,2.0,fibonacci,0.010329615738923652,1.000000000001279
1000,8.909078300934137,2.0,fibonacci,0.010276662613085904,0.9999999999989929
1000,9.187782428863335,2.0,fibonacci,0.010224844964325337,1.0000000000053233
1000,9.475205302806543,2.0,fibonacci,0.010175718888900917,0.9999999999913234
1000,9.771619672696177,2.0,fibonacci,0.010130620089795274,1.000000000001109
1000,10.077306820944612,2.0,fibonacci,0.010090519389957787,0.9999999999905678
1000,10.392556829367125,2.0,fibonacci,0.01005587692123405,1.0000000000003266
1000,10.71766885445503,2.0,fibonacci,0.010026480914476638,0.9999999999899234
1000,11.052951411260215,2.0,fibonacci,0.010001269793881076,1.0000000000015827
1000,11.39872266616052,2.0,fibonacci,0.009978183122466979,0.9999999999855356
1000,11.755310738783693,2.0,fibonacci,0.009954154194933033,1.0000000000026064
1000,12.123054013376523,2.0,fibonacci,0.00992540465829148,0.9999999999949488
1000,12.502301459914554,2.0,fibonacci,0.00988816541238249,1.0000000000035403
1000,12.89341296525715,2.0,fibonacci,0.00983978674793945,0.9999999999982027
1000,13.29675967466212,2.0,fibonacci,0.00977994731750365,0.9999999999894519
1000,13.712724343984002,2.0,fibonacci,0.009711461957620682,1.000000000003507
1000,14.141701702890233,2.0,fibonacci,0.009640204380770769,0.9999999999979016
1000,14.584098829439856,2.0,fibonacci,0.009573981874649277,0.9999999999937574
1000,15.040335536380244,2.0,fibonacci,0.009520690354703988,1.0000000000022506
1000,15.510844769528397,2.0,fibonacci,0.009486420179252815,0.9999999999978112
1000,15.996073018614878,2.0,fibonacci,0.009474046765463352,0.9999999999879343
1000,16.496480740980207,2.0,fibonacci,0.009482252903101255,0.9999999999996207
1000,17.012542798525892,2.0,fibonacci,0.009504633073399911,1.000000000003965
1000,17.544748908334597,2.0,fibonacci,0.00952941100081909,0.9999999999969923
1000,18.093604107387165,2.0,fibonacci,0.00954171666758412,0.9999999999971497
1000,18.65962923181746,2.0,fibonacci,0.009529855239383335,0.9999999999955067
1000,19.2433614111598,2.0,fibonacci,0.00949324705407171,0.9999999999870686
1000,19.845354578058032,2.0,fibonacci,0.009445892162096257,0.9999999999850502
1000,20.466179993919898,2.0,fibonacci,0.009411044603290838,0.9999999999945832
1000,21.106426791015547,2.0,fibonacci,0.009410319511338075,0.999999999993821
1000,21.76670253153459,2.0,fibonacci,0.009454448909421249,0.9999999999902757
1000,22.44763378413224,2.0,fibonacci,0.009537081181103108,0.9999999999846605
1000,23.14986671851161,2.0,fibonacci,0.009629970887172256,0.9999999999866457
1000,23.87406771860647,2.0,fibonacci,0.009689760250727616,0.9999999999958974
1000,24.620924014946254,2.0,fibonacci,0.00968737565424831,0.9999999999958065
1000,25.39114433680347,2.0,fibonacci,0.009639021666017988,1.0000000000020024
1000,26.185459584742325,2.0,fibonacci,0.009599551278311858,0.9999999999967399
1000,27.00462352420682,2.0,fibonacci,0.009620661943867176,0.9999999999941727
1000,27.849413500806442,2.0,fibonacci,0.009713902756763884,0.9999999999961088
1000,28.72063117797828,2.0,fibonacci,0.00983065024437055,0.9999999999955307
1000,29.619103297725534,2.0,fibonacci,0.009877185214485197,0.9999999999949603
1000,30.545682465154318,2.0,fibonacci,0.009802698797544003,1.000000000000788
1000,31.50124795755328,2.0,fibonacci,0.00967500717787814,0.9999999999946004
1000,32.486706558783744,2.0,fibonacci,0.009615303774848028,0.9999999999935953
1000,33.502993419772295,2.0,fibonacci,0.009670024089589002,0.9999999999947828
1000,34.55107294592218,2.0,fibonacci,0.009745404784202487,0.9999999999861727
1000,35.631939712285856,2.0,fibonacci,0.00966205662318825,0.9999999999934813
1000,36.7466194073669,2.0,fibonacci,0.009397595665231826,0.9999999999980563
1000,37.896169806447176,2.0,fibonacci,0.00915584002275391,0.9999999999930156
1000,39.08168177536266,2.0,fibonacci,0.00906812396713324,0.999999999993164
1000,40.30428030568053,2.0,fibonacci,0.00899009772377348,0.9999999999927568
1000,41.5651255822599,2.0,fibonacci,0.008640487376584707,0.9999999999927223
1000,42.86541408420927,2.0,fibonacci,0.008099907585854431,0.9999999999923943
1000,44.20637972028532,2.0,fibonacci,0.00769608249150926,0.9999999999916436
1000,45.58929499981062,2.0,fibonacci,0.007436027051051361,0.9999999999933277
1000,47.01547224022132,2.0,fibonacci,0.007021378466431309,0.9999999999974736
1000,48.48626481239081,2.0,fibonacci,0.006490024473855964,0.9999999999757586
1000,50.00306842491092,2.0,fibonacci,0.006203681283687137,0.9999999999904534
1000,51.56732244854966,2.0,fibonacci,0.0061228683466097574,0.9999999999882019
1000,53.180511282142,2.0,fibonacci,0.005943133558033289,0.9999999999898183
1000,54.84416576121018,2.0,fibonacci,0.0057948557912896465,0.9999999999799339
1000,56.55986461065005,2.0,fibonacci,0.005898248877832389,0.9999999999962653
1000,58.329235942862034,2.0,fibonacci,0.006028523313740912,0.9999999999958459
1000,60.153958802748356,2.0,fibonacci,0.00605657335302409,0.9999999999901128
1000,62.035764761042714,2.0,fibonacci,0.006268393412472078,0.9999999999910633
1000,63.97643955748427,2.0,fibonacci,0.006402529757421905,0.9999999999962912
1000,65.97782479539536,2.0,fibonacci,0.006162620459011331,0.9999999999815335
1000,68.04181968927098,2.0,fibonacci,0.005947124748046909,0.9999999999863446
1000,70.17038286703826,2.0,fibonacci,0.005524070054255288,0.9999999999971294
1000,72.36553422869653,2.0,fibonacci,0.005054987924711924,0.9999999999851734
1000,74.62935686310134,2.0,fibonacci,0.004803044988531982,0.9999999999899565
1000,76.96399902471158,2.0,fibonacci,0.0045320606912632845,0.9999999999861464
1000,79.37167617217551,2.0,fibonacci,0.0045050430933983076,0.9999999999838135
1000,81.8546730706903,2.0,fibonacci,0.004520416860660301,0.9999999999833792
1000,84.41534596012986,2.0,fibonacci,0.004679542449125141,0.9999999999823238
1000,87.05612479099865,2.0,fibonacci,0.004890522291328013,0.9999999999902057
1000,89.77951553033323,2.0,fibonacci,0.0050543208764331875,0.9999999999674406
1000,92.58810253973955,2.0,fibonacci,0.005276665321294371,0.9999999999812964
1000,95.48455102782293,2.0,fibonacci,0.005383484400583021,0.9999999999685877
1000,98.47160957933774,2.0,fibonacci,0.005495797352723789,0.9999999999657595
1000,101.5521127634568,2.0,fibonacci,0.005410743046901065,0.9999999999742302
1000,104.72898382363586,2.0,fibonacci,0.0050868201121820385,0.9999999999606913
1000,108.00523745162529,2.0,fibonacci,0.004885700310357243,0.9999999999769204
1000,111.38398264826195,2.0,fibonacci,0.00469471636501381,0.999999999983569
1000,114.86842567375535,2.0,fibonacci,0.005026233203127992,0.9999999999768754
1000,118.46187309026836,2.0,fibonacci,0.005503016172685917,0.9999999999744145
1000,122.16773489967919,2.0,fibonacci,0.006172413869536508,0.9999999999733412
1000,125.98952777950272,2.0,fibonacci,0.006691356048323763,0.9999999999815434
1000,129.93087842004158,2.0,fibonacci,0.00619528823923933,0.9999999999530387
1000,133.99552696593383,2.0,fibonacci,0.005529645856507403,0.9999999999768503
1000,138.18733056536323,2.0,fibonacci,0.0054950067312943595,0.9999999999693001
1000,142.5102670302998,2.0,fibonacci,0.005991117950964015,0.9999999999712833
1000,146.9684386112446,2.0,fibonacci,0.006659788958351493,0.9999999999727353
1000,151.5660758900603,2.0,fibonacci,0.007090547974052742,0.9999999999661495
1000,156.30754179458157,2.0,fibonacci,0.007282010820124459,0.9999999999639643
1000,161.1973357388157,2.0,fibonacci,0.007170664547979603,0.9999999999632485
1000,166.2400978926612,2.0,fibonacci,0.006522718067691718,0.9999999999636973
1000,171.440613585197,2.0,fibonacci,0.005960333452897309,0.9999999999426108
1000,176.8038178457207,2.0,fibonacci,0.006278646799425097,0.9999999999685485
1000,182.33480008684404,2.0,fibonacci,0.007623749272363035,0.9999999999571598
1000,188.03880893409146,2.0,fibonacci,0.007629144901287295,0.9999999999575225
1000,193.9212572065829,2.0,fibonacci,0.006030635548492518,0.9999999999440647
1000,199.9877270535285,2.0,fibonacci,0.005309316171855498,0.9999999999446582
1000,206.24397525140904,2.0,fibonacci,0.005582679819273855,0.9999999999526515
1000,212.69593866686898,2.0,fibonacci,0.005937183239188917,0.9999999999394725
1000,219.3497398905058,2.0,fibonacci,0.005932481066810407,0.9999999999346215
1000,226.2116930469024,2.0,fibonacci,0.005322148616343928,0.9999999999479202
1000,233.2883097864156,2.0,fibonacci,0.004930382623680486,0.9999999999464892
1000,240.58630546440645,2.0,fibonacci,0.005624594318215042,0.9999999999444393
1000,248.11260551377677,2.0,fibonacci,0.006049288300388231,0.999999999946601
1000,255.87435201685892,2.0,fibonacci,0.005356074928667005,0.9999999999502285
1000,263.87891048289345,2.0,fibonacci,0.005694621243229894,0.9999999999273206
1000,272.13387683753086,2.0,fibonacci,0.005952101856270281,0.9999999999421697
1000,280.6470846309839,2.0,fibonacci,0.0058071648548158605,0.9999999999218603
1000,289.4266124716752,2.0,fibonacci,0.005871585493828365,0.9999999999363215
1000,298.4807916924327,2.0,fibonacci,0.006169072696478961,0.9999999999373915
1000,307.81821425650804,2.0,fibonacci,0.006551813724303435,0.9999999999278235
1000,317.4477409109193,2.0,fibonacci,0.006789889486039457,0.9999999999267791
1000,327.3785095948577,2.0,fibonacci,0.007126204918641941,0.9999999999297604
1000,337.61994411113403,2.0,fibonacci,0.007320421777645255,0.9999999999098891
1000,348.18176306889666,2.0,fibonacci,0.006869081955771787,0.999999999928001
1000,359.0739891061055,2.0,fibonacci,0.006893281941093763,0.9999999999052768
1000,370.30695840051413,2.0,fibonacci,0.005553487611018192,0.9999999999118001
1000,381.8913304781854,2.0,fibonacci,0.005431202673448224,0.9999999999129318
1000,393.8380983288489,2.0,fibonacci,0.006055445779101779,0.9999999999181592
1000,406.158598837698,2.0,fibonacci,0.005685318899735747,0.999999999907275
1000,418.86452354352707,2.0,fibonacci,0.005618661291332545,0.9999999999095864
1000,431.96792973341735,2.0,fibonacci,0.0059713299707337235,0.9999999999023546
1000,445.4812518844989,2.0,fibonacci,0.006817209024633447,0.999999999893433
1000,459.41731346364764,2.0,fibonacci,0.00820632222514887,0.9999999999012484
1000,473.7893390963144,2.0,fibonacci,0.00727034794888704,0.9999999998921488
1000,488.6109671160326,2.0,fibonacci,0.006738697267632459,0.9999999998870099
1000,503.89626250651503,2.0,fibonacci,0.005078427119810031,0.999999999894217
1000,519.6597302486197,2.0,fibonacci,0.005459420194845842,0.9999999998800897
1000,535.9163290848514,2.0,fibonacci,0.0050153409432933185,0.9999999998871639
1000,552.6814857144603,2.0,fibonacci,0.004541513817892465,0.9999999998836089
1000,569.9711094326076,2.0,fibonacci,0.006046330144749836,0.999999999876388
1000,587.8016072274912,2.0,fibonacci,0.006546606237927546,0.9999999998727889
1000,606.1898993497572,2.0,fibonacci,0.007210514798369212,0.9999999998690684
1000,625.1534353689711,2.0,fibonacci,0.006744792274170795,0.9999999998626415
1000,644.7102107323869,2.0,fibonacci,0.005375060299998729,0.99999999985924
1000,664.8787838417263,2.0,fibonacci,0.005081832721593976,0.9999999998486624
1000,685.6782936641738,2.0,fibonacci,0.005109254636018912,0.9999999998483976
1000,707.1284778942996,2.0,fibonacci,0.004997106028349167,0.9999999998168475
1000,729.2496916841444,2.0,fibonacci,0.005331515364752858,0.9999999998277778
1000,752.0629269592407,2.0,fibonacci,0.00684644701982655,0.9999999998268772
1000,775.5898323389001,2.0,fibonacci,0.008497212623653772,0.999999999821939
1000,799.8527336796708,2.0,fibonacci,0.006595837959468671,0.9999999998160239
1000,824.8746552614581,2.0,fibonacci,0.005760376217469945,0.9999999997878354
1000,850.6793416364153,2.0,fibonacci,0.005425618690621064,0.9999999997943159
1000,877.2912801613356,2.0,fibonacci,0.005341126296796689,0.9999999997901607
1000,904.7357242349293,2.0,fibonacci,0.004992363216707124,0.999999999790385
1000,933.038717262036,2.0,fibonacci,0.006176217339839769,0.9999999997767114
1000,962.2271173675134,2.0,fibonacci,0.006145497027708622,0.9999999997780958
1000,992.3286228832545,2.0,fibonacci,0.007547993590921998,0.9999999997443755
1000,1023.3717986325192,2.0,fibonacci,0.006203712299434215,0.9999999997464939
1000,1055.386103036523,2.0,fibonacci,0.00770919448958921,0.9999999997372069
1000,1088.4019160690054,2.0,fibonacci,0.006654315068039481,0.999999999740519
1000,1122.4505680853058,2.0,fibonacci,0.0062454629585062356,0.9999999997220328
1000,1157.5643695533035,2.0,fibonacci,0.006969992447999728,0.9999999997164786
1000,1193.7766417144358,2.0,fibonacci,0.007817503414674316,0.9999999997173615
1000,1231.1217482038908,2.0,fibonacci,0.005585586958638492,0.9999999996948036
1000,1269.6351276599742,2.0,fibonacci,0.005046015308799252,0.9999999996826082
1000,1309.353327353611,2.0,fibonacci,0.005979360751188618,0.9999999996861615
1000,1350.3140378698736,2.0,fibonacci,0.0069747413468182785,0.9999999996781368
1000,1392.5561288744634,2.0,fibonacci,0.007207153146067413,0.9999999996564265
1000,1436.1196859990787,2.0,fibonacci,0.0066095760310165,0.9999999996460306
1000,1481.0460488806755,2.0,fibonacci,0.008432111984798285,0.9999999996343226
1000,1527.377850390714,2.0,fibonacci,0.00605733768624761,0.9999999996150917
1000,1575.1590570916228,2.0,fibonacci,0.006077365567726675,0.9999999996057114
1000,1624.435010958867,2.0,fibonacci,0.00568108211958606,0.9999999995994783
1000,1675.2524724082155,2.0,fibonacci,0.006738249544208973,0.9999999995734541
1000,1727.6596646690364,2.0,fibonacci,0.005312178561263306,0.9999999995594684
1000,1781.7063195457306,2.0,fibonacci,0.006301152195698683,0.9999999995612914
1000,1837.4437246107268,2.0,fibonacci,0.0068063434907221524,0.9999999995481712
1000,1894.9247718738216,2.0,fibonacci,0.006062717381871784,0.9999999995337828
1000,1954.2040079740534,2.0,fibonacci,0.006068304143819792,0.9999999995282234
1000,2015.337685941733,2.0,fibonacci,0.005533328781389595,0.9999999995131784
1000,2078.383818579757,2.0,fibonacci,0.005817994730475606,0.9999999994878866
1000,2143.4022335148566,2.0,fibonacci,0.004459447261242025,0.9999999994817341
1000,2210.4546299710214,2.0,fibonacci,0.004390405778905577,0.9999999994431911
1000,2279.6046373189797,2.0,fibonacci,0.005580712918492107,0.9999999994454322
1000,2350.9178754572868,2.0,fibonacci,0.004668508701583568,0.999999999423356
1000,2424.462017082328,2.0,fibonacci,0.0050719144669712024,0.999999999406016
1000,2500.306851906324,2.0,fibonacci,0.004715350390632115,0.9999999993879777
1000,2578.524352884274,2.0,fibonacci,0.005412013197511603,0.9999999993696196
1000,2659.1887445126936,2.0,fibonacci,0.0041582846133444255,0.9999999993497646
1000,2742.3765732649495,2.0,fibonacci,0.006532769773425463,0.9999999993194191
1000,2828.166780230032,2.0,fibonacci,0.00543610481443026,0.9999999993073615
1000,2916.640776023704,2.0,fibonacci,0.007488772708579811,0.9999999992876611
1000,3007.882518043099,2.0,fibonacci,0.004735845186953632,0.9999999992447428
1000,3101.978590138097,2.0,fibonacci,0.0053821312744053015,0.9999999992333654
1000,3199.018284775064,2.0,fibonacci,0.0048898793442291935,0.999999999177702
1000,3299.093687770939,2.0,fibonacci,0.00455669674150518,0.9999999991499627
1000,3402.2997656780676,2.0,fibonacci,0.004505169174689468,0.9999999991138987
1000,3508.7344559027115,2.0,fibonacci,0.00503352178486856,0.9999999990399825
1000,3618.4987596427463,2.0,fibonacci,0.005166410442330959,0.9999999989583519
1000,3731.6968377327516,2.0,fibonacci,0.0050894055759202455,0.9999999988826174
1000,3848.436109487429,2.0,fibonacci,0.004244500246871306,0.9999999987926399
1000,3968.827354637162,2.0,fibonacci,0.004239227245737304,0.99999999867989
1000,4092.984818452438,2.0,fibonacci,0.004671809008217941,0.9999999985663556
1000,4221.026320156899,2.0,fibonacci,0.004330752058862183,0.9999999981343451
1000,4353.0733647318875,2.0,fibonacci,0.004094323651902178,0.9999999980233126
1000,4489.251258218603,2.0,fibonacci,0.00387643081463739,0.9999999976645226
1000,4629.689226627263,2.0,fibonacci,0.004451536642728656,0.999999997212071
1000,4774.520538566127,2.0,fibonacci,0.004539510796579925,0.9999999968065727
1000,4923.882631706737,2.0,fibonacci,0.003955252241969087,0.9999999965730618
1000,5077.917243205398,2.0,fibonacci,0.004252200138123547,0.9999999960148765
1000,5236.77054420465,2.0,fibonacci,0.004262923031722436,0.9999999956102837
1000,5400.593278542368,2.0,fibonacci,0.0038829658117629485,0.999999994819329
1000,5569.5409058001305,2.0,fibonacci,0.0035339557501763725,0.9999999938232799
1000,5743.773748826581,2.0,fibonacci,0.004375219185925936,0.9999999927832336
1000,5923.4571458758055,2.0,fibonacci,0.0034638495823412475,0.9999999912830452
1000,6108.76160750504,2.0,fibonacci,0.0037663796394131793,0.9999999907635249
1000,6299.862978380694,2.0,fibonacci,0.0034064538313145687,0.9999999892667757
1000,6496.942604146125,2.0,fibonacci,0.002982950099414454,0.999999988015698
1000,6700.18750350959,2.0,fibonacci,0.003145368020054356,0.9999999864133751
1000,6909.790545715645,2.0,fibonacci,0.003076892792934706,0.9999999854452817
1000,7125.950633568411,2.0,fibonacci,0.002964854690578875,0.9999999839815551
1000,7348.872892180388,2.0,fibonacci,0.0036584268248941836,0.9999999823817308
1000,7578.76886362593,2.0,fibonacci,0.0032036680711630457,0.9999999809672261
1000,7815.856707684091,2.0,fibonacci,0.003231963850401254,0.9999999790409132
1000,8060.361408861345,2.0,fibonacci,0.0035086739629146806,0.9999999772789566
1000,8312.514989890631,2.0,fibonacci,0.002985172135374844,0.9999999756542045
1000,8572.556731909324,2.0,fibonacci,0.003364394995043115,0.9999999735692987
1000,8840.733401525064,2.0,fibonacci,0.0031049769239104683,0.9999999720500419
1000,9117.299484984922,2.0,fibonacci,0.0029461864360657447,0.9999999700085535
1000,9402.517429670132,2.0,fibonacci,0.00270144408273625,0.9999999678813827
1000,9696.65789314552,2.0,fibonacci,0.002775796329722743,0.9999999652520452
1000,10000.0,2.0,fibonacci,0.0033188830012392235,0.999999963116308
1000,0.0,2.0,tribonacci,0.0410088225794245,1.0
1000,1.0,2.0,tribonacci,0.04097859075894086,0.9999999999828166
1000,1.0312831606721848,2.0,tribonacci,0.04097493094287347,0.9999999999862047
1000,1.0635449574860112,2.0,tribonacci,0.04097084943487344,0.9999999999947039
1000,1.096816005273138,2.0,tribonacci,0.04096630179569702,0.9999999999998216
1000,1.1311278765939214,2.0,tribonacci,0.040961239717689564,1.0000000000003917
1000,1.1665131316981963,2.0,tribonacci,0.04095561084830627,1.0000000000000964
1000,1.2030053494233244,2.0,tribonacci,0.04094935863403327,0.999999999999561
1000,1.240639159058832,2.0,tribonacci,0.040942422212998396,1.0000000000007636
1000,1.2794502732078736,2.0,tribonacci,0.04093473635302503,1.0000000000047424
1000,1.3194755216767062,2.0,tribonacci,0.04092623145314964,1.0000000000102505
1000,1.3607528864243335,2.0,tribonacci,0.040916833624428064,1.0000000000138027
1000,1.403321537605485,2.0,tribonacci,0.040906464867870175,1.0000000000113234
1000,1.4472218707411348,2.0,tribonacci,0.04089504336925781,1.0000000000010796
1000,1.4924955450518296,2.0,tribonacci,0.04088248393224638,0.9999999999867322
1000,1.5391855229902058,2.0,tribonacci,0.040868698572291175,0.9999999999780526
1000,1.587336111010209,2.0,tribonacci,0.04085359729423024,0.9999999999850997
1000,1.6369930016117025,2.0,tribonacci,0.04083708907533005,0.9999999999995064
1000,1.6882033167003634,2.0,tribonacci,0.04081908309626416,1.000000000000435
1000,1.7410156523040161,2.0,tribonacci,0.04079949026176657,0.9999999999994605
1000,1.7954801246878311,2.0,tribonacci,0.04077822495954599,1.0000000000009968
1000,1.8516484179121548,2.0,tribonacci,0.0407552071610779,1.0000000000088944
1000,1.9095738328780973,2.0,tribonacci,0.040730364841611875,1.0000000000169653
1000,1.9693113379074225,2.0,tribonacci,0.04070363673401911,1.0000000000127578
1000,2.0309176209047357,2.0,tribonacci,0.040674975418088254,0.999999999992114
1000,2.0944511431514696,2.0,tribonacci,0.040644350735367374,0.9999999999728847
1000,2.159972194782718,2.0,tribonacci,0.04061175350441807,0.9999999999840288
1000,2.2275429519995575,2.0,tribonacci,0.04057719949085269,0.9999999999998443
1000,2.2972275360711523,2.0,tribonacci,0.0405407335714101,0.9999999999995725
1000,2.369092074182633,2.0,tribonacci,0.04050243400997247,1.0000000000013363
1000,2.4432047621864883,2.0,tribonacci,0.04046241673796453,1.0000000000150897
1000,2.519635929317015,2.0,tribonacci,0.04042083953875982,1.000000000021228
1000,2.598458104929249,2.0,tribonacci,0.04037790592300431,0.9999999999959301
1000,2.6797460873256913,2.0,tribonacci,0.04033386854923082,0.9999999999662681
1000,2.763577014736159,2.0,tribonacci,0.04028903208055673,0.9999999999905189
1000,2.850030438518107,2.0,tribonacci,0.04024375535943254,1.0000000000001192
1000,2.9391883986468863,2.0,tribonacci,0.04019845243527112,0.9999999999995907
1000,3.0311355015675785,2.0,tribonacci,0.04015359272108504,1.0000000000154936
1000,3.1259590004822804,2.0,tribonacci,0.04010970016793439,1.0000000000177038
1000,3.2237488781490296,2.0,tribonacci,0.040067351342383824,0.9999999999767826
1000,3.3245979322709407,2.0,tribonacci,0.040027172668350895,0.9999999999765808
1000,3.428601863556586,2.0,tribonacci,0.03998983761562172,0.9999999999996985
1000,3.5358593665351785,2.0,tribonacci,0.039956063643451924,1.0000000000000484
1000,3.646472223212748,2.0,tribonacci,0.03992660964831962,1.000000000017941
1000,3.760545399658171,2.0,tribonacci,0.039902274839915895,0.9999999999974317
1000,3.8781871456107226,2.0,tribonacci,0.039883898475749927,0.9999999999682841
1000,3.9995090972036653,2.0,tribonacci,0.03987236079879957,0.9999999999993772
1000,4.1246263829013525,2.0,tribonacci,0.039868583930159934,1.0000000000007974
1000,4.253657732750387,2.0,tribonacci,0.03987352930404214,1.0000000000202407
1000,4.386725591048498,2.0,tribonacci,0.03988818875167725,0.9999999999761469
1000,4.523956232538054,2.0,tribonacci,0.03991356197016752,0.9999999999943134
1000,4.6654798822344725,2.0,tribonacci,0.03995061403830132,0.9999999999976684
1000,4.811430839003259,2.0,tribonacci,0.04000020323064784,1.0000000000260203
1000,4.961947603002903,2.0,tribonacci,0.04006297221193655,0.9999999999802441
1000,5.117173007114605,2.0,tribonacci,0.040139196725811885,0.999999999990134
1000,5.277254352483538,2.0,tribonacci,0.04022859241033681,0.9999999999974175
1000,5.442343548300267,2.0,tribonacci,0.040330087881261086,1.0000000000317981
1000,5.612597255954972,2.0,tribonacci,0.04044158404841134,0.9999999999526993
1000,5.788177037701274,2.0,tribonacci,0.04055973274562294,0.9999999999977959
1000,5.969249509970735,2.0,tribonacci,0.04067978013324433,1.000000000009697
1000,6.155986501483509,2.0,tribonacci,0.04079553247083527,0.9999999999778347
1000,6.348565216305219,2.0,tribonacci,0.04089950521588855,0.9999999999973468
1000,6.547168402004738,2.0,tribonacci,0.04098331044149789,1.0000000000109581
1000,6.751984523072503,2.0,tribonacci,0.041038317083889574,0.9999999999769106
1000,6.963207939763885,2.0,tribonacci,0.041056577554582245,0.9999999999969253
1000,7.181039092537351,2.0,tribonacci,0.04103195618538716,1.0000000000032137
1000,7.405684692262437,2.0,tribonacci,0.040961328018900615,0.9999999999966438
1000,7.637357916378021,2.0,tribonacci,0.04084565107951899,1.0000000000172573
1000,7.876278611187057,2.0,tribonacci,0.0406906805309716,0.999999999958128
1000,8.122673500479713,2.0,tribonacci,0.04050710913536747,0.9999999999972776
1000,8.376776400682918,2.0,tribonacci,0.04031000390654326,0.9999999999798969
1000,8.638828442740447,2.0,tribonacci,0.04011756666303171,0.9999999999953604
1000,8.909078300934137,2.0,tribonacci,0.03994944020907438,0.999999999990471
1000,9.187782428863335,2.0,tribonacci,0.03982493505207585,0.9999999999951984
1000,9.475205302806543,2.0,tribonacci,0.03976154081093295,0.9999999999851917
1000,9.771619672696177,2.0,tribonacci,0.039773807471615207,0.999999999994919
1000,10.077306820944612,2.0,tribonacci,0.039872182097234886,0.9999999999683226
1000,10.392556829367125,2.0,tribonacci,0.04006096833735586,1.0000000000004856
1000,10.71766885445503,2.0,tribonacci,0.040334736594134016,0.9999999999697529
1000,11.052951411260215,2.0,tribonacci,0.040673563249597984,1.0000000000145672
1000,11.39872266616052,2.0,tribonacci,0.041039135640433606,0.9999999999946485
1000,11.755310738783693,2.0,tribonacci,0.04137504196337932,0.9999999999709265
1000,12.123054013376523,2.0,tribonacci,0.04161432614419488,1.0000000000096432
1000,12.502301459914554,2.0,tribonacci,0.0416949933922312,0.9999999999934398
1000,12.89341296525715,2.0,tribonacci,0.041580014854583736,0.9999999999758943
1000,13.29675967466212,2.0,tribonacci,0.041274224829671885,0.9999999999987139
1000,13.712724343984002,2.0,tribonacci,0.04082929640189088,1.0000000000043914
1000,14.141701702890233,2.0,tribonacci,0.04033235617346462,0.9999999999927458
1000,14.584098829439856,2.0,tribonacci,0.03988281188768031,0.9999999999927804
1000,15.040335536380244,2.0,tribonacci,0.03956899912486616,0.9999999999690908
1000,15.510844769528397,2.0,tribonacci,0.03945310371838257,0.9999999999773338
1000,15.996073018614878,2.0,tribonacci,0.03956051617309154,1.0000000000056344
1000,16.496480740980207,2.0,tribonacci,0.03986413261806203,1.0000000000089442
1000,17.012542798525892,2.0,tribonacci,0.040269324068146144,1.0000000000082463
1000,17.544748908334597,2.0,tribonacci,0.04062684751990582,1.000000000009292
1000,18.093604107387165,2.0,tribonacci,0.040793211711842796,1.000000000013316
1000,18.65962923181746,2.0,tribonacci,0.04071340923541788,1.0000000000103373
1000,19.2433614111598,2.0,tribonacci,0.040463334932074733,0.999999999995662
1000,19.845354578058032,2.0,tribonacci,0.04021007126770748,0.9999999999711209
1000,20.466179993919898,2.0,tribonacci,0.040119757585100314,0.9999999999784516
1000,21.106426791015547,2.0,tribonacci,0.040279283236097425,0.9999999999907392
1000,21.76670253153459,2.0,tribonacci,0.04064748966102538,0.9999999999954641
1000,22.44763378413224,2.0,tribonacci,0.04102881230321925,0.9999999999953719
1000,23.14986671851161,2.0,tribonacci,0.04114294735170579,0.9999999999859124
1000,23.87406771860647,2.0,tribonacci,0.040834213567900006,0.9999999999947781
1000,24.620924014946254,2.0,tribonacci,0.040243754531982825,0.9999999999736906
1000,25.39114433680347,2.0,tribonacci,0.03972738305347003,0.9999999999881423
1000,26.185459584742325,2.0,tribonacci,0.03960008237175119,0.9999999999836533
1000,27.00462352420682,2.0,tribonacci,0.03993414375322724,0.9999999999874267
1000,27.849413500806442,2.0,tribonacci,0.04046507560963956,0.9999999999650712
1000,28.72063117797828,2.0,tribonacci,0.04071628459935313,1.0000000000028222
1000,29.619103297725534,2.0,tribonacci,0.04043782137166208,0.9999999999870772
1000,30.545682465154318,2.0,tribonacci,0.039912375896692574,0.999999999967857
1000,31.50124795755328,2.0,tribonacci,0.039685233441467835,0.9999999999770433
1000,32.486706558783744,2.0,tribonacci,0.04003985374318411,1.000000000000634
1000,33.502993419772295,2.0,tribonacci,0.04069649897809833,1.0000000000026337
1000,34.55107294592218,2.0,tribonacci,0.040950209925995164,1.0000000000003777
1000,35.631939712285856,2.0,tribonacci,0.04042193052853358,1.0000000000020357
1000,36.7466194073669,2.0,tribonacci,0.03966492011366954,0.9999999999985373
1000,37.896169806447176,2.0,tribonacci,0.039497027262773904,0.9999999999707561
1000,39.08168177536266,2.0,tribonacci,0.039977201519344197,0.9999999999689496
1000,40.30428030568053,2.0,tribonacci,0.04028701735171029,0.9999999999827937
1000,41.5651255822599,2.0,tribonacci,0.03987696236781835,0.9999999999937336
1000,42.86541408420927,2.0,tribonacci,0.03954229067254556,0.9999999999821964
1000,44.20637972028532,2.0,tribonacci,0.040069905638491894,0.9999999999921387
1000,45.58929499981062,2.0,tribonacci,0.040735042898165895,0.9999999999803271
1000,47.01547224022132,2.0,tribonacci,0.04025861614803068,0.9999999999647892
1000,48.48626481239081,2.0,tribonacci,0.039377092021679806,0.9999999999647516
1000,50.00306842491092,2.0,tribonacci,0.039438548805813094,0.999999999993474
1000,51.56732244854966,2.0,tribonacci,0.03993661381388686,0.9999999999968856
1000,53.180511282142,2.0,tribonacci,0.03990601427088511,0.9999999999867091
1000,54.84416576121018,2.0,tribonacci,0.04009967385219939,0.9999999999533671
1000,56.55986461065005,2.0,tribonacci,0.040367920515956425,0.9999999999765113
1000,58.329235942862034,2.0,tribonacci,0.039777569241695704,0.9999999999882158
1000,60.153958802748356,2.0,tribonacci,0.039672444191186776,0.999999999958791
1000,62.035764761042714,2.0,tribonacci,0.04040589878019077,0.9999999999962307
1000,63.97643955748427,2.0,tribonacci,0.03980941766420488,0.9999999999727786
1000,65.97782479539536,2.0,tribonacci,0.0396274536456548,0.9999999999546497
1000,68.04181968927098,2.0,tribonacci,0.04143538488779478,0.9999999999410433
1000,70.17038286703826,2.0,tribonacci,0.039955722061644605,0.9999999999325625
1000,72.36553422869653,2.0,tribonacci,0.03949815168945264,0.9999999999608469
1000,74.62935686310134,2.0,tribonacci,0.041133202784402995,0.9999999999719615
1000,76.96399902471158,2.0,tribonacci,0.0394105461309103,0.9999999999369331
1000,79.37167617217551,2.0,tribonacci,0.04194575815601088,0.9999999999728346
1000,81.8546730706903,2.0,tribonacci,0.03913297335293372,0.9999999999633615
1000,84.41534596012986,2.0,tribonacci,0.04090383437061733,0.9999999999610432
1000,87.05612479099865,2.0,tribonacci,0.03968463669296344,0.9999999999590606
1000,89.77951553033323,2.0,tribonacci,0.040963781793046716,0.999999999983067
1000,92.58810253973955,2.0,tribonacci,0.03945081130175137,0.9999999999568794
1000,95.48455102782293,2.0,tribonacci,0.04054017105221975,0.9999999999340025
1000,98.47160957933774,2.0,tribonacci,0.03879164493574941,0.9999999999634673
1000,101.5521127634568,2.0,tribonacci,0.041245371464680936,0.9999999999337799
1000,104.72898382363586,2.0,tribonacci,0.038110800058665836,0.9999999999489085
1000,108.00523745162529,2.0,tribonacci,0.04052583982350924,0.9999999999743242
1000,111.38398264826195,2.0,tribonacci,0.03866473205049152,0.9999999999452711
1000,114.86842567375535,2.0,tribonacci,0.03922554437485681,0.9999999999426418
1000,118.46187309026836,2.0,tribonacci,0.04006839685522802,0.9999999999401142
1000,122.16773489967919,2.0,tribonacci,0.03814527208335969,0.9999999999310571
1000,125.98952777950272,2.0,tribonacci,0.03934483241278005,0.9999999999509057
1000,129.93087842004158,2.0,tribonacci,0.04062599288982862,0.9999999999386193
1000,133.99552696593383,2.0,tribonacci,0.039214984193224466,0.9999999999641166
1000,138.18733056536323,2.0,tribonacci,0.037831231759239296,0.9999999999253727
1000,142.5102670302998,2.0,tribonacci,0.04058065824682433,0.9999999998601534
1000,146.9684386112446,2.0,tribonacci,0.042227456168228095,0.9999999998566256
1000,151.5660758900603,2.0,tribonacci,0.04043537119742747,0.9999999999104998
1000,156.30754179458157,2.0,tribonacci,0.038673671645961236,0.9999999998178283
1000,161.1973357388157,2.0,tribonacci,0.03713565054139074,0.9999999998801229
1000,166.2400978926612,2.0,tribonacci,0.03720558686377546,0.9999999999393991
1000,171.440613585197,2.0,tribonacci,0.03730459980909137,0.9999999998881928
1000,176.8038178457207,2.0,tribonacci,0.038383958812235004,0.999999999933842
1000,182.33480008684404,2.0,tribonacci,0.038641781463981444,0.9999999998757984
1000,188.03880893409146,2.0,tribonacci,0.03799334098360195,0.9999999998668831
1000,193.9212572065829,2.0,tribonacci,0.03714371836055218,0.9999999999115112
1000,199.9877270535285,2.0,tribonacci,0.03658264043379115,0.9999999999096226
1000,206.24397525140904,2.0,tribonacci,0.0358192611769555,0.9999999996970457
1000,212.69593866686898,2.0,tribonacci,0.03704518401640465,0.9999999998528073
1000,219.3497398905058,2.0,tribonacci,0.040114165041601785,0.999999999696161
1000,226.2116930469024,2.0,tribonacci,0.04211124055983691,0.9999999996665365
1000,233.2883097864156,2.0,tribonacci,0.035297881081994914,0.9999999997756807
1000,240.58630546440645,2.0,tribonacci,0.034672491394150046,0.9999999997796529
1000,248.11260551377677,2.0,tribonacci,0.04208235102024307,0.9999999995654536
1000,255.87435201685892,2.0,tribonacci,0.033960747450324395,0.9999999997226756
1000,263.87891048289345,2.0,tribonacci,0.036079523503885505,0.9999999995378364
1000,272.13387683753086,2.0,tribonacci,0.03475557947293787,0.9999999998227107
1000,280.6470846309839,2.0,tribonacci,0.03459631305559534,0.9999999995168507
1000,289.4266124716752,2.0,tribonacci,0.03169964650708378,0.9999999997087103
1000,298.4807916924327,2.0,tribonacci,0.038156596732197456,0.9999999996771911
1000,307.81821425650804,2.0,tribonacci,0.029954725906657802,0.9999999995216445
1000,317.4477409109193,2.0,tribonacci,0.02850374323840502,0.9999999994822911
1000,327.3785095948577,2.0,tribonacci,0.033175128902364445,0.9999999994340134
1000,337.61994411113403,2.0,tribonacci,0.032606710755043775,0.9999999992885855
1000,348.18176306889666,2.0,tribonacci,0.030692309114361736,0.9999999992871762
1000,359.0739891061055,2.0,tribonacci,0.0305402026307661,0.9999999992672781
1000,370.30695840051413,2.0,tribonacci,0.03363999569311435,0.9999999982184584
1000,381.8913304781854,2.0,tribonacci,0.022606743498218177,0.999999998828446
1000,393.8380983288489,2.0,tribonacci,0.02339945094506455,0.9999999975024468
1000,406.158598837698,2.0,tribonacci,0.024561409791795052,0.9999999980209082
1000,418.86452354352707,2.0,tribonacci,0.029391496258325232,0.999999997709002
1000,431.96792973341735,2.0,tribonacci,0.03767912504847105,0.9999999970395786
1000,445.4812518844989,2.0,tribonacci,0.019298786198897074,0.9999999970454768
1000,459.41731346364764,2.0,tribonacci,0.027217695572408433,0.9999999961455013
1000,473.7893390963144,2.0,tribonacci,0.022468362174967223,0.9999999965045113
1000,488.6109671160326,2.0,tribonacci,0.02090646175362238,0.9999999958555715
1000,503.89626250651503,2.0,tribonacci,0.029217106755101512,0.9999999955113709
1000,519.6597302486197,2.0,tribonacci,0.034674747682152826,0.9999999953501676
1000,535.9163290848514,2.0,tribonacci,0.03377154774780333,0.9999999953986758
1000,552.6814857144603,2.0,tribonacci,0.03447176548600473,0.9999999950451929
1000,569.9711094326076,2.0,tribonacci,0.031945145463021976,0.9999999936323235
1000,587.8016072274912,2.0,tribonacci,0.02661128161410515,0.9999999941755744
1000,606.1898993497572,2.0,tribonacci,0.024518656070359583,0.999999994758149
1000,625.1534353689711,2.0,tribonacci,0.02702957282782689,0.9999999925037487
1000,644.7102107323869,2.0,tribonacci,0.02590068086230394,0.9999999923304044
1000,664.8787838417263,2.0,tribonacci,0.025201231512556488,0.9999999921557998
1000,685.6782936641738,2.0,tribonacci,0.03673330823266859,0.9999999918545276
1000,707.1284778942996,2.0,tribonacci,0.03134912504013726,0.999999991542998
1000,729.2496916841444,2.0,tribonacci,0.028884589643588705,0.9999999910702416
1000,752.0629269592407,2.0,tribonacci,0.02641689000462836,0.9999999903986513
1000,775.5898323389001,2.0,tribonacci,0.03514552537079165,0.9999999897558809
1000,799.8527336796708,2.0,tribonacci,0.023191648442925383,0.9999999888252862
1000,824.8746552614581,2.0,tribonacci,0.02543249174327745,0.9999999883831842
1000,850.6793416364153,2.0,tribonacci,0.02364332874952398,0.9999999871503735
1000,877.2912801613356,2.0,tribonacci,0.02298354131496426,0.999999987703536
1000,904.7357242349293,2.0,tribonacci,0.0208483750474116,0.9999999873405232
1000,933.038717262036,2.0,tribonacci,0.02119457908205681,0.9999999876244183
1000,962.2271173675134,2.0,tribonacci,0.025859418572221373,0.9999999858375215
1000,992.3286228832545,2.0,tribonacci,0.023770181786996962,0.9999999853781041
1000,1023.3717986325192,2.0,tribonacci,0.023515038177906095,0.9999999854525016
1000,1055.386103036523,2.0,tribonacci,0.02640791575129135,0.9999999848192596
1000,1088.4019160690054,2.0,tribonacci,0.026162497395888655,0.9999999837433388
1000,1122.4505680853058,2.0,tribonacci,0.026164452090142162,0.999999983100059
1000,1157.5643695533035,2.0,tribonacci,0.026811866582274323,0.9999999820095186
1000,1193.7766417144358,2.0,tribonacci,0.025096070959377974,0.9999999796642807
1000,1231.1217482038908,2.0,tribonacci,0.023487719682493503,0.9999999801158087
1000,1269.6351276599742,2.0,tribonacci,0.018990345726153796,0.9999999798930864
1000,1309.353327353611,2.0,tribonacci,0.022810059581245486,0.9999999782009392
1000,1350.3140378698736,2.0,tribonacci,0.024799352663019813,0.9999999760550764
1000,1392.5561288744634,2.0,tribonacci,0.019523634543324505,0.9999999762442775
1000,1436.1196859990787,2.0,tribonacci,0.02332659373747462,0.9999999752599452
1000,1481.0460488806755,2.0,tribonacci,0.023008942711995165,0.9999999755646289
1000,1527.377850390714,2.0,tribonacci,0.01864594863977257,0.9999999732857057
1000,1575.1590570916228,2.0,tribonacci,0.02525982905742982,0.9999999719791095
1000,1624.435010958867,2.0,tribonacci,0.023327652333697154,0.9999999713505343
1000,1675.2524724082155,2.0,tribonacci,0.018368336233543666,0.999999969821013
1000,1727.6596646690364,2.0,tribonacci,0.017962765762636203,0.9999999698390777
1000,1781.7063195457306,2.0,tribonacci,0.021188699916243028,0.9999999678052668
1000,1837.4437246107268,2.0,tribonacci,0.019618399630057702,0.9999999660878306
1000,1894.9247718738216,2.0,tribonacci,0.016032564310492596,0.9999999632999401
1000,1954.2040079740534,2.0,tribonacci,0.020153954777100375,0.9999999636522707
1000,2015.337685941733,2.0,tribonacci,0.018514184308506647,0.9999999614860332
1000,2078.383818579757,2.0,tribonacci,0.014210661616138931,0.9999999608211227
1000,2143.4022335148566,2.0,tribonacci,0.014747849703479766,0.9999999594984466
1000,2210.4546299710214,2.0,tribonacci,0.015539270964410247,0.9999999571322423
1000,2279.6046373189797,2.0,tribonacci,0.011804778730287445,0.9999999567213135
1000,2350.9178754572868,2.0,tribonacci,0.014910219196241975,0.9999999552657688
1000,2424.462017082328,2.0,tribonacci,0.012077517127078575,0.9999999540868814
1000,2500.306851906324,2.0,tribonacci,0.012615299375371983,0.9999999517339166
1000,2578.524352884274,2.0,tribonacci,0.011327343596216748,0.9999999499610398
1000,2659.1887445126936,2.0,tribonacci,0.011875591974070428,0.9999999481863112
1000,2742.3765732649495,2.0,tribonacci,0.011765626337073586,0.9999999458579077
1000,2828.166780230032,2.0,tribonacci,0.014849131329478385,0.9999999437225914
1000,2916.640776023704,2.0,tribonacci,0.013249288728535183,0.9999999422497112
1000,3007.882518043099,2.0,tribonacci,0.013605135785158338,0.9999999417533473
1000,3101.978590138097,2.0,tribonacci,0.009294469944738325,0.9999999389988066
1000,3199.018284775064,2.0,tribonacci,0.009684693947285543,0.9999999368909905
1000,3299.093687770939,2.0,tribonacci,0.012621378922447316,0.9999999346564756
1000,3402.2997656780676,2.0,tribonacci,0.012134059990806736,0.9999999326504161
1000,3508.7344559027115,2.0,tribonacci,0.010319516413901537,0.9999999305523419
1000,3618.4987596427463,2.0,tribonacci,0.01095457512027644,0.9999999276042155
1000,3731.6968377327516,2.0,tribonacci,0.009456134136270451,0.9999999252743794
1000,3848.436109487429,2.0,tribonacci,0.009735833662272653,0.9999999231318915
1000,3968.827354637162,2.0,tribonacci,0.010427308385431617,0.9999999195844744
1000,4092.984818452438,2.0,tribonacci,0.009817022744909322,0.9999999176484147
1000,4221.026320156899,2.0,tribonacci,0.01036381651953958,0.9999999148549564
1000,4353.0733647318875,2.0,tribonacci,0.009250246526072023,0.9999999114646853
1000,4489.251258218603,2.0,tribonacci,0.008667759229862479,0.9999999092074693
1000,4629.689226627263,2.0,tribonacci,0.009467260301843649,0.9999999066697259
1000,4774.520538566127,2.0,tribonacci,0.009597596665286416,0.999999903554305
1000,4923.882631706737,2.0,tribonacci,0.009738968715701974,0.9999999001909496
1000,5077.917243205398,2.0,tribonacci,0.010259934023571306,0.9999998969419592
1000,5236.77054420465,2.0,tribonacci,0.009329928698478955,0.9999998939106051
1000,5400.593278542368,2.0,tribonacci,0.008593185875588319,0.9999998899895485
1000,5569.5409058001305,2.0,tribonacci,0.007186558829862709,0.9999998874746365
1000,5743.773748826581,2.0,tribonacci,0.007587345962246895,0.999999883010322
1000,5923.4571458758055,2.0,tribonacci,0.008512410436262196,0.9999998786773202
1000,6108.76160750504,2.0,tribonacci,0.008506266837378722,0.9999998755821682
1000,6299.862978380694,2.0,tribonacci,0.008741062847690797,0.9999998726441996
1000,6496.942604146125,2.0,tribonacci,0.007227307314658058,0.9999998669594233
1000,6700.18750350959,2.0,tribonacci,0.0070817696318400646,0.9999998645526783
1000,6909.790545715645,2.0,tribonacci,0.006525958943548537,0.9999998603587272
1000,7125.950633568411,2.0,tribonacci,0.00761753428232253,0.9999998550964919
1000,7348.872892180388,2.0,tribonacci,0.007088069603361995,0.9999998508777381
1000,7578.76886362593,2.0,tribonacci,0.007034232960200261,0.9999998463231508
1000,7815.856707684091,2.0,tribonacci,0.007857205282393625,0.9999998412280495
1000,8060.361408861345,2.0,tribonacci,0.007121174486271917,0.9999998373104282
1000,8312.514989890631,2.0,tribonacci,0.006160845421533542,0.9999998321014402
1000,8572.556731909324,2.0,tribonacci,0.006600185451995403,0.9999998280497472
1000,8840.733401525064,2.0,tribonacci,0.006135535750051272,0.9999998222712342
1000,9117.299484984922,2.0,tribonacci,0.006155520513384809,0.9999998174776337
1000,9402.517429670132,2.0,tribonacci,0.006168248538279271,0.9999998115279847
1000,9696.65789314552,2.0,tribonacci,0.007198602435665274,0.9999998069263215
1000,10000.0,2.0,tribonacci,0.007534856526231554,0.9999998006188382
1000,0.0,3.0,fibonacci,0.010802718160829386,1.0
1000,1.0,3.0,fibonacci,0.010799440840867895,0.9999999999982205
1000,1.0312831606721848,3.0,fibonacci,0.010798973198553913,0.9999999999947566
1000,1.0635449574860112,3.0,fibonacci,0.010798447254193136,0.9999999999923519
1000,1.096816005273138,3.0,fibonacci,0.010797856554590318,0.9999999999922914
1000,1.1311278765939214,3.0,fibonacci,0.010797194051898211,0.9999999999951368
1000,1.1665131316981963,3.0,fibonacci,0.010796452069856697,0.9999999999991714
1000,1.2030053494233244,3.0,fibonacci,0.01079562227307922,1.0000000000000104
1000,1.240639159058832,3.0,fibonacci,0.01079469564520359,1.000000000000139
1000,1.2794502732078736,3.0,fibonacci,0.010793662463951666,0.9999999999998642
1000,1.3194755216767062,3.0,fibonacci,0.010792512288022287,0.9999999999998936
1000,1.3607528864243335,3.0,fibonacci,0.010791233952541451,1.0000000000010143
1000,1.403321537605485,3.0,fibonacci,0.01078981557553386,1.0000000000032192
1000,1.4472218707411348,3.0,fibonacci,0.010788244578317358,1.0000000000053935
1000,1.4924955450518296,3.0,fibonacci,0.01078650772262347,1.000000000005721
1000,1.5391855229902058,3.0,fibonacci,0.010784591167452437,1.0000000000027838
1000,1.587336111010209,3.0,fibonacci,0.010782480548793301,0.9999999999970054
1000,1.6369930016117025,3.0,fibonacci,0.010780161085330283,0.9999999999915933
1000,1.6882033167003634,3.0,fibonacci,0.010777617713047541,0.9999999999914606
1000,1.7410156523040161,3.0,fibonacci,0.010774835251144945,0.9999999999978032
1000,1.7954801246878311,3.0,fibonacci,0.010771798602071253,1.0000000000000293
1000,1.8516484179121548,3.0,fibonacci,0.010768492998928373,0.9999999999999392
1000,1.9095738328780973,3.0,fibonacci,0.01076490428239259,0.999999999999822
1000,1.9693113379074225,3.0,fibonacci,0.010761019220943004,1.0000000000022646
1000,2.0309176209047357,3.0,fibonacci,0.010756825873175238,1.0000000000063156
1000,2.0944511431514696,3.0,fibonacci,0.010752313987122357,1.0000000000069305
1000,2.159972194782718,3.0,fibonacci,0.01074747543332067,1.000000000000174
1000,2.2275429519995575,3.0,fibonacci,0.010742304665840106,0.999999999990321
1000,2.2972275360711523,3.0,fibonacci,0.010736799203086124,0.9999999999900572
1000,2.369092074182633,3.0,fibonacci,0.010730960117361398,0.9999999999996603
1000,2.4432047621864883,3.0,fibonacci,0.010724792515536695,0.9999999999999879
1000,2.519635929317015,3.0,fibonacci,0.010718305992072075,0.9999999999997813
1000,2.598458104929249,3.0,fibonacci,0.01071151503880238,1.0000000000041231
1000,2.6797460873256913,3.0,fibonacci,0.01070443939236165,1.0000000000082785
1000,2.763577014736159,3.0,fibonacci,0.010697104282792158,1.0000000000011142
1000,2.850030438518107,3.0,fibonacci,0.010689540558053207,0.9999999999880689
1000,2.9391883986468863,3.0,fibonacci,0.01068178467716889,0.9999999999937529
1000,3.0311355015675785,3.0,fibonacci,0.010673878574720115,0.9999999999999247
1000,3.1259590004822804,3.0,fibonacci,0.010665869307502546,0.9999999999995346
1000,3.2237488781490296,3.0,fibonacci,0.01065780854173715,1.0000000000047662
1000,3.3245979322709407,3.0,fibonacci,0.010649751894999167,1.0000000000065892
1000,3.428601863556586,3.0,fibonacci,0.010641758088093726,0.9999999999920646
1000,3.5358593665351785,3.0,fibonacci,0.010633887930075869,0.9999999999912476
1000,3.646472223212748,3.0,fibonacci,0.010626203238498808,0.9999999999997888
1000,3.760545399658171,3.0,fibonacci,0.010618765559421362,1.0000000000000169
1000,3.8781871456107226,3.0,fibonacci,0.010611634668202594,1.0000000000069467
1000,3.9995090972036653,3.0,fibonacci,0.010604866822719312,0.9999999999980619
1000,4.1246263829013525,3.0,fibonacci,0.010598512398623652,0.9999999999887802
1000,4.253657732750387,3.0,fibonacci,0.010592612680370917,0.9999999999997384
1000,4.386725591048498,3.0,fibonacci,0.010587195267922572,1.0000000000008362
1000,4.523956232538054,3.0,fibonacci,0.01058226732151342,1.0000000000084994
1000,4.6654798822344725,3.0,fibonacci,0.010577806050097772,0.9999999999886637
1000,4.811430839003259,3.0,fibonacci,0.010573745472978895,0.9999999999987887
1000,4.961947603002903,3.0,fibonacci,0.010569959002930838,0.9999999999990635
1000,5.117173007114605,3.0,fibonacci,0.010566237451826386,1.0000000000105214
1000,5.277254352483538,3.0,fibonacci,0.01056226312944177,0.9999999999891456
1000,5.442343548300267,3.0,fibonacci,0.010557581591795547,0.9999999999986022
1000,5.612597255954972,3.0,fibonacci,0.010551574068591191,0.9999999999994721
1000,5.788177037701274,3.0,fibonacci,0.010543435262399769,1.0000000000081144
1000,5.969249509970735,3.0,fibonacci,0.01053216270462167,0.9999999999842807
1000,6.155986501483509,3.0,fibonacci,0.010516565171759548,0.999999999998883
1000,6.348565216305219,3.0,fibonacci,0.010495297607863847,1.0000000000076705
1000,6.547168402004738,3.0,fibonacci,0.010466929248974462,0.9999999999855049
1000,6.751984523072503,3.0,fibonacci,0.010430048113042972,0.9999999999989901
1000,6.963207939763885,3.0,fibonacci,0.010383399623660158,1.0000000000089517
1000,7.181039092537351,3.0,fibonacci,0.010326050291486926,0.9999999999820457
1000,7.405684692262437,3.0,fibonacci,0.010257558707813582,0.9999999999983891
1000,7.637357916378021,3.0,fibonacci,0.010178128822254247,1.0000000000085587
1000,7.876278611187057,3.0,fibonacci,0.01008871682124285,0.9999999999904773
1000,8.122673500479713,3.0,fibonacci,0.009991063463728115,1.0000000000009692
1000,8.376776400682918,3.0,fibonacci,0.009887631879868929,0.9999999999886461
1000,8.638828442740447,3.0,fibonacci,0.009781445125947672,0.9999999999982228
1000,8.909078300934137,3.0,fibonacci,0.009675836664296122,1.000000000008387
1000,9.187782428863335,3.0,fibonacci,0.009574146900346076,0.999999999997827
1000,9.475205302806543,3.0,fibonacci,0.00947941232054187,1.0000000000088038
1000,9.771619672696177,3.0,fibonacci,0.009394090958439473,0.9999999999912995
1000,10.077306820944612,3.0,fibonacci,0.009319839911001757,1.0000000000059113
1000,10.392556829367125,3.0,fibonacci,0.009257315265520979,0.9999999999939705
1000,10.71766885445503,3.0,fibonacci,0.009205930894921825,1.0000000000103648
1000,11.052951411260215,3.0,fibonacci,0.009163541694417202,0.999999999997131
1000,11.39872266616052,3.0,fibonacci,0.009126135161059971,1.0000000000138498
1000,11.755310738783693,3.0,fibonacci,0.009087788971771111,0.999999999997437
1000,12.123054013376523,3.0,fibonacci,0.0090412624485301,0.999999999994815
1000,12.502301459914554,3.0,fibonacci,0.008979488177931526,0.9999999999977975
1000,12.89341296525715,3.0,fibonacci,0.00889783582905681,0.9999999999882959
1000,13.29675967466212,3.0,fibonacci,0.008796446142295501,1.000000000008631
1000,13.712724343984002,3.0,fibonacci,0.008681531249040258,0.9999999999960154
1000,14.141701702890233,3.0,fibonacci,0.008564714289011807,0.9999999999753848
1000,14.584098829439856,3.0,fibonacci,0.008460313505367698,1.0000000000055291
1000,15.040335536380244,3.0,fibonacci,0.008381558520918436,0.999999999998052
1000,15.510844769528397,3.0,fibonacci,0.00833737632680795,0.9999999999960156
1000,15.996073018614878,3.0,fibonacci,0.008330852490629492,0.9999999999766889
1000,16.496480740980207,3.0,fibonacci,0.008358642845512276,0.9999999999982022
1000,17.012542798525892,3.0,fibonacci,0.008409527902983589,1.000000000010468
1000,17.544748908334597,3.0,fibonacci,0.008462811123746599,0.9999999999961819
1000,18.093604107387165,3.0,fibonacci,0.008491511151422316,0.9999999999944317
1000,18.65962923181746,3.0,fibonacci,0.008474394319762251,0.9999999999944716
1000,19.2433614111598,3.0,fibonacci,0.008411833236351238,0.9999999999951734
1000,19.845354578058032,3.0,fibonacci,0.00833157946999246,0.9999999999939334
1000,20.466179993919898,3.0,fibonacci,0.008275811346170132,0.9999999999937919
1000,21.106426791015547,3.0,fibonacci,0.008279538780386902,0.9999999999937966
1000,21.76670253153459,3.0,fibonacci,0.008358455576264606,0.9999999999932807
1000,22.44763378413224,3.0,fibonacci,0.008503653020889615,0.9999999999965666
1000,23.14986671851161,3.0,fibonacci,0.008668552837238722,1.0000000000023184
1000,23.87406771860647,3.0,fibonacci,0.008772701239054003,0.9999999999839417
1000,24.620924014946254,3.0,fibonacci,0.008759260660602088,0.9999999999929207
1000,25.39114433680347,3.0,fibonacci,0.00866100812747623,0.9999999999930946
1000,26.185459584742325,3.0,fibonacci,0.008581254428087982,0.99999999999422
1000,27.00462352420682,3.0,fibonacci,0.008606717334621084,0.9999999999920942
1000,27.849413500806442,3.0,fibonacci,0.008756090912167199,1.000000000002327
1000,28.72063117797828,3.0,fibonacci,0.008950329049776159,0.9999999999857905
1000,29.619103297725534,3.0,fibonacci,0.009015939446323885,1.0000000000017268
1000,30.545682465154318,3.0,fibonacci,0.008855673591533095,0.999999999991138
1000,31.50124795755328,3.0,fibonacci,0.008604127094264604,0.9999999999870504
1000,32.486706558783744,3.0,fibonacci,0.00847342366379877,0.9999999999959731
1000,33.502993419772295,3.0,fibonacci,0.008534028577611505,0.9999999999905381
1000,34.55107294592218,3.0,fibonacci,0.008643422320663537,0.9999999999696932
1000,35.631939712285856,3.0,fibonacci,0.008497818478309995,0.9999999999897693
1000,36.7466194073669,3.0,fibonacci,0.008074818299077866,1.0000000000029612
1000,37.896169806447176,3.0,fibonacci,0.007735474521093899,0.9999999999987635
1000,39.08168177536266,3.0,fibonacci,0.00766581751482931,0.9999999999968878
1000,40.30428030568053,3.0,fibonacci,0.00764683541439029,0.9999999999963517
1000,41.5651255822599,3.0,fibonacci,0.007235290893458664,1.000000000002709
1000,42.86541408420927,3.0,fibonacci,0.006591331671471939,0.9999999999834056
1000,44.20637972028532,3.0,fibonacci,0.006190710016487302,0.9999999999757542
1000,45.58929499981062,3.0,fibonacci,0.0060029402819524,0.9999999999849027
1000,47.01547224022132,3.0,fibonacci,0.005654658722626901,0.999999999993043
1000,48.48626481239081,3.0,fibonacci,0.005246903348911615,0.9999999999844477
1000,50.00306842491092,3.0,fibonacci,0.0051456814206422945,0.9999999999918447
1000,51.56732244854966,3.0,fibonacci,0.005205920750944103,0.9999999999827458
1000,53.180511282142,3.0,fibonacci,0.005151393605793025,0.999999999973573
1000,54.84416576121018,3.0,fibonacci,0.005107334541248234,0.9999999999697982
1000,56.55986461065005,3.0,fibonacci,0.005178943261484072,0.9999999999965533
1000,58.329235942862034,3.0,fibonacci,0.005267162258930075,0.999999999989218
1000,60.153958802748356,3.0,fibonacci,0.005321564125148309,0.9999999999826682
1000,62.035764761042714,3.0,fibonacci,0.005501345259046746,0.9999999999452905
1000,63.97643955748427,3.0,fibonacci,0.005614631799816224,0.9999999999788259
1000,65.97782479539536,3.0,fibonacci,0.005435766781534897,0.9999999999889305
1000,68.04181968927098,3.0,fibonacci,0.0052312882751987914,0.9999999999459068
1000,70.17038286703826,3.0,fibonacci,0.004865309051491714,0.9999999999905429
1000,72.36553422869653,3.0,fibonacci,0.004509441580354885,0.9999999999743339
1000,74.62935686310134,3.0,fibonacci,0.004224887657074804,0.9999999999529486
1000,76.96399902471158,3.0,fibonacci,0.0040016635650483206,0.9999999999706045
1000,79.37167617217551,3.0,fibonacci,0.0039369137441765305,0.9999999999633039
1000,81.8546730706903,3.0,fibonacci,0.003945324809896631,0.9999999999592959
1000,84.41534596012986,3.0,fibonacci,0.004120636851305444,0.99999999997247
1000,87.05612479099865,3.0,fibonacci,0.0043485094016523585,0.9999999999412769
1000,89.77951553033323,3.0,fibonacci,0.00457387789653331,0.9999999999892905
1000,92.58810253973955,3.0,fibonacci,0.004885882083280923,0.999999999971458
1000,95.48455102782293,3.0,fibonacci,0.005156287547100856,0.9999999999677408
1000,98.47160957933774,3.0,fibonacci,0.005406328443243582,0.9999999999834921
1000,101.5521127634568,3.0,fibonacci,0.005417303484671362,0.9999999999433659
1000,104.72898382363586,3.0,fibonacci,0.004996885755709372,0.9999999999617162
1000,108.00523745162529,3.0,fibonacci,0.0048115428814082895,0.9999999999419227
1000,111.38398264826195,3.0,fibonacci,0.00459369849941733,0.9999999999484704
1000,114.86842567375535,3.0,fibonacci,0.0049619854415890036,0.9999999999350819
1000,118.46187309026836,3.0,fibonacci,0.005529620524551435,0.9999999999578748
1000,122.16773489967919,3.0,fibonacci,0.0064845292988580045,0.9999999999627939
1000,125.98952777950272,3.0,fibonacci,0.0071816824690504035,0.9999999999605891
1000,129.93087842004158,3.0,fibonacci,0.006085494437091811,0.9999999999529573
1000,133.99552696593383,3.0,fibonacci,0.00514634667118094,0.9999999999542776
1000,138.18733056536323,3.0,fibonacci,0.005101647993218182,0.9999999999627699
1000,142.5102670302998,3.0,fibonacci,0.005726991742924846,0.9999999999485347
1000,146.9684386112446,3.0,fibonacci,0.006456383627341259,0.9999999999426618
1000,151.5660758900603,3.0,fibonacci,0.0065525247435868775,0.9999999999458196
1000,156.30754179458157,3.0,fibonacci,0.00644258408911754,0.9999999999538813
1000,161.1973357388157,3.0,fibonacci,0.006335632139355346,0.9999999999416013
1000,166.2400978926612,3.0,fibonacci,0.005924822032722225,0.9999999999149993
1000,171.440613585197,3.0,fibonacci,0.00551709630874366,0.9999999999373387
1000,176.8038178457207,3.0,fibonacci,0.00568654145786641,0.9999999999432412
1000,182.33480008684404,3.0,fibonacci,0.006934642011014988,0.9999999999329293
1000,188.03880893409146,3.0,fibonacci,0.006913149570569811,0.9999999999313752
1000,193.9212572065829,3.0,fibonacci,0.0053355793243589,0.9999999999482215
1000,199.9877270535285,3.0,fibonacci,0.004473015464510968,0.9999999999266985
1000,206.24397525140904,3.0,fibonacci,0.004958875852398152,0.9999999999239038
1000,212.69593866686898,3.0,fibonacci,0.005214256755237391,0.9999999999349073
1000,219.3497398905058,3.0,fibonacci,0.0049085734071421805,0.9999999999260741
1000,226.2116930469024,3.0,fibonacci,0.004566297037270772,0.9999999999315634
1000,233.2883097864156,3.0,fibonacci,0.004566998689982894,0.9999999999038263
1000,240.58630546440645,3.0,fibonacci,0.005282289686823356,0.9999999998877879
1000,248.11260551377677,3.0,fibonacci,0.005774233724944337,0.9999999999077044
1000,255.87435201685892,3.0,fibonacci,0.0050313319559883544,0.9999999999056117
1000,263.87891048289345,3.0,fibonacci,0.005000866499715384,0.9999999999050811
1000,272.13387683753086,3.0,fibonacci,0.004773616134212374,0.9999999998905569
1000,280.6470846309839,3.0,fibonacci,0.004801403143980761,0.9999999998963297
1000,289.4266124716752,3.0,fibonacci,0.005145005588295139,0.9999999998797424
1000,298.4807916924327,3.0,fibonacci,0.005527332166681769,0.9999999998622395
1000,307.81821425650804,3.0,fibonacci,0.0065280572717865476,0.9999999998985581
1000,317.4477409109193,3.0,fibonacci,0.005834918199071041,0.9999999998973182
1000,327.3785095948577,3.0,fibonacci,0.006002547470069104,0.9999999998779291
1000,337.61994411113403,3.0,fibonacci,0.0054954492324143095,0.9999999998923799
1000,348.18176306889666,3.0,fibonacci,0.004490774850442166,0.9999999998844958
1000,359.0739891061055,3.0,fibonacci,0.004672645567983665,0.9999999998652964
1000,370.30695840051413,3.0,fibonacci,0.004461234900985577,0.999999999861979
1000,381.8913304781854,3.0,fibonacci,0.0047450469257124765,0.9999999998558197
1000,393.8380983288489,3.0,fibonacci,0.005154425238702247,0.9999999998607808
1000,406.158598837698,3.0,fibonacci,0.005181483530364137,0.9999999998117132
1000,418.86452354352707,3.0,fibonacci,0.0040916198370481395,0.9999999998110994
1000,431.96792973341735,3.0,fibonacci,0.004754060792372273,0.9999999998523187
1000,445.4812518844989,3.0,fibonacci,0.005397884690396227,0.9999999998274743
1000,459.41731346364764,3.0,fibonacci,0.0057412392217902905,0.9999999998225226
1000,473.7893390963144,3.0,fibonacci,0.004990792170006539,0.9999999998332277
1000,488.6109671160326,3.0,fibonacci,0.005651615496192039,0.9999999998242565
1000,503.89626250651503,3.0,fibonacci,0.004966197592139377,0.9999999998015605
1000,519.6597302486197,3.0,fibonacci,0.004425110563145487,0.9999999997771547
1000,535.9163290848514,3.0,fibonacci,0.005133796341607872,0.9999999997906013
1000,552.6814857144603,3.0,fibonacci,0.005020996680357385,0.9999999997877251
1000,569.9711094326076,3.0,fibonacci,0.005323553633524949,0.999999999743597
1000,587.8016072274912,3.0,fibonacci,0.005496730001626881,0.9999999997820656
1000,606.1898993497572,3.0,fibonacci,0.004777056712970911,0.9999999997554772
1000,625.1534353689711,3.0,fibonacci,0.005596961475139943,0.9999999997279763
1000,644.7102107323869,3.0,fibonacci,0.005405097016685559,0.999999999723921
1000,664.8787838417263,3.0,fibonacci,0.0049400947712487904,0.9999999997260324
1000,685.6782936641738,3.0,fibonacci,0.004642250341277038,0.9999999997041087
1000,707.1284778942996,3.0,fibonacci,0.0057526588535893606,0.9999999997264192
1000,729.2496916841444,3.0,fibonacci,0.005110575246482499,0.9999999997170224
1000,752.0629269592407,3.0,fibonacci,0.0049014010491906694,0.9999999996822306
1000,775.5898323389001,3.0,fibonacci,0.004880571233145799,0.9999999996761314
1000,799.8527336796708,3.0,fibonacci,0.005360365092991946,0.9999999996571718
1000,824.8746552614581,3.0,fibonacci,0.004198189677291599,0.9999999996672495
1000,850.6793416364153,3.0,fibonacci,0.005089738083012195,0.9999999996539382
1000,877.2912801613356,3.0,fibonacci,0.0044076723293588905,0.999999999615682
1000,904.7357242349293,3.0,fibonacci,0.003860049985240394,0.9999999995974074
1000,933.038717262036,3.0,fibonacci,0.004893196445394817,0.9999999995748049
1000,962.2271173675134,3.0,fibonacci,0.005741594349715098,0.9999999995445807
1000,992.3286228832545,3.0,fibonacci,0.005514705376659274,0.9999999995539492
1000,1023.3717986325192,3.0,fibonacci,0.004583638081163541,0.9999999995364475
1000,1055.386103036523,3.0,fibonacci,0.005667925562001404,0.9999999995365556
1000,1088.4019160690054,3.0,fibonacci,0.0059657438760210135,0.9999999995001246
1000,1122.4505680853058,3.0,fibonacci,0.005766164211525134,0.9999999994860235
1000,1157.5643695533035,3.0,fibonacci,0.004511638570023809,0.9999999994694577
1000,1193.7766417144358,3.0,fibonacci,0.005016261211631223,0.9999999994054942
1000,1231.1217482038908,3.0,fibonacci,0.005326883280789569,0.9999999994331915
1000,1269.6351276599742,3.0,fibonacci,0.005346025094244175,0.9999999994174681
1000,1309.353327353611,3.0,fibonacci,0.005322514272338795,0.9999999993709234
1000,1350.3140378698736,3.0,fibonacci,0.005206188208372845,0.9999999993765033
1000,1392.5561288744634,3.0,fibonacci,0.004819393445147676,0.9999999993208513
1000,1436.1196859990787,3.0,fibonacci,0.004905806116315199,0.9999999993441726
1000,1481.0460488806755,3.0,fibonacci,0.004407800130373162,0.9999999993031319
1000,1527.377850390714,3.0,fibonacci,0.004955178596845519,0.9999999992839075
1000,1575.1590570916228,3.0,fibonacci,0.005736940634742455,0.9999999992483888
1000,1624.435010958867,3.0,fibonacci,0.006180013711255228,0.9999999992236164
1000,1675.2524724082155,3.0,fibonacci,0.005660698950230883,0.9999999991856411
1000,1727.6596646690364,3.0,fibonacci,0.006890536510883326,0.9999999991503696
1000,1781.7063195457306,3.0,fibonacci,0.004776276035154506,0.9999999990972828
1000,1837.4437246107268,3.0,fibonacci,0.004085269604377662,0.9999999990303257
1000,1894.9247718738216,3.0,fibonacci,0.004674901647481239,0.9999999990182719
1000,1954.2040079740534,3.0,fibonacci,0.005367090607505157,0.9999999989514636
1000,2015.337685941733,3.0,fibonacci,0.003948481521361522,0.9999999988815002
1000,2078.383818579757,3.0,fibonacci,0.003963022387019294,0.9999999988029672
1000,2143.4022335148566,3.0,fibonacci,0.003738855649391093,0.9999999988023601
1000,2210.4546299710214,3.0,fibonacci,0.004444809164468007,0.9999999986070794
1000,2279.6046373189797,3.0,fibonacci,0.0032496044971272904,0.9999999985974343
1000,2350.9178754572868,3.0,fibonacci,0.0046548443804201554,0.9999999985053892
1000,2424.462017082328,3.0,fibonacci,0.003876808271223375,0.9999999984150435
1000,2500.306851906324,3.0,fibonacci,0.003836017105867512,0.9999999982431207
1000,2578.524352884274,3.0,fibonacci,0.0037248088832646867,0.999999998092483
1000,2659.1887445126936,3.0,fibonacci,0.0037036229594541916,0.9999999979950638
1000,2742.3765732649495,3.0,fibonacci,0.004181402516287183,0.9999999978225393
1000,2828.166780230032,3.0,fibonacci,0.0037002560281952095,0.9999999976012867
1000,2916.640776023704,3.0,fibonacci,0.003839939229978164,0.9999999973878062
1000,3007.882518043099,3.0,fibonacci,0.003128098051909433,0.9999999971624681
1000,3101.978590138097,3.0,fibonacci,0.0033328686521517507,0.9999999969788426
1000,3199.018284775064,3.0,fibonacci,0.003323817305624857,0.9999999967686545
1000,3299.093687770939,3.0,fibonacci,0.0030802283217250498,0.9999999964466677
1000,3402.2997656780676,3.0,fibonacci,0.003662594888679895,0.9999999960509692
1000,3508.7344559027115,3.0,fibonacci,0.0034832629733716355,0.9999999959284684
1000,3618.4987596427463,3.0,fibonacci,0.0036873323023751035,0.9999999955842416
1000,3731.6968377327516,3.0,fibonacci,0.0035948537317074883,0.9999999952601938
1000,3848.436109487429,3.0,fibonacci,0.0032802765598861005,0.9999999950601988
1000,3968.827354637162,3.0,fibonacci,0.0031984642897581973,0.9999999946168294
1000,4092.984818452438,3.0,fibonacci,0.0031381080880646633,0.9999999942200182
1000,4221.026320156899,3.0,fibonacci,0.0034560807852665647,0.9999999939181063
1000,4353.0733647318875,3.0,fibonacci,0.0030031545535059807,0.9999999934680963
1000,4489.251258218603,3.0,fibonacci,0.0029806720412760466,0.9999999930129524
1000,4629.689226627263,3.0,fibonacci,0.0030470964494484134,0.9999999925545341
1000,4774.520538566127,3.0,fibonacci,0.0028983101068503557,0.999999991876165
1000,4923.882631706737,3.0,fibonacci,0.0028816560652261745,0.9999999910720466
1000,5077.917243205398,3.0,fibonacci,0.0031534882836659595,0.9999999907590441
1000,5236.77054420465,3.0,fibonacci,0.0028741722332330257,0.999999989947884
1000,5400.593278542368,3.0,fibonacci,0.0027118414091780686,0.9999999890377136
1000,5569.5409058001305,3.0,fibonacci,0.0026694226413180636,0.9999999884356454
1000,5743.773748826581,3.0,fibonacci,0.0030163948728371094,0.9999999875725467
1000,5923.4571458758055,3.0,fibonacci,0.0030925606372543433,0.9999999863600634
1000,6108.76160750504,3.0,fibonacci,0.0032323063180980257,0.999999985803167
1000,6299.862978380694,3.0,fibonacci,0.003151028486145458,0.9999999847392989
1000,6496.942604146125,3.0,fibonacci,0.0027308818928781097,0.9999999834983977
1000,6700.18750350959,3.0,fibonacci,0.003064547760172266,0.9999999819148511
1000,6909.790545715645,3.0,fibonacci,0.0028382136090514378,0.9999999810394712
1000,7125.950633568411,3.0,fibonacci,0.0031163442657181724,0.9999999796457115
1000,7348.872892180388,3.0,fibonacci,0.0027580905238705116,0.9999999785951967
1000,7578.76886362593,3.0,fibonacci,0.0026992772469779714,0.9999999765049823
1000,7815.856707684091,3.0,fibonacci,0.002676141922158804,0.9999999756109192
1000,8060.361408861345,3.0,fibonacci,0.0029700072550649316,0.9999999739913639
1000,8312.514989890631,3.0,fibonacci,0.003084132158429842,0.9999999715432359
1000,8572.556731909324,3.0,fibonacci,0.00286626307354067,0.9999999702644339
1000,8840.733401525064,3.0,fibonacci,0.0029888670600983084,0.9999999678946611
1000,9117.299484984922,3.0,fibonacci,0.002664676964894731,0.9999999652345173
1000,9402.517429670132,3.0,fibonacci,0.0022971367328729884,0.9999999625524707
1000,9696.65789314552,3.0,fibonacci,0.002537742054338198,0.9999999601489499
1000,10000.0,3.0,fibonacci,0.0025344325247962114,0.9999999578656057
1000,0.0,3.0,tribonacci,0.0410088225794245,1.0
1000,1.0,3.0,tribonacci,0.04094092736474852,0.9999999999829686
1000,1.0312831606721848,3.0,tribonacci,0.04093271973608755,0.9999999999981581
1000,1.0635449574860112,3.0,tribonacci,0.04092356906799364,1.0000000000003553
1000,1.096816005273138,3.0,tribonacci,0.04091337661342806,1.000000000000714
1000,1.1311278765939214,3.0,tribonacci,0.040902035152049876,0.9999999999995065
1000,1.1665131316981963,3.0,tribonacci,0.04088942864711036,0.9999999999998304
1000,1.2030053494233244,3.0,tribonacci,0.040875431964713514,1.0000000000048586
1000,1.240639159058832,3.0,tribonacci,0.04085991068582862,1.0000000000144769
1000,1.2794502732078736,3.0,tribonacci,0.040842721039861404,1.0000000000240368
1000,1.3194755216767062,3.0,tribonacci,0.0408237099916594,1.000000000025901
1000,1.3607528864243335,3.0,tribonacci,0.04080271551802282,1.0000000000138056
1000,1.403321537605485,3.0,tribonacci,0.04077956711379901,0.9999999999888428
1000,1.4472218707411348,3.0,tribonacci,0.04075408657111156,0.999999999963888
1000,1.4924955450518296,3.0,tribonacci,0.0407260890777186,0.9999999999603557
1000,1.5391855229902058,3.0,tribonacci,0.04069538468120942,0.9999999999871605
1000,1.587336111010209,3.0,tribonacci,0.04066178017017092,1.0000000000000355
1000,1.6369930016117025,3.0,tribonacci,0.0406250815106045,1.0000000000001765
1000,1.6882033167003634,3.0,tribonacci,0.040585096762525946,0.9999999999990846
1000,1.7410156523040161,3.0,tribonacci,0.04054163959878416,1.0000000000072213
1000,1.7954801246878311,3.0,tribonacci,0.0404945334872856,1.0000000000236824
1000,1.8516484179121548,3.0,tribonacci,0.04044361655578172,1.000000000030173
1000,1.9095738328780973,3.0,tribonacci,0.04038874717640817,1.000000000007727
1000,1.9693113379074225,3.0,tribonacci,0.04032981028359569,0.9999999999656379
1000,2.0309176209047357,3.0,tribonacci,0.040266724413321096,0.999999999952624
1000,2.0944511431514696,3.0,tribonacci,0.04019944941505557,0.9999999999944397
1000,2.159972194782718,3.0,tribonacci,0.040127994757404896,1.0000000000006524
1000,2.2275429519995575,3.0,tribonacci,0.04005242838264741,0.9999999999983656
1000,2.2972275360711523,3.0,tribonacci,0.03997288580780808,1.000000000011764
1000,2.369092074182633,3.0,tribonacci,0.03988957938080952,1.0000000000346025
1000,2.4432047621864883,3.0,tribonacci,0.039802807320252855,1.0000000000200062
1000,2.519635929317015,3.0,tribonacci,0.03971296215474385,0.9999999999629542
1000,2.598458104929249,3.0,tribonacci,0.03962053818636999,0.9999999999550306
1000,2.6797460873256913,3.0,tribonacci,0.03952613757642652,0.9999999999989979
1000,2.763577014736159,3.0,tribonacci,0.03943047435153507,0.999999999997946
1000,2.850030438518107,3.0,tribonacci,0.03933437573779733,1.0000000000107736
1000,2.9391883986468863,3.0,tribonacci,0.03923878068916227,1.0000000000398734
1000,3.0311355015675785,3.0,tribonacci,0.039144734992753664,1.0000000000011777
1000,3.1259590004822804,3.0,tribonacci,0.039053382648914864,0.9999999999383353
1000,3.2237488781490296,3.0,tribonacci,0.038965954257816966,0.9999999999966476
1000,3.3245979322709407,3.0,tribonacci,0.0388837534815211,0.999999999997589
1000,3.428601863556586,3.0,tribonacci,0.03880814154180177,1.0000000000143858
1000,3.5358593665351785,3.0,tribonacci,0.038740523885948376,1.0000000000334932
1000,3.646472223212748,3.0,tribonacci,0.03868234050168506,0.9999999999527793
1000,3.760545399658171,3.0,tribonacci,0.038635062726859966,0.9999999999758412
1000,3.8781871456107226,3.0,tribonacci,0.03860020087746233,0.9999999999975488
1000,3.9995090972036653,3.0,tribonacci,0.038579321620776576,1.0000000000171119
1000,4.1246263829013525,3.0,tribonacci,0.038574075328276454,1.0000000000185325
1000,4.253657732750387,3.0,tribonacci,0.03858622711010154,0.9999999999326108
1000,4.386725591048498,3.0,tribonacci,0.03861767961155329,0.9999999999982574
1000,4.523956232538054,3.0,tribonacci,0.03867047123907556,1.0000000000062281
1000,4.6654798822344725,3.0,tribonacci,0.03874672313788986,1.0000000000317417
1000,4.811430839003259,3.0,tribonacci,0.038848509769199034,0.9999999999299505
1000,4.961947603002903,3.0,tribonacci,0.0389776241309075,0.9999999999991428
1000,5.117173007114605,3.0,tribonacci,0.039135220028353485,1.0000000000283622
1000,5.277254352483538,3.0,tribonacci,0.03932132602356712,1.000000000009612
1000,5.442343548300267,3.0,tribonacci,0.039534253850413315,0.9999999999483048
1000,5.612597255954972,3.0,tribonacci,0.039769953223215124,0.9999999999942811
1000,5.788177037701274,3.0,tribonacci,0.040021402225286315,1.000000000026038
1000,5.969249509970735,3.0,tribonacci,0.04027815740704367,0.9999999999605617
1000,6.155986501483509,3.0,tribonacci,0.040526217164976466,0.9999999999958267
1000,6.348565216305219,3.0,tribonacci,0.0407483637388464,0.999999999994164
1000,6.547168402004738,3.0,tribonacci,0.04092513620790432,0.9999999999943179
1000,6.751984523072503,3.0,tribonacci,0.04103652651791086,1.000000000020551
1000,6.963207939763885,3.0,tribonacci,0.041064376916891944,0.9999999999554583
1000,7.181039092537351,3.0,tribonacci,0.04099528430843942,0.9999999999989723
1000,7.405684692262437,3.0,tribonacci,0.04082360710078132,0.9999999999665696
1000,7.637357916378021,3.0,tribonacci,0.040553982994353886,0.9999999999937424
1000,7.876278611187057,3.0,tribonacci,0.04020266628880011,1.0000000000350209
1000,8.122673500479713,3.0,tribonacci,0.03979707609190652,0.9999999999915126
1000,8.376776400682918,3.0,tribonacci,0.03937326249510937,1.00000000002759
1000,8.638828442740447,3.0,tribonacci,0.038971572910043266,0.9999999999884741
1000,8.909078300934137,3.0,tribonacci,0.038631545147591616,1.0000000000200098
1000,9.187782428863335,3.0,tribonacci,0.0383876826198663,0.9999999999910669
1000,9.475205302806543,3.0,tribonacci,0.03826772958669905,1.0000000000117317
1000,9.771619672696177,3.0,tribonacci,0.03829380362728358,0.9999999999904611
1000,10.077306820944612,3.0,tribonacci,0.03848432630344404,0.9999999999525273
1000,10.392556829367125,3.0,tribonacci,0.038852527039480854,0.9999999999986005
1000,10.71766885445503,3.0,tribonacci,0.03939769817009415,0.9999999999796033
1000,11.052951411260215,3.0,tribonacci,0.040089685605600806,1.000000000003461
1000,11.39872266616052,3.0,tribonacci,0.04085360169290503,0.9999999999931631
1000,11.755310738783693,3.0,tribonacci,0.041566172495679565,0.999999999986553
1000,12.123054013376523,3.0,tribonacci,0.04207375956335087,0.9999999999588867
1000,12.502301459914554,3.0,tribonacci,0.04223400462558388,1.000000000026976
1000,12.89341296525715,3.0,tribonacci,0.041969952396476544,0.9999999999868204
1000,13.29675967466212,3.0,tribonacci,0.041312447665307395,0.9999999999863945
1000,13.712724343984002,3.0,tribonacci,0.04040360060906409,0.9999999999347138
1000,14.141701702890233,3.0,tribonacci,0.03945113675127337,0.9999999999703456
1000,14.584098829439856,3.0,tribonacci,0.038656873198989035,1.0000000000034754
1000,15.040335536380244,3.0,tribonacci,0.03816654550763523,1.000000000016888
1000,15.510844769528397,3.0,tribonacci,0.038068294003412766,1.000000000011198
1000,15.996073018614878,3.0,tribonacci,0.03840540644475927,1.0000000000034732
1000,16.496480740980207,3.0,tribonacci,0.03913909383417923,1.000000000000288
1000,17.012542798525892,3.0,tribonacci,0.040069413868638784,1.0000000000049736
1000,17.544748908334597,3.0,tribonacci,0.04082656705102867,1.0000000000126368
1000,18.093604107387165,3.0,tribonacci,0.04102572502858192,0.9999999999932613
1000,18.65962923181746,3.0,tribonacci,0.04051867662143081,0.9999999999330278
1000,19.2433614111598,3.0,tribonacci,0.03953231832925315,0.9999999999637823
1000,19.845354578058032,3.0,tribonacci,0.038539200261922285,0.9999999999806306
1000,20.466179993919898,3.0,tribonacci,0.03797434302812485,1.0000000000049265
1000,21.106426791015547,3.0,tribonacci,0.038081516733924174,0.9999999999399203
1000,21.76670253153459,3.0,tribonacci,0.038914927586421066,0.9999999999806565
1000,22.44763378413224,3.0,tribonacci,0.040233749896092005,1.0000000000100557
1000,23.14986671851161,3.0,tribonacci,0.04137497728074729,0.9999999999301183
1000,23.87406771860647,3.0,tribonacci,0.04156983817781945,0.9999999999928271
1000,24.620924014946254,3.0,tribonacci,0.04063953364850001,0.9999999999277108
1000,25.39114433680347,3.0,tribonacci,0.039257423961116554,1.0000000000014269
1000,26.185459584742325,3.0,tribonacci,0.03836344494002607,0.9999999999772782
1000,27.00462352420682,3.0,tribonacci,0.038497607987720006,0.999999999942705
1000,27.849413500806442,3.0,tribonacci,0.03961519245337577,1.0000000000057867
1000,28.72063117797828,3.0,tribonacci,0.04085070603778205,0.9999999999745182
1000,29.619103297725534,3.0,tribonacci,0.04077640912147822,0.9999999999753657
1000,30.545682465154318,3.0,tribonacci,0.039099670744659906,0.9999999999641824
1000,31.50124795755328,3.0,tribonacci,0.03742772065281977,0.9999999999545687
1000,32.486706558783744,3.0,tribonacci,0.03738421283665886,0.9999999999485357
1000,33.502993419772295,3.0,tribonacci,0.03935449206107391,0.9999999999673099
1000,34.55107294592218,3.0,tribonacci,0.041872696415265594,0.9999999999705514
1000,35.631939712285856,3.0,tribonacci,0.041735482390884725,0.9999999999873089
1000,36.7466194073669,3.0,tribonacci,0.03906595636404119,0.9999999999832128
1000,37.896169806447176,3.0,tribonacci,0.037532551189884175,0.9999999999581575
1000,39.08168177536266,3.0,tribonacci,0.038905391796694715,0.9999999999865385
1000,40.30428030568053,3.0,tribonacci,0.041606590387711036,0.9999999999340562
1000,41.5651255822599,3.0,tribonacci,0.04076542412798711,1.0000000000085791
1000,42.86541408420927,3.0,tribonacci,0.03771053775681016,0.9999999999626639
1000,44.20637972028532,3.0,tribonacci,0.037541739456648814,0.9999999998876482
1000,45.58929499981062,3.0,tribonacci,0.04070067468924278,0.9999999999836278
1000,47.01547224022132,3.0,tribonacci,0.041146905247430206,1.0000000000069507
1000,48.48626481239081,3.0,tribonacci,0.038327446999283615,0.9999999999943328
1000,50.00306842491092,3.0,tribonacci,0.03909779271406628,0.9999999999673331
1000,51.56732244854966,3.0,tribonacci,0.042555318274288045,0.9999999998743285
1000,53.180511282142,3.0,tribonacci,0.03936832848966472,0.9999999999520993
1000,54.84416576121018,3.0,tribonacci,0.03651511424295554,0.9999999999954728
1000,56.55986461065005,3.0,tribonacci,0.04079031043886503,0.9999999999199135
1000,58.329235942862034,3.0,tribonacci,0.04174736987937482,0.9999999999736815
1000,60.153958802748356,3.0,tribonacci,0.037231742011346804,0.9999999999587214
1000,62.035764761042714,3.0,tribonacci,0.04037757704476655,0.9999999999422571
1000,63.97643955748427,3.0,tribonacci,0.04164117493387233,0.9999999999425185
1000,65.97782479539536,3.0,tribonacci,0.037266595294017095,0.9999999999711381
1000,68.04181968927098,3.0,tribonacci,0.03982060006831688,0.9999999999416758
1000,70.17038286703826,3.0,tribonacci,0.03942341821292616,0.9999999999366741
1000,72.36553422869653,3.0,tribonacci,0.038612438570866645,0.9999999999456486
1000,74.62935686310134,3.0,tribonacci,0.040883384011698734,0.9999999999358766
1000,76.96399902471158,3.0,tribonacci,0.0383433352064765,0.9999999999325344
1000,79.37167617217551,3.0,tribonacci,0.03919414387426904,0.9999999999297754
1000,81.8546730706903,3.0,tribonacci,0.039206321553885384,0.9999999999292946
1000,84.41534596012986,3.0,tribonacci,0.038629584455033464,0.9999999999279685
1000,87.05612479099865,3.0,tribonacci,0.04113960061602101,0.9999999999249519
1000,89.77951553033323,3.0,tribonacci,0.03792998136900362,0.9999999999206207
1000,92.58810253973955,3.0,tribonacci,0.04025778521911355,0.9999999998563989
1000,95.48455102782293,3.0,tribonacci,0.03841780569070269,0.9999999998984741
1000,98.47160957933774,3.0,tribonacci,0.04097411371116738,0.9999999998628649
1000,101.5521127634568,3.0,tribonacci,0.038652464147304486,0.9999999999118767
1000,104.72898382363586,3.0,tribonacci,0.0401021436835737,0.9999999998630397
1000,108.00523745162529,3.0,tribonacci,0.03857515881308575,0.9999999999426574
1000,111.38398264826195,3.0,tribonacci,0.04011460394199504,0.9999999999362913
1000,114.86842567375535,3.0,tribonacci,0.04014442478537195,0.9999999998583091
1000,118.46187309026836,3.0,tribonacci,0.03667950190252699,0.9999999998973068
1000,122.16773489967919,3.0,tribonacci,0.041715619827155805,0.999999999825198
1000,125.98952777950272,3.0,tribonacci,0.03972493702130952,0.9999999999242329
1000,129.93087842004158,3.0,tribonacci,0.035870903045428934,0.9999999998141454
1000,133.99552696593383,3.0,tribonacci,0.04074217821602149,0.9999999998760077
1000,138.18733056536323,3.0,tribonacci,0.04184168697579885,0.9999999998736433
1000,142.5102670302998,3.0,tribonacci,0.037788307022793094,0.9999999998817617
1000,146.9684386112446,3.0,tribonacci,0.0369604215680112,0.9999999998129112
1000,151.5660758900603,3.0,tribonacci,0.03851993183019248,0.9999999997952063
1000,156.30754179458157,3.0,tribonacci,0.041546636535876154,0.9999999998483267
1000,161.1973357388157,3.0,tribonacci,0.042312259595510035,0.9999999998852867
1000,166.2400978926612,3.0,tribonacci,0.040655018015952615,0.9999999998419727
1000,171.440613585197,3.0,tribonacci,0.04059269522863552,0.999999999819934
1000,176.8038178457207,3.0,tribonacci,0.038231631741968045,0.9999999998559063
1000,182.33480008684404,3.0,tribonacci,0.0376956804271169,0.9999999998437872
1000,188.03880893409146,3.0,tribonacci,0.037464546886628425,0.9999999998195053
1000,193.9212572065829,3.0,tribonacci,0.037262097022839245,0.9999999997703393
1000,199.9877270535285,3.0,tribonacci,0.03708109718823529,0.9999999998266471
1000,206.24397525140904,3.0,tribonacci,0.037537568900957045,0.9999999998723574
1000,212.69593866686898,3.0,tribonacci,0.039447008945637234,0.9999999996437712
1000,219.3497398905058,3.0,tribonacci,0.0449382371613457,0.9999999994749094
1000,226.2116930469024,3.0,tribonacci,0.035289175367650784,0.9999999995809475
1000,233.2883097864156,3.0,tribonacci,0.04382457997404914,0.9999999995896302
1000,240.58630546440645,3.0,tribonacci,0.026398589027703628,0.9999999990143965
1000,248.11260551377677,3.0,tribonacci,0.028791970306890312,0.9999999989936375
1000,255.87435201685892,3.0,tribonacci,0.030650427594661127,0.9999999987801321
1000,263.87891048289345,3.0,tribonacci,0.02810256411675241,0.9999999978110251
1000,272.13387683753086,3.0,tribonacci,0.019095974867067635,0.9999999986748446
1000,280.6470846309839,3.0,tribonacci,0.02280673927248213,0.9999999984855543
1000,289.4266124716752,3.0,tribonacci,0.01753785717051482,0.9999999979193498
1000,298.4807916924327,3.0,tribonacci,0.022642383506747937,0.9999999978483035
1000,307.81821425650804,3.0,tribonacci,0.030890953032452536,0.9999999969262218
1000,317.4477409109193,3.0,tribonacci,0.02244958733641512,0.9999999953287405
1000,327.3785095948577,3.0,tribonacci,0.027075087062646854,0.9999999967851314
1000,337.61994411113403,3.0,tribonacci,0.0336958747882478,0.9999999966663838
1000,348.18176306889666,3.0,tribonacci,0.021222849089141096,0.9999999964970319
1000,359.0739891061055,3.0,tribonacci,0.024093652497483256,0.9999999957161646
1000,370.30695840051413,3.0,tribonacci,0.024512223850623134,0.9999999953957115
1000,381.8913304781854,3.0,tribonacci,0.03498524737417062,0.9999999946098862
1000,393.8380983288489,3.0,tribonacci,0.043500949394401134,0.999999994842048
1000,406.158598837698,3.0,tribonacci,0.043490592699971964,0.9999999943165413
1000,418.86452354352707,3.0,tribonacci,0.030593505255466752,0.999999994032632
1000,431.96792973341735,3.0,tribonacci,0.03204032798339986,0.9999999929864107
1000,445.4812518844989,3.0,tribonacci,0.033611090437999674,0.9999999932452677
1000,459.41731346364764,3.0,tribonacci,0.038563073059503204,0.9999999923043147
1000,473.7893390963144,3.0,tribonacci,0.02285094316679859,0.9999999922616063
1000,488.6109671160326,3.0,tribonacci,0.0201419090127971,0.9999999914245776
1000,503.89626250651503,3.0,tribonacci,0.01944544572304396,0.999999991786422
1000,519.6597302486197,3.0,tribonacci,0.03641399972342963,0.9999999901181086
1000,535.9163290848514,3.0,tribonacci,0.03447750018177051,0.9999999909868377
1000,552.6814857144603,3.0,tribonacci,0.03341240029923525,0.9999999901628204
1000,569.9711094326076,3.0,tribonacci,0.026404304432678057,0.999999989260212
1000,587.8016072274912,3.0,tribonacci,0.02525879237078126,0.9999999891760237
1000,606.1898993497572,3.0,tribonacci,0.03358951104736161,0.9999999889130184
1000,625.1534353689711,3.0,tribonacci,0.032939688459920374,0.9999999880461633
1000,644.7102107323869,3.0,tribonacci,0.02644828173742119,0.9999999883672621
1000,664.8787838417263,3.0,tribonacci,0.0295835677313527,0.9999999869666176
1000,685.6782936641738,3.0,tribonacci,0.01887006070755574,0.999999987078574
1000,707.1284778942996,3.0,tribonacci,0.027784879647638202,0.9999999859594892
1000,729.2496916841444,3.0,tribonacci,0.04288780106335928,0.9999999865327511
1000,752.0629269592407,3.0,tribonacci,0.0346725940528071,0.9999999845833976
1000,775.5898323389001,3.0,tribonacci,0.027696622972097826,0.9999999841013717
1000,799.8527336796708,3.0,tribonacci,0.03524087443538648,0.9999999835842088
1000,824.8746552614581,3.0,tribonacci,0.021761259556635923,0.9999999828166461
1000,850.6793416364153,3.0,tribonacci,0.02498029268014948,0.9999999801795824
1000,877.2912801613356,3.0,tribonacci,0.03148889510305246,0.9999999804522234
1000,904.7357242349293,3.0,tribonacci,0.027719205788106667,0.9999999810323392
1000,933.038717262036,3.0,tribonacci,0.027955509683865464,0.9999999803714869
1000,962.2271173675134,3.0,tribonacci,0.026151309337212943,0.999999977320042
1000,992.3286228832545,3.0,tribonacci,0.028205900881384968,0.9999999779824478
1000,1023.3717986325192,3.0,tribonacci,0.029257231592010373,0.9999999763916376
1000,1055.386103036523,3.0,tribonacci,0.029375516352101304,0.999999975554133
1000,1088.4019160690054,3.0,tribonacci,0.022491882252765563,0.9999999753467149
1000,1122.4505680853058,3.0,tribonacci,0.023693676667804937,0.999999972696328
1000,1157.5643695533035,3.0,tribonacci,0.02492487958496294,0.9999999733578624
1000,1193.7766417144358,3.0,tribonacci,0.022555696723247465,0.9999999723105356
1000,1231.1217482038908,3.0,tribonacci,0.028048344891729794,0.9999999713746996
1000,1269.6351276599742,3.0,tribonacci,0.02195980938873176,0.9999999704008953
1000,1309.353327353611,3.0,tribonacci,0.021311298706108844,0.9999999684817498
1000,1350.3140378698736,3.0,tribonacci,0.020310449434555847,0.9999999687424765
1000,1392.5561288744634,3.0,tribonacci,0.01614419787922272,0.9999999679361687
1000,1436.1196859990787,3.0,tribonacci,0.016317453039110818,0.9999999666959657
1000,1481.0460488806755,3.0,tribonacci,0.014420120469791969,0.9999999658452671
1000,1527.377850390714,3.0,tribonacci,0.014840320126135264,0.9999999650027623
1000,1575.1590570916228,3.0,tribonacci,0.015356012180501265,0.99999996480113
1000,1624.435010958867,3.0,tribonacci,0.01360269012260509,0.9999999634892575
1000,1675.2524724082155,3.0,tribonacci,0.013544506311052296,0.9999999624668817
1000,1727.6596646690364,3.0,tribonacci,0.013997602435723676,0.9999999616828785
1000,1781.7063195457306,3.0,tribonacci,0.011978264963742354,0.9999999588766341
1000,1837.4437246107268,3.0,tribonacci,0.012735964468185286,0.9999999585901329
1000,1894.9247718738216,3.0,tribonacci,0.00943851792801792,0.9999999572714307
1000,1954.2040079740534,3.0,tribonacci,0.011207253773600124,0.9999999569409469
1000,2015.337685941733,3.0,tribonacci,0.010756572513882146,0.9999999552911729
1000,2078.383818579757,3.0,tribonacci,0.010358254439666615,0.9999999545867083
1000,2143.4022335148566,3.0,tribonacci,0.01013014959522788,0.9999999533874249
1000,2210.4546299710214,3.0,tribonacci,0.009594155319586505,0.9999999516536204
1000,2279.6046373189797,3.0,tribonacci,0.007849195932487856,0.9999999507908173
1000,2350.9178754572868,3.0,tribonacci,0.008166444217282414,0.9999999502877012
1000,2424.462017082328,3.0,tribonacci,0.0080024545609767,0.9999999475773845
1000,2500.306851906324,3.0,tribonacci,0.008315628206441153,0.9999999471207304
1000,2578.524352884274,3.0,tribonacci,0.007867629176939308,0.9999999443553217
1000,2659.1887445126936,3.0,tribonacci,0.007654958621354287,0.9999999441289242
1000,2742.3765732649495,3.0,tribonacci,0.00720108844697024,0.9999999428472143
1000,2828.166780230032,3.0,tribonacci,0.006447778066126406,0.9999999409660769
1000,2916.640776023704,3.0,tribonacci,0.007065824312085374,0.9999999399517594
1000,3007.882518043099,3.0,tribonacci,0.0072715657805973695,0.9999999385351804
1000,3101.978590138097,3.0,tribonacci,0.007041360571521696,0.9999999364278157
1000,3199.018284775064,3.0,tribonacci,0.006306904274510685,0.9999999341146539
1000,3299.093687770939,3.0,tribonacci,0.00675606260779024,0.9999999339084437
1000,3402.2997656780676,3.0,tribonacci,0.006024979343928066,0.9999999317469842
1000,3508.7344559027115,3.0,tribonacci,0.0058307328682041725,0.9999999307340924
1000,3618.4987596427463,3.0,tribonacci,0.007302836001090824,0.9999999279518312
1000,3731.6968377327516,3.0,tribonacci,0.006811042184449655,0.9999999260349868
1000,3848.436109487429,3.0,tribonacci,0.006575025884055673,0.9999999242496967
1000,3968.827354637162,3.0,tribonacci,0.005711513511337097,0.9999999224637981
1000,4092.984818452438,3.0,tribonacci,0.005961203591782047,0.9999999202200858
1000,4221.026320156899,3.0,tribonacci,0.005288333513444722,0.9999999184680757
1000,4353.0733647318875,3.0,tribonacci,0.0073249554554871725,0.9999999162120693
1000,4489.251258218603,3.0,tribonacci,0.0048974437163677165,0.9999999134692821
1000,4629.689226627263,3.0,tribonacci,0.00498098137245277,0.9999999121881847
1000,4774.520538566127,3.0,tribonacci,0.005108068106100342,0.9999999096663396
1000,4923.882631706737,3.0,tribonacci,0.006194856115363145,0.9999999072476399
1000,5077.917243205398,3.0,tribonacci,0.00484942792611462,0.9999999040344348
1000,5236.77054420465,3.0,tribonacci,0.004888519928324684,0.9999999017711211
1000,5400.593278542368,3.0,tribonacci,0.004561936557669084,0.99999990006806
1000,5569.5409058001305,3.0,tribonacci,0.005156368805378925,0.9999998981405261
1000,5743.773748826581,3.0,tribonacci,0.004867330612604062,0.9999998941149356
1000,5923.4571458758055,3.0,tribonacci,0.004349730995987759,0.999999891338762
1000,6108.76160750504,3.0,tribonacci,0.00498915598966274,0.9999998890631236
1000,6299.862978380694,3.0,tribonacci,0.0044458224750008185,0.9999998872564343
1000,6496.942604146125,3.0,tribonacci,0.004518462866464768,0.9999998842656656
1000,6700.18750350959,3.0,tribonacci,0.004594867507929785,0.9999998807059862
1000,6909.790545715645,3.0,tribonacci,0.004217512218261466,0.9999998781111561
1000,7125.950633568411,3.0,tribonacci,0.0041796048721576785,0.9999998758594626
1000,7348.872892180388,3.0,tribonacci,0.0037214640312584956,0.9999998724768577
1000,7578.76886362593,3.0,tribonacci,0.003813857053553631,0.9999998694755382
1000,7815.856707684091,3.0,tribonacci,0.003720381197791873,0.999999866374868
1000,8060.361408861345,3.0,tribonacci,0.004040013112517995,0.9999998633465033
1000,8312.514989890631,3.0,tribonacci,0.004035901334310967,0.9999998603570912
1000,8572.556731909324,3.0,tribonacci,0.0037951044968991673,0.9999998571211287
1000,8840.733401525064,3.0,tribonacci,0.003566667834944159,0.9999998540641154
1000,9117.299484984922,3.0,tribonacci,0.0032479014331032396,0.9999998505169316
1000,9402.517429670132,3.0,tribonacci,0.0035250976771989896,0.999999846682974
1000,9696.65789314552,3.0,tribonacci,0.0033809053321038826,0.9999998422427173
1000,10000.0,3.0,tribonacci,0.0033906101188885315,0.999999839511669
1000,0.0,4.0,fibonacci,0.010802718160829386,1.0
1000,1.0,4.0,fibonacci,0.010796386207262516,0.9999999999918698
1000,1.0312831606721848,4.0,fibonacci,0.010795524738295694,0.9999999999887499
1000,1.0635449574860112,4.0,fibonacci,0.010794558047057434,0.9999999999892398
1000,1.096816005273138,4.0,fibonacci,0.01079347461994921,0.9999999999938599
1000,1.1311278765939214,4.0,fibonacci,0.0107922618931574,0.9999999999993736
1000,1.1665131316981963,4.0,fibonacci,0.010790906196582004,1.0000000000000926
1000,1.2030053494233244,4.0,fibonacci,0.010789392708504299,1.0000000000001823
1000,1.240639159058832,4.0,fibonacci,0.01078770540579887,0.9999999999997625
1000,1.2794502732078736,4.0,fibonacci,0.010785827032303552,0.9999999999999661
1000,1.3194755216767062,4.0,fibonacci,0.010783739078581385,1.0000000000018434
1000,1.3607528864243335,4.0,fibonacci,0.010781421778359666,1.0000000000051954
1000,1.403321537605485,4.0,fibonacci,0.010778854125970991,1.0000000000082299
1000,1.4472218707411348,4.0,fibonacci,0.010776013919351369,1.0000000000082612
1000,1.4924955450518296,4.0,fibonacci,0.01077287783354282,1.0000000000033886
1000,1.5391855229902058,4.0,fibonacci,0.010769421529924703,0.9999999999946045
1000,1.587336111010209,4.0,fibonacci,0.010765619806482572,0.9999999999870236
1000,1.6369930016117025,4.0,fibonacci,0.010761446794210615,0.9999999999878865
1000,1.6882033167003634,4.0,fibonacci,0.010756876204091473,0.9999999999976841
1000,1.7410156523040161,4.0,fibonacci,0.010751881630966624,1.0000000000001183
1000,1.7954801246878311,4.0,fibonacci,0.010746436935638972,0.999999999999843
1000,1.8516484179121548,4.0,fibonacci,0.010740516675482146,0.9999999999998928
1000,1.9095738328780973,4.0,fibonacci,0.010734096612691656,1.0000000000037623
1000,1.9693113379074225,4.0,fibonacci,0.010727154294290046,1.000000000009484
1000,2.0309176209047357,4.0,fibonacci,0.010719669700680353,1.000000000009595
1000,2.0944511431514696,4.0,fibonacci,0.010711625959317987,0.9999999999990489
1000,2.159972194782718,4.0,fibonacci,0.010703010115939318,0.9999999999851886
1000,2.2275429519995575,4.0,fibonacci,0.010693813951260662,0.9999999999865822
1000,2.2972275360711523,4.0,fibonacci,0.010684034825332867,0.9999999999995691
1000,2.369092074182633,4.0,fibonacci,0.01067367652537409,0.999999999999926
1000,2.4432047621864883,4.0,fibonacci,0.010662750091643844,0.9999999999998986
1000,2.519635929317015,4.0,fibonacci,0.010651274581368044,1.000000000006696
1000,2.598458104929249,4.0,fibonacci,0.010639277745590993,1.0000000000120917
1000,2.6797460873256913,4.0,fibonacci,0.010626796553077984,1.000000000000507
1000,2.763577014736159,4.0,fibonacci,0.010613877515767353,0.9999999999822076
1000,2.850030438518107,4.0,fibonacci,0.010600576788043927,0.9999999999922865
1000,2.9391883986468863,4.0,fibonacci,0.010586960019706396,0.999999999999959
1000,3.0311355015675785,4.0,fibonacci,0.010573101830285087,0.9999999999994313
1000,3.1259590004822804,4.0,fibonacci,0.010559084977414911,1.0000000000076907
1000,3.2237488781490296,4.0,fibonacci,0.010544999221142933,1.0000000000098832
1000,3.3245979322709407,4.0,fibonacci,0.010530939840342557,0.9999999999876444
1000,3.428601863556586,4.0,fibonacci,0.01051700586615222,0.9999999999868238
1000,3.5358593665351785,4.0,fibonacci,0.01050329823806982,0.9999999999997211
1000,3.646472223212748,4.0,fibonacci,0.010489917779003455,1.0000000000000036
1000,3.760545399658171,4.0,fibonacci,0.010476963098891725,1.000000000010251
1000,3.8781871456107226,4.0,fibonacci,0.010464528550617316,0.9999999999974036
1000,3.9995090972036653,4.0,fibonacci,0.010452701874348377,0.9999999999826326
1000,4.1246263829013525,4.0,fibonacci,0.010441561370967927,0.9999999999996099
1000,4.253657732750387,4.0,fibonacci,0.010431171931334209,1.0000000000009697
1000,4.386725591048498,4.0,fibonacci,0.010421578732524937,1.000000000012153
1000,4.523956232538054,4.0,fibonacci,0.010412797547356885,0.9999999999838818
1000,4.6654798822344725,4.0,fibonacci,0.010404799722289552,0.999999999998027
1000,4.811430839003259,4.0,fibonacci,0.010397490406495274,0.9999999999986174
1000,4.961947603002903,4.0,fibonacci,0.010390678299798348,1.0000000000158888
1000,5.117173007114605,4.0,fibonacci,0.01038403661301653,0.9999999999843107
1000,5.277254352483538,4.0,fibonacci,0.01037705607620787,0.9999999999976629
1000,5.442343548300267,4.0,fibonacci,0.010368993306886159,0.9999999999991204
1000,5.612597255954972,4.0,fibonacci,0.010358820659450298,1.0000000000146516
1000,5.788177037701274,4.0,fibonacci,0.010345186938995683,0.9999999999736691
1000,5.969249509970735,4.0,fibonacci,0.010326401465692636,0.9999999999985177
1000,6.155986501483509,4.0,fibonacci,0.010300455564381295,1.0000000000113738
1000,6.348565216305219,4.0,fibonacci,0.010265095988199347,0.9999999999789532
1000,6.547168402004738,4.0,fibonacci,0.01021796099915124,0.9999999999986083
1000,6.751984523072503,4.0,fibonacci,0.010156782368435343,1.0000000000129206
1000,6.963207939763885,4.0,fibonacci,0.010079645371317128,0.9999999999731414
1000,7.181039092537351,4.0,fibonacci,0.009985283305723125,0.9999999999977301
1000,7.405684692262437,4.0,fibonacci,0.009873367585248623,1.0000000000151739
1000,7.637357916378021,4.0,fibonacci,0.00974474362475526,0.9999999999805183
1000,7.876278611187057,4.0,fibonacci,0.009601559003598737,1.0000000000003142
1000,8.122673500479713,4.0,fibonacci,0.009447239841572627,0.9999999999857422
1000,8.376776400682918,4.0,fibonacci,0.009286292890335359,0.9999999999975165
1000,8.638828442740447,4.0,fibonacci,0.009123940914977684,1.0000000000134404
1000,8.909078300934137,4.0,fibonacci,0.008965634792383945,0.9999999999966872
1000,9.187782428863335,4.0,fibonacci,0.008816519286183457,1.0000000000147526
1000,9.475205302806543,4.0,fibonacci,0.008680950207640575,0.9999999999801302
1000,9.771619672696177,4.0,fibonacci,0.008562146535271676,1.0000000000081066
1000,10.077306820944612,4.0,fibonacci,0.008461995053017287,0.999999999984536
1000,10.392556829367125,4.0,fibonacci,0.008380916660361505,1.0000000000117732
1000,10.71766885445503,4.0,fibonacci,0.008317629386606322,0.9999999999956224
1000,11.052951411260215,4.0,fibonacci,0.008268705381361765,1.0000000000214757
1000,11.39872266616052,4.0,fibonacci,0.00822806790890103,0.9999999999963407
1000,11.755310738783693,4.0,fibonacci,0.008186897483952146,0.9999999999940606
1000,12.123054013376523,4.0,fibonacci,0.008134575012904098,0.9999999999959064
1000,12.502301459914554,4.0,fibonacci,0.008061047879855988,0.9999999999787694
1000,12.89341296525715,4.0,fibonacci,0.007960297394782627,1.0000000000093812
1000,13.29675967466212,4.0,fibonacci,0.007833663808547782,0.9999999999943276
1000,13.712724343984002,4.0,fibonacci,0.007691275280486039,0.9999999999698662
1000,14.141701702890233,4.0,fibonacci,0.007550349811907983,1.0000000000057978
1000,14.584098829439856,4.0,fibonacci,0.00743059314813455,0.9999999999992321
1000,15.040335536380244,4.0,fibonacci,0.007348500051827123,0.9999999999941428
1000,15.510844769528397,4.0,fibonacci,0.00731329339016013,0.9999999999694005
1000,15.996073018614878,4.0,fibonacci,0.007326299712072131,0.9999999999833711
1000,16.496480740980207,4.0,fibonacci,0.007381842394504581,1.0000000000098335
1000,17.012542798525892,4.0,fibonacci,0.007465214686216889,1.0000000000067326
1000,17.544748908334597,4.0,fibonacci,0.007548524055895192,0.9999999999948461
1000,18.093604107387165,4.0,fibonacci,0.007593876815587045,0.9999999999931837
1000,18.65962923181746,4.0,fibonacci,0.007571598969873841,0.9999999999944507
1000,19.2433614111598,4.0,fibonacci,0.007484895172609982,0.9999999999963701
1000,19.845354578058032,4.0,fibonacci,0.007377094682705961,0.9999999999954555
1000,20.466179993919898,4.0,fibonacci,0.007308129436342869,0.9999999999998974
1000,21.106426791015547,4.0,fibonacci,0.007320912003496675,1.000000000001611
1000,21.76670253153459,4.0,fibonacci,0.007431661401409749,0.9999999999790189
1000,22.44763378413224,4.0,fibonacci,0.007632486651906974,0.9999999999733579
1000,23.14986671851161,4.0,fibonacci,0.00786484060488323,0.9999999999899984
1000,23.87406771860647,4.0,fibonacci,0.008010636229340196,1.000000000001702
1000,24.620924014946254,4.0,fibonacci,0.00798190910489882,0.9999999999657697
1000,25.39114433680347,4.0,fibonacci,0.007831978862649327,0.9999999999894085
1000,26.185459584742325,4.0,fibonacci,0.007715316607692536,1.0000000000006632
1000,27.00462352420682,4.0,fibonacci,0.007741603319538825,0.999999999987721
1000,27.849413500806442,4.0,fibonacci,0.007931218179467401,1.0000000000075737
1000,28.72063117797828,4.0,fibonacci,0.008186107308786954,0.9999999999782926
1000,29.619103297725534,4.0,fibonacci,0.008254648772950087,1.0000000000037617
1000,30.545682465154318,4.0,fibonacci,0.007996344222289913,0.9999999999862537
1000,31.50124795755328,4.0,fibonacci,0.007624617471276915,0.9999999999557462
1000,32.486706558783744,4.0,fibonacci,0.007423714365778402,0.9999999999979801
1000,33.502993419772295,4.0,fibonacci,0.007467693543955322,0.9999999999968964
1000,34.55107294592218,4.0,fibonacci,0.007596611647564368,0.9999999999841079
1000,35.631939712285856,4.0,fibonacci,0.007413906336797673,0.9999999999847902
1000,36.7466194073669,4.0,fibonacci,0.006911454456333439,0.999999999983526
1000,37.896169806447176,4.0,fibonacci,0.006578438374535866,0.9999999999835029
1000,39.08168177536266,4.0,fibonacci,0.006597486149723414,0.9999999999817889
1000,40.30428030568053,4.0,fibonacci,0.006699080411218695,0.9999999999899523
1000,41.5651255822599,4.0,fibonacci,0.006328326237181983,0.9999999999703422
1000,42.86541408420927,4.0,fibonacci,0.005723941525236769,0.9999999999774648
1000,44.20637972028532,4.0,fibonacci,0.005438586980904731,0.9999999999898443
1000,45.58929499981062,4.0,fibonacci,0.005397796785004565,0.9999999999508338
1000,47.01547224022132,4.0,fibonacci,0.005246397110195465,0.9999999999875149
1000,48.48626481239081,4.0,fibonacci,0.005146023805248735,0.9999999999565122
1000,50.00306842491092,4.0,fibonacci,0.005310649565630452,0.9999999999935836
1000,51.56732244854966,4.0,fibonacci,0.005463881833152747,0.9999999999836728
1000,53.180511282142,4.0,fibonacci,0.005476378939717432,0.9999999999744673
1000,54.84416576121018,4.0,fibonacci,0.005418972277222223,0.9999999999742433
1000,56.55986461065005,4.0,fibonacci,0.005261816232756149,0.9999999999727361
1000,58.329235942862034,4.0,fibonacci,0.005151655859980603,0.9999999999849918
1000,60.153958802748356,4.0,fibonacci,0.005161555634396744,0.999999999974846
1000,62.035764761042714,4.0,fibonacci,0.005236402327179903,0.9999999999701815
1000,63.97643955748427,4.0,fibonacci,0.005297443838824984,0.9999999999915961
1000,65.97782479539536,4.0,fibonacci,0.005303864819729597,0.9999999999693203
1000,68.04181968927098,4.0,fibonacci,0.005268579202861819,0.9999999999401998
1000,70.17038286703826,4.0,fibonacci,0.005162242020177949,0.9999999999527869
1000,72.36553422869653,4.0,fibonacci,0.005080252987618516,0.9999999999695414
1000,74.62935686310134,4.0,fibonacci,0.004749131022769892,0.9999999999493011
1000,76.96399902471158,4.0,fibonacci,0.004456245038637129,0.9999999999383039
1000,79.37167617217551,4.0,fibonacci,0.00421415562372019,0.9999999999620696
1000,81.8546730706903,4.0,fibonacci,0.0040545595437417765,0.9999999999490259
1000,84.41534596012986,4.0,fibonacci,0.004185536658928088,0.9999999999644569
1000,87.05612479099865,4.0,fibonacci,0.004442954846814195,0.999999999959379
1000,89.77951553033323,4.0,fibonacci,0.004849101443346074,0.9999999999469393
1000,92.58810253973955,4.0,fibonacci,0.005529470543933139,0.9999999999567203
1000,95.48455102782293,4.0,fibonacci,0.0062782754211634,0.9999999999660452
1000,98.47160957933774,4.0,fibonacci,0.006680826175618725,0.999999999916113
1000,101.5521127634568,4.0,fibonacci,0.006424905936197885,0.9999999999713404
1000,104.72898382363586,4.0,fibonacci,0.005291512278632947,0.9999999999612944
1000,108.00523745162529,4.0,fibonacci,0.00502990981056192,0.9999999999578381
1000,111.38398264826195,4.0,fibonacci,0.00463579082117524,0.9999999999668504
1000,114.86842567375535,4.0,fibonacci,0.004843673729047131,0.9999999999405464
1000,118.46187309026836,4.0,fibonacci,0.005614931650041963,0.9999999999455778
1000,122.16773489967919,4.0,fibonacci,0.007001628430947236,0.9999999999530033
1000,125.98952777950272,4.0,fibonacci,0.007664512294020604,0.9999999999036613
1000,129.93087842004158,4.0,fibonacci,0.005969525603760153,0.9999999999359691
1000,133.99552696593383,4.0,fibonacci,0.0049400608008365755,0.9999999998984411
1000,138.18733056536323,4.0,fibonacci,0.004605581370225917,0.9999999999415965
1000,142.5102670302998,4.0,fibonacci,0.005351849663657741,0.999999999912811
1000,146.9684386112446,4.0,fibonacci,0.005929607415347444,0.999999999928164
1000,151.5660758900603,4.0,fibonacci,0.005689708300283132,0.9999999998971103
1000,156.30754179458157,4.0,fibonacci,0.005519675829061284,0.9999999998982757
1000,161.1973357388157,4.0,fibonacci,0.0053198469641355895,0.9999999999096743
1000,166.2400978926612,4.0,fibonacci,0.005178873937270849,0.9999999999321603
1000,171.440613585197,4.0,fibonacci,0.0048157166472476655,0.999999999915668
1000,176.8038178457207,4.0,fibonacci,0.004712345924791126,0.9999999999127502
1000,182.33480008684404,4.0,fibonacci,0.005792593399789599,0.9999999999260774
1000,188.03880893409146,4.0,fibonacci,0.006069118980474368,0.9999999999067866
1000,193.9212572065829,4.0,fibonacci,0.004715426075993722,0.9999999999131015
1000,199.9877270535285,4.0,fibonacci,0.003705827150507791,0.9999999998899479
1000,206.24397525140904,4.0,fibonacci,0.004768304508492417,0.9999999999103021
1000,212.69593866686898,4.0,fibonacci,0.004685239941631855,0.9999999999130719
1000,219.3497398905058,4.0,fibonacci,0.004534562992830263,0.9999999998911681
1000,226.2116930469024,4.0,fibonacci,0.004144305091415183,0.9999999998886113
1000,233.2883097864156,4.0,fibonacci,0.004207610290395614,0.9999999999074555
1000,240.58630546440645,4.0,fibonacci,0.005670994179559644,0.9999999998800086
1000,248.11260551377677,4.0,fibonacci,0.0060131358721806525,0.999999999897009
1000,255.87435201685892,4.0,fibonacci,0.005136750237236573,0.9999999998726694
1000,263.87891048289345,4.0,fibonacci,0.005711420292196313,0.9999999998784962
1000,272.13387683753086,4.0,fibonacci,0.005050420830573888,0.9999999998651067
1000,280.6470846309839,4.0,fibonacci,0.00571484197501645,0.9999999998606157
1000,289.4266124716752,4.0,fibonacci,0.006833549536564994,0.9999999998283733
1000,298.4807916924327,4.0,fibonacci,0.006165167664319197,0.9999999998523691
1000,307.81821425650804,4.0,fibonacci,0.005916893057213977,0.9999999998097552
1000,317.4477409109193,4.0,fibonacci,0.005178896464671625,0.9999999998441916
1000,327.3785095948577,4.0,fibonacci,0.004850499451130022,0.9999999998437189
1000,337.61994411113403,4.0,fibonacci,0.00486661395877259,0.9999999998318898
1000,348.18176306889666,4.0,fibonacci,0.004968216440417985,0.9999999998288119
1000,359.0739891061055,4.0,fibonacci,0.004189241399303862,0.9999999998213924
1000,370.30695840051413,4.0,fibonacci,0.004341691976937647,0.9999999997986576
1000,381.8913304781854,4.0,fibonacci,0.004651895292834444,0.9999999998138549
1000,393.8380983288489,4.0,fibonacci,0.0046741521128675235,0.9999999998235887
1000,406.158598837698,4.0,fibonacci,0.004139818480012112,0.9999999998190225
1000,418.86452354352707,4.0,fibonacci,0.004281757938091047,0.9999999997920715
1000,431.96792973341735,4.0,fibonacci,0.004542577735039897,0.9999999997662704
1000,445.4812518844989,4.0,fibonacci,0.004144761802532435,0.9999999997953829
1000,459.41731346364764,4.0,fibonacci,0.0038295639132835697,0.9999999997469062
1000,473.7893390963144,4.0,fibonacci,0.004063893098708252,0.9999999997687105
1000,488.6109671160326,4.0,fibonacci,0.004465768663869602,0.9999999997451623
1000,503.89626250651503,4.0,fibonacci,0.004767864135269626,0.9999999997493206
1000,519.6597302486197,4.0,fibonacci,0.00408133823850316,0.9999999997614185
1000,535.9163290848514,4.0,fibonacci,0.0044992867803170505,0.9999999997348178
1000,552.6814857144603,4.0,fibonacci,0.004914530014998122,0.9999999996981414
1000,569.9711094326076,4.0,fibonacci,0.004239715907094248,0.9999999996888969
1000,587.8016072274912,4.0,fibonacci,0.004912163136036918,0.9999999997069086
1000,606.1898993497572,4.0,fibonacci,0.004200696685146628,0.9999999997085236
1000,625.1534353689711,4.0,fibonacci,0.004509253905503957,0.9999999996926556
1000,644.7102107323869,4.0,fibonacci,0.004186649509113135,0.9999999996833393
1000,664.8787838417263,4.0,fibonacci,0.004888036562682502,0.999999999694274
1000,685.6782936641738,4.0,fibonacci,0.004533790335545928,0.9999999996741397
1000,707.1284778942996,4.0,fibonacci,0.004951844526858424,0.999999999622795
1000,729.2496916841444,4.0,fibonacci,0.004364778346320685,0.9999999996425246
1000,752.0629269592407,4.0,fibonacci,0.004567134588435895,0.9999999996311539
1000,775.5898323389001,4.0,fibonacci,0.0041935188586610895,0.9999999996204235
1000,799.8527336796708,4.0,fibonacci,0.004383362161080012,0.9999999995796456
1000,824.8746552614581,4.0,fibonacci,0.004194303848334138,0.9999999995878189
1000,850.6793416364153,4.0,fibonacci,0.004020226507934384,0.9999999996023359
1000,877.2912801613356,4.0,fibonacci,0.0039326001988752735,0.9999999995688769
1000,904.7357242349293,4.0,fibonacci,0.003774081012448035,0.9999999995509841
1000,933.038717262036,4.0,fibonacci,0.00438950665576868,0.9999999995391883
1000,962.2271173675134,4.0,fibonacci,0.00392427816811104,0.9999999994933126
1000,992.3286228832545,4.0,fibonacci,0.0036381133275215243,0.9999999995069787
1000,1023.3717986325192,4.0,fibonacci,0.0036567182144128445,0.9999999994792823
1000,1055.386103036523,4.0,fibonacci,0.0038662918643274503,0.9999999994817964
1000,1088.4019160690054,4.0,fibonacci,0.003426187223161635,0.999999999474484
1000,1122.4505680853058,4.0,fibonacci,0.0042841610543498795,0.9999999994522075
1000,1157.5643695533035,4.0,fibonacci,0.003728894035772668,0.9999999994149816
1000,1193.7766417144358,4.0,fibonacci,0.0036783883869899244,0.999999999392603
1000,1231.1217482038908,4.0,fibonacci,0.004032155186392648,0.9999999993715974
1000,1269.6351276599742,4.0,fibonacci,0.004069525492740847,0.9999999993609485
1000,1309.353327353611,4.0,fibonacci,0.004579955222151277,0.999999999323599
1000,1350.3140378698736,4.0,fibonacci,0.004240060228818493,0.9999999993017881
1000,1392.5561288744634,4.0,fibonacci,0.003824956017711052,0.9999999992925571
1000,1436.1196859990787,4.0,fibonacci,0.003623216687373559,0.99999999926728
1000,1481.0460488806755,4.0,fibonacci,0.003829581047290042,0.9999999992407139
1000,1527.377850390714,4.0,fibonacci,0.0036216495315269126,0.9999999991872425
1000,1575.1590570916228,4.0,fibonacci,0.004039868862346389,0.99999999915766
1000,1624.435010958867,4.0,fibonacci,0.0039944951387945165,0.9999999990914151
1000,1675.2524724082155,4.0,fibonacci,0.004281796789378788,0.9999999990845423
1000,1727.6596646690364,4.0,fibonacci,0.0035774338238173855,0.9999999990641119
1000,1781.7063195457306,4.0,fibonacci,0.0037960491898091442,0.9999999989819344
1000,1837.4437246107268,4.0,fibonacci,0.0041537026474479065,0.9999999988989006
1000,1894.9247718738216,4.0,fibonacci,0.0034302755238865743,0.9999999987162917
1000,1954.2040079740534,4.0,fibonacci,0.003831349703545645,0.9999999987007454
1000,2015.337685941733,4.0,fibonacci,0.00341402269528028,0.9999999985181962
1000,2078.383818579757,4.0,fibonacci,0.003287005478960512,0.9999999980193919
1000,2143.4022335148566,4.0,fibonacci,0.003701013405974266,0.9999999981377565
1000,2210.4546299710214,4.0,fibonacci,0.0031546844367971267,0.9999999974189762
1000,2279.6046373189797,4.0,fibonacci,0.0032423580177484584,0.9999999973709054
1000,2350.9178754572868,4.0,fibonacci,0.0030241858224904247,0.9999999970015278
1000,2424.462017082328,4.0,fibonacci,0.00292968029236873,0.9999999968169575
1000,2500.306851906324,4.0,fibonacci,0.0033213076840334105,0.9999999963544829
1000,2578.524352884274,4.0,fibonacci,0.0032709477007813017,0.9999999960227999
1000,2659.1887445126936,4.0,fibonacci,0.003618454440483312,0.9999999957374683
1000,2742.3765732649495,4.0,fibonacci,0.003326284552798746,0.9999999952324314
1000,2828.166780230032,4.0,fibonacci,0.0027693954147107597,0.999999994840811
1000,2916.640776023704,4.0,fibonacci,0.002949504069779305,0.9999999946269117
1000,3007.882518043099,4.0,fibonacci,0.0028345117961378697,0.9999999938204439
1000,3101.978590138097,4.0,fibonacci,0.00287522593699155,0.9999999936924316
1000,3199.018284775064,4.0,fibonacci,0.0030761673843462066,0.9999999934275312
1000,3299.093687770939,4.0,fibonacci,0.003270868322596852,0.9999999927347724
1000,3402.2997656780676,4.0,fibonacci,0.003286050572469518,0.9999999921868145
1000,3508.7344559027115,4.0,fibonacci,0.0030629350849518565,0.9999999912268842
1000,3618.4987596427463,4.0,fibonacci,0.003022889635014077,0.999999990660966
1000,3731.6968377327516,4.0,fibonacci,0.0029163458412135683,0.9999999904976757
1000,3848.436109487429,4.0,fibonacci,0.00268737430023634,0.999999989558512
1000,3968.827354637162,4.0,fibonacci,0.002748474000433564,0.9999999888532329
1000,4092.984818452438,4.0,fibonacci,0.003180272525024302,0.9999999882144051
1000,4221.026320156899,4.0,fibonacci,0.0029144243169251425,0.9999999873230956
1000,4353.0733647318875,4.0,fibonacci,0.0030147970185385466,0.9999999864049539
1000,4489.251258218603,4.0,fibonacci,0.00291636591777699,0.9999999851648168
1000,4629.689226627263,4.0,fibonacci,0.0027764268524594904,0.9999999846923461
1000,4774.520538566127,4.0,fibonacci,0.0028064038378897067,0.9999999839422364
1000,4923.882631706737,4.0,fibonacci,0.0033701793920817096,0.9999999827113984
1000,5077.917243205398,4.0,fibonacci,0.0027083386760975085,0.9999999811652348
1000,5236.77054420465,4.0,fibonacci,0.0027091413468994475,0.9999999803814335
1000,5400.593278542368,4.0,fibonacci,0.002626135270149478,0.9999999790832863
1000,5569.5409058001305,4.0,fibonacci,0.002771925424297047,0.9999999777633853
1000,5743.773748826581,4.0,fibonacci,0.0027097567645632463,0.9999999768952811
1000,5923.4571458758055,4.0,fibonacci,0.0029396837364445727,0.9999999749127138
1000,6108.76160750504,4.0,fibonacci,0.00281880572234539,0.9999999740853441
1000,6299.862978380694,4.0,fibonacci,0.0028799873566228095,0.9999999724158303
1000,6496.942604146125,4.0,fibonacci,0.002602567460870491,0.999999970578728
1000,6700.18750350959,4.0,fibonacci,0.0029384617432790644,0.999999968401394
1000,6909.790545715645,4.0,fibonacci,0.002837101848958157,0.9999999669772772
1000,7125.950633568411,4.0,fibonacci,0.0026298582783180176,0.9999999645835996
1000,7348.872892180388,4.0,fibonacci,0.002717644210805927,0.9999999622338838
1000,7578.76886362593,4.0,fibonacci,0.002433320129270035,0.9999999597303388
1000,7815.856707684091,4.0,fibonacci,0.002453965237872001,0.9999999573317248
1000,8060.361408861345,4.0,fibonacci,0.0023664594548958935,0.9999999542624899
1000,8312.514989890631,4.0,fibonacci,0.0025045134887259554,0.9999999506432253
1000,8572.556731909324,4.0,fibonacci,0.0024054903359901156,0.9999999483566481
1000,8840.733401525064,4.0,fibonacci,0.002357298930025091,0.999999945095016
1000,9117.299484984922,4.0,fibonacci,0.0024678620351078016,0.9999999421875508
1000,9402.517429670132,4.0,fibonacci,0.0023110033151185127,0.9999999372860165
1000,9696.65789314552,4.0,fibonacci,0.0022687509554394744,0.9999999336529267
1000,10000.0,4.0,fibonacci,0.0024047180506064103,0.9999999307108361
1000,0.0,4.0,tribonacci,0.0410088225794245,1.0
1000,1.0,4.0,tribonacci,0.04088842804080269,0.9999999999981628
1000,1.0312831606721848,4.0,tribonacci,0.04087390309801271,1.0000000000008862
1000,1.0635449574860112,4.0,tribonacci,0.04085771592208518,1.0000000000012639
1000,1.096816005273138,4.0,tribonacci,0.040839693952456395,0.9999999999990966
1000,1.1311278765939214,4.0,tribonacci,0.040819650183784174,1.0000000000001574
1000,1.1665131316981963,4.0,tribonacci,0.04079738265374872,1.0000000000098368
1000,1.2030053494233244,4.0,tribonacci,0.040772674073049596,1.0000000000274523
1000,1.240639159058832,4.0,tribonacci,0.040745291642658006,1.000000000044324
1000,1.2794502732078736,4.0,tribonacci,0.04071498710935366,1.0000000000467588
1000,1.3194755216767062,4.0,tribonacci,0.04068149711746857,1.000000000023939
1000,1.3607528864243335,4.0,tribonacci,0.04064454392137957,0.9999999999785486
1000,1.403321537605485,4.0,tribonacci,0.040603836529084836,0.9999999999344024
1000,1.4472218707411348,4.0,tribonacci,0.04055907235137791,0.9999999999299742
1000,1.4924955450518296,4.0,tribonacci,0.04050993943258651,0.9999999999791855
1000,1.5391855229902058,4.0,tribonacci,0.04045611934954613,1.0000000000001346
1000,1.587336111010209,4.0,tribonacci,0.040397291012579696,1.0000000000001457
1000,1.6369930016117025,4.0,tribonacci,0.040333135224505406,0.9999999999986258
1000,1.6882033167003634,4.0,tribonacci,0.04026334023196899,1.0000000000130753
1000,1.7410156523040161,4.0,tribonacci,0.04018760834918848,1.000000000041094
1000,1.7954801246878311,4.0,tribonacci,0.04010566370766847,1.000000000051088
1000,1.8516484179121548,4.0,tribonacci,0.040017261203378764,1.0000000000112073
1000,1.9095738328780973,4.0,tribonacci,0.03992219667513126,0.9999999999389872
1000,1.9693113379074225,4.0,tribonacci,0.039820318305349926,0.9999999999196336
1000,2.0309176209047357,4.0,tribonacci,0.03971153917140715,0.9999999999925264
1000,2.0944511431514696,4.0,tribonacci,0.039595850853178044,1.0000000000005462
1000,2.159972194782718,4.0,tribonacci,0.039473338106710734,0.9999999999973523
1000,2.2275429519995575,4.0,tribonacci,0.039344194003500484,1.000000000019526
1000,2.2972275360711523,4.0,tribonacci,0.039208735477069157,1.0000000000525955
1000,2.369092074182633,4.0,tribonacci,0.03906741864192282,1.0000000000249052
1000,2.4432047621864883,4.0,tribonacci,0.03892085325150164,0.9999999999393463
1000,2.519635929317015,4.0,tribonacci,0.038769815559417595,0.9999999999404164
1000,2.598458104929249,4.0,tribonacci,0.03861525867811659,0.9999999999988484
1000,2.6797460873256913,4.0,tribonacci,0.0384583191371808,0.9999999999958217
1000,2.763577014736159,4.0,tribonacci,0.038300318415155146,1.0000000000209028
1000,2.850030438518107,4.0,tribonacci,0.038142758403729285,1.000000000058989
1000,2.9391883986468863,4.0,tribonacci,0.0379873093485826,0.9999999999887825
1000,3.0311355015675785,4.0,tribonacci,0.03783578914567122,0.9999999999145771
1000,3.1259590004822804,4.0,tribonacci,0.03769013442559718,0.9999999999960039
1000,3.2237488781490296,4.0,tribonacci,0.03755236422115369,0.99999999999484
1000,3.3245979322709407,4.0,tribonacci,0.037424537067066006,1.0000000000313718
1000,3.428601863556586,4.0,tribonacci,0.03730870811019818,1.0000000000488236
1000,3.5358593665351785,4.0,tribonacci,0.03720689096283281,0.9999999999089727
1000,3.646472223212748,4.0,tribonacci,0.03712103280152843,0.9999999999740393
1000,3.760545399658171,4.0,tribonacci,0.03705301505617446,0.9999999999944876
1000,3.8781871456107226,4.0,tribonacci,0.03700468521739989,1.0000000000338347
1000,3.9995090972036653,4.0,tribonacci,0.03697792974130099,1.0000000000152454
1000,4.1246263829013525,4.0,tribonacci,0.03697478576275841,0.9999999998858521
1000,4.253657732750387,4.0,tribonacci,0.03699758017331232,0.9999999999961466
1000,4.386725591048498,4.0,tribonacci,0.03704907098468091,1.0000000000156974
1000,4.523956232538054,4.0,tribonacci,0.037132543185740545,1.0000000000247407
1000,4.6654798822344725,4.0,tribonacci,0.03725180242770364,0.999999999903133
1000,4.811430839003259,4.0,tribonacci,0.03741099413499672,0.9999999999941763
1000,4.961947603002903,4.0,tribonacci,0.03761418342742175,1.0000000000627083
1000,5.117173007114605,4.0,tribonacci,0.037864646847469895,0.9999999999421405
1000,5.277254352483538,4.0,tribonacci,0.03816387121355623,0.9999999999877611
1000,5.442343548300267,4.0,tribonacci,0.03851030979379528,1.0000000000050655
1000,5.612597255954972,4.0,tribonacci,0.03889801596248841,1.0000000000109417
1000,5.788177037701274,4.0,tribonacci,0.03931534857910834,0.9999999999755688
1000,5.969249509970735,4.0,tribonacci,0.03974401120673319,1.0000000000078388
1000,6.155986501483509,4.0,tribonacci,0.04015874233593886,0.9999999999564069
1000,6.348565216305219,4.0,tribonacci,0.0405280013804,0.9999999999907068
1000,6.547168402004738,4.0,tribonacci,0.040815966422972784,1.0000000000572054
1000,6.751984523072503,4.0,tribonacci,0.04098603767261109,0.9999999999159577
1000,6.963207939763885,4.0,tribonacci,0.04100577866809247,1.0000000000072027
1000,7.181039092537351,4.0,tribonacci,0.040852817507098946,0.9999999998945872
1000,7.405684692262437,4.0,tribonacci,0.040520747125002164,0.9999999999840896
1000,7.637357916378021,4.0,tribonacci,0.04002363809576655,0.9999999999977
1000,7.876278611187057,4.0,tribonacci,0.03939762898322074,0.999999999986111
1000,8.122673500479713,4.0,tribonacci,0.03869833065375103,1.000000000014617
1000,8.376776400682918,4.0,tribonacci,0.03799360601614646,0.9999999999843151
1000,8.638828442740447,4.0,tribonacci,0.03735271361094593,0.9999999999784933
1000,8.909078300934137,4.0,tribonacci,0.036834733835442425,0.9999999999815894
1000,9.187782428863335,4.0,tribonacci,0.036480953703775465,0.9999999999073518
1000,9.475205302806543,4.0,tribonacci,0.036315834501832144,1.000000000013991
1000,9.771619672696177,4.0,tribonacci,0.03635737243285271,0.9999999999605607
1000,10.077306820944612,4.0,tribonacci,0.03663017571030689,1.0000000000179898
1000,10.392556829367125,4.0,tribonacci,0.037168040453522795,0.9999999999786586
1000,10.71766885445503,4.0,tribonacci,0.03799467039364374,0.9999999999331198
1000,11.052951411260215,4.0,tribonacci,0.03908455145643781,1.0000000000279174
1000,11.39872266616052,4.0,tribonacci,0.04032343420924399,0.9999999999848749
1000,11.755310738783693,4.0,tribonacci,0.041496422006247424,0.9999999999776561
1000,12.123054013376523,4.0,tribonacci,0.04232491372495676,0.9999999999008434
1000,12.502301459914554,4.0,tribonacci,0.04255421833962954,0.9999999999749829
1000,12.89341296525715,4.0,tribonacci,0.04206510970616284,1.0000000000530689
1000,13.29675967466212,4.0,tribonacci,0.04095336584835241,0.999999999989724
1000,13.712724343984002,4.0,tribonacci,0.039516817528689754,0.9999999999725826
1000,14.141701702890233,4.0,tribonacci,0.03813489485938503,0.9999999999745836
1000,14.584098829439856,4.0,tribonacci,0.03710856974967475,0.9999999999725019
1000,15.040335536380244,4.0,tribonacci,0.036584967696386216,0.9999999999717527
1000,15.510844769528397,4.0,tribonacci,0.036628854528019,0.9999999999722788
1000,15.996073018614878,4.0,tribonacci,0.037318330840964066,0.9999999999724407
1000,16.496480740980207,4.0,tribonacci,0.03865827424777237,0.9999999999694799
1000,17.012542798525892,4.0,tribonacci,0.040336295877535254,0.9999999999730421
1000,17.544748908334597,4.0,tribonacci,0.04164115337149874,1.0000000000119975
1000,18.093604107387165,4.0,tribonacci,0.041792489483764336,1.0000000000025568
1000,18.65962923181746,4.0,tribonacci,0.04052138042579489,0.9999999998758966
1000,19.2433614111598,4.0,tribonacci,0.038374299903381336,0.9999999999681703
1000,19.845354578058032,4.0,tribonacci,0.036348384280721076,0.999999999997294
1000,20.466179993919898,4.0,tribonacci,0.035188106756399745,0.9999999999223549
1000,21.106426791015547,4.0,tribonacci,0.0351584511118259,0.99999999996519
1000,21.76670253153459,4.0,tribonacci,0.03639059606419847,1.0000000000057234
1000,22.44763378413224,4.0,tribonacci,0.03877957188607936,0.9999999999619112
1000,23.14986671851161,4.0,tribonacci,0.04128213461157786,1.0000000000052272
1000,23.87406771860647,4.0,tribonacci,0.042151947680443974,0.9999999999608734
1000,24.620924014946254,4.0,tribonacci,0.04063953640713408,0.9999999998808733
1000,25.39114433680347,4.0,tribonacci,0.03804893187603617,0.999999999993232
1000,26.185459584742325,4.0,tribonacci,0.036329152146482024,0.999999999958166
1000,27.00462352420682,4.0,tribonacci,0.03636440899766549,0.9999999999581048
1000,27.849413500806442,4.0,tribonacci,0.03835158129784479,0.9999999999193273
1000,28.72063117797828,4.0,tribonacci,0.04138334968059603,0.9999999998721045
1000,29.619103297725534,4.0,tribonacci,0.04246527552326787,0.9999999998694321
1000,30.545682465154318,4.0,tribonacci,0.039962832101822325,0.9999999998522637
1000,31.50124795755328,4.0,tribonacci,0.036516813004902296,0.9999999999379988
1000,32.486706558783744,4.0,tribonacci,0.035096198993062704,0.9999999999514513
1000,33.502993419772295,4.0,tribonacci,0.03655383815152397,0.999999999962772
1000,34.55107294592218,4.0,tribonacci,0.03999624303388692,0.9999999999719706
1000,35.631939712285856,4.0,tribonacci,0.04113230487796525,0.9999999999481176
1000,36.7466194073669,4.0,tribonacci,0.03848036500561606,0.999999999988409
1000,37.896169806447176,4.0,tribonacci,0.036304877092167655,0.9999999999439897
1000,39.08168177536266,4.0,tribonacci,0.03736944663036446,0.9999999999599133
1000,40.30428030568053,4.0,tribonacci,0.04113632486196629,0.9999999999533975
1000,41.5651255822599,4.0,tribonacci,0.04197386611955561,0.9999999999419409
1000,42.86541408420927,4.0,tribonacci,0.038209263253159,0.9999999998897804
1000,44.20637972028532,4.0,tribonacci,0.036018605959806764,0.9999999998582151
1000,45.58929499981062,4.0,tribonacci,0.03827328306122808,0.9999999998625362
1000,47.01547224022132,4.0,tribonacci,0.04123877914411769,0.9999999998263093
1000,48.48626481239081,4.0,tribonacci,0.03833432706117103,0.9999999999037164
1000,50.00306842491092,4.0,tribonacci,0.03522028448436232,0.9999999999304839
1000,51.56732244854966,4.0,tribonacci,0.03817391415712661,0.999999999987059
1000,53.180511282142,4.0,tribonacci,0.043217182001787965,0.9999999998564807
1000,54.84416576121018,4.0,tribonacci,0.03894703041673003,0.9999999999611076
1000,56.55986461065005,4.0,tribonacci,0.03522937581035481,0.9999999999209865
1000,58.329235942862034,4.0,tribonacci,0.04003436568105917,0.9999999998270925
1000,60.153958802748356,4.0,tribonacci,0.040212835880060575,0.9999999999718413
1000,62.035764761042714,4.0,tribonacci,0.03430911107819577,0.9999999999347557
1000,63.97643955748427,4.0,tribonacci,0.03972489901716255,0.9999999997850615
1000,65.97782479539536,4.0,tribonacci,0.039912594066296866,0.9999999998977678
1000,68.04181968927098,4.0,tribonacci,0.0354506243321556,0.9999999998166204
1000,70.17038286703826,4.0,tribonacci,0.04349032581557389,0.9999999999578142
1000,72.36553422869653,4.0,tribonacci,0.03522029883338009,0.9999999999457152
1000,74.62935686310134,4.0,tribonacci,0.03726728640707115,0.999999999879529
1000,76.96399902471158,4.0,tribonacci,0.04056123131496613,0.9999999998117278
1000,79.37167617217551,4.0,tribonacci,0.03466314658178322,0.9999999999181469
1000,81.8546730706903,4.0,tribonacci,0.04402594969180341,0.9999999998723346
1000,84.41534596012986,4.0,tribonacci,0.03511019072677022,0.9999999998679042
1000,87.05612479099865,4.0,tribonacci,0.039902715193613894,0.9999999998674639
1000,89.77951553033323,4.0,tribonacci,0.0361673240244961,0.9999999998637326
1000,92.58810253973955,4.0,tribonacci,0.03954953190857337,0.9999999998180377
1000,95.48455102782293,4.0,tribonacci,0.03788929937113289,0.9999999998670478
1000,98.47160957933774,4.0,tribonacci,0.039022635937118084,0.9999999998522593
1000,101.5521127634568,4.0,tribonacci,0.03700665813581693,0.9999999998499913
1000,104.72898382363586,4.0,tribonacci,0.03906770222617775,0.9999999998460946
1000,108.00523745162529,4.0,tribonacci,0.03698688993905581,0.9999999998479164
1000,111.38398264826195,4.0,tribonacci,0.04233782626619012,0.9999999998440168
1000,114.86842567375535,4.0,tribonacci,0.03397658239569232,0.9999999998278565
1000,118.46187309026836,4.0,tribonacci,0.04049582602319052,0.9999999998434295
1000,122.16773489967919,4.0,tribonacci,0.040346414116136736,0.9999999997932222
1000,125.98952777950272,4.0,tribonacci,0.0340083226858233,0.9999999997799257
1000,129.93087842004158,4.0,tribonacci,0.0381736250660362,0.9999999998114356
1000,133.99552696593383,4.0,tribonacci,0.04242030452724569,0.9999999997941252
1000,138.18733056536323,4.0,tribonacci,0.03555194629474623,0.9999999997878354
1000,142.5102670302998,4.0,tribonacci,0.036159711019456205,0.9999999997602568
1000,146.9684386112446,4.0,tribonacci,0.04026068117313733,0.9999999997789076
1000,151.5660758900603,4.0,tribonacci,0.037807688970006664,0.9999999998239628
1000,156.30754179458157,4.0,tribonacci,0.034686927153418125,0.9999999996014721
1000,161.1973357388157,4.0,tribonacci,0.03508673846613019,0.9999999994628619
1000,166.2400978926612,4.0,tribonacci,0.03581134389313807,0.9999999996119698
1000,171.440613585197,4.0,tribonacci,0.030948679629423558,0.9999999994232934
1000,176.8038178457207,4.0,tribonacci,0.053840114572039334,0.9999999992785527
1000,182.33480008684404,4.0,tribonacci,0.031183730918909938,0.9999999990749935
1000,188.03880893409146,4.0,tribonacci,0.03410881685300124,0.9999999978078463
1000,193.9212572065829,4.0,tribonacci,0.039950388252824334,0.9999999986332037
1000,199.9877270535285,4.0,tribonacci,0.03428072763800963,0.9999999971650154
1000,206.24397525140904,4.0,tribonacci,0.022370241068133026,0.9999999993041933
1000,212.69593866686898,4.0,tribonacci,0.018961350121503077,0.9999999982981131
1000,219.3497398905058,4.0,tribonacci,0.023882867853877665,0.9999999989632676
1000,226.2116930469024,4.0,tribonacci,0.0297299837965649,0.9999999974022732
1000,233.2883097864156,4.0,tribonacci,0.022489694304732445,0.9999999971689134
1000,240.58630546440645,4.0,tribonacci,0.03722855010637372,0.9999999967229352
1000,248.11260551377677,4.0,tribonacci,0.023990084487055842,0.9999999964842201
1000,255.87435201685892,4.0,tribonacci,0.03782722383066558,0.9999999953573171
1000,263.87891048289345,4.0,tribonacci,0.03586934719128933,0.9999999957815254
1000,272.13387683753086,4.0,tribonacci,0.028921400313274392,0.9999999955865267
1000,280.6470846309839,4.0,tribonacci,0.03060215845621854,0.9999999951431833
1000,289.4266124716752,4.0,tribonacci,0.03083392257866802,0.9999999947123178
1000,298.4807916924327,4.0,tribonacci,0.024401839508868536,0.9999999944662754
1000,307.81821425650804,4.0,tribonacci,0.030636770404945238,0.9999999940256855
1000,317.4477409109193,4.0,tribonacci,0.02405581720984103,0.9999999939162859
1000,327.3785095948577,4.0,tribonacci,0.02900066091060713,0.9999999933959767
1000,337.61994411113403,4.0,tribonacci,0.03179099736369786,0.9999999931457623
1000,348.18176306889666,4.0,tribonacci,0.029508245625181596,0.9999999925443678
1000,359.0739891061055,4.0,tribonacci,0.03761492680542958,0.9999999915502378
1000,370.30695840051413,4.0,tribonacci,0.03446451262703432,0.9999999914381769
1000,381.8913304781854,4.0,tribonacci,0.024211962987285344,0.9999999913356793
1000,393.8380983288489,4.0,tribonacci,0.02180039778039017,0.9999999909782653
1000,406.158598837698,4.0,tribonacci,0.01776824775817787,0.9999999905245032
1000,418.86452354352707,4.0,tribonacci,0.02118594916675969,0.999999989200143
1000,431.96792973341735,4.0,tribonacci,0.01909994168904482,0.9999999891151373
1000,445.4812518844989,4.0,tribonacci,0.0188427257446397,0.999999989976189
1000,459.41731346364764,4.0,tribonacci,0.022664170109699372,0.9999999899914201
1000,473.7893390963144,4.0,tribonacci,0.021824884930635568,0.9999999885616637
1000,488.6109671160326,4.0,tribonacci,0.026667228154308588,0.9999999882166024
1000,503.89626250651503,4.0,tribonacci,0.022071152297690865,0.9999999882613729
1000,519.6597302486197,4.0,tribonacci,0.024948581867827647,0.9999999871243102
1000,535.9163290848514,4.0,tribonacci,0.02295052800400293,0.99999998666061
1000,552.6814857144603,4.0,tribonacci,0.01788433308341114,0.9999999849643159
1000,569.9711094326076,4.0,tribonacci,0.017537655894366583,0.9999999843475693
1000,587.8016072274912,4.0,tribonacci,0.015610817018812168,0.9999999851050263
1000,606.1898993497572,4.0,tribonacci,0.017964595017292948,0.9999999845022731
1000,625.1534353689711,4.0,tribonacci,0.02184354788034508,0.9999999841725016
1000,644.7102107323869,4.0,tribonacci,0.020172702371424517,0.9999999842076456
1000,664.8787838417263,4.0,tribonacci,0.02565183160701849,0.9999999823120087
1000,685.6782936641738,4.0,tribonacci,0.019140915679004823,0.9999999819248229
1000,707.1284778942996,4.0,tribonacci,0.018047722400641807,0.9999999815769831
1000,729.2496916841444,4.0,tribonacci,0.017934839576696927,0.9999999802614721
1000,752.0629269592407,4.0,tribonacci,0.017308195893388792,0.9999999799420233
1000,775.5898323389001,4.0,tribonacci,0.017183157270591373,0.9999999785853362
1000,799.8527336796708,4.0,tribonacci,0.01992537540981405,0.999999977179102
1000,824.8746552614581,4.0,tribonacci,0.019319367230827052,0.9999999780747748
1000,850.6793416364153,4.0,tribonacci,0.01840238234164102,0.9999999767777302
1000,877.2912801613356,4.0,tribonacci,0.01604365426007044,0.9999999760891084
1000,904.7357242349293,4.0,tribonacci,0.01678028651947204,0.9999999763547378
1000,933.038717262036,4.0,tribonacci,0.020321645234049765,0.9999999755506388
1000,962.2271173675134,4.0,tribonacci,0.014160179283329185,0.9999999753554777
1000,992.3286228832545,4.0,tribonacci,0.01289261368592231,0.9999999741034786
1000,1023.3717986325192,4.0,tribonacci,0.01400321369869909,0.9999999743171218
1000,1055.386103036523,4.0,tribonacci,0.01437295671288581,0.9999999729378973
1000,1088.4019160690054,4.0,tribonacci,0.015815602072838653,0.9999999720007645
1000,1122.4505680853058,4.0,tribonacci,0.01421272245373433,0.9999999708805052
1000,1157.5643695533035,4.0,tribonacci,0.012615297288154892,0.9999999703635525
1000,1193.7766417144358,4.0,tribonacci,0.013186107925901242,0.9999999688888966
1000,1231.1217482038908,4.0,tribonacci,0.012145654514773157,0.9999999685481409
1000,1269.6351276599742,4.0,tribonacci,0.011751572962075157,0.9999999677703729
1000,1309.353327353611,4.0,tribonacci,0.012752188163373292,0.9999999656570532
1000,1350.3140378698736,4.0,tribonacci,0.010278206927215452,0.9999999660771424
1000,1392.5561288744634,4.0,tribonacci,0.011952997530838439,0.999999965132341
1000,1436.1196859990787,4.0,tribonacci,0.011722078880448737,0.9999999643248655
1000,1481.0460488806755,4.0,tribonacci,0.009910859693180386,0.9999999627350271
1000,1527.377850390714,4.0,tribonacci,0.009762129023204284,0.9999999617715312
1000,1575.1590570916228,4.0,tribonacci,0.008606795927967705,0.9999999619733635
1000,1624.435010958867,4.0,tribonacci,0.00815241591522149,0.9999999606427386
1000,1675.2524724082155,4.0,tribonacci,0.0089264447714163,0.9999999596957517
1000,1727.6596646690364,4.0,tribonacci,0.009169195762808937,0.9999999581483088
1000,1781.7063195457306,4.0,tribonacci,0.008801847374284756,0.9999999578086451
1000,1837.4437246107268,4.0,tribonacci,0.007569509262392084,0.9999999560275713
1000,1894.9247718738216,4.0,tribonacci,0.007567660379498639,0.999999956150737
1000,1954.2040079740534,4.0,tribonacci,0.006893120213850398,0.9999999551627089
1000,2015.337685941733,4.0,tribonacci,0.007316021599189685,0.999999953061874
1000,2078.383818579757,4.0,tribonacci,0.007506278844163981,0.9999999525010669
1000,2143.4022335148566,4.0,tribonacci,0.00710910358679573,0.9999999505227314
1000,2210.4546299710214,4.0,tribonacci,0.0062217312131217836,0.9999999506656264
1000,2279.6046373189797,4.0,tribonacci,0.005712075031961812,0.9999999497323345
1000,2350.9178754572868,4.0,tribonacci,0.005305663833435418,0.9999999464204293
1000,2424.462017082328,4.0,tribonacci,0.005905924739281809,0.9999999457774756
1000,2500.306851906324,4.0,tribonacci,0.005827410444512046,0.9999999450610465
1000,2578.524352884274,4.0,tribonacci,0.005366682629998798,0.9999999442310549
1000,2659.1887445126936,4.0,tribonacci,0.006058370973027996,0.9999999426717454
1000,2742.3765732649495,4.0,tribonacci,0.00567855289238325,0.9999999418045495
1000,2828.166780230032,4.0,tribonacci,0.005136508678907605,0.999999940356848
1000,2916.640776023704,4.0,tribonacci,0.004680560939616699,0.9999999390912581
1000,3007.882518043099,4.0,tribonacci,0.004764975282014367,0.9999999372675598
1000,3101.978590138097,4.0,tribonacci,0.004913833832454888,0.999999936388315
1000,3199.018284775064,4.0,tribonacci,0.005143445470543618,0.999999933303697
1000,3299.093687770939,4.0,tribonacci,0.004690693318487087,0.999999933043085
1000,3402.2997656780676,4.0,tribonacci,0.005282437425020206,0.9999999312071017
1000,3508.7344559027115,4.0,tribonacci,0.005266508770091893,0.999999929394669
1000,3618.4987596427463,4.0,tribonacci,0.004648808110987406,0.9999999265781749
1000,3731.6968377327516,4.0,tribonacci,0.0045084514545874945,0.9999999247326584
1000,3848.436109487429,4.0,tribonacci,0.004435357555391541,0.9999999244925389
1000,3968.827354637162,4.0,tribonacci,0.004212983441858108,0.9999999214148462
1000,4092.984818452438,4.0,tribonacci,0.004949851530898433,0.9999999190167089
1000,4221.026320156899,4.0,tribonacci,0.004388104947795296,0.9999999180731869
1000,4353.0733647318875,4.0,tribonacci,0.004368104753831782,0.9999999152097454
1000,4489.251258218603,4.0,tribonacci,0.004266148399917042,0.9999999132352438
1000,4629.689226627263,4.0,tribonacci,0.004358156932542126,0.9999999119954076
1000,4774.520538566127,4.0,tribonacci,0.003943384061514604,0.9999999092482017
1000,4923.882631706737,4.0,tribonacci,0.004187239768823248,0.9999999072515982
1000,5077.917243205398,4.0,tribonacci,0.003794000852900017,0.9999999036385948
1000,5236.77054420465,4.0,tribonacci,0.004524764929838845,0.9999999021596925
1000,5400.593278542368,4.0,tribonacci,0.00424508969755001,0.9999998996506821
1000,5569.5409058001305,4.0,tribonacci,0.003854851220809819,0.9999998971344062
1000,5743.773748826581,4.0,tribonacci,0.003950721963746041,0.9999998943535144
1000,5923.4571458758055,4.0,tribonacci,0.0036495893884251184,0.9999998922077812
1000,6108.76160750504,4.0,tribonacci,0.0034670445826526976,0.9999998879078906
1000,6299.862978380694,4.0,tribonacci,0.0037241859632824027,0.9999998866933983
1000,6496.942604146125,4.0,tribonacci,0.003544840629639377,0.9999998834183764
1000,6700.18750350959,4.0,tribonacci,0.003709412769894477,0.9999998805265611
1000,6909.790545715645,4.0,tribonacci,0.003805469757513163,0.9999998773924289
1000,7125.950633568411,4.0,tribonacci,0.004373425660194303,0.9999998749331807
1000,7348.872892180388,4.0,tribonacci,0.00404804679383731,0.9999998710152302
1000,7578.76886362593,4.0,tribonacci,0.003974247091817706,0.9999998689660318
1000,7815.856707684091,4.0,tribonacci,0.0032380110443802077,0.9999998644424293
1000,8060.361408861345,4.0,tribonacci,0.0037137751373825722,0.9999998625653074
1000,8312.514989890631,4.0,tribonacci,0.0031821766121448727,0.9999998574320137
1000,8572.556731909324,4.0,tribonacci,0.003521156692532502,0.9999998538647172
1000,8840.733401525064,4.0,tribonacci,0.0033235700460461748,0.9999998505057494
1000,9117.299484984922,4.0,tribonacci,0.003223776210070473,0.9999998475535476
1000,9402.517429670132,4.0,tribonacci,0.0032243032755020894,0.999999844280781
1000,9696.65789314552,4.0,tribonacci,0.0028762274245114567,0.9999998391513059
1000,10000.0,4.0,tribonacci,0.002905108861852866,0.9999998357695293
1000,0.0,5.0,fibonacci,0.010802718160829386,1.0
1000,1.0,5.0,fibonacci,0.010792356751306686,0.9999999999849062
1000,1.0312831606721848,5.0,fibonacci,0.01079098389772781,0.9999999999848872
1000,1.0635449574860112,5.0,fibonacci,0.010789445471154773,0.9999999999906611
1000,1.096816005273138,5.0,fibonacci,0.01078772350933635,0.9999999999985937
1000,1.1311278765939214,5.0,fibonacci,0.010785798430799142,1.0000000000000724
1000,1.1665131316981963,5.0,fibonacci,0.010783648959890077,1.0000000000003053
1000,1.2030053494233244,5.0,fibonacci,0.010781252045035779,0.9999999999997459
1000,1.240639159058832,5.0,fibonacci,0.010778582799078408,0.9999999999998259
1000,1.2794502732078736,5.0,fibonacci,0.0107756144549183,1.0000000000021199
1000,1.3194755216767062,5.0,fibonacci,0.01077231834261234,1.000000000006635
1000,1.3607528864243335,5.0,fibonacci,0.010768663894258027,1.00000000001116
1000,1.403321537605485,5.0,fibonacci,0.010764618683142036,1.000000000012015
1000,1.4472218707411348,5.0,fibonacci,0.010760148504273676,1.0000000000062044
1000,1.4924955450518296,5.0,fibonacci,0.010755217503930544,0.9999999999943493
1000,1.5391855229902058,5.0,fibonacci,0.010749788366113592,0.9999999999827804
1000,1.587336111010209,5.0,fibonacci,0.010743822563702826,0.9999999999817325
1000,1.6369930016117025,5.0,fibonacci,0.010737280681432088,0.9999999999947013
1000,1.6882033167003634,5.0,fibonacci,0.010730122818729952,1.0000000000000173
1000,1.7410156523040161,5.0,fibonacci,0.010722309104842873,0.9999999999999526
1000,1.7954801246878311,5.0,fibonacci,0.01071380029180286,0.9999999999995896
1000,1.8516484179121548,5.0,fibonacci,0.01070455845591127,1.000000000003971
1000,1.9095738328780973,5.0,fibonacci,0.010694547811086263,1.0000000000118576
1000,1.9693113379074225,5.0,fibonacci,0.010683735629055056,1.0000000000138332
1000,2.0309176209047357,5.0,fibonacci,0.010672093264945982,1.000000000001603
1000,2.0944511431514696,5.0,fibonacci,0.01065959728030978,0.9999999999819937
1000,2.159972194782718,5.0,fibonacci,0.010646230648814453,0.9999999999794293
1000,2.2275429519995575,5.0,fibonacci,0.010631984020872794,0.9999999999990054
1000,2.2972275360711523,5.0,fibonacci,0.010616857017463798,1.0000000000000908
1000,2.369092074182633,5.0,fibonacci,0.010600859525951852,0.9999999999993905
1000,2.4432047621864883,5.0,fibonacci,0.01058401292350014,1.0000000000072098
1000,2.519635929317015,5.0,fibonacci,0.010566351201807146,1.000000000016261
1000,2.598458104929249,5.0,fibonacci,0.010547921897038914,1.000000000004596
1000,2.6797460873256913,5.0,fibonacci,0.010528786746333467,0.999999999978692
1000,2.763577014736159,5.0,fibonacci,0.01050902200857992,0.9999999999852122
1000,2.850030438518107,5.0,fibonacci,0.010488718396611056,0.9999999999998643
1000,2.9391883986468863,5.0,fibonacci,0.010467980459371397,0.9999999999988526
1000,3.0311355015675785,5.0,fibonacci,0.010446925408849521,1.0000000000082656
1000,3.1259590004822804,5.0,fibonacci,0.010425681423483215,1.0000000000158615
1000,3.2237488781490296,5.0,fibonacci,0.010404385354638593,0.9999999999890549
1000,3.3245979322709407,5.0,fibonacci,0.010383179904568463,0.9999999999763217
1000,3.428601863556586,5.0,fibonacci,0.010362210579489236,0.9999999999993778
1000,3.5358593665351785,5.0,fibonacci,0.010341622505062481,0.9999999999988747
1000,3.646472223212748,5.0,fibonacci,0.010321557221257384,1.0000000000119005
1000,3.760545399658171,5.0,fibonacci,0.010302150037285964,1.0000000000036977
1000,3.8781871456107226,5.0,fibonacci,0.010283527729455256,0.9999999999726928
1000,3.9995090972036653,5.0,fibonacci,0.01026580665283286,0.9999999999988824
1000,4.1246263829013525,5.0,fibonacci,0.010249090937545115,0.9999999999990413
1000,4.253657732750387,5.0,fibonacci,0.01023346922112938,1.0000000000158586
1000,4.386725591048498,5.0,fibonacci,0.0102190087377207,0.999999999986932
1000,4.523956232538054,5.0,fibonacci,0.010205743782310992,0.9999999999883878
1000,4.6654798822344725,5.0,fibonacci,0.010193655815012114,0.9999999999980749
1000,4.811430839003259,5.0,fibonacci,0.010182641638931844,1.0000000000175147
1000,4.961947603002903,5.0,fibonacci,0.010172467034508864,0.999999999991418
1000,5.117173007114605,5.0,fibonacci,0.010162704689780507,0.9999999999862896
1000,5.277254352483538,5.0,fibonacci,0.010152658174038664,0.9999999999973804
1000,5.442343548300267,5.0,fibonacci,0.010141277897592216,1.0000000000239446
1000,5.612597255954972,5.0,fibonacci,0.010127080222879848,0.9999999999654461
1000,5.788177037701274,5.0,fibonacci,0.01010808670699318,0.9999999999982773
1000,5.969249509970735,5.0,fibonacci,0.010081804876872191,1.000000000010146
1000,6.155986501483509,5.0,fibonacci,0.010045275135378378,0.9999999999835444
1000,6.348565216305219,5.0,fibonacci,0.009995206292595375,0.9999999999975837
1000,6.547168402004738,5.0,fibonacci,0.009928214641592008,1.0000000000106855
1000,6.751984523072503,5.0,fibonacci,0.009841166683222305,0.9999999999739223
1000,6.963207939763885,5.0,fibonacci,0.00973160294039645,0.9999999999977993
1000,7.181039092537351,5.0,fibonacci,0.009598193569735293,1.0000000000219826
1000,7.405684692262437,5.0,fibonacci,0.009441152771238347,0.9999999999570612
1000,7.637357916378021,5.0,fibonacci,0.00926252543492287,0.9999999999962556
1000,7.876278611187057,5.0,fibonacci,0.00906626599098741,0.9999999999992278
1000,8.122673500479713,5.0,fibonacci,0.008858059290582157,0.9999999999967772
1000,8.376776400682918,5.0,fibonacci,0.008644877956951208,1.00000000002146
1000,8.638828442740447,5.0,fibonacci,0.008434323340257989,0.9999999999812399
1000,8.909078300934137,5.0,fibonacci,0.008233845395539473,1.0000000000126206
1000,9.187782428863335,5.0,fibonacci,0.008049977470964358,0.9999999999536301
1000,9.475205302806543,5.0,fibonacci,0.00788774081035068,1.000000000003228
1000,9.771619672696177,5.0,fibonacci,0.007750339646993508,0.9999999999581857
1000,10.077306820944612,5.0,fibonacci,0.007639140046571222,1.000000000006638
1000,10.392556829367125,5.0,fibonacci,0.007553734587677741,0.9999999999765832
1000,10.71766885445503,5.0,fibonacci,0.007491776640170093,1.0000000000242328
1000,11.052951411260215,5.0,fibonacci,0.007448417161261546,0.9999999999938809
1000,11.39872266616052,5.0,fibonacci,0.007415613613851652,1.0000000000082698
1000,11.755310738783693,5.0,fibonacci,0.007382043815911831,0.9999999999925546
1000,12.123054013376523,5.0,fibonacci,0.007334457176261888,0.9999999999583067
1000,12.502301459914554,5.0,fibonacci,0.007260830021404341,1.0000000000147626
1000,12.89341296525715,5.0,fibonacci,0.007154728145818155,0.9999999999916963
1000,13.29675967466212,5.0,fibonacci,0.007019170675254146,0.9999999999610593
1000,13.712724343984002,5.0,fibonacci,0.006867816135142142,1.0000000000043852
1000,14.141701702890233,5.0,fibonacci,0.006722201776096594,0.999999999999843
1000,14.584098829439856,5.0,fibonacci,0.006605611146076587,0.9999999999909563
1000,15.040335536380244,5.0,fibonacci,0.006535844297036085,0.9999999999877722
1000,15.510844769528397,5.0,fibonacci,0.006520543067702182,0.9999999999545359
1000,15.996073018614878,5.0,fibonacci,0.006558001698021577,0.9999999999917106
1000,16.496480740980207,5.0,fibonacci,0.0066403008399089246,1.0000000000091152
1000,17.012542798525892,5.0,fibonacci,0.006750698432798558,1.000000000008942
1000,17.544748908334597,5.0,fibonacci,0.006856193622083626,1.0000000000053477
1000,18.093604107387165,5.0,fibonacci,0.006910293223870179,1.0000000000033862
1000,18.65962923181746,5.0,fibonacci,0.006877300498087606,1.000000000008136
1000,19.2433614111598,5.0,fibonacci,0.006765373438985057,1.000000000012897
1000,19.845354578058032,5.0,fibonacci,0.006634002489200733,0.9999999999954228
1000,20.466179993919898,5.0,fibonacci,0.006558198311463597,0.999999999967394
1000,21.106426791015547,5.0,fibonacci,0.006582566892851078,0.9999999999849589
1000,21.76670253153459,5.0,fibonacci,0.0067192083929528135,0.9999999999870048
1000,22.44763378413224,5.0,fibonacci,0.006964904837051357,1.0000000000069134
1000,23.14986671851161,5.0,fibonacci,0.00725580245592562,0.9999999999809297
1000,23.87406771860647,5.0,fibonacci,0.007437474040241703,0.9999999999863199
1000,24.620924014946254,5.0,fibonacci,0.007390075118008439,1.0000000000102378
1000,25.39114433680347,5.0,fibonacci,0.007192144755034078,0.99999999994698
1000,26.185459584742325,5.0,fibonacci,0.007048859786418425,0.9999999999853538
1000,27.00462352420682,5.0,fibonacci,0.007075004314837333,0.9999999999543572
1000,27.849413500806442,5.0,fibonacci,0.007284825829120606,0.9999999999876259
1000,28.72063117797828,5.0,fibonacci,0.007574914126263264,0.9999999999557022
1000,29.619103297725534,5.0,fibonacci,0.0076263944551178435,1.000000000004655
1000,30.545682465154318,5.0,fibonacci,0.007270991622021493,0.9999999999823415
1000,31.50124795755328,5.0,fibonacci,0.006804952748235526,0.9999999999808369
1000,32.486706558783744,5.0,fibonacci,0.006550901835705524,0.9999999999464799
1000,33.502993419772295,5.0,fibonacci,0.006566012447831024,0.9999999999636435
1000,34.55107294592218,5.0,fibonacci,0.006702551419188878,0.9999999999823372
1000,35.631939712285856,5.0,fibonacci,0.0065064034264939695,0.9999999999687433
1000,36.7466194073669,5.0,fibonacci,0.005996970816152238,0.9999999999507102
1000,37.896169806447176,5.0,fibonacci,0.005755721236973074,0.9999999999511878
1000,39.08168177536266,5.0,fibonacci,0.0059070876341072625,0.9999999999771905
1000,40.30428030568053,5.0,fibonacci,0.006132318671161052,0.9999999999930108
1000,41.5651255822599,5.0,fibonacci,0.005817474662833352,0.999999999933102
1000,42.86541408420927,5.0,fibonacci,0.005285081061869856,0.9999999999763967
1000,44.20637972028532,5.0,fibonacci,0.005137390387161625,0.9999999999407655
1000,45.58929499981062,5.0,fibonacci,0.005266574283981209,0.9999999999785707
1000,47.01547224022132,5.0,fibonacci,0.0053904587435575245,0.9999999999716613
1000,48.48626481239081,5.0,fibonacci,0.005711761666833384,0.9999999999365737
1000,50.00306842491092,5.0,fibonacci,0.006142443870406463,0.9999999999986317
1000,51.56732244854966,5.0,fibonacci,0.006263534311965927,0.9999999999902415
1000,53.180511282142,5.0,fibonacci,0.006168945261197781,0.9999999999891384
1000,54.84416576121018,5.0,fibonacci,0.005867175463261266,0.9999999999623835
1000,56.55986461065005,5.0,fibonacci,0.005344551950044274,0.9999999999348781
1000,58.329235942862034,5.0,fibonacci,0.0050176099917840335,0.9999999999708208
1000,60.153958802748356,5.0,fibonacci,0.005041230404947199,0.9999999999302351
1000,62.035764761042714,5.0,fibonacci,0.005094568994170721,0.9999999999848328
1000,63.97643955748427,5.0,fibonacci,0.005143733965292521,0.9999999999613922
1000,65.97782479539536,5.0,fibonacci,0.005353440780766678,0.9999999999605487
1000,68.04181968927098,5.0,fibonacci,0.005638683545361542,0.9999999999334075
1000,70.17038286703826,5.0,fibonacci,0.0059813887509191435,0.9999999999503769
1000,72.36553422869653,5.0,fibonacci,0.006259106628149166,0.9999999999569001
1000,74.62935686310134,5.0,fibonacci,0.0058889687161193275,0.9999999999748072
1000,76.96399902471158,5.0,fibonacci,0.0051063979898356565,0.999999999954914
1000,79.37167617217551,5.0,fibonacci,0.00452639426395786,0.9999999999443959
1000,81.8546730706903,5.0,fibonacci,0.0041158232710929,0.999999999970629
1000,84.41534596012986,5.0,fibonacci,0.004302887225096851,0.9999999999762834
1000,87.05612479099865,5.0,fibonacci,0.004687894013797054,0.9999999999606595
1000,89.77951553033323,5.0,fibonacci,0.005351895376617965,0.9999999999008199
1000,92.58810253973955,5.0,fibonacci,0.0068023414136968935,0.9999999999447227
1000,95.48455102782293,5.0,fibonacci,0.008224331774748623,0.9999999998930671
1000,98.47160957933774,5.0,fibonacci,0.008187585708955366,0.9999999999314794
1000,101.5521127634568,5.0,fibonacci,0.006680690823605403,0.9999999999022888
1000,104.72898382363586,5.0,fibonacci,0.0048078259075260525,0.9999999999154492
1000,108.00523745162529,5.0,fibonacci,0.00497998775258969,0.9999999999371588
1000,111.38398264826195,5.0,fibonacci,0.004417576572764425,0.9999999999302346
1000,114.86842567375535,5.0,fibonacci,0.004237032655835362,0.9999999999275468
1000,118.46187309026836,5.0,fibonacci,0.005409732050570931,0.9999999999255095
1000,122.16773489967919,5.0,fibonacci,0.006615288808531874,0.9999999998834732
1000,125.98952777950272,5.0,fibonacci,0.006771964870560524,0.999999999941934
1000,129.93087842004158,5.0,fibonacci,0.005604646312959481,0.9999999999354083
1000,133.99552696593383,5.0,fibonacci,0.004647980562378294,0.9999999999027112
1000,138.18733056536323,5.0,fibonacci,0.004375954763349555,0.9999999999276199
1000,142.5102670302998,5.0,fibonacci,0.005485641521729136,0.9999999999200936
1000,146.9684386112446,5.0,fibonacci,0.005773735085134219,0.9999999998852445
1000,151.5660758900603,5.0,fibonacci,0.005094456569713288,0.9999999999194061
1000,156.30754179458157,5.0,fibonacci,0.004823395068206985,0.9999999999232837
1000,161.1973357388157,5.0,fibonacci,0.004768352324939514,0.999999999912959
1000,166.2400978926612,5.0,fibonacci,0.005714635270499152,0.9999999998929912
1000,171.440613585197,5.0,fibonacci,0.005164827776117393,0.9999999998631423
1000,176.8038178457207,5.0,fibonacci,0.004266830035405898,0.9999999998877056
1000,182.33480008684404,5.0,fibonacci,0.004982111000455816,0.9999999999040092
1000,188.03880893409146,5.0,fibonacci,0.0057081970848531045,0.9999999999061873
1000,193.9212572065829,5.0,fibonacci,0.0048918824183024285,0.9999999998404895
1000,199.9877270535285,5.0,fibonacci,0.0034357852967259015,0.9999999998972099
1000,206.24397525140904,5.0,fibonacci,0.003989560021623275,0.9999999998618198
1000,212.69593866686898,5.0,fibonacci,0.003998088726059022,0.9999999998719177
1000,219.3497398905058,5.0,fibonacci,0.0037221628263387567,0.9999999998771218
1000,226.2116930469024,5.0,fibonacci,0.003853972883979784,0.9999999998182606
1000,233.2883097864156,5.0,fibonacci,0.003716055263248783,0.9999999998265109
1000,240.58630546440645,5.0,fibonacci,0.004420517434547613,0.9999999998663613
1000,248.11260551377677,5.0,fibonacci,0.004252979520101135,0.9999999998650073
1000,255.87435201685892,5.0,fibonacci,0.004247402920987427,0.9999999997964317
1000,263.87891048289345,5.0,fibonacci,0.00471555640942676,0.9999999998080499
1000,272.13387683753086,5.0,fibonacci,0.003577994285893738,0.9999999998561008
1000,280.6470846309839,5.0,fibonacci,0.004748512982462188,0.9999999998321244
1000,289.4266124716752,5.0,fibonacci,0.004140828999522026,0.9999999998447474
1000,298.4807916924327,5.0,fibonacci,0.004574342640604885,0.9999999998023886
1000,307.81821425650804,5.0,fibonacci,0.005051541226938086,0.9999999998050406
1000,317.4477409109193,5.0,fibonacci,0.0038885372339008536,0.9999999997971848
1000,327.3785095948577,5.0,fibonacci,0.0043047768284367625,0.9999999997892071
1000,337.61994411113403,5.0,fibonacci,0.004063553204243841,0.9999999997699046
1000,348.18176306889666,5.0,fibonacci,0.004537132316908044,0.9999999997767652
1000,359.0739891061055,5.0,fibonacci,0.0046026166568271095,0.9999999997926007
1000,370.30695840051413,5.0,fibonacci,0.0050738647297896705,0.9999999997738425
1000,381.8913304781854,5.0,fibonacci,0.003889566226996928,0.999999999775474
1000,393.8380983288489,5.0,fibonacci,0.00537511146693062,0.9999999997690314
1000,406.158598837698,5.0,fibonacci,0.004509813492990724,0.9999999997602337
1000,418.86452354352707,5.0,fibonacci,0.0057101051593700285,0.999999999705689
1000,431.96792973341735,5.0,fibonacci,0.005963320348612031,0.9999999996706299
1000,445.4812518844989,5.0,fibonacci,0.004550482715320083,0.999999999705607
1000,459.41731346364764,5.0,fibonacci,0.004622337892159518,0.9999999997164557
1000,473.7893390963144,5.0,fibonacci,0.005614002191457535,0.9999999996814047
1000,488.6109671160326,5.0,fibonacci,0.0051187906765739494,0.9999999996489756
1000,503.89626250651503,5.0,fibonacci,0.0049655073579736985,0.9999999996543658
1000,519.6597302486197,5.0,fibonacci,0.004922860509536465,0.9999999996427321
1000,535.9163290848514,5.0,fibonacci,0.004946941836350535,0.9999999996264434
1000,552.6814857144603,5.0,fibonacci,0.004394551491753247,0.9999999995849259
1000,569.9711094326076,5.0,fibonacci,0.004079805702005161,0.999999999559393
1000,587.8016072274912,5.0,fibonacci,0.004153882982038612,0.9999999995253708
1000,606.1898993497572,5.0,fibonacci,0.004583058493111459,0.9999999995899833
1000,625.1534353689711,5.0,fibonacci,0.00410503391092845,0.9999999994968235
1000,644.7102107323869,5.0,fibonacci,0.004273750882124446,0.9999999995294807
1000,664.8787838417263,5.0,fibonacci,0.004278623561776933,0.9999999995061443
1000,685.6782936641738,5.0,fibonacci,0.003535787144516099,0.9999999995262838
1000,707.1284778942996,5.0,fibonacci,0.0038042364577756875,0.9999999994320391
1000,729.2496916841444,5.0,fibonacci,0.0037737239341040746,0.9999999993941766
1000,752.0629269592407,5.0,fibonacci,0.003912040202789881,0.9999999994266815
1000,775.5898323389001,5.0,fibonacci,0.003274621281830591,0.9999999994407931
1000,799.8527336796708,5.0,fibonacci,0.0038309420485329706,0.9999999993758352
1000,824.8746552614581,5.0,fibonacci,0.004602879303418774,0.9999999993387935
1000,850.6793416364153,5.0,fibonacci,0.004092455928842709,0.99999999932608
1000,877.2912801613356,5.0,fibonacci,0.003741116803057752,0.9999999993287567
1000,904.7357242349293,5.0,fibonacci,0.004028463983529603,0.9999999992638507
1000,933.038717262036,5.0,fibonacci,0.003913236509790849,0.9999999992557401
1000,962.2271173675134,5.0,fibonacci,0.003884632985685987,0.9999999992103754
1000,992.3286228832545,5.0,fibonacci,0.0035962966779327786,0.9999999991091622
1000,1023.3717986325192,5.0,fibonacci,0.004929326905055651,0.9999999990672324
1000,1055.386103036523,5.0,fibonacci,0.003877563694623895,0.9999999990451828
1000,1088.4019160690054,5.0,fibonacci,0.004512851103217232,0.9999999990955992
1000,1122.4505680853058,5.0,fibonacci,0.004283587448184289,0.9999999990572314
1000,1157.5643695533035,5.0,fibonacci,0.0037824689094931863,0.9999999989721944
1000,1193.7766417144358,5.0,fibonacci,0.0035376054966808944,0.9999999988732697
1000,1231.1217482038908,5.0,fibonacci,0.003733084862943693,0.9999999988595252
1000,1269.6351276599742,5.0,fibonacci,0.00383723646106544,0.999999998765713
1000,1309.353327353611,5.0,fibonacci,0.0037529656312846114,0.9999999987381728
1000,1350.3140378698736,5.0,fibonacci,0.0037980975215764416,0.9999999986614786
1000,1392.5561288744634,5.0,fibonacci,0.003760806741118638,0.9999999985843929
1000,1436.1196859990787,5.0,fibonacci,0.0035722864907261863,0.9999999985357
1000,1481.0460488806755,5.0,fibonacci,0.003426677639887629,0.9999999984212774
1000,1527.377850390714,5.0,fibonacci,0.003837900376073908,0.9999999983315911
1000,1575.1590570916228,5.0,fibonacci,0.0031902483173043865,0.9999999982120397
1000,1624.435010958867,5.0,fibonacci,0.0031157719322333893,0.9999999982026075
1000,1675.2524724082155,5.0,fibonacci,0.0035568462919272023,0.9999999979874881
1000,1727.6596646690364,5.0,fibonacci,0.004434245350149274,0.9999999979828915
1000,1781.7063195457306,5.0,fibonacci,0.0037660809535324928,0.9999999975397144
1000,1837.4437246107268,5.0,fibonacci,0.0030517184846438525,0.9999999975520748
1000,1894.9247718738216,5.0,fibonacci,0.003398410575951789,0.999999997376651
1000,1954.2040079740534,5.0,fibonacci,0.003535782971166338,0.9999999972425481
1000,2015.337685941733,5.0,fibonacci,0.003482872475826083,0.9999999969445309
1000,2078.383818579757,5.0,fibonacci,0.0032329927099099907,0.9999999966844173
1000,2143.4022335148566,5.0,fibonacci,0.003319558176519098,0.9999999962466846
1000,2210.4546299710214,5.0,fibonacci,0.0032480343433708234,0.9999999962204215
1000,2279.6046373189797,5.0,fibonacci,0.0031445521679014364,0.9999999958320476
1000,2350.9178754572868,5.0,fibonacci,0.003210367432860013,0.9999999955255737
1000,2424.462017082328,5.0,fibonacci,0.0029386494235602635,0.9999999953058623
1000,2500.306851906324,5.0,fibonacci,0.003626568079621925,0.9999999946993631
1000,2578.524352884274,5.0,fibonacci,0.003375393500856893,0.9999999946758128
1000,2659.1887445126936,5.0,fibonacci,0.0031584358915790933,0.9999999943372997
1000,2742.3765732649495,5.0,fibonacci,0.0027520778513422973,0.9999999937579198
1000,2828.166780230032,5.0,fibonacci,0.0026313120424557137,0.9999999932852988
1000,2916.640776023704,5.0,fibonacci,0.0035714666402707944,0.9999999926029683
1000,3007.882518043099,5.0,fibonacci,0.0030522525895818903,0.9999999924481666
1000,3101.978590138097,5.0,fibonacci,0.0030453395904303936,0.9999999920770317
1000,3199.018284775064,5.0,fibonacci,0.003046474062503961,0.9999999910837365
1000,3299.093687770939,5.0,fibonacci,0.002940124553389346,0.9999999908898098
1000,3402.2997656780676,5.0,fibonacci,0.0030225770012332425,0.9999999902871302
1000,3508.7344559027115,5.0,fibonacci,0.003208122469000483,0.9999999894860566
1000,3618.4987596427463,5.0,fibonacci,0.0025663112531790345,0.9999999889751526
1000,3731.6968377327516,5.0,fibonacci,0.002878739239362607,0.9999999882574464
1000,3848.436109487429,5.0,fibonacci,0.002911745661794814,0.9999999877300348
1000,3968.827354637162,5.0,fibonacci,0.0027556776427790633,0.9999999865246776
1000,4092.984818452438,5.0,fibonacci,0.0026177663097823717,0.999999985953488
1000,4221.026320156899,5.0,fibonacci,0.0026110900687490606,0.9999999849296184
1000,4353.0733647318875,5.0,fibonacci,0.0026685252100204448,0.99999998376117
1000,4489.251258218603,5.0,fibonacci,0.0025823691727356463,0.9999999823456274
1000,4629.689226627263,5.0,fibonacci,0.0025564186915587577,0.9999999810080301
1000,4774.520538566127,5.0,fibonacci,0.0025277680237664785,0.999999979607504
1000,4923.882631706737,5.0,fibonacci,0.002732711231462576,0.999999978114351
1000,5077.917243205398,5.0,fibonacci,0.002478382293554577,0.999999976533402
1000,5236.77054420465,5.0,fibonacci,0.002487334933018641,0.99999997523001
1000,5400.593278542368,5.0,fibonacci,0.0025531831362717566,0.999999973242587
1000,5569.5409058001305,5.0,fibonacci,0.0023798376589329886,0.9999999712800156
1000,5743.773748826581,5.0,fibonacci,0.002358523460127479,0.9999999686511645
1000,5923.4571458758055,5.0,fibonacci,0.0023743903996267224,0.9999999665277749
1000,6108.76160750504,5.0,fibonacci,0.002322139109316839,0.9999999654736188
1000,6299.862978380694,5.0,fibonacci,0.0025062059678503173,0.9999999627642339
1000,6496.942604146125,5.0,fibonacci,0.0023692269931249684,0.9999999603591683
1000,6700.18750350959,5.0,fibonacci,0.0024447261829812538,0.9999999573307485
1000,6909.790545715645,5.0,fibonacci,0.0023387817483997634,0.9999999554560907
1000,7125.950633568411,5.0,fibonacci,0.0021619277643525445,0.999999952366885
1000,7348.872892180388,5.0,fibonacci,0.0021329984148782013,0.9999999498358052
1000,7578.76886362593,5.0,fibonacci,0.0025050071170049128,0.9999999464636344
1000,7815.856707684091,5.0,fibonacci,0.002254914143418003,0.9999999443062957
1000,8060.361408861345,5.0,fibonacci,0.0022427476456779727,0.9999999410561131
1000,8312.514989890631,5.0,fibonacci,0.0023252942691172848,0.9999999373023367
1000,8572.556731909324,5.0,fibonacci,0.0022256404438953225,0.9999999326749774
1000,8840.733401525064,5.0,fibonacci,0.002236010462457682,0.9999999305142155
1000,9117.299484984922,5.0,fibonacci,0.0021303588987363706,0.9999999263499377
1000,9402.517429670132,5.0,fibonacci,0.002342687170966091,0.9999999225931305
1000,9696.65789314552,5.0,fibonacci,0.0021752751598717074,0.9999999184206203
1000,10000.0,5.0,fibonacci,0.0021562949141083775,0.9999999142564201
1000,0.0,5.0,tribonacci,0.0410088225794245,1.0
1000,1.0,5.0,tribonacci,0.04082131899732745,1.0000000000009714
1000,1.0312831606721848,5.0,tribonacci,0.04079875610448155,1.0000000000029499
1000,1.0635449574860112,5.0,tribonacci,0.04077362433521947,0.9999999999993363
1000,1.096816005273138,5.0,tribonacci,0.040745660005161985,0.9999999999992333
1000,1.1311278765939214,5.0,tribonacci,0.040714578044590284,1.0000000000134808
1000,1.1665131316981963,5.0,tribonacci,0.04068007141450545,1.000000000043486
1000,1.2030053494233244,5.0,tribonacci,0.040641810780402673,1.0000000000763378
1000,1.240639159058832,5.0,tribonacci,0.04059944451599807,1.0000000000883753
1000,1.2794502732078736,5.0,tribonacci,0.04055259911906895,1.0000000000576614
1000,1.3194755216767062,5.0,tribonacci,0.040500880131122775,0.9999999999824432
1000,1.3607528864243335,5.0,tribonacci,0.04044387366100263,0.9999999998970266
1000,1.403321537605485,5.0,tribonacci,0.040381148618656035,0.9999999998678015
1000,1.4472218707411348,5.0,tribonacci,0.04031225976758157,0.999999999939664
1000,1.4924955450518296,5.0,tribonacci,0.04023675170604556,0.9999999999986745
1000,1.5391855229902058,5.0,tribonacci,0.04015416410301767,1.0000000000015055
1000,1.587336111010209,5.0,tribonacci,0.04006403809879336,0.9999999999967574
1000,1.6369930016117025,5.0,tribonacci,0.03996592400689305,1.0000000000143534
1000,1.6882033167003634,5.0,tribonacci,0.03985939058633972,1.0000000000620954
1000,1.7410156523040161,5.0,tribonacci,0.03974403590670414,1.0000000000938658
1000,1.7954801246878311,5.0,tribonacci,0.03961949993166689,1.0000000000457632
1000,1.8516484179121548,5.0,tribonacci,0.0394854788792355,0.9999999999208221
1000,1.9095738328780973,5.0,tribonacci,0.039341741357228385,0.9999999998476965
1000,1.9693113379074225,5.0,tribonacci,0.03918814618262805,0.9999999999563057
1000,2.0309176209047357,5.0,tribonacci,0.03902466172255745,0.9999999999998305
1000,2.0944511431514696,5.0,tribonacci,0.03885138696320386,0.9999999999946936
1000,2.159972194782718,5.0,tribonacci,0.03866857338001633,1.0000000000171476
1000,2.2275429519995575,5.0,tribonacci,0.03847664748932717,1.0000000000718337
1000,2.2972275360711523,5.0,tribonacci,0.03827623336897654,1.0000000000554308
1000,2.369092074182633,5.0,tribonacci,0.0380681742035837,0.9999999999324404
1000,2.4432047621864883,5.0,tribonacci,0.03785355175356544,0.999999999892813
1000,2.519635929317015,5.0,tribonacci,0.03763370227711187,0.9999999999949172
1000,2.598458104929249,5.0,tribonacci,0.037410227005861225,0.9999999999935955
1000,2.6797460873256913,5.0,tribonacci,0.03718499503097988,1.0000000000167009
1000,2.763577014736159,5.0,tribonacci,0.03696013617773032,1.0000000000762514
1000,2.850030438518107,5.0,tribonacci,0.036738021290007784,1.0000000000031644
1000,2.9391883986468863,5.0,tribonacci,0.03652122697339263,0.9999999998904856
1000,3.0311355015675785,5.0,tribonacci,0.03631248367786601,0.9999999999912149
1000,3.1259590004822804,5.0,tribonacci,0.036114606975491306,0.9999999999917788
1000,3.2237488781490296,5.0,tribonacci,0.03593041199861185,1.0000000000373128
1000,3.3245979322709407,5.0,tribonacci,0.03576261905084718,1.0000000000829556
1000,3.428601863556586,5.0,tribonacci,0.03561375860091831,0.9999999998801167
1000,3.5358593665351785,5.0,tribonacci,0.035486090265655565,0.9999999999367479
1000,3.646472223212748,5.0,tribonacci,0.0353815594242712,0.9999999999911875
1000,3.760545399658171,5.0,tribonacci,0.035301810714585866,1.0000000000426625
1000,3.8781871456107226,5.0,tribonacci,0.03524828519057935,1.0000000000385838
1000,3.9995090972036653,5.0,tribonacci,0.035222417007535395,0.9999999998067579
1000,4.1246263829013525,5.0,tribonacci,0.035225930219098284,0.9999999999907933
1000,4.253657732750387,5.0,tribonacci,0.035261215145580206,1.0000000000153586
1000,4.386725591048498,5.0,tribonacci,0.03533172106484167,1.0000000000350073
1000,4.523956232538054,5.0,tribonacci,0.03544227433167149,0.9999999998438606
1000,4.6654798822344725,5.0,tribonacci,0.03559918877962499,0.9999999999870876
1000,4.811430839003259,5.0,tribonacci,0.03581002571850308,1.0000000000815024
1000,4.961947603002903,5.0,tribonacci,0.03608286746080284,0.9999999998881812
1000,5.117173007114605,5.0,tribonacci,0.036425025036585484,0.9999999999814
1000,5.277254352483538,5.0,tribonacci,0.03684118654025241,1.000000000016991
1000,5.442343548300267,5.0,tribonacci,0.037331127442511984,0.9999999999607293
1000,5.612597255954972,5.0,tribonacci,0.037887231357217166,0.9999999999798087
1000,5.788177037701274,5.0,tribonacci,0.03849218431505804,1.0000000000380371
1000,5.969249509970735,5.0,tribonacci,0.03911730707312859,0.9999999998757741
1000,6.155986501483509,5.0,tribonacci,0.03972207370649943,0.999999999980036
1000,6.348565216305219,5.0,tribonacci,0.04025541679427638,1.0000000000795721
1000,6.547168402004738,5.0,tribonacci,0.040659391742642215,0.9999999999667728
1000,6.751984523072503,5.0,tribonacci,0.04087554952051206,1.000000000082625
1000,6.963207939763885,5.0,tribonacci,0.040853838932331264,0.9999999997452359
1000,7.181039092537351,5.0,tribonacci,0.04056301370811149,0.9999999999942599
1000,7.405684692262437,5.0,tribonacci,0.04000053417322963,0.9999999998079327
1000,7.637357916378021,5.0,tribonacci,0.03919924510262465,0.9999999999700302
1000,7.876278611187057,5.0,tribonacci,0.03822803385325228,0.9999999999140256
1000,8.122673500479713,5.0,tribonacci,0.037184459405614136,0.9999999999702788
1000,8.376776400682918,5.0,tribonacci,0.036178982167182586,0.9999999999172977
1000,8.638828442740447,5.0,tribonacci,0.03531312271328976,1.0000000000069604
1000,8.909078300934137,5.0,tribonacci,0.0346577884116606,0.9999999999699362
1000,9.187782428863335,5.0,tribonacci,0.03424200854474879,1.000000000013326
1000,9.475205302806543,5.0,tribonacci,0.034062415200175535,0.9999999999648228
1000,9.771619672696177,5.0,tribonacci,0.03411466430109209,0.9999999997514973
1000,10.077306820944612,5.0,tribonacci,0.03442980752352095,1.000000000042195
1000,10.392556829367125,5.0,tribonacci,0.03508387513002112,0.9999999999614095
1000,10.71766885445503,5.0,tribonacci,0.036156489435177686,0.9999999998798531
1000,11.052951411260215,5.0,tribonacci,0.03764813202311713,0.9999999999943745
1000,11.39872266616052,5.0,tribonacci,0.03940161670427837,1.0000000000121918
1000,11.755310738783693,5.0,tribonacci,0.04108145346289092,0.9999999999607962
1000,12.123054013376523,5.0,tribonacci,0.04224345087095595,0.9999999999365395
1000,12.502301459914554,5.0,tribonacci,0.04249235461871336,0.9999999997762411
1000,12.89341296525715,5.0,tribonacci,0.04167633178485409,0.9999999999257244
1000,13.29675967466212,5.0,tribonacci,0.04001104273310134,1.0000000000572038
1000,13.712724343984002,5.0,tribonacci,0.03802326811661932,1.0000000000245122
1000,14.141701702890233,5.0,tribonacci,0.03630269090758291,1.0000000000029876
1000,14.584098829439856,5.0,tribonacci,0.03520932911763693,1.0000000000066445
1000,15.040335536380244,5.0,tribonacci,0.034790695131428725,1.0000000000336196
1000,15.510844769528397,5.0,tribonacci,0.0350251718699537,1.0000000000225737
1000,15.996073018614878,5.0,tribonacci,0.0360817114982916,0.9999999999575951
1000,16.496480740980207,5.0,tribonacci,0.03811886824048872,0.9999999998599379
1000,17.012542798525892,5.0,tribonacci,0.04072977978004943,0.9999999999087736
1000,17.544748908334597,5.0,tribonacci,0.04274720447019954,0.9999999999456854
1000,18.093604107387165,5.0,tribonacci,0.042869919694859086,1.0000000000267946
1000,18.65962923181746,5.0,tribonacci,0.04074344670207297,0.9999999998813067
1000,19.2433614111598,5.0,tribonacci,0.0374276594873496,0.9999999999420099
1000,19.845354578058032,5.0,tribonacci,0.034564076376775485,0.9999999999792939
1000,20.466179993919898,5.0,tribonacci,0.033058087798856176,0.9999999998235386
1000,21.106426791015547,5.0,tribonacci,0.03292297934586553,0.9999999999382
1000,21.76670253153459,5.0,tribonacci,0.03431537188989454,0.9999999998480802
1000,22.44763378413224,5.0,tribonacci,0.03736870224190725,0.9999999999419499
1000,23.14986671851161,5.0,tribonacci,0.04063827103495573,0.999999999830294
1000,23.87406771860647,5.0,tribonacci,0.04148739815941246,1.000000000016222
1000,24.620924014946254,5.0,tribonacci,0.03907926641648583,0.9999999999417296
1000,25.39114433680347,5.0,tribonacci,0.03568055456058977,0.9999999999313184
1000,26.185459584742325,5.0,tribonacci,0.033793074898007376,0.9999999998608632
1000,27.00462352420682,5.0,tribonacci,0.03403789741309326,0.999999999824184
1000,27.849413500806442,5.0,tribonacci,0.036732196688630134,0.9999999998521311
1000,28.72063117797828,5.0,tribonacci,0.04090191692912444,0.9999999998280634
1000,29.619103297725534,5.0,tribonacci,0.04275588870660092,0.9999999999112349
1000,30.545682465154318,5.0,tribonacci,0.04047748039119569,0.9999999999217792
1000,31.50124795755328,5.0,tribonacci,0.03697748194306972,0.9999999999538505
1000,32.486706558783744,5.0,tribonacci,0.03508418720580141,0.9999999998817781
1000,33.502993419772295,5.0,tribonacci,0.03564311994798605,0.9999999999204744
1000,34.55107294592218,5.0,tribonacci,0.03790118144817586,0.9999999999605834
1000,35.631939712285856,5.0,tribonacci,0.0389649922739085,0.9999999999192474
1000,36.7466194073669,5.0,tribonacci,0.03761777044603961,0.9999999998902825
1000,37.896169806447176,5.0,tribonacci,0.03561837207518493,0.9999999999319805
1000,39.08168177536266,5.0,tribonacci,0.03495792374879795,0.9999999999135493
1000,40.30428030568053,5.0,tribonacci,0.03660109959655167,0.9999999999105945
1000,41.5651255822599,5.0,tribonacci,0.039189458670651496,0.9999999998814063
1000,42.86541408420927,5.0,tribonacci,0.03973718204801209,0.9999999998975725
1000,44.20637972028532,5.0,tribonacci,0.03701140663617921,0.9999999999064145
1000,45.58929499981062,5.0,tribonacci,0.03558026084950842,0.9999999999430014
1000,47.01547224022132,5.0,tribonacci,0.03847893398031839,0.9999999998210616
1000,48.48626481239081,5.0,tribonacci,0.04138113533082637,0.9999999999081678
1000,50.00306842491092,5.0,tribonacci,0.03624100053975014,0.999999999808547
1000,51.56732244854966,5.0,tribonacci,0.033274772524727325,0.9999999999703474
1000,53.180511282142,5.0,tribonacci,0.03774153367876582,0.9999999998911692
1000,54.84416576121018,5.0,tribonacci,0.03970478784057732,0.9999999998928276
1000,56.55986461065005,5.0,tribonacci,0.03502885830406674,0.9999999998856336
1000,58.329235942862034,5.0,tribonacci,0.0374946287906318,0.9999999998858699
1000,60.153958802748356,5.0,tribonacci,0.04137678306875346,0.9999999998890511
1000,62.035764761042714,5.0,tribonacci,0.03628108801909788,0.9999999999312583
1000,63.97643955748427,5.0,tribonacci,0.03651165803700764,0.9999999998256461
1000,65.97782479539536,5.0,tribonacci,0.039786996493244034,0.9999999999354661
1000,68.04181968927098,5.0,tribonacci,0.034641378454135424,0.9999999998685886
1000,70.17038286703826,5.0,tribonacci,0.03586251789137486,0.9999999997465964
1000,72.36553422869653,5.0,tribonacci,0.04211318667627046,0.9999999997052564
1000,74.62935686310134,5.0,tribonacci,0.03453191940468153,0.9999999998560047
1000,76.96399902471158,5.0,tribonacci,0.0399628474269674,0.999999999920966
1000,79.37167617217551,5.0,tribonacci,0.03741686396888727,0.9999999998462535
1000,81.8546730706903,5.0,tribonacci,0.033825336755528866,0.9999999998146266
1000,84.41534596012986,5.0,tribonacci,0.039574558227189964,0.999999999817652
1000,87.05612479099865,5.0,tribonacci,0.034465817561194066,0.9999999998294431
1000,89.77951553033323,5.0,tribonacci,0.041199756491910614,0.9999999997041165
1000,92.58810253973955,5.0,tribonacci,0.0351515618553066,0.9999999998663177
1000,95.48455102782293,5.0,tribonacci,0.03837207869193652,0.9999999998505024
1000,98.47160957933774,5.0,tribonacci,0.035352914138618616,0.9999999997281812
1000,101.5521127634568,5.0,tribonacci,0.03738068834980372,0.9999999998325254
1000,104.72898382363586,5.0,tribonacci,0.03825287282371888,0.9999999998055892
1000,108.00523745162529,5.0,tribonacci,0.03806905582757003,0.9999999998002186
1000,111.38398264826195,5.0,tribonacci,0.033658269684758914,0.9999999997311947
1000,114.86842567375535,5.0,tribonacci,0.04093136680399683,0.9999999998190255
1000,118.46187309026836,5.0,tribonacci,0.03576858673793892,0.9999999997764392
1000,122.16773489967919,5.0,tribonacci,0.034199241119165245,0.9999999998625579
1000,125.98952777950272,5.0,tribonacci,0.0443015604860562,0.9999999999044805
1000,129.93087842004158,5.0,tribonacci,0.03577810927149616,0.9999999997965356
1000,133.99552696593383,5.0,tribonacci,0.04055235571924283,0.9999999995890425
1000,138.18733056536323,5.0,tribonacci,0.050991935001029984,0.9999999993956579
1000,142.5102670302998,5.0,tribonacci,0.03650483785502604,0.9999999990479292
1000,146.9684386112446,5.0,tribonacci,0.03054682769403595,0.9999999991212107
1000,151.5660758900603,5.0,tribonacci,0.026833959914838286,0.9999999993168542
1000,156.30754179458157,5.0,tribonacci,0.033375648970673265,0.9999999989429672
1000,161.1973357388157,5.0,tribonacci,0.034944668601157414,0.9999999988478621
1000,166.2400978926612,5.0,tribonacci,0.03920644861043291,0.9999999982830174
1000,171.440613585197,5.0,tribonacci,0.022177225575839763,0.9999999980507138
1000,176.8038178457207,5.0,tribonacci,0.034462907513766954,0.9999999979901781
1000,182.33480008684404,5.0,tribonacci,0.02642344951680638,0.9999999986546276
1000,188.03880893409146,5.0,tribonacci,0.02170451490630096,0.999999997759674
1000,193.9212572065829,5.0,tribonacci,0.023951970125007827,0.9999999974962368
1000,199.9877270535285,5.0,tribonacci,0.022989237563787814,0.9999999971691288
1000,206.24397525140904,5.0,tribonacci,0.023090633282895498,0.9999999970399579
1000,212.69593866686898,5.0,tribonacci,0.019631437497445267,0.9999999962935766
1000,219.3497398905058,5.0,tribonacci,0.018607429597885108,0.9999999974103566
1000,226.2116930469024,5.0,tribonacci,0.02636396673916577,0.9999999968307159
1000,233.2883097864156,5.0,tribonacci,0.019330213829433774,0.9999999958184019
1000,240.58630546440645,5.0,tribonacci,0.025785159393394753,0.9999999952668345
1000,248.11260551377677,5.0,tribonacci,0.02786952081330988,0.9999999950561971
1000,255.87435201685892,5.0,tribonacci,0.02473665914803841,0.9999999947121792
1000,263.87891048289345,5.0,tribonacci,0.030880377964426286,0.9999999943208903
1000,272.13387683753086,5.0,tribonacci,0.03679118250412853,0.9999999932923391
1000,280.6470846309839,5.0,tribonacci,0.02284665742807958,0.999999993677395
1000,289.4266124716752,5.0,tribonacci,0.03150878618971472,0.999999993205658
1000,298.4807916924327,5.0,tribonacci,0.03728209147162301,0.9999999910115317
1000,307.81821425650804,5.0,tribonacci,0.02741534934855749,0.9999999923222385
1000,317.4477409109193,5.0,tribonacci,0.027872978408604893,0.999999992479189
1000,327.3785095948577,5.0,tribonacci,0.033138648498486155,0.9999999919299969
1000,337.61994411113403,5.0,tribonacci,0.04507414312334667,0.9999999922694172
1000,348.18176306889666,5.0,tribonacci,0.02785595584954381,0.9999999914788897
1000,359.0739891061055,5.0,tribonacci,0.026374627461732147,0.9999999900154213
1000,370.30695840051413,5.0,tribonacci,0.027273833243773617,0.999999990572831
1000,381.8913304781854,5.0,tribonacci,0.02488401974058813,0.9999999897182233
1000,393.8380983288489,5.0,tribonacci,0.020648792339931218,0.9999999890085393
1000,406.158598837698,5.0,tribonacci,0.023300032539336494,0.9999999892954219
1000,418.86452354352707,5.0,tribonacci,0.018738133005016436,0.9999999888894642
1000,431.96792973341735,5.0,tribonacci,0.02196700806929542,0.999999985713717
1000,445.4812518844989,5.0,tribonacci,0.01866171186345435,0.9999999878470727
1000,459.41731346364764,5.0,tribonacci,0.022968491987667476,0.9999999870732558
1000,473.7893390963144,5.0,tribonacci,0.025379726172425628,0.9999999864537362
1000,488.6109671160326,5.0,tribonacci,0.028138921873381635,0.9999999855413853
1000,503.89626250651503,5.0,tribonacci,0.025268869843576305,0.9999999856480423
1000,519.6597302486197,5.0,tribonacci,0.030687057712417712,0.9999999848723724
1000,535.9163290848514,5.0,tribonacci,0.021693890195521582,0.9999999852477638
1000,552.6814857144603,5.0,tribonacci,0.020572266740100598,0.9999999840079592
1000,569.9711094326076,5.0,tribonacci,0.022753322350942264,0.9999999829030062
1000,587.8016072274912,5.0,tribonacci,0.020181788913197992,0.9999999824103252
1000,606.1898993497572,5.0,tribonacci,0.019074901715681405,0.9999999819644437
1000,625.1534353689711,5.0,tribonacci,0.01916212893962149,0.999999980809783
1000,644.7102107323869,5.0,tribonacci,0.031010462963138894,0.99999998040137
1000,664.8787838417263,5.0,tribonacci,0.026610507314908168,0.9999999802463196
1000,685.6782936641738,5.0,tribonacci,0.023245306380695097,0.999999979033882
1000,707.1284778942996,5.0,tribonacci,0.018409512480135573,0.9999999783750836
1000,729.2496916841444,5.0,tribonacci,0.017679213956711192,0.9999999776946255
1000,752.0629269592407,5.0,tribonacci,0.01703453652683604,0.9999999769677644
1000,775.5898323389001,5.0,tribonacci,0.01584084298636957,0.9999999762709095
1000,799.8527336796708,5.0,tribonacci,0.01671273218071417,0.9999999754575724
1000,824.8746552614581,5.0,tribonacci,0.015993621488763335,0.999999974111993
1000,850.6793416364153,5.0,tribonacci,0.016167456485048096,0.9999999743554994
1000,877.2912801613356,5.0,tribonacci,0.014928080950360653,0.9999999727244008
1000,904.7357242349293,5.0,tribonacci,0.015047598477006114,0.9999999725028835
1000,933.038717262036,5.0,tribonacci,0.017162984418791476,0.9999999719329983
1000,962.2271173675134,5.0,tribonacci,0.013125174898322621,0.9999999719295027
1000,992.3286228832545,5.0,tribonacci,0.013861425582356016,0.9999999705622942
1000,1023.3717986325192,5.0,tribonacci,0.012465685256128447,0.9999999700056417
1000,1055.386103036523,5.0,tribonacci,0.01227103156083246,0.9999999692451146
1000,1088.4019160690054,5.0,tribonacci,0.011401676258358653,0.9999999690896292
1000,1122.4505680853058,5.0,tribonacci,0.013343693654953321,0.9999999666162869
1000,1157.5643695533035,5.0,tribonacci,0.012597399017459815,0.9999999673663167
1000,1193.7766417144358,5.0,tribonacci,0.01054253557373862,0.9999999656874791
1000,1231.1217482038908,5.0,tribonacci,0.010396794849499994,0.9999999645607199
1000,1269.6351276599742,5.0,tribonacci,0.009711384624208091,0.9999999644500682
1000,1309.353327353611,5.0,tribonacci,0.010166973104995083,0.9999999631221538
1000,1350.3140378698736,5.0,tribonacci,0.009913298367563762,0.9999999631640912
1000,1392.5561288744634,5.0,tribonacci,0.009891466571507112,0.9999999626373155
1000,1436.1196859990787,5.0,tribonacci,0.010655953824783515,0.999999961497407
1000,1481.0460488806755,5.0,tribonacci,0.00852622590555938,0.9999999587851636
1000,1527.377850390714,5.0,tribonacci,0.010832487048164433,0.9999999597167126
1000,1575.1590570916228,5.0,tribonacci,0.007674867729107571,0.9999999582458303
1000,1624.435010958867,5.0,tribonacci,0.008504517389690944,0.9999999572868575
1000,1675.2524724082155,5.0,tribonacci,0.006975480431806395,0.9999999563665426
1000,1727.6596646690364,5.0,tribonacci,0.007803946739820208,0.9999999554243818
1000,1781.7063195457306,5.0,tribonacci,0.008273020650922126,0.9999999550061887
1000,1837.4437246107268,5.0,tribonacci,0.009602226145659778,0.9999999533652354
1000,1894.9247718738216,5.0,tribonacci,0.007142727569739255,0.9999999529475602
1000,1954.2040079740534,5.0,tribonacci,0.006980117406595843,0.9999999512871305
1000,2015.337685941733,5.0,tribonacci,0.007755998805808799,0.9999999499182411
1000,2078.383818579757,5.0,tribonacci,0.007093391601590292,0.9999999489319343
1000,2143.4022335148566,5.0,tribonacci,0.007228226562119201,0.9999999484979066
1000,2210.4546299710214,5.0,tribonacci,0.00727599648570371,0.9999999457000581
1000,2279.6046373189797,5.0,tribonacci,0.006791841352990351,0.9999999456063832
1000,2350.9178754572868,5.0,tribonacci,0.006649995750997966,0.9999999439845209
1000,2424.462017082328,5.0,tribonacci,0.006327670338340158,0.9999999425675579
1000,2500.306851906324,5.0,tribonacci,0.005514553112000691,0.9999999411960184
1000,2578.524352884274,5.0,tribonacci,0.00638882613194809,0.999999938718043
1000,2659.1887445126936,5.0,tribonacci,0.005188605392133273,0.9999999383725924
1000,2742.3765732649495,5.0,tribonacci,0.005915271129024813,0.9999999368849061
1000,2828.166780230032,5.0,tribonacci,0.004819833711617086,0.9999999352020361
1000,2916.640776023704,5.0,tribonacci,0.005399070938824996,0.9999999339115302
1000,3007.882518043099,5.0,tribonacci,0.005116752598338684,0.9999999318143041
1000,3101.978590138097,5.0,tribonacci,0.005281852619402898,0.9999999300665239
1000,3199.018284775064,5.0,tribonacci,0.004653448325106569,0.999999929111773
1000,3299.093687770939,5.0,tribonacci,0.004557933122340336,0.9999999264312928
1000,3402.2997656780676,5.0,tribonacci,0.00448451416447763,0.9999999259593849
1000,3508.7344559027115,5.0,tribonacci,0.004805223448718945,0.9999999232331276
1000,3618.4987596427463,5.0,tribonacci,0.004606982425055615,0.9999999220953187
1000,3731.6968377327516,5.0,tribonacci,0.0047362435081257015,0.9999999202935463
1000,3848.436109487429,5.0,tribonacci,0.00449526109189977,0.9999999175507978
1000,3968.827354637162,5.0,tribonacci,0.0043654437487537796,0.9999999170168128
1000,4092.984818452438,5.0,tribonacci,0.004303156603634105,0.9999999144175065
1000,4221.026320156899,5.0,tribonacci,0.0038959742226999175,0.9999999121851368
1000,4353.0733647318875,5.0,tribonacci,0.004070880329190599,0.9999999096622048
1000,4489.251258218603,5.0,tribonacci,0.003841582462207853,0.999999906895332
1000,4629.689226627263,5.0,tribonacci,0.0038344311849261674,0.9999999063316156
1000,4774.520538566127,5.0,tribonacci,0.0036924131048951454,0.9999999025017292
1000,4923.882631706737,5.0,tribonacci,0.0037257956138838596,0.9999999011985783
1000,5077.917243205398,5.0,tribonacci,0.003445872903069072,0.999999898341916
1000,5236.77054420465,5.0,tribonacci,0.003967892496902987,0.9999998970379672
1000,5400.593278542368,5.0,tribonacci,0.0037595166026192506,0.9999998941678555
1000,5569.5409058001305,5.0,tribonacci,0.003481367198626922,0.9999998917120376
1000,5743.773748826581,5.0,tribonacci,0.0032596528120085824,0.9999998890615632
1000,5923.4571458758055,5.0,tribonacci,0.0035276909505645424,0.9999998862976338
1000,6108.76160750504,5.0,tribonacci,0.003456743113109597,0.9999998834376762
1000,6299.862978380694,5.0,tribonacci,0.0033806252195192643,0.9999998815853586
1000,6496.942604146125,5.0,tribonacci,0.0032149320720315268,0.9999998772099241
1000,6700.18750350959,5.0,tribonacci,0.00354469622013062,0.9999998755342261
1000,6909.790545715645,5.0,tribonacci,0.0035490334287534182,0.9999998723309247
1000,7125.950633568411,5.0,tribonacci,0.003200444685499033,0.9999998689150319
1000,7348.872892180388,5.0,tribonacci,0.003175237730264186,0.9999998657533955
1000,7578.76886362593,5.0,tribonacci,0.0033104697825113963,0.9999998628316555
1000,7815.856707684091,5.0,tribonacci,0.0035428457880061744,0.9999998591876725
1000,8060.361408861345,5.0,tribonacci,0.003084318161562375,0.9999998553480951
1000,8312.514989890631,5.0,tribonacci,0.003319763822104979,0.9999998509080087
1000,8572.556731909324,5.0,tribonacci,0.003299485505209514,0.9999998477716304
1000,8840.733401525064,5.0,tribonacci,0.003547638057915125,0.9999998437693587
1000,9117.299484984922,5.0,tribonacci,0.0030314825444033126,0.9999998388576375
1000,9402.517429670132,5.0,tribonacci,0.003037873521356907,0.9999998355596166
1000,9696.65789314552,5.0,tribonacci,0.0029616517297882928,0.9999998315504882
1000,10000.0,5.0,tribonacci,0.0030890352645733723,0.9999998267941824
2000,0.0,0.5,fibonacci,0.00940313707633849,1.0
2000,1.0,0.5,fibonacci,0.00940295623900584,1.0000000000000235
2000,1.0312831606721848,0.5,fibonacci,0.009402938613055013,1.0000000000001512
2000,1.0635449574860112,0.5,fibonacci,0.009402919191779355,1.0000000000003506
2000,1.096816005273138,0.5,fibonacci,0.009402897796258183,1.0000000000005926
2000,1.1311278765939214,0.5,fibonacci,0.009402874231861527,1.0000000000008227
2000,1.1665131316981963,0.5,fibonacci,0.009402848287368426,1.0000000000009672
2000,1.2030053494233244,0.5,fibonacci,0.009402819734145418,1.0000000000009492
2000,1.240639159058832,0.5,fibonacci,0.009402788325414682,1.0000000000007119
2000,1.2794502732078736,0.5,fibonacci,0.009402753795646148,1.0000000000002467
2000,1.3194755216767062,0.5,fibonacci,0.009402715860112085,0.9999999999996196
2000,1.3607528864243335,0.5,fibonacci,0.00940267421464659,0.9999999999989854
2000,1.403321537605485,0.5,fibonacci,0.009402628535655036,0.9999999999985701
2000,1.4472218707411348,0.5,fibonacci,0.009402578480418573,0.9999999999986017
2000,1.4924955450518296,0.5,fibonacci,0.009402523687735864,0.9999999999991516
2000,1.5391855229902058,0.5,fibonacci,0.009402463778935562,0.9999999999998608
2000,1.587336111010209,0.5,fibonacci,0.009402398359511926,0.9999999999999847
2000,1.6369930016117025,0.5,fibonacci,0.009402327022292873,1.0000000000000013
2000,1.6882033167003634,0.5,fibonacci,0.009402249349607454,0.999999999999951
2000,1.7410156523040161,0.5,fibonacci,0.009402164917142422,0.999999999999975
2000,1.7954801246878311,0.5,fibonacci,0.00940207329855829,1.000000000000204
2000,1.8516484179121548,0.5,fibonacci,0.009401974070935038,1.0000000000006029
2000,1.9095738328780973,0.5,fibonacci,0.009401866821139235,1.0000000000009346
2000,1.9693113379074225,0.5,fibonacci,0.009401751153136276,1.0000000000008722
2000,2.0309176209047357,0.5,fibonacci,0.009401626696242721,1.0000000000002305
2000,2.0944511431514696,0.5,fibonacci,0.00940149311427601,0.9999999999992161
2000,2.159972194782718,0.5,fibonacci,0.009401350115508907,0.9999999999985069
2000,2.2275429519995575,0.5,fibonacci,0.009401197463271851,0.9999999999988584
2000,2.2972275360711523,0.5,fibonacci,0.009401034986961817,0.9999999999998883
2000,2.369092074182633,0.5,fibonacci,0.009400862593186973,0.999999999999989
2000,2.4432047621864883,0.5,fibonacci,0.00940068027711607,0.9999999999999257
2000,2.519635929317015,0.5,fibonacci,0.009400488132627031,1.000000000000033
2000,2.598458104929249,0.5,fibonacci,0.009400286362079882,1.000000000000586
2000,2.6797460873256913,0.5,fibonacci,0.009400075284737859,1.0000000000010847
2000,2.763577014736159,0.5,fibonacci,0.009399855342771017,1.000000000000645
2000,2.850030438518107,0.5,fibonacci,0.009399627104471025,0.999999999999189
2000,2.9391883986468863,0.5,fibonacci,0.009399391264640266,0.9999999999982473
2000,3.0311355015675785,0.5,fibonacci,0.009399148642651551,0.9999999999994046
2000,3.1259590004822804,0.5,fibonacci,0.00939890017853071,0.9999999999999551
2000,3.2237488781490296,0.5,fibonacci,0.009398646919852012,0.9999999999998893
2000,3.3245979322709407,0.5,fibonacci,0.009398390008395202,1.0000000000002385
2000,3.428601863556586,0.5,fibonacci,0.009398130663249533,1.0000000000009592
2000,3.5358593665351785,0.5,fibonacci,0.009397870158613182,1.0000000000004488
2000,3.646472223212748,0.5,fibonacci,0.009397609794317493,0.9999999999986617
2000,3.760545399658171,0.5,fibonacci,0.009397350860066326,0.9999999999988579
2000,3.8781871456107226,0.5,fibonacci,0.009397094596667033,0.9999999999999227
2000,3.9995090972036653,0.5,fibonacci,0.009396842137786725,0.9999999999998683
2000,4.1246263829013525,0.5,fibonacci,0.009396594431032022,1.0000000000005163
2000,4.253657732750387,0.5,fibonacci,0.009396352138652005,1.0000000000008231
2000,4.386725591048498,0.5,fibonacci,0.009396115495130043,0.999999999998915
2000,4.523956232538054,0.5,fibonacci,0.009395884111154088,0.9999999999989428
2000,4.6654798822344725,0.5,fibonacci,0.009395656719404627,0.9999999999999138
2000,4.811430839003259,0.5,fibonacci,0.009395430834948251,0.9999999999999979
2000,4.961947603002903,0.5,fibonacci,0.009395202325669103,1.0000000000011007
2000,5.117173007114605,0.5,fibonacci,0.009394964896248836,0.9999999999994637
2000,5.277254352483538,0.5,fibonacci,0.009394709491429754,0.9999999999984314
2000,5.442343548300267,0.5,fibonacci,0.009394423655462687,0.9999999999998788
2000,5.612597255954972,0.5,fibonacci,0.009394090907410621,1.0000000000001468
2000,5.788177037701274,0.5,fibonacci,0.009393690222709335,1.000000000000918
2000,5.969249509970735,0.5,fibonacci,0.009393195745231325,0.9999999999981654
2000,6.155986501483509,0.5,fibonacci,0.009392576889554227,0.9999999999998112
2000,6.348565216305219,0.5,fibonacci,0.009391798973099302,0.9999999999999087
2000,6.547168402004738,0.5,fibonacci,0.009390824565678746,1.000000000000808
2000,6.751984523072503,0.5,fibonacci,0.00938961562583671,0.9999999999981974
2000,6.963207939763885,0.5,fibonacci,0.009388136472221415,0.9999999999998264
2000,7.181039092537351,0.5,fibonacci,0.009386357427818598,1.0000000000004206
2000,7.405684692262437,0.5,fibonacci,0.009384258903912477,0.9999999999996264
2000,7.637357916378021,0.5,fibonacci,0.009381835423648182,0.9999999999994833
2000,7.876278611187057,0.5,fibonacci,0.00937909900012251,0.9999999999998391
2000,8.122673500479713,0.5,fibonacci,0.009376081205722224,1.0000000000004488
2000,8.376776400682918,0.5,fibonacci,0.009372833332094398,0.9999999999989457
2000,8.638828442740447,0.5,fibonacci,0.00936942425282014,0.9999999999997867
2000,8.909078300934137,0.5,fibonacci,0.009365935937874156,1.0000000000002438
2000,9.187782428863335,0.5,fibonacci,0.009362456942378508,0.9999999999995449
2000,9.475205302806543,0.5,fibonacci,0.009359074452370475,1.0000000000001799
2000,9.771619672696177,0.5,fibonacci,0.00935586550147649,0.9999999999985294
2000,10.077306820944612,0.5,fibonacci,0.009352887650080015,0.9999999999996817
2000,10.392556829367125,0.5,fibonacci,0.00935016904910104,1.0000000000007265
2000,10.71766885445503,0.5,fibonacci,0.009347697646501313,0.9999999999993645
2000,11.052951411260215,0.5,fibonacci,0.009345410218310236,1.0000000000005358
2000,11.39872266616052,0.5,fibonacci,0.009343184104227627,0.9999999999975021
2000,11.755310738783693,0.5,fibonacci,0.009340837563094239,0.999999999999735
2000,12.123054013376523,0.5,fibonacci,0.00933814678248544,0.999999999997988
2000,12.502301459914554,0.5,fibonacci,0.009334885814810963,0.999999999999556
2000,12.89341296525715,0.5,fibonacci,0.009330888069988694,0.9999999999982342
2000,13.29675967466212,0.5,fibonacci,0.009326115599913415,0.9999999999996305
2000,13.712724343984002,0.5,fibonacci,0.009320710921532563,0.9999999999974618
2000,14.141701702890233,0.5,fibonacci,0.009315004481405787,1.0000000000000693
2000,14.584098829439856,0.5,fibonacci,0.00930946383937723,0.9999999999981453
2000,15.040335536380244,0.5,fibonacci,0.009304594078782483,1.0000000000007925
2000,15.510844769528397,0.5,fibonacci,0.009300817529471402,0.9999999999994684
2000,15.996073018614878,0.5,fibonacci,0.009298360827446471,0.9999999999983472
2000,16.496480740980207,0.5,fibonacci,0.009297162216983713,1.0000000000000122
2000,17.012542798525892,0.5,fibonacci,0.009296808940640857,0.9999999999993525
2000,17.544748908334597,0.5,fibonacci,0.009296548157795565,0.9999999999987412
2000,18.093604107387165,0.5,fibonacci,0.00929545648984762,1.000000000000001
2000,18.65962923181746,0.5,fibonacci,0.00929281300606983,0.999999999999303
2000,19.2433614111598,0.5,fibonacci,0.00928854886232963,0.9999999999978427
2000,19.845354578058032,0.5,fibonacci,0.009283471575516363,1.0000000000000617
2000,20.466179993919898,0.5,fibonacci,0.00927902380225112,1.0000000000000497
2000,21.106426791015547,0.5,fibonacci,0.009276655018706389,0.9999999999991217
2000,21.76670253153459,0.5,fibonacci,0.009277116182439357,0.9999999999991885
2000,22.44763378413224,0.5,fibonacci,0.00927991370934796,0.9999999999979751
2000,23.14986671851161,0.5,fibonacci,0.009283137479767549,0.9999999999966505
2000,23.87406771860647,0.5,fibonacci,0.009284135648873072,0.9999999999977974
2000,24.620924014946254,0.5,fibonacci,0.009281236009746879,0.9999999999980458
2000,25.39114433680347,0.5,fibonacci,0.009275387581701997,0.9999999999983388
2000,26.185459584742325,0.5,fibonacci,0.0092699156860751,0.9999999999985167
2000,27.00462352420682,0.5,fibonacci,0.00926818820426262,0.999999999997699
2000,27.849413500806442,0.5,fibonacci,0.00927088566324479,0.9999999999964089
2000,28.72063117797828,0.5,fibonacci,0.009274645958992968,0.9999999999972343
2000,29.619103297725534,0.5,fibonacci,0.009273763858641924,0.9999999999987763
2000,30.545682465154318,0.5,fibonacci,0.00926536693995811,0.9999999999987862
2000,31.50124795755328,0.5,fibonacci,0.00925341990003772,1.0000000000001605
2000,32.486706558783744,0.5,fibonacci,0.009245578532376444,0.9999999999974183
2000,33.502993419772295,0.5,fibonacci,0.009244933041785749,0.9999999999986008
2000,34.55107294592218,0.5,fibonacci,0.009244758829636891,0.9999999999990841
2000,35.631939712285856,0.5,fibonacci,0.009233485968223374,0.9999999999971834
2000,36.7466194073669,0.5,fibonacci,0.009209226284575472,0.9999999999983963
2000,37.896169806447176,0.5,fibonacci,0.00918443518213822,0.9999999999990747
2000,39.08168177536266,0.5,fibonacci,0.009168465637917381,0.9999999999983336
2000,40.30428030568053,0.5,fibonacci,0.00915049696500426,0.9999999999986003
2000,41.5651255822599,0.5,fibonacci,0.009110447495676417,0.999999999998163
2000,42.86541408420927,0.5,fibonacci,0.009051845569929277,0.9999999999950729
2000,44.20637972028532,0.5,fibonacci,0.00899932471097916,0.999999999999221
2000,45.58929499981062,0.5,fibonacci,0.008955382658825046,0.9999999999979445
2000,47.01547224022132,0.5,fibonacci,0.008892942956545745,0.9999999999978623
2000,48.48626481239081,0.5,fibonacci,0.00881123953352357,0.9999999999946072
2000,50.00306842491092,0.5,fibonacci,0.008748709504059374,0.9999999999956368
2000,51.56732244854966,0.5,fibonacci,0.008708831387717787,0.9999999999965543
2000,53.180511282142,0.5,fibonacci,0.008655974595637115,0.9999999999955369
2000,54.84416576121018,0.5,fibonacci,0.008605701682556127,0.9999999999950334
2000,56.55986461065005,0.5,fibonacci,0.008594730519888603,0.9999999999959182
2000,58.329235942862034,0.5,fibonacci,0.008587060107194658,0.9999999999970733
2000,60.153958802748356,0.5,fibonacci,0.008559062268709667,0.9999999999982786
2000,62.035764761042714,0.5,fibonacci,0.008554280223913083,0.9999999999935353
2000,63.97643955748427,0.5,fibonacci,0.00853742156480427,0.9999999999966999
2000,65.97782479539536,0.5,fibonacci,0.008468270836026286,0.9999999999958813
2000,68.04181968927098,0.5,fibonacci,0.008403845891105884,0.9999999999965703
2000,70.17038286703826,0.5,fibonacci,0.008303731234889493,0.999999999995353
2000,72.36553422869653,0.5,fibonacci,0.008180454422330594,0.99999999999633
2000,74.62935686310134,0.5,fibonacci,0.008086099325648211,0.9999999999972582
2000,76.96399902471158,0.5,fibonacci,0.007974169865840522,0.999999999996186
2000,79.37167617217551,0.5,fibonacci,0.007908108470843236,0.9999999999959406
2000,81.8546730706903,0.5,fibonacci,0.007843303049503593,0.9999999999968434
2000,84.41534596012986,0.5,fibonacci,0.007804521907889996,0.9999999999977696
2000,87.05612479099865,0.5,fibonacci,0.007774500806291855,0.9999999999926106
2000,89.77951553033323,0.5,fibonacci,0.007749046442523155,0.9999999999949267
2000,92.58810253973955,0.5,fibonacci,0.007738087605724801,0.9999999999933342
2000,95.48455102782293,0.5,fibonacci,0.0077208947170163385,0.9999999999952708
2000,98.47160957933774,0.5,fibonacci,0.0076981223959946025,0.9999999999944427
2000,101.5521127634568,0.5,fibonacci,0.007645212855382988,0.9999999999905126
2000,104.72898382363586,0.5,fibonacci,0.007541328390699892,0.9999999999902367
2000,108.00523745162529,0.5,fibonacci,0.0074408156378360036,0.9999999999907688
2000,111.38398264826195,0.5,fibonacci,0.007335690607300871,0.9999999999934953
2000,114.86842567375535,0.5,fibonacci,0.007340861626363176,0.9999999999948772
2000,118.46187309026836,0.5,fibonacci,0.0073994886070114976,0.9999999999927156
2000,122.16773489967919,0.5,fibonacci,0.007489133320621274,0.9999999999926912
2000,125.98952777950272,0.5,fibonacci,0.007540820783592469,0.9999999999939347
2000,129.93087842004158,0.5,fibonacci,0.0074619559764491725,0.9999999999946684
2000,133.99552696593383,0.5,fibonacci,0.007324443552779342,0.9999999999923941
2000,138.18733056536323,0.5,fibonacci,0.0072596749059108115,0.9999999999907986
2000,142.5102670302998,0.5,fibonacci,0.007297586169866724,0.9999999999926117
2000,146.9684386112446,0.5,fibonacci,0.007374910943908756,0.9999999999912081
2000,151.5660758900603,0.5,fibonacci,0.007441853954504599,0.9999999999910519
2000,156.30754179458157,0.5,fibonacci,0.007495671131063298,0.9999999999906695
2000,161.1973357388157,0.5,fibonacci,0.007497078767102862,0.999999999991974
2000,166.2400978926612,0.5,fibonacci,0.007396294399135263,0.9999999999874735
2000,171.440613585197,0.5,fibonacci,0.007296968036188743,0.9999999999914392
2000,176.8038178457207,0.5,fibonacci,0.007383558667833792,0.9999999999906659
2000,182.33480008684404,0.5,fibonacci,0.0076026802660806286,0.9999999999901982
2000,188.03880893409146,0.5,fibonacci,0.007601528924081668,0.9999999999876623
2000,193.9212572065829,0.5,fibonacci,0.0073416339201023565,0.9999999999899983
2000,199.9877270535285,0.5,fibonacci,0.007205371903606999,0.9999999999880701
2000,206.24397525140904,0.5,fibonacci,0.007247844254411746,0.9999999999880927
2000,212.69593866686898,0.5,fibonacci,0.0072660190560259975,0.9999999999871844
2000,219.3497398905058,0.5,fibonacci,0.007187674197001365,0.9999999999872891
2000,226.2116930469024,0.5,fibonacci,0.0069152368251852135,0.9999999999864587
2000,233.2883097864156,0.5,fibonacci,0.006650694916604067,0.9999999999874828
2000,240.58630546440645,0.5,fibonacci,0.0067204408752746395,0.999999999982842
2000,248.11260551377677,0.5,fibonacci,0.0066534010529934046,0.9999999999864855
2000,255.87435201685892,0.5,fibonacci,0.006206697547684955,0.9999999999855563
2000,263.87891048289345,0.5,fibonacci,0.005997921087389762,0.9999999999833268
2000,272.13387683753086,0.5,fibonacci,0.005957118470925907,0.9999999999846109
2000,280.6470846309839,0.5,fibonacci,0.005711559133553564,0.9999999999843229
2000,289.4266124716752,0.5,fibonacci,0.005288514280987933,0.999999999980328
2000,298.4807916924327,0.5,fibonacci,0.005140766970257529,0.9999999999833489
2000,307.81821425650804,0.5,fibonacci,0.005060227630341976,0.9999999999811168
2000,317.4477409109193,0.5,fibonacci,0.004792777661587656,0.9999999999806153
2000,327.3785095948577,0.5,fibonacci,0.004816039302134132,0.9999999999798644
2000,337.61994411113403,0.5,fibonacci,0.00481922738080697,0.9999999999805254
2000,348.18176306889666,0.5,fibonacci,0.00481471771996637,0.9999999999785224
2000,359.0739891061055,0.5,fibonacci,0.004877173643462521,0.9999999999794735
2000,370.30695840051413,0.5,fibonacci,0.004922722565636761,0.999999999977398
2000,381.8913304781854,0.5,fibonacci,0.004991879444810866,0.9999999999776218
2000,393.8380983288489,0.5,fibonacci,0.005084348491511835,0.9999999999774459
2000,406.158598837698,0.5,fibonacci,0.005182213307345306,0.9999999999722491
2000,418.86452354352707,0.5,fibonacci,0.0052455493641502095,0.9999999999743181
2000,431.96792973341735,0.5,fibonacci,0.005148892159645904,0.9999999999735878
2000,445.4812518844989,0.5,fibonacci,0.00501892648863983,0.9999999999715703
2000,459.41731346364764,0.5,fibonacci,0.004777906767826564,0.9999999999735307
2000,473.7893390963144,0.5,fibonacci,0.004492288823955555,0.9999999999725202
2000,488.6109671160326,0.5,fibonacci,0.0043768633797085,0.9999999999700432
2000,503.89626250651503,0.5,fibonacci,0.004293903834342812,0.9999999999690621
2000,519.6597302486197,0.5,fibonacci,0.004439884305636352,0.9999999999680683
2000,535.9163290848514,0.5,fibonacci,0.004567875023661613,0.9999999999691994
2000,552.6814857144603,0.5,fibonacci,0.004930612451599752,0.999999999962199
2000,569.9711094326076,0.5,fibonacci,0.005294999201356745,0.9999999999617525
2000,587.8016072274912,0.5,fibonacci,0.005471300606750823,0.9999999999653407
2000,606.1898993497572,0.5,fibonacci,0.005885485344624651,0.9999999999584402
2000,625.1534353689711,0.5,fibonacci,0.005853260571922323,0.999999999959473
2000,644.7102107323869,0.5,fibonacci,0.006069938852361845,0.9999999999575481
2000,664.8787838417263,0.5,fibonacci,0.006357934423470084,0.9999999999605965
2000,685.6782936641738,0.5,fibonacci,0.0061456779846586875,0.9999999999524077
2000,707.1284778942996,0.5,fibonacci,0.005920001445693787,0.9999999999551413
2000,729.2496916841444,0.5,fibonacci,0.006079859569356413,0.9999999999546502
2000,752.0629269592407,0.5,fibonacci,0.006450706960498291,0.9999999999516879
2000,775.5898323389001,0.5,fibonacci,0.006975822048218279,0.9999999999513575
2000,799.8527336796708,0.5,fibonacci,0.008050482878409563,0.9999999999456254
2000,824.8746552614581,0.5,fibonacci,0.00874420173797265,0.9999999999464081
2000,850.6793416364153,0.5,fibonacci,0.007510181505677452,0.9999999999420486
2000,877.2912801613356,0.5,fibonacci,0.006549114622004974,0.9999999999436187
2000,904.7357242349293,0.5,fibonacci,0.0065563673544675955,0.9999999999431989
2000,933.038717262036,0.5,fibonacci,0.007013835422740284,0.9999999999408161
2000,962.2271173675134,0.5,fibonacci,0.00852255642615539,0.9999999999351774
2000,992.3286228832545,0.5,fibonacci,0.008272794451164727,0.9999999999321572
2000,1023.3717986325192,0.5,fibonacci,0.00756699426175206,0.9999999999238365
2000,1055.386103036523,0.5,fibonacci,0.006493306223084742,0.9999999999216551
2000,1088.4019160690054,0.5,fibonacci,0.005760489349728296,0.9999999999251623
2000,1122.4505680853058,0.5,fibonacci,0.0054473814728540565,0.9999999999198916
2000,1157.5643695533035,0.5,fibonacci,0.005250798088082366,0.9999999999144439
2000,1193.7766417144358,0.5,fibonacci,0.005680584549291406,0.9999999999096377
2000,1231.1217482038908,0.5,fibonacci,0.005805310057573507,0.9999999999107358
2000,1269.6351276599742,0.5,fibonacci,0.0050712124531503665,0.9999999999080835
2000,1309.353327353611,0.5,fibonacci,0.0045958988080306296,0.9999999999020586
2000,1350.3140378698736,0.5,fibonacci,0.005285600511791866,0.9999999998929311
2000,1392.5561288744634,0.5,fibonacci,0.005548008718620479,0.9999999998939383
2000,1436.1196859990787,0.5,fibonacci,0.005699533659930909,0.999999999891175
2000,1481.0460488806755,0.5,fibonacci,0.0058447566787874225,0.999999999882801
2000,1527.377850390714,0.5,fibonacci,0.006004421585864787,0.9999999998797796
2000,1575.1590570916228,0.5,fibonacci,0.006285740476599201,0.9999999998723693
2000,1624.435010958867,0.5,fibonacci,0.006882847165646185,0.9999999998712223
2000,1675.2524724082155,0.5,fibonacci,0.006064561218223449,0.9999999998624747
2000,1727.6596646690364,0.5,fibonacci,0.006850525188552803,0.9999999998603497
2000,1781.7063195457306,0.5,fibonacci,0.007461825492373557,0.9999999998542443
2000,1837.4437246107268,0.5,fibonacci,0.006082200242168584,0.999999999850928
2000,1894.9247718738216,0.5,fibonacci,0.006378683220890939,0.9999999998467026
2000,1954.2040079740534,0.5,fibonacci,0.0064187846050313725,0.9999999998342076
2000,2015.337685941733,0.5,fibonacci,0.005874569804769858,0.9999999998305318
2000,2078.383818579757,0.5,fibonacci,0.004679809163095684,0.999999999822956
2000,2143.4022335148566,0.5,fibonacci,0.004634536609562008,0.9999999998182879
2000,2210.4546299710214,0.5,fibonacci,0.004238823610308497,0.9999999998020378
2000,2279.6046373189797,0.5,fibonacci,0.004659096328317977,0.9999999998005045
2000,2350.9178754572868,0.5,fibonacci,0.0044728242973274554,0.9999999997969307
2000,2424.462017082328,0.5,fibonacci,0.005771583317431765,0.9999999997849369
2000,2500.306851906324,0.5,fibonacci,0.0044378985894318905,0.9999999997774351
2000,2578.524352884274,0.5,fibonacci,0.005885646242864905,0.9999999997694489
2000,2659.1887445126936,0.5,fibonacci,0.004376864906637804,0.9999999997613286
2000,2742.3765732649495,0.5,fibonacci,0.004989542072559624,0.9999999997532127
2000,2828.166780230032,0.5,fibonacci,0.004114142472461943,0.9999999997387718
2000,2916.640776023704,0.5,fibonacci,0.004664533079138367,0.9999999997351205
2000,3007.882518043099,0.5,fibonacci,0.0038734751010734785,0.9999999997278907
2000,3101.978590138097,0.5,fibonacci,0.005429383562630964,0.9999999997164681
2000,3199.018284775064,0.5,fibonacci,0.004735934311294896,0.999999999706516
2000,3299.093687770939,0.5,fibonacci,0.004551731139533619,0.9999999996968806
2000,3402.2997656780676,0.5,fibonacci,0.004011732384247447,0.999999999682911
2000,3508.7344559027115,0.5,fibonacci,0.004705020638597139,0.9999999996772714
2000,3618.4987596427463,0.5,fibonacci,0.004871960051698518,0.9999999996668406
2000,3731.6968377327516,0.5,fibonacci,0.00565257640056698,0.9999999996533504
2000,3848.436109487429,0.5,fibonacci,0.0055474663213755,0.9999999996499664
2000,3968.827354637162,0.5,fibonacci,0.005169516452704529,0.9999999996347797
2000,4092.984818452438,0.5,fibonacci,0.004020329387494465,0.9999999996237886
2000,4221.026320156899,0.5,fibonacci,0.005194308697551498,0.9999999996133659
2000,4353.0733647318875,0.5,fibonacci,0.004840433873252527,0.9999999995983782
2000,4489.251258218603,0.5,fibonacci,0.004087861700061549,0.9999999995864702
2000,4629.689226627263,0.5,fibonacci,0.0036745617763992108,0.9999999995729696
2000,4774.520538566127,0.5,fibonacci,0.004725454888888528,0.9999999995536237
2000,4923.882631706737,0.5,fibonacci,0.005856415741072694,0.9999999995418034
2000,5077.917243205398,0.5,fibonacci,0.00462872240935337,0.9999999995255436
2000,5236.77054420465,0.5,fibonacci,0.004118067503174313,0.9999999995057045
2000,5400.593278542368,0.5,fibonacci,0.00588562993784241,0.999999999494811
2000,5569.5409058001305,0.5,fibonacci,0.004516892044764666,0.9999999994774111
2000,5743.773748826581,0.5,fibonacci,0.003934330699828892,0.9999999994632228
2000,5923.4571458758055,0.5,fibonacci,0.00480677840495576,0.9999999994385894
2000,6108.76160750504,0.5,fibonacci,0.005504827769129455,0.9999999994253276
2000,6299.862978380694,0.5,fibonacci,0.004871533250074795,0.9999999994088561
2000,6496.942604146125,0.5,fibonacci,0.004803266245139722,0.9999999993867232
2000,6700.18750350959,0.5,fibonacci,0.003951491161604316,0.999999999366596
2000,6909.790545715645,0.5,fibonacci,0.004788760408333127,0.9999999993411083
2000,7125.950633568411,0.5,fibonacci,0.006165340253569219,0.9999999993182384
2000,7348.872892180388,0.5,fibonacci,0.004577997518729206,0.999999999297666
2000,7578.76886362593,0.5,fibonacci,0.005833043771620019,0.9999999992680194
2000,7815.856707684091,0.5,fibonacci,0.005503294516646857,0.9999999992460185
2000,8060.361408861345,0.5,fibonacci,0.004978426977179034,0.9999999992122964
2000,8312.514989890631,0.5,fibonacci,0.0036584231743494724,0.9999999991877928
2000,8572.556731909324,0.5,fibonacci,0.004328843979154644,0.9999999991557588
2000,8840.733401525064,0.5,fibonacci,0.003620875542632981,0.9999999991186713
2000,9117.299484984922,0.5,fibonacci,0.0037931556338416743,0.9999999990914349
2000,9402.517429670132,0.5,fibonacci,0.0037286062352897367,0.9999999990616493
2000,9696.65789314552,0.5,fibonacci,0.005154319723259899,0.9999999990323412
2000,10000.0,0.5,fibonacci,0.0036684106824660823,0.9999999989928859
2000,0.0,0.5,tribonacci,0.0483982089007412,1.0
2000,1.0,0.5,tribonacci,0.048393592969859414,1.0000000000042581
2000,1.0312831606721848,0.5,tribonacci,0.048393033576317725,1.0000000000036275
2000,1.0635449574860112,0.5,tribonacci,0.048392409598476994,1.0000000000019962
2000,1.096816005273138,0.5,tribonacci,0.04839171420248156,0.9999999999994976
2000,1.1311278765939214,0.5,tribonacci,0.048390939952519044,0.9999999999966319
2000,1.1665131316981963,0.5,tribonacci,0.04839007878176889,0.9999999999942711
2000,1.2030053494233244,0.5,tribonacci,0.04838912196703941,0.9999999999934778
2000,1.240639159058832,0.5,tribonacci,0.04838806010837971,0.9999999999950008
2000,1.2794502732078736,0.5,tribonacci,0.04838688311508585,0.9999999999982717
2000,1.3194755216767062,0.5,tribonacci,0.04838558019988253,0.9999999999999053
2000,1.3607528864243335,0.5,tribonacci,0.04838413989420252,1.0000000000001192
2000,1.403321537605485,0.5,tribonacci,0.048382550068352105,0.9999999999999691
2000,1.4472218707411348,0.5,tribonacci,0.04838079796696547,0.9999999999998017
2000,1.4924955450518296,0.5,tribonacci,0.04837887027043734,1.0000000000003844
2000,1.5391855229902058,0.5,tribonacci,0.048376753178308605,1.0000000000020164
2000,1.587336111010209,0.5,tribonacci,0.048374432520562324,1.0000000000040676
2000,1.6369930016117025,0.5,tribonacci,0.0483718939009401,1.0000000000051077
2000,1.6882033167003634,0.5,tribonacci,0.048369122876472,1.000000000003668
2000,1.7410156523040161,0.5,tribonacci,0.04836610517731982,0.9999999999994266
2000,1.7954801246878311,0.5,tribonacci,0.04836282697067911,0.9999999999942518
2000,1.8516484179121548,0.5,tribonacci,0.04835927517176691,0.9999999999920465
2000,1.9095738328780973,0.5,tribonacci,0.04835543780368442,0.99999999999578
2000,1.9693113379074225,0.5,tribonacci,0.04835130440607223,0.9999999999998179
2000,2.0309176209047357,0.5,tribonacci,0.04834686650429775,1.0000000000000995
2000,2.0944511431514696,0.5,tribonacci,0.04834211813207716,0.9999999999996795
2000,2.159972194782718,0.5,tribonacci,0.04833705638725272,1.0000000000008167
2000,2.2275429519995575,0.5,tribonacci,0.04833168204538819,1.0000000000043396
2000,2.2972275360711523,0.5,tribonacci,0.04832600020530375,1.00000000000687
2000,2.369092074182633,0.5,tribonacci,0.04832002095581549,1.000000000003621
2000,2.4432047621864883,0.5,tribonacci,0.048313760051769475,0.9999999999947443
2000,2.519635929317015,0.5,tribonacci,0.04830723958706265,0.9999999999892634
2000,2.598458104929249,0.5,tribonacci,0.04830048865320865,0.9999999999963161
2000,2.6797460873256913,0.5,tribonacci,0.04829354396775668,0.9999999999999902
2000,2.763577014736159,0.5,tribonacci,0.04828645040251425,0.9999999999995647
2000,2.850030438518107,0.5,tribonacci,0.048279261459066344,1.0000000000013287
2000,2.9391883986468863,0.5,tribonacci,0.04827203966532449,1.0000000000066365
2000,3.0311355015675785,0.5,tribonacci,0.04826485687298645,1.00000000000591
2000,3.1259590004822804,0.5,tribonacci,0.04825779442154177,0.9999999999941005
2000,3.2237488781490296,0.5,tribonacci,0.048250943203048714,0.9999999999882848
2000,3.3245979322709407,0.5,tribonacci,0.04824440371816016,0.9999999999995113
2000,3.428601863556586,0.5,tribonacci,0.048238286098768825,0.9999999999995576
2000,3.5358593665351785,0.5,tribonacci,0.04823270989651306,1.0000000000010165
2000,3.646472223212748,0.5,tribonacci,0.04822780406203465,1.000000000005944
2000,3.760545399658171,0.5,tribonacci,0.048223706799670654,0.999999999999778
2000,3.8781871456107226,0.5,tribonacci,0.04822056522176191,0.9999999999896783
2000,3.9995090972036653,0.5,tribonacci,0.048218534786651564,0.9999999999993994
2000,4.1246263829013525,0.5,tribonacci,0.048217778329243115,0.999999999999291
2000,4.253657732750387,0.5,tribonacci,0.04821846381695269,1.0000000000034546
2000,4.386725591048498,0.5,tribonacci,0.048220760872958096,1.0000000000042566
2000,4.523956232538054,0.5,tribonacci,0.04822483490888336,0.999999999989832
2000,4.6654798822344725,0.5,tribonacci,0.048230838102056785,0.9999999999992376
2000,4.811430839003259,0.5,tribonacci,0.04823889663677091,0.9999999999990941
2000,4.961947603002903,0.5,tribonacci,0.048249092924633356,1.0000000000074054
2000,5.117173007114605,0.5,tribonacci,0.04826144299519197,1.0000000000021787
2000,5.277254352483538,0.5,tribonacci,0.04827586906992679,0.9999999999842346
2000,5.442343548300267,0.5,tribonacci,0.04829216879572999,0.9999999999994464
2000,5.612597255954972,0.5,tribonacci,0.048309983922981796,1.0000000000019331
2000,5.788177037701274,0.5,tribonacci,0.04832877265651374,1.0000000000045843
2000,5.969249509970735,0.5,tribonacci,0.04834779175397093,0.9999999999870121
2000,6.155986501483509,0.5,tribonacci,0.04836609566034205,0.9999999999989979
2000,6.348565216305219,0.5,tribonacci,0.04838255996737718,1.0000000000029836
2000,6.547168402004738,0.5,tribonacci,0.0483959365543732,0.9999999999938077
2000,6.751984523072503,0.5,tribonacci,0.04840494403357133,0.9999999999990207
2000,6.963207939763885,0.5,tribonacci,0.048408392621387276,1.0000000000021128
2000,7.181039092537351,0.5,tribonacci,0.04840533646546788,0.9999999999947942
2000,7.405684692262437,0.5,tribonacci,0.04839523814176738,0.9999999999989672
2000,7.637357916378021,0.5,tribonacci,0.0483781234669075,1.0000000000038056
2000,7.876278611187057,0.5,tribonacci,0.048354701058661735,0.9999999999909082
2000,8.122673500479713,0.5,tribonacci,0.04832642125828708,0.9999999999988425
2000,8.376776400682918,0.5,tribonacci,0.04829545595054374,1.0000000000050713
2000,8.638828442740447,0.5,tribonacci,0.04826459248682941,0.9999999999888919
2000,8.909078300934137,0.5,tribonacci,0.04823704742212995,0.9999999999987056
2000,9.187782428863335,0.5,tribonacci,0.04821621564420562,0.9999999999959708
2000,9.475205302806543,0.5,tribonacci,0.048205368049092596,0.9999999999985069
2000,9.771619672696177,0.5,tribonacci,0.04820730004887329,1.0000000000034446
2000,10.077306820944612,0.5,tribonacci,0.048223915813735786,0.9999999999982805
2000,10.392556829367125,0.5,tribonacci,0.04825573262954461,1.0000000000057283
2000,10.71766885445503,0.5,tribonacci,0.048301327591377494,0.9999999999968527
2000,11.052951411260215,0.5,tribonacci,0.04835683520151771,1.0000000000048856
2000,11.39872266616052,0.5,tribonacci,0.048415719225601395,0.9999999999975138
2000,11.755310738783693,0.5,tribonacci,0.04846911663874863,1.000000000002949
2000,12.123054013376523,0.5,tribonacci,0.04850700203851085,0.9999999999980512
2000,12.502301459914554,0.5,tribonacci,0.04852018984960566,0.9999999999956563
2000,12.89341296525715,0.5,tribonacci,0.04850281215219989,0.9999999999984381
2000,13.29675967466212,0.5,tribonacci,0.04845453900644217,0.9999999999893631
2000,13.712724343984002,0.5,tribonacci,0.04838167473681144,1.0000000000044413
2000,14.141701702890233,0.5,tribonacci,0.048296534708226556,0.9999999999975356
2000,14.584098829439856,0.5,tribonacci,0.048215108459049985,0.9999999999891295
2000,15.040335536380244,0.5,tribonacci,0.04815358833175093,1.000000000003117
2000,15.510844769528397,0.5,tribonacci,0.04812452563268298,0.9999999999972808
2000,15.996073018614878,0.5,tribonacci,0.04813323746126163,0.9999999999937472
2000,16.496480740980207,0.5,tribonacci,0.04817520560526913,0.9999999999934736
2000,17.012542798525892,0.5,tribonacci,0.04823589102366872,1.0000000000020552
2000,17.544748908334597,0.5,tribonacci,0.048294750820548335,0.9999999999984023
2000,18.093604107387165,0.5,tribonacci,0.04833365374675992,0.9999999999968324
2000,18.65962923181746,0.5,tribonacci,0.048346266221763905,0.9999999999967292
2000,19.2433614111598,0.5,tribonacci,0.04834229994638951,0.9999999999906217
2000,19.845354578058032,0.5,tribonacci,0.04834233531383877,0.9999999999894639
2000,20.466179993919898,0.5,tribonacci,0.04836474087325142,0.9999999999889128
2000,21.106426791015547,0.5,tribonacci,0.04841112982074784,0.9999999999875601
2000,21.76670253153459,0.5,tribonacci,0.048458240367676556,0.9999999999883034
2000,22.44763378413224,0.5,tribonacci,0.04846457929488647,0.9999999999884979
2000,23.14986671851161,0.5,tribonacci,0.048396668812328354,0.9999999999912426
2000,23.87406771860647,0.5,tribonacci,0.0482628229836631,0.9999999999959418
2000,24.620924014946254,0.5,tribonacci,0.04812319848874856,0.999999999995872
2000,25.39114433680347,0.5,tribonacci,0.0480564667991566,0.9999999999977297
2000,26.185459584742325,0.5,tribonacci,0.04810311418550875,1.0000000000016138
2000,27.00462352420682,0.5,tribonacci,0.048226901636915266,0.9999999999857513
2000,27.849413500806442,0.5,tribonacci,0.04833224904210196,0.9999999999955297
2000,28.72063117797828,0.5,tribonacci,0.048349572659171274,1.000000000001412
2000,29.619103297725534,0.5,tribonacci,0.04831450447275411,0.9999999999860322
2000,30.545682465154318,0.5,tribonacci,0.04832580782086702,0.9999999999950928
2000,31.50124795755328,0.5,tribonacci,0.04840743129410173,0.9999999999893178
2000,32.486706558783744,0.5,tribonacci,0.04843564129655483,0.9999999999945148
2000,33.502993419772295,0.5,tribonacci,0.04826543149461136,0.9999999999863429
2000,34.55107294592218,0.5,tribonacci,0.047977864262213295,0.999999999997458
2000,35.631939712285856,0.5,tribonacci,0.047870407579566676,0.9999999999943322
2000,36.7466194073669,0.5,tribonacci,0.04809503519142685,0.9999999999860527
2000,37.896169806447176,0.5,tribonacci,0.048401224331564956,0.9999999999994322
2000,39.08168177536266,0.5,tribonacci,0.048402174683916666,0.9999999999961148
2000,40.30428030568053,0.5,tribonacci,0.048153286583767364,0.9999999999934968
2000,41.5651255822599,0.5,tribonacci,0.04806306423852633,0.9999999999931336
2000,42.86541408420927,0.5,tribonacci,0.04818625894950769,0.9999999999929234
2000,44.20637972028532,0.5,tribonacci,0.048126847340927675,0.9999999999930073
2000,45.58929499981062,0.5,tribonacci,0.04783482525155641,0.9999999999959605
2000,47.01547224022132,0.5,tribonacci,0.04781070409157501,0.9999999999960385
2000,48.48626481239081,0.5,tribonacci,0.04813344908375099,0.9999999999852005
2000,50.00306842491092,0.5,tribonacci,0.048237875515493134,0.9999999999918399
2000,51.56732244854966,0.5,tribonacci,0.047959886756742134,0.9999999999938546
2000,53.180511282142,0.5,tribonacci,0.04769157356553724,0.9999999999916551
2000,54.84416576121018,0.5,tribonacci,0.04761457958781718,0.9999999999892688
2000,56.55986461065005,0.5,tribonacci,0.04778717064058476,0.9999999999923403
2000,58.329235942862034,0.5,tribonacci,0.047907618776254796,0.9999999999907209
2000,60.153958802748356,0.5,tribonacci,0.047566503951750286,0.9999999999814422
2000,62.035764761042714,0.5,tribonacci,0.04749917831093479,0.999999999983809
2000,63.97643955748427,0.5,tribonacci,0.047575483209516,0.9999999999858441
2000,65.97782479539536,0.5,tribonacci,0.04714868613008284,0.9999999999822299
2000,68.04181968927098,0.5,tribonacci,0.04739493715873651,0.9999999999827709
2000,70.17038286703826,0.5,tribonacci,0.047352652958146425,0.9999999999887355
2000,72.36553422869653,0.5,tribonacci,0.04684587365265504,0.9999999999932212
2000,74.62935686310134,0.5,tribonacci,0.04708115379758007,0.9999999999883457
2000,76.96399902471158,0.5,tribonacci,0.04673765122183975,0.9999999999891215
2000,79.37167617217551,0.5,tribonacci,0.046729119843277975,0.9999999999886586
2000,81.8546730706903,0.5,tribonacci,0.046573323908726885,0.9999999999872348
2000,84.41534596012986,0.5,tribonacci,0.046365534234274364,0.99999999998692
2000,87.05612479099865,0.5,tribonacci,0.046209430800660256,0.9999999999865118
2000,89.77951553033323,0.5,tribonacci,0.04604939826407542,0.9999999999868323
2000,92.58810253973955,0.5,tribonacci,0.04600973997282686,0.9999999999886835
2000,95.48455102782293,0.5,tribonacci,0.045594193951443214,0.999999999985051
2000,98.47160957933774,0.5,tribonacci,0.04556863904017675,0.9999999999884118
2000,101.5521127634568,0.5,tribonacci,0.0454238119983239,0.9999999999847984
2000,104.72898382363586,0.5,tribonacci,0.045107669315063936,0.9999999999836466
2000,108.00523745162529,0.5,tribonacci,0.04505203681993179,0.9999999999830329
2000,111.38398264826195,0.5,tribonacci,0.044774545245383116,0.9999999999859464
2000,114.86842567375535,0.5,tribonacci,0.04476515716066596,0.9999999999742011
2000,118.46187309026836,0.5,tribonacci,0.044490942288816754,0.9999999999827668
2000,122.16773489967919,0.5,tribonacci,0.044370519050695424,0.9999999999808867
2000,125.98952777950272,0.5,tribonacci,0.04423191296257396,0.9999999999731626
2000,129.93087842004158,0.5,tribonacci,0.044368042083088415,0.9999999999793578
2000,133.99552696593383,0.5,tribonacci,0.04413458225034217,0.9999999999794751
2000,138.18733056536323,0.5,tribonacci,0.044095764018294,0.9999999999720047
2000,142.5102670302998,0.5,tribonacci,0.043973110586221976,0.9999999999830815
2000,146.9684386112446,0.5,tribonacci,0.04426061242434101,0.999999999979191
2000,151.5660758900603,0.5,tribonacci,0.04445647464983772,0.9999999999826685
2000,156.30754179458157,0.5,tribonacci,0.04453294449576201,0.9999999999673135
2000,161.1973357388157,0.5,tribonacci,0.044727110838980115,0.9999999999766139
2000,166.2400978926612,0.5,tribonacci,0.044951331681205346,0.9999999999741114
2000,171.440613585197,0.5,tribonacci,0.04538929538354751,0.9999999999731677
2000,176.8038178457207,0.5,tribonacci,0.045509281541650806,0.9999999999769528
2000,182.33480008684404,0.5,tribonacci,0.04601979475576609,0.9999999999711685
2000,188.03880893409146,0.5,tribonacci,0.046172938346692526,0.999999999961195
2000,193.9212572065829,0.5,tribonacci,0.046681591924530606,0.9999999999579227
2000,199.9877270535285,0.5,tribonacci,0.04727164150383402,0.9999999999683902
2000,206.24397525140904,0.5,tribonacci,0.047301600312577276,0.9999999999589727
2000,212.69593866686898,0.5,tribonacci,0.04738911893938058,0.9999999999552506
2000,219.3497398905058,0.5,tribonacci,0.047357933949715394,0.9999999999650502
2000,226.2116930469024,0.5,tribonacci,0.04742083859819153,0.9999999999550733
2000,233.2883097864156,0.5,tribonacci,0.04723073962406622,0.9999999999542429
2000,240.58630546440645,0.5,tribonacci,0.04680523762766184,0.9999999999615399
2000,248.11260551377677,0.5,tribonacci,0.04647761338682523,0.9999999999552605
2000,255.87435201685892,0.5,tribonacci,0.0455834729293223,0.9999999999594023
2000,263.87891048289345,0.5,tribonacci,0.045280447589362095,0.9999999999640554
2000,272.13387683753086,0.5,tribonacci,0.04443019282688254,0.9999999999618481
2000,280.6470846309839,0.5,tribonacci,0.043701738500770027,0.9999999999563378
2000,289.4266124716752,0.5,tribonacci,0.04282050103702982,0.9999999999562521
2000,298.4807916924327,0.5,tribonacci,0.042206980509405904,0.9999999999594854
2000,307.81821425650804,0.5,tribonacci,0.04184850190933412,0.9999999999509135
2000,317.4477409109193,0.5,tribonacci,0.04134612202494543,0.9999999999491253
2000,327.3785095948577,0.5,tribonacci,0.041186621008832865,0.9999999999434119
2000,337.61994411113403,0.5,tribonacci,0.04126296208079637,0.9999999999402507
2000,348.18176306889666,0.5,tribonacci,0.041794899049188816,0.9999999999439817
2000,359.0739891061055,0.5,tribonacci,0.042361639625914126,0.9999999999422011
2000,370.30695840051413,0.5,tribonacci,0.04291494197262382,0.9999999999319773
2000,381.8913304781854,0.5,tribonacci,0.04341228573307671,0.9999999999295792
2000,393.8380983288489,0.5,tribonacci,0.04391207157674264,0.9999999999424493
2000,406.158598837698,0.5,tribonacci,0.04382409431154626,0.9999999999276744
2000,418.86452354352707,0.5,tribonacci,0.04351387936010746,0.9999999999233887
2000,431.96792973341735,0.5,tribonacci,0.043409576700589154,0.9999999999361089
2000,445.4812518844989,0.5,tribonacci,0.043104130195389605,0.9999999999193423
2000,459.41731346364764,0.5,tribonacci,0.04315851702498423,0.9999999999190159
2000,473.7893390963144,0.5,tribonacci,0.04316891494465665,0.9999999999286261
2000,488.6109671160326,0.5,tribonacci,0.04306932059525754,0.9999999999209979
2000,503.89626250651503,0.5,tribonacci,0.04311706775861833,0.9999999999227314
2000,519.6597302486197,0.5,tribonacci,0.04334047707173319,0.9999999999161289
2000,535.9163290848514,0.5,tribonacci,0.04383274506252819,0.9999999999137712
2000,552.6814857144603,0.5,tribonacci,0.0440671890109976,0.999999999895685
2000,569.9711094326076,0.5,tribonacci,0.043953792456693674,0.9999999999058883
2000,587.8016072274912,0.5,tribonacci,0.04333619771571753,0.9999999998948027
2000,606.1898993497572,0.5,tribonacci,0.042197892436810665,0.9999999998891009
2000,625.1534353689711,0.5,tribonacci,0.041319071071716694,0.9999999998615087
2000,644.7102107323869,0.5,tribonacci,0.0415425557934152,0.9999999998685604
2000,664.8787838417263,0.5,tribonacci,0.042722581412909036,0.9999999999361309
2000,685.6782936641738,0.5,tribonacci,0.04545905116142383,0.9999999997775031
2000,707.1284778942996,0.5,tribonacci,0.0466409566945322,0.9999999998027779
2000,729.2496916841444,0.5,tribonacci,0.04630535787728992,0.9999999994111651
2000,752.0629269592407,0.5,tribonacci,0.053139520643712135,0.9999999977011841
2000,775.5898323389001,0.5,tribonacci,0.03686815205752562,0.999999998202153
2000,799.8527336796708,0.5,tribonacci,0.03696207571160799,0.9999999978466353
2000,824.8746552614581,0.5,tribonacci,0.04257137067175277,0.9999999981765337
2000,850.6793416364153,0.5,tribonacci,0.04234629670100685,0.9999999942040743
2000,877.2912801613356,0.5,tribonacci,0.03593964668516953,0.9999999925944993
2000,904.7357242349293,0.5,tribonacci,0.03702756865845701,0.999999991254234
2000,933.038717262036,0.5,tribonacci,0.046809467602755554,0.9999999912107036
2000,962.2271173675134,0.5,tribonacci,0.04241789051596284,0.9999999863036729
2000,992.3286228832545,0.5,tribonacci,0.0382069003483804,0.9999999871635504
2000,1023.3717986325192,0.5,tribonacci,0.04437698598357362,0.9999999859079914
2000,1055.386103036523,0.5,tribonacci,0.039604443030153556,0.9999999862392016
2000,1088.4019160690054,0.5,tribonacci,0.04174858981553177,0.9999999853019497
2000,1122.4505680853058,0.5,tribonacci,0.050214023639087356,0.9999999853979911
2000,1157.5643695533035,0.5,tribonacci,0.0409686562212639,0.9999999828355998
2000,1193.7766417144358,0.5,tribonacci,0.04938612066158481,0.9999999820012714
2000,1231.1217482038908,0.5,tribonacci,0.040388197286267434,0.9999999779345586
2000,1269.6351276599742,0.5,tribonacci,0.04301425127055371,0.9999999778574082
2000,1309.353327353611,0.5,tribonacci,0.04816887938524635,0.9999999748515205
2000,1350.3140378698736,0.5,tribonacci,0.038234877712434834,0.9999999745383699
2000,1392.5561288744634,0.5,tribonacci,0.04677720523539958,0.9999999725750621
2000,1436.1196859990787,0.5,tribonacci,0.047701409665813696,0.9999999731736423
2000,1481.0460488806755,0.5,tribonacci,0.03905630475771568,0.9999999716291904
2000,1527.377850390714,0.5,tribonacci,0.040590862928109504,0.9999999710771618
2000,1575.1590570916228,0.5,tribonacci,0.03885575040491634,0.9999999672254496
2000,1624.435010958867,0.5,tribonacci,0.04263597860474344,0.9999999652642058
2000,1675.2524724082155,0.5,tribonacci,0.057877521812749445,0.9999999629548654
2000,1727.6596646690364,0.5,tribonacci,0.050704838375956136,0.9999999604596382
2000,1781.7063195457306,0.5,tribonacci,0.04273318394441253,0.9999999570517808
2000,1837.4437246107268,0.5,tribonacci,0.04917477099235019,0.999999955699127
2000,1894.9247718738216,0.5,tribonacci,0.0400275051915646,0.9999999543879604
2000,1954.2040079740534,0.5,tribonacci,0.0448050635766174,0.9999999514753094
2000,2015.337685941733,0.5,tribonacci,0.03839426694804797,0.9999999495376727
2000,2078.383818579757,0.5,tribonacci,0.043528539783606573,0.9999999456184708
2000,2143.4022335148566,0.5,tribonacci,0.042142138195952715,0.9999999434222353
2000,2210.4546299710214,0.5,tribonacci,0.04496610316353203,0.9999999372070222
2000,2279.6046373189797,0.5,tribonacci,0.0466278258777714,0.9999999365100616
2000,2350.9178754572868,0.5,tribonacci,0.032222388572926204,0.9999999331510425
2000,2424.462017082328,0.5,tribonacci,0.04060127672241974,0.9999999290415171
2000,2500.306851906324,0.5,tribonacci,0.03912511790149667,0.9999999255046065
2000,2578.524352884274,0.5,tribonacci,0.040872762602313886,0.9999999229226268
2000,2659.1887445126936,0.5,tribonacci,0.037751452912031906,0.999999919149621
2000,2742.3765732649495,0.5,tribonacci,0.044733566402047086,0.9999999146418581
2000,2828.166780230032,0.5,tribonacci,0.05312862066660343,0.9999999067556046
2000,2916.640776023704,0.5,tribonacci,0.04210763750265822,0.9999999055482164
2000,3007.882518043099,0.5,tribonacci,0.046327312006526275,0.9999999042848833
2000,3101.978590138097,0.5,tribonacci,0.05532121430336798,0.9999999023065376
2000,3199.018284775064,0.5,tribonacci,0.03908485007765929,0.9999998973746023
2000,3299.093687770939,0.5,tribonacci,0.04958917429622708,0.9999998885549531
2000,3402.2997656780676,0.5,tribonacci,0.03860368312611464,0.9999998878115764
2000,3508.7344559027115,0.5,tribonacci,0.04535045768832935,0.9999998839795705
2000,3618.4987596427463,0.5,tribonacci,0.044246872549919776,0.9999998806214949
2000,3731.6968377327516,0.5,tribonacci,0.040563266522233674,0.9999998753035607
2000,3848.436109487429,0.5,tribonacci,0.04256279887655062,0.9999998713118703
2000,3968.827354637162,0.5,tribonacci,0.04848802384531087,0.9999998652676139
2000,4092.984818452438,0.5,tribonacci,0.058150173037061256,0.999999858749123
2000,4221.026320156899,0.5,tribonacci,0.03751849287375101,0.9999998534417535
2000,4353.0733647318875,0.5,tribonacci,0.03604430123307661,0.9999998466359491
2000,4489.251258218603,0.5,tribonacci,0.0524220505249206,0.9999998430492895
2000,4629.689226627263,0.5,tribonacci,0.04835811586435148,0.9999998351539704
2000,4774.520538566127,0.5,tribonacci,0.04366317671563781,0.9999998287484748
2000,4923.882631706737,0.5,tribonacci,0.045371722395816244,0.9999998260347903
2000,5077.917243205398,0.5,tribonacci,0.03792645105841952,0.999999817924703
2000,5236.77054420465,0.5,tribonacci,0.043277344060677604,0.9999998115272493
2000,5400.593278542368,0.5,tribonacci,0.03459117094774655,0.9999998041871927
2000,5569.5409058001305,0.5,tribonacci,0.03557048600452887,0.9999997944333066
2000,5743.773748826581,0.5,tribonacci,0.046209430070769796,0.9999997903349505
2000,5923.4571458758055,0.5,tribonacci,0.03502306446710283,0.9999997803704329
2000,6108.76160750504,0.5,tribonacci,0.048136034716187444,0.9999997725810469
2000,6299.862978380694,0.5,tribonacci,0.05102397897768612,0.9999997636757977
2000,6496.942604146125,0.5,tribonacci,0.04747848554206235,0.9999997593332141
2000,6700.18750350959,0.5,tribonacci,0.03883763619433076,0.9999997510803197
2000,6909.790545715645,0.5,tribonacci,0.05075639799217958,0.9999997406665923
2000,7125.950633568411,0.5,tribonacci,0.048499862153634034,0.9999997329676663
2000,7348.872892180388,0.5,tribonacci,0.042200111651230256,0.9999997199715902
2000,7578.76886362593,0.5,tribonacci,0.03739324125955746,0.9999997117112996
2000,7815.856707684091,0.5,tribonacci,0.04175282008522739,0.9999997019225827
2000,8060.361408861345,0.5,tribonacci,0.051884338747996375,0.9999996909716546
2000,8312.514989890631,0.5,tribonacci,0.04745113981654052,0.9999996765957854
2000,8572.556731909324,0.5,tribonacci,0.04042496764148449,0.9999996681278768
2000,8840.733401525064,0.5,tribonacci,0.04394142303818485,0.9999996569887534
2000,9117.299484984922,0.5,tribonacci,0.034846148494386595,0.9999996461853049
2000,9402.517429670132,0.5,tribonacci,0.030646015331714734,0.9999996371914257
2000,9696.65789314552,0.5,tribonacci,0.03153848686928263,0.99999962433649
2000,10000.0,0.5,tribonacci,0.03246000081717424,0.9999996118309519
2000,0.0,1.0,fibonacci,0.00940313707633849,1.0
2000,1.0,1.0,fibonacci,0.009402558910026153,1.0000000000011242
2000,1.0312831606721848,1.0,fibonacci,0.009402497325529838,1.000000000001604
2000,1.0635449574860112,1.0,fibonacci,0.009402429089867785,1.000000000001939
2000,1.096816005273138,1.0,fibonacci,0.009402353516958752,1.0000000000019713
2000,1.1311278765939214,1.0,fibonacci,0.009402269859414466,1.0000000000015743
2000,1.1665131316981963,1.0,fibonacci,0.009402177305097075,1.0000000000007063
2000,1.2030053494233244,1.0,fibonacci,0.009402074973914777,0.9999999999994682
2000,1.240639159058832,1.0,fibonacci,0.009401961914966225,0.9999999999981394
2000,1.2794502732078736,1.0,fibonacci,0.009401837104158407,0.9999999999971625
2000,1.3194755216767062,1.0,fibonacci,0.009401699442434667,0.9999999999970263
2000,1.3607528864243335,1.0,fibonacci,0.009401547754756405,0.9999999999979824
2000,1.403321537605485,1.0,fibonacci,0.009401380789980832,0.999999999999517
2000,1.4472218707411348,1.0,fibonacci,0.009401197221996465,0.9999999999999645
2000,1.4924955450518296,1.0,fibonacci,0.009400995654495512,1.0000000000000306
2000,1.5391855229902058,1.0,fibonacci,0.009400774624551887,0.999999999999935
2000,1.587336111010209,1.0,fibonacci,0.009400532609489627,0.9999999999999238
2000,1.6369930016117025,1.0,fibonacci,0.009400268036477219,1.000000000000309
2000,1.6882033167003634,1.0,fibonacci,0.009399979294671639,1.0000000000011087
2000,1.7410156523040161,1.0,fibonacci,0.009399664750437076,1.0000000000019131
2000,1.7954801246878311,1.0,fibonacci,0.009399322765935234,1.0000000000020424
2000,1.8516484179121548,1.0,fibonacci,0.009398951721340613,1.0000000000009748
2000,1.9095738328780973,1.0,fibonacci,0.009398550040860897,0.9999999999988917
2000,1.9693113379074225,1.0,fibonacci,0.009398116222629527,0.9999999999969968
2000,2.0309176209047357,1.0,fibonacci,0.009397648872371355,0.9999999999970425
2000,2.0944511431514696,1.0,fibonacci,0.009397146740505579,0.999999999999289
2000,2.159972194782718,1.0,fibonacci,0.009396608762264261,0.9999999999999778
2000,2.2275429519995575,1.0,fibonacci,0.009396034102335568,0.9999999999999244
2000,2.2972275360711523,1.0,fibonacci,0.009395422199295275,0.9999999999999261
2000,2.369092074182633,1.0,fibonacci,0.00939477281158022,1.0000000000008873
2000,2.4432047621864883,1.0,fibonacci,0.009394086063956437,1.0000000000022808
2000,2.519635929317015,1.0,fibonacci,0.009393362491203124,1.0000000000021942
2000,2.598458104929249,1.0,fibonacci,0.009392603077348754,0.9999999999994983
2000,2.6797460873256913,1.0,fibonacci,0.009391809289019974,0.9999999999963181
2000,2.763577014736159,1.0,fibonacci,0.009390983102006374,0.9999999999971482
2000,2.850030438518107,1.0,fibonacci,0.009390127020988336,0.999999999999853
2000,2.9391883986468863,1.0,fibonacci,0.009389244083486632,0.9999999999998731
2000,3.0311355015675785,1.0,fibonacci,0.009388337847901112,1.0000000000000382
2000,3.1259590004822804,1.0,fibonacci,0.009387412373786212,1.0000000000017024
2000,3.2237488781490296,1.0,fibonacci,0.009386472185644035,1.0000000000022535
2000,3.3245979322709407,1.0,fibonacci,0.009385522216836405,0.9999999999988329
2000,3.428601863556586,1.0,fibonacci,0.009384567734052128,0.9999999999959651
2000,3.5358593665351785,1.0,fibonacci,0.009383614250881649,0.9999999999996112
2000,3.646472223212748,1.0,fibonacci,0.009382667429844753,0.9999999999998279
2000,3.760545399658171,1.0,fibonacci,0.0093817329275345,1.0000000000001865
2000,3.8781871456107226,1.0,fibonacci,0.00938081623269485,1.0000000000021076
2000,3.9995090972036653,1.0,fibonacci,0.009379922444544792,1.0000000000002098
2000,4.1246263829013525,1.0,fibonacci,0.009379055966448672,0.999999999996169
2000,4.253657732750387,1.0,fibonacci,0.009378220094472657,0.9999999999997253
2000,4.386725591048498,1.0,fibonacci,0.009377416470785885,0.9999999999996928
2000,4.523956232538054,1.0,fibonacci,0.009376644290674203,1.000000000001247
2000,4.6654798822344725,1.0,fibonacci,0.009375899274678691,1.0000000000018818
2000,4.811430839003259,1.0,fibonacci,0.009375172303051666,0.9999999999960474
2000,4.961947603002903,1.0,fibonacci,0.009374447680835151,0.9999999999995629
2000,5.117173007114605,1.0,fibonacci,0.009373701050004388,0.9999999999996149
2000,5.277254352483538,1.0,fibonacci,0.009372896958790936,1.0000000000021698
2000,5.442343548300267,1.0,fibonacci,0.0093719862608823,1.0000000000000322
2000,5.612597255954972,1.0,fibonacci,0.009370903578294471,0.9999999999957184
2000,5.788177037701274,1.0,fibonacci,0.009369565203489272,0.9999999999996863
2000,5.969249509970735,1.0,fibonacci,0.00936786794771689,1.0000000000010432
2000,6.155986501483509,1.0,fibonacci,0.00936568957072489,1.0000000000001088
2000,6.348565216305219,1.0,fibonacci,0.009362891445546494,0.9999999999971466
2000,6.547168402004738,1.0,fibonacci,0.009359324082095895,0.999999999999504
2000,6.751984523072503,1.0,fibonacci,0.009354835905608885,1.0000000000022327
2000,6.963207939763885,1.0,fibonacci,0.009349285360115235,0.9999999999960623
2000,7.181039092537351,1.0,fibonacci,0.009342555820003533,0.9999999999996176
2000,7.405684692262437,1.0,fibonacci,0.009334572053043003,1.000000000001228
2000,7.637357916378021,1.0,fibonacci,0.009325316441713105,0.9999999999978013
2000,7.876278611187057,1.0,fibonacci,0.009314842414615306,0.9999999999994591
2000,8.122673500479713,1.0,fibonacci,0.009303282423101706,1.00000000000091
2000,8.376776400682918,1.0,fibonacci,0.009290848088788335,0.9999999999969833
2000,8.638828442740447,1.0,fibonacci,0.009277820989558731,0.9999999999995123
2000,8.909078300934137,1.0,fibonacci,0.009264534002638318,1.0000000000024805
2000,9.187782428863335,1.0,fibonacci,0.009251344646125505,0.9999999999944431
2000,9.475205302806543,1.0,fibonacci,0.0092386029548645,0.9999999999992677
2000,9.771619672696177,1.0,fibonacci,0.009226616614573335,0.9999999999998666
2000,10.077306820944612,1.0,fibonacci,0.009215614592067756,0.9999999999993185
2000,10.392556829367125,1.0,fibonacci,0.009205708791620762,1.0000000000019893
2000,10.71766885445503,1.0,fibonacci,0.009196852452300279,0.999999999998257
2000,11.052951411260215,1.0,fibonacci,0.009188797343571645,1.0000000000019404
2000,11.39872266616052,1.0,fibonacci,0.009181060982940602,0.999999999994034
2000,11.755310738783693,1.0,fibonacci,0.009172927740427354,1.0000000000004992
2000,12.123054013376523,1.0,fibonacci,0.009163516575755724,0.9999999999939048
2000,12.502301459914554,1.0,fibonacci,0.009151940988252021,1.0000000000004414
2000,12.89341296525715,1.0,fibonacci,0.009137555080759686,0.9999999999966442
2000,13.29675967466212,1.0,fibonacci,0.00912022865674087,1.0000000000023332
2000,13.712724343984002,1.0,fibonacci,0.009100548065425798,0.9999999999988983
2000,14.141701702890233,1.0,fibonacci,0.009079835039456821,1.0000000000010185
2000,14.584098829439856,1.0,fibonacci,0.00905993205568488,0.9999999999986872
2000,15.040335536380244,1.0,fibonacci,0.009042800261877267,0.9999999999937321
2000,15.510844769528397,1.0,fibonacci,0.009030051326081198,1.0000000000019813
2000,15.996073018614878,1.0,fibonacci,0.009022527918395477,0.9999999999987027
2000,16.496480740980207,1.0,fibonacci,0.00901997050273631,0.9999999999937668
2000,17.012542798525892,1.0,fibonacci,0.009020782933946087,1.0000000000029174
2000,17.544748908334597,1.0,fibonacci,0.009022054908469374,0.9999999999983451
2000,18.093604107387165,1.0,fibonacci,0.009020199121360133,0.9999999999966673
2000,18.65962923181746,1.0,fibonacci,0.00901241430876126,0.9999999999956038
2000,19.2433614111598,1.0,fibonacci,0.008998467660982406,1.000000000002072
2000,19.845354578058032,1.0,fibonacci,0.008981555326238724,0.9999999999998137
2000,20.466179993919898,1.0,fibonacci,0.008967284798330085,0.9999999999980818
2000,21.106426791015547,1.0,fibonacci,0.008961191377470486,0.9999999999980463
2000,21.76670253153459,1.0,fibonacci,0.00896611462375702,0.9999999999969761
2000,22.44763378413224,1.0,fibonacci,0.008980225064903615,0.9999999999912448
2000,23.14986671851161,1.0,fibonacci,0.008996261536466849,0.9999999999921451
2000,23.87406771860647,1.0,fibonacci,0.009003935410614103,0.9999999999937329
2000,24.620924014946254,1.0,fibonacci,0.008996680094894287,0.9999999999938435
2000,25.39114433680347,1.0,fibonacci,0.008978228803119027,0.9999999999903367
2000,26.185459584742325,1.0,fibonacci,0.008961504281204718,0.9999999999946949
2000,27.00462352420682,1.0,fibonacci,0.00895937852294073,0.9999999999974559
2000,27.849413500806442,1.0,fibonacci,0.008974516109703064,0.9999999999971952
2000,28.72063117797828,1.0,fibonacci,0.008994255337206884,0.9999999999990681
2000,29.619103297725534,1.0,fibonacci,0.008996525402766086,0.9999999999972662
2000,30.545682465154318,1.0,fibonacci,0.008970037320437597,0.9999999999947059
2000,31.50124795755328,1.0,fibonacci,0.008930275047637323,0.9999999999967188
2000,32.486706558783744,1.0,fibonacci,0.008906578621650986,0.9999999999991747
2000,33.502993419772295,1.0,fibonacci,0.008910674468563628,0.999999999995951
2000,34.55107294592218,1.0,fibonacci,0.00891757214737634,0.9999999999979281
2000,35.631939712285856,1.0,fibonacci,0.008883312515014152,0.9999999999922301
2000,36.7466194073669,1.0,fibonacci,0.008801251186666182,0.9999999999982105
2000,37.896169806447176,1.0,fibonacci,0.008719486863471066,0.9999999999921094
2000,39.08168177536266,1.0,fibonacci,0.008672866037748464,1.0000000000015736
2000,40.30428030568053,1.0,fibonacci,0.00862189189525878,0.999999999995739
2000,41.5651255822599,1.0,fibonacci,0.008492765001409998,0.9999999999909152
2000,42.86541408420927,1.0,fibonacci,0.008301242117708845,0.9999999999997745
2000,44.20637972028532,1.0,fibonacci,0.008137368238128198,0.9999999999976243
2000,45.58929499981062,1.0,fibonacci,0.008008582471074614,0.9999999999947542
2000,47.01547224022132,1.0,fibonacci,0.00782193756818846,0.9999999999947883
2000,48.48626481239081,1.0,fibonacci,0.00757940236713363,0.9999999999943602
2000,50.00306842491092,1.0,fibonacci,0.007408357256945616,0.9999999999944545
2000,51.56732244854966,1.0,fibonacci,0.007313613632986681,0.9999999999938988
2000,53.180511282142,1.0,fibonacci,0.007180687898763618,0.9999999999955601
2000,54.84416576121018,1.0,fibonacci,0.0070590145122804366,0.9999999999971206
2000,56.55986461065005,1.0,fibonacci,0.007055985290280185,0.99999999998227
2000,58.329235942862034,1.0,fibonacci,0.007064359585021807,0.9999999999928595
2000,60.153958802748356,1.0,fibonacci,0.007017435825086171,0.9999999999913709
2000,62.035764761042714,1.0,fibonacci,0.0070453392505153995,0.999999999992216
2000,63.97643955748427,1.0,fibonacci,0.007040721460297382,0.999999999987434
2000,65.97782479539536,1.0,fibonacci,0.006883667364457358,0.9999999999956887
2000,68.04181968927098,1.0,fibonacci,0.006744346873219178,0.9999999999922385
2000,70.17038286703826,1.0,fibonacci,0.006510452836259889,0.9999999999907201
2000,72.36553422869653,1.0,fibonacci,0.006229572718131073,0.9999999999906374
2000,74.62935686310134,1.0,fibonacci,0.00604368127567866,0.9999999999900945
2000,76.96399902471158,1.0,fibonacci,0.005827624068383379,0.9999999999896626
2000,79.37167617217551,1.0,fibonacci,0.00573875602510334,0.9999999999950291
2000,81.8546730706903,1.0,fibonacci,0.005662544429427997,0.9999999999773007
2000,84.41534596012986,1.0,fibonacci,0.005654283138103493,0.9999999999889975
2000,87.05612479099865,1.0,fibonacci,0.005669841521471676,0.9999999999831504
2000,89.77951553033323,1.0,fibonacci,0.00568379743178588,0.9999999999898199
2000,92.58810253973955,1.0,fibonacci,0.005726245704500423,0.9999999999941707
2000,95.48455102782293,1.0,fibonacci,0.005738117276636785,0.9999999999927806
2000,98.47160957933774,1.0,fibonacci,0.0057441682269561605,0.9999999999901596
2000,101.5521127634568,1.0,fibonacci,0.005677693772384805,0.9999999999760494
2000,104.72898382363586,1.0,fibonacci,0.005505330275343719,0.9999999999852174
2000,108.00523745162529,1.0,fibonacci,0.005356275408686775,0.999999999980849
2000,111.38398264826195,1.0,fibonacci,0.005204350468441583,0.9999999999879615
2000,114.86842567375535,1.0,fibonacci,0.005282282032550221,0.9999999999864263
2000,118.46187309026836,1.0,fibonacci,0.005443528977835406,0.9999999999871437
2000,122.16773489967919,1.0,fibonacci,0.005671303085283526,0.999999999983564
2000,125.98952777950272,1.0,fibonacci,0.005819340814118565,0.9999999999827945
2000,129.93087842004158,1.0,fibonacci,0.005650957758024557,0.9999999999814702
2000,133.99552696593383,1.0,fibonacci,0.005379374740661133,0.9999999999850437
2000,138.18733056536323,1.0,fibonacci,0.0053000682614412434,0.9999999999856093
2000,142.5102670302998,1.0,fibonacci,0.005437030979442648,0.9999999999818698
2000,146.9684386112446,1.0,fibonacci,0.005649689642412525,0.9999999999792644
2000,151.5660758900603,1.0,fibonacci,0.005841332023101762,0.9999999999824389
2000,156.30754179458157,1.0,fibonacci,0.006018362988118115,0.9999999999805705
2000,161.1973357388157,1.0,fibonacci,0.00608796323969363,0.99999999997994
2000,166.2400978926612,1.0,fibonacci,0.005923587469443225,0.9999999999825094
2000,171.440613585197,1.0,fibonacci,0.005766762693718665,0.9999999999769862
2000,176.8038178457207,1.0,fibonacci,0.005990652965197247,0.9999999999770359
2000,182.33480008684404,1.0,fibonacci,0.006533321278387995,0.9999999999795807
2000,188.03880893409146,1.0,fibonacci,0.00654306891508309,0.9999999999751477
2000,193.9212572065829,1.0,fibonacci,0.0059452309895760575,0.9999999999740826
2000,199.9877270535285,1.0,fibonacci,0.005675812803109344,0.9999999999772422
2000,206.24397525140904,1.0,fibonacci,0.005713527320531853,0.9999999999775507
2000,212.69593866686898,1.0,fibonacci,0.005666319347951677,0.9999999999718417
2000,219.3497398905058,1.0,fibonacci,0.005482575134205354,0.9999999999706842
2000,226.2116930469024,1.0,fibonacci,0.004997823173259921,0.9999999999650724
2000,233.2883097864156,1.0,fibonacci,0.004616467306611956,0.99999999996313
2000,240.58630546440645,1.0,fibonacci,0.004852502681115038,0.9999999999672275
2000,248.11260551377677,1.0,fibonacci,0.004951693681598632,0.9999999999560747
2000,255.87435201685892,1.0,fibonacci,0.004533435278387174,0.9999999999568067
2000,263.87891048289345,1.0,fibonacci,0.004672949923547092,0.9999999999634986
2000,272.13387683753086,1.0,fibonacci,0.004788458706392467,0.9999999999624385
2000,280.6470846309839,1.0,fibonacci,0.004631687803257379,0.9999999999609679
2000,289.4266124716752,1.0,fibonacci,0.004500445083527822,0.9999999999598401
2000,298.4807916924327,1.0,fibonacci,0.004710167477011556,0.9999999999643286
2000,307.81821425650804,1.0,fibonacci,0.005051321013610238,0.9999999999478301
2000,317.4477409109193,1.0,fibonacci,0.0056546235836665,0.9999999999567408
2000,327.3785095948577,1.0,fibonacci,0.006212414735656074,0.9999999999577499
2000,337.61994411113403,1.0,fibonacci,0.006275022609033455,0.9999999999520743
2000,348.18176306889666,1.0,fibonacci,0.006418916419751465,0.9999999999502969
2000,359.0739891061055,1.0,fibonacci,0.005964192229799491,0.9999999999503087
2000,370.30695840051413,1.0,fibonacci,0.005379342218622003,0.9999999999423104
2000,381.8913304781854,1.0,fibonacci,0.005258523676454317,0.9999999999478382
2000,393.8380983288489,1.0,fibonacci,0.004900960193570377,0.9999999999480276
2000,406.158598837698,1.0,fibonacci,0.004955148655141249,0.9999999999418375
2000,418.86452354352707,1.0,fibonacci,0.00508850919388249,0.9999999999440193
2000,431.96792973341735,1.0,fibonacci,0.0052363934840802245,0.9999999999400275
2000,445.4812518844989,1.0,fibonacci,0.005834405396396908,0.9999999999269835
2000,459.41731346364764,1.0,fibonacci,0.006187706449772379,0.9999999999233562
2000,473.7893390963144,1.0,fibonacci,0.0064275569962028494,0.9999999999374218
2000,488.6109671160326,1.0,fibonacci,0.006218462876931572,0.9999999999226961
2000,503.89626250651503,1.0,fibonacci,0.0056065611643668165,0.9999999999191256
2000,519.6597302486197,1.0,fibonacci,0.005234422398745077,0.9999999999277367
2000,535.9163290848514,1.0,fibonacci,0.004833273916339028,0.9999999999212739
2000,552.6814857144603,1.0,fibonacci,0.004907610171499216,0.9999999999216391
2000,569.9711094326076,1.0,fibonacci,0.005628048961229417,0.9999999999048926
2000,587.8016072274912,1.0,fibonacci,0.005837943912749998,0.9999999999042972
2000,606.1898993497572,1.0,fibonacci,0.008304148401106503,0.9999999999172388
2000,625.1534353689711,1.0,fibonacci,0.008604211922339056,0.9999999999081313
2000,644.7102107323869,1.0,fibonacci,0.008106734479709403,0.9999999999013593
2000,664.8787838417263,1.0,fibonacci,0.007450172347099928,0.999999999897549
2000,685.6782936641738,1.0,fibonacci,0.005156098843130399,0.9999999998920468
2000,707.1284778942996,1.0,fibonacci,0.004353915233930953,0.999999999882945
2000,729.2496916841444,1.0,fibonacci,0.0046233264512627005,0.9999999998896639
2000,752.0629269592407,1.0,fibonacci,0.0048273371915209685,0.9999999998786628
2000,775.5898323389001,1.0,fibonacci,0.005642664652781173,0.9999999998721105
2000,799.8527336796708,1.0,fibonacci,0.00662395568192803,0.9999999998724041
2000,824.8746552614581,1.0,fibonacci,0.0057814957620403555,0.9999999998568289
2000,850.6793416364153,1.0,fibonacci,0.004481526638442297,0.9999999998570467
2000,877.2912801613356,1.0,fibonacci,0.003923794327735841,0.999999999857701
2000,904.7357242349293,1.0,fibonacci,0.003961907674724492,0.9999999998534019
2000,933.038717262036,1.0,fibonacci,0.004106153631883296,0.9999999998367552
2000,962.2271173675134,1.0,fibonacci,0.004395018712485643,0.9999999998355726
2000,992.3286228832545,1.0,fibonacci,0.004520005958204927,0.9999999998306045
2000,1023.3717986325192,1.0,fibonacci,0.004439629959294679,0.9999999998248074
2000,1055.386103036523,1.0,fibonacci,0.003986562646939689,0.9999999998173171
2000,1088.4019160690054,1.0,fibonacci,0.004753674645104743,0.9999999998101029
2000,1122.4505680853058,1.0,fibonacci,0.004508501038838935,0.9999999998079031
2000,1157.5643695533035,1.0,fibonacci,0.004509538721789993,0.9999999997973676
2000,1193.7766417144358,1.0,fibonacci,0.00427061223371543,0.9999999997936947
2000,1231.1217482038908,1.0,fibonacci,0.005412257706978281,0.999999999793432
2000,1269.6351276599742,1.0,fibonacci,0.004698670796991662,0.9999999997732979
2000,1309.353327353611,1.0,fibonacci,0.00469809495113262,0.9999999997710434
2000,1350.3140378698736,1.0,fibonacci,0.005045917675200189,0.9999999997696821
2000,1392.5561288744634,1.0,fibonacci,0.0061243884624860535,0.9999999997511813
2000,1436.1196859990787,1.0,fibonacci,0.005450912167494085,0.9999999997545033
2000,1481.0460488806755,1.0,fibonacci,0.005442111764551267,0.9999999997505422
2000,1527.377850390714,1.0,fibonacci,0.005076681688057404,0.9999999997409728
2000,1575.1590570916228,1.0,fibonacci,0.005793057045166251,0.9999999997344678
2000,1624.435010958867,1.0,fibonacci,0.004961852731005216,0.9999999997289437
2000,1675.2524724082155,1.0,fibonacci,0.004641956157868991,0.9999999997051221
2000,1727.6596646690364,1.0,fibonacci,0.004677296249621915,0.999999999707183
2000,1781.7063195457306,1.0,fibonacci,0.005286681386256269,0.9999999997029064
2000,1837.4437246107268,1.0,fibonacci,0.0038485189436205177,0.9999999996826273
2000,1894.9247718738216,1.0,fibonacci,0.004819213054384117,0.9999999996769701
2000,1954.2040079740534,1.0,fibonacci,0.004970843678893376,0.9999999996676705
2000,2015.337685941733,1.0,fibonacci,0.0037917073883897874,0.9999999996558654
2000,2078.383818579757,1.0,fibonacci,0.00388953618488115,0.9999999996283823
2000,2143.4022335148566,1.0,fibonacci,0.0036745388454975454,0.999999999630597
2000,2210.4546299710214,1.0,fibonacci,0.0036973803707150404,0.9999999996089556
2000,2279.6046373189797,1.0,fibonacci,0.0034197785849342135,0.9999999996052507
2000,2350.9178754572868,1.0,fibonacci,0.004881936611533885,0.9999999995853545
2000,2424.462017082328,1.0,fibonacci,0.004271066097213368,0.9999999995690111
2000,2500.306851906324,1.0,fibonacci,0.004251462779697112,0.9999999995608235
2000,2578.524352884274,1.0,fibonacci,0.004658158844835039,0.9999999995442909
2000,2659.1887445126936,1.0,fibonacci,0.0039067999322083356,0.999999999522462
2000,2742.3765732649495,1.0,fibonacci,0.0036441319852165417,0.9999999994973804
2000,2828.166780230032,1.0,fibonacci,0.004076929494428729,0.9999999994903096
2000,2916.640776023704,1.0,fibonacci,0.0035169936969882934,0.9999999994737243
2000,3007.882518043099,1.0,fibonacci,0.003651757435473254,0.9999999994638231
2000,3101.978590138097,1.0,fibonacci,0.0034173294087055587,0.9999999994401175
2000,3199.018284775064,1.0,fibonacci,0.003632930100131911,0.9999999994216563
2000,3299.093687770939,1.0,fibonacci,0.0036476151183267753,0.9999999993949928
2000,3402.2997656780676,1.0,fibonacci,0.0037182132827751502,0.9999999993876091
2000,3508.7344559027115,1.0,fibonacci,0.004292933045320817,0.9999999993569022
2000,3618.4987596427463,1.0,fibonacci,0.004658416301907709,0.999999999337112
2000,3731.6968377327516,1.0,fibonacci,0.0037653377684358992,0.9999999993258306
2000,3848.436109487429,1.0,fibonacci,0.003750281358172811,0.9999999993048858
2000,3968.827354637162,1.0,fibonacci,0.003123531697830783,0.9999999992768056
2000,4092.984818452438,1.0,fibonacci,0.0036614692018521284,0.999999999259459
2000,4221.026320156899,1.0,fibonacci,0.003489955881892285,0.9999999992281307
2000,4353.0733647318875,1.0,fibonacci,0.0033141207608802584,0.999999999205472
2000,4489.251258218603,1.0,fibonacci,0.003471851629798638,0.9999999991920634
2000,4629.689226627263,1.0,fibonacci,0.0032129142692995435,0.999999999167096
2000,4774.520538566127,1.0,fibonacci,0.0031436176734482815,0.9999999991339095
2000,4923.882631706737,1.0,fibonacci,0.0028273637051609833,0.9999999991137571
2000,5077.917243205398,1.0,fibonacci,0.0039848335614789746,0.9999999990811609
2000,5236.77054420465,1.0,fibonacci,0.0035348431507268873,0.9999999990533786
2000,5400.593278542368,1.0,fibonacci,0.004784059303733896,0.9999999990205832
2000,5569.5409058001305,1.0,fibonacci,0.0030110485568365813,0.9999999990016826
2000,5743.773748826581,1.0,fibonacci,0.0033895200267375393,0.9999999989743196
2000,5923.4571458758055,1.0,fibonacci,0.0030960870048769734,0.9999999989360623
2000,6108.76160750504,1.0,fibonacci,0.003171751844581773,0.9999999989009658
2000,6299.862978380694,1.0,fibonacci,0.002825830881617316,0.9999999988743328
2000,6496.942604146125,1.0,fibonacci,0.0036241200437759306,0.9999999988396372
2000,6700.18750350959,1.0,fibonacci,0.0029229930318887625,0.9999999988082012
2000,6909.790545715645,1.0,fibonacci,0.0033609389409838086,0.9999999987641597
2000,7125.950633568411,1.0,fibonacci,0.003429947383453966,0.9999999987328945
2000,7348.872892180388,1.0,fibonacci,0.0029904043595838873,0.9999999986909047
2000,7578.76886362593,1.0,fibonacci,0.003268352540917047,0.9999999986516604
2000,7815.856707684091,1.0,fibonacci,0.002793303419402276,0.9999999986073963
2000,8060.361408861345,1.0,fibonacci,0.003133750451400731,0.9999999985617419
2000,8312.514989890631,1.0,fibonacci,0.0034875419387587945,0.9999999985219316
2000,8572.556731909324,1.0,fibonacci,0.002976147981098803,0.999999998471673
2000,8840.733401525064,1.0,fibonacci,0.0031921544240445816,0.9999999984232187
2000,9117.299484984922,1.0,fibonacci,0.003910451717614626,0.9999999983716796
2000,9402.517429670132,1.0,fibonacci,0.0035670983347714327,0.9999999983329934
2000,9696.65789314552,1.0,fibonacci,0.0034849298244437536,0.999999998274132
2000,10000.0,1.0,fibonacci,0.0033775190984434477,0.9999999982183206
2000,0.0,1.0,tribonacci,0.0483982089007412,1.0
2000,1.0,1.0,tribonacci,0.04837975665876422,1.0000000000007516
2000,1.0312831606721848,1.0,tribonacci,0.04837752158345585,0.9999999999943705
2000,1.0635449574860112,1.0,tribonacci,0.04837502871650956,0.99999999998845
2000,1.096816005273138,1.0,tribonacci,0.04837225083959243,0.9999999999853283
2000,1.1311278765939214,1.0,tribonacci,0.04836915834848127,0.9999999999871027
2000,1.1665131316981963,1.0,tribonacci,0.04836571913896017,0.9999999999937527
2000,1.2030053494233244,1.0,tribonacci,0.048361898506676625,0.9999999999997274
2000,1.240639159058832,1.0,tribonacci,0.04835765907969699,1.0000000000002358
2000,1.2794502732078736,1.0,tribonacci,0.04835296078730314,1.0000000000001843
2000,1.3194755216767062,1.0,tribonacci,0.048347760834561423,0.999999999999611
2000,1.3607528864243335,1.0,tribonacci,0.04834201374968757,1.0000000000001936
2000,1.403321537605485,1.0,tribonacci,0.048335671481586545,1.0000000000031675
2000,1.4472218707411348,1.0,tribonacci,0.04832868356723339,1.0000000000079154
2000,1.4924955450518296,1.0,tribonacci,0.048320997382422154,1.000000000011729
2000,1.5391855229902058,1.0,tribonacci,0.04831255849046516,1.0000000000109692
2000,1.587336111010209,1.0,tribonacci,0.04830331110426363,1.0000000000034523
2000,1.6369930016117025,1.0,tribonacci,0.048293198677531575,0.999999999991196
2000,1.6882033167003634,1.0,tribonacci,0.04828216464057054,0.9999999999816607
2000,1.7410156523040161,1.0,tribonacci,0.048270153294505465,0.9999999999842998
2000,1.7954801246878311,1.0,tribonacci,0.048257110874799114,0.9999999999977429
2000,1.8516484179121548,1.0,tribonacci,0.04824298680219372,1.0000000000002691
2000,1.9095738328780973,1.0,tribonacci,0.04822773517996536,0.9999999999997283
2000,1.9693113379074225,1.0,tribonacci,0.04821131643311168,0.9999999999999571
2000,2.0309176209047357,1.0,tribonacci,0.048193699186266654,1.000000000005944
2000,2.0944511431514696,1.0,tribonacci,0.048174862345505,1.000000000014485
2000,2.159972194782718,1.0,tribonacci,0.048154797362308724,1.000000000014597
2000,2.2275429519995575,1.0,tribonacci,0.04813351065860772,0.9999999999990073
2000,2.2972275360711523,1.0,tribonacci,0.048111026181744794,0.9999999999782528
2000,2.369092074182633,1.0,tribonacci,0.048087388048410694,0.999999999979129
2000,2.4432047621864883,1.0,tribonacci,0.048062663225851184,0.9999999999993271
2000,2.519635929317015,1.0,tribonacci,0.04803694415235315,1.0000000000000933
2000,2.598458104929249,1.0,tribonacci,0.048010351206499415,0.9999999999994664
2000,2.6797460873256913,1.0,tribonacci,0.04798303498645807,1.0000000000093556
2000,2.763577014736159,1.0,tribonacci,0.04795517831727744,1.000000000020243
2000,2.850030438518107,1.0,tribonacci,0.047926997824280324,1.00000000000602
2000,2.9391883986468863,1.0,tribonacci,0.04789874498554778,0.999999999973777
2000,3.0311355015675785,1.0,tribonacci,0.04787070670749362,0.9999999999793843
2000,3.1259590004822804,1.0,tribonacci,0.047843205573098395,0.9999999999996082
2000,3.2237488781490296,1.0,tribonacci,0.04781659936814671,0.9999999999986655
2000,3.3245979322709407,1.0,tribonacci,0.04779128016907857,1.0000000000076146
2000,3.428601863556586,1.0,tribonacci,0.047767673471693334,1.0000000000168878
2000,3.5358593665351785,1.0,tribonacci,0.047746237088098255,0.9999999999899881
2000,3.646472223212748,1.0,tribonacci,0.047727459980373976,0.999999999973701
2000,3.760545399658171,1.0,tribonacci,0.04771186166560054,0.9999999999991491
2000,3.8781871456107226,1.0,tribonacci,0.04769999179478439,0.9999999999985941
2000,3.9995090972036653,1.0,tribonacci,0.04769242890056013,1.0000000000123188
2000,4.1246263829013525,1.0,tribonacci,0.047689778697565126,1.0000000000056175
2000,4.253657732750387,1.0,tribonacci,0.04769266917096361,0.9999999999716448
2000,4.386725591048498,1.0,tribonacci,0.04770174052893589,0.9999999999986735
2000,4.523956232538054,1.0,tribonacci,0.04771762730053317,0.99999999999855
2000,4.6654798822344725,1.0,tribonacci,0.04774092705387445,1.0000000000195088
2000,4.811430839003259,1.0,tribonacci,0.047772153125240996,0.9999999999912356
2000,4.961947603002903,1.0,tribonacci,0.04781166617274859,0.9999999999781032
2000,5.117173007114605,1.0,tribonacci,0.04785958298719293,0.9999999999985344
2000,5.277254352483538,1.0,tribonacci,0.04791566288837037,1.0000000000161415
2000,5.442343548300267,1.0,tribonacci,0.047979176828440225,1.0000000000082991
2000,5.612597255954972,1.0,tribonacci,0.04804877115070503,0.999999999960375
2000,5.788177037701274,1.0,tribonacci,0.04812234436530519,0.9999999999974964
2000,5.969249509970735,1.0,tribonacci,0.048196962871363706,1.0000000000114868
2000,6.155986501483509,1.0,tribonacci,0.04826884790572185,0.9999999999803331
2000,6.348565216305219,1.0,tribonacci,0.048333467909944014,0.9999999999975546
2000,6.547168402004738,1.0,tribonacci,0.04838576614363745,1.0000000000048885
2000,6.751984523072503,1.0,tribonacci,0.048420543348340894,0.9999999999850464
2000,6.963207939763885,1.0,tribonacci,0.048432991332025534,0.9999999999977665
2000,7.181039092537351,1.0,tribonacci,0.0484193428977653,1.0000000000126796
2000,7.405684692262437,1.0,tribonacci,0.04837756837813786,0.9999999999703857
2000,7.637357916378021,1.0,tribonacci,0.04830801451915696,0.9999999999967243
2000,7.876278611187057,1.0,tribonacci,0.04821386158204337,1.0000000000165243
2000,8.122673500479713,1.0,tribonacci,0.04810128343407076,0.9999999999792125
2000,8.376776400682918,1.0,tribonacci,0.04797923198716092,1.000000000000336
2000,8.638828442740447,1.0,tribonacci,0.047858841612335064,0.9999999999792535
2000,8.909078300934137,1.0,tribonacci,0.047752534531126614,0.9999999999957956
2000,9.187782428863335,1.0,tribonacci,0.04767297424962944,0.9999999999984115
2000,9.475205302806543,1.0,tribonacci,0.047632007139323494,0.9999999999964935
2000,9.771619672696177,1.0,tribonacci,0.04763962386077333,1.000000000007971
2000,10.077306820944612,1.0,tribonacci,0.04770278592418918,0.999999999996287
2000,10.392556829367125,1.0,tribonacci,0.047823830382554944,1.000000000010859
2000,10.71766885445503,1.0,tribonacci,0.04799828438140278,0.9999999999960177
2000,11.052951411260215,1.0,tribonacci,0.048212407559556344,1.000000000002696
2000,11.39872266616052,1.0,tribonacci,0.04844151882327235,0.9999999999946434
2000,11.755310738783693,1.0,tribonacci,0.04865072587513941,0.9999999999774116
2000,12.123054013376523,1.0,tribonacci,0.04879952885349678,1.0000000000029832
2000,12.502301459914554,1.0,tribonacci,0.04885057580035948,0.9999999999949393
2000,12.89341296525715,1.0,tribonacci,0.04878079391760317,0.9999999999878576
2000,13.29675967466212,1.0,tribonacci,0.048591061216787336,1.0000000000007172
2000,13.712724343984002,1.0,tribonacci,0.04830992962913073,0.9999999999939064
2000,14.141701702890233,1.0,tribonacci,0.04798882064456245,0.9999999999822657
2000,14.584098829439856,1.0,tribonacci,0.04769014229640086,1.0000000000056075
2000,15.040335536380244,1.0,tribonacci,0.047473122916295345,0.9999999999931544
2000,15.510844769528397,1.0,tribonacci,0.047381530515378245,0.9999999999899294
2000,15.996073018614878,1.0,tribonacci,0.04743335065779177,0.9999999999723698
2000,16.496480740980207,1.0,tribonacci,0.04761092677107247,1.0000000000054758
2000,17.012542798525892,1.0,tribonacci,0.0478560214729347,1.000000000002844
2000,17.544748908334597,1.0,tribonacci,0.048081692608241466,0.9999999999966281
2000,18.093604107387165,1.0,tribonacci,0.04820752549307524,0.9999999999926442
2000,18.65962923181746,1.0,tribonacci,0.04820369601088651,0.9999999999917732
2000,19.2433614111598,1.0,tribonacci,0.04811238012232425,0.999999999991774
2000,19.845354578058032,1.0,tribonacci,0.04802575450328521,0.9999999999913799
2000,20.466179993919898,1.0,tribonacci,0.048033294351129664,0.9999999999914977
2000,21.106426791015547,1.0,tribonacci,0.048169682730672465,0.9999999999937007
2000,21.76670253153459,1.0,tribonacci,0.04838097089688942,0.9999999999994944
2000,22.44763378413224,1.0,tribonacci,0.04852537735295313,1.0000000000025555
2000,23.14986671851161,1.0,tribonacci,0.048446812982113355,0.9999999999773241
2000,23.87406771860647,1.0,tribonacci,0.04810943164439281,0.9999999999825019
2000,24.620924014946254,1.0,tribonacci,0.047668566482407054,0.9999999999896446
2000,25.39114433680347,1.0,tribonacci,0.047377729181292794,1.0000000000012257
2000,26.185459584742325,1.0,tribonacci,0.04741157030970733,0.9999999999658857
2000,27.00462352420682,1.0,tribonacci,0.04773680628378173,0.9999999999887905
2000,27.849413500806442,1.0,tribonacci,0.048095002487194054,0.9999999999949791
2000,28.72063117797828,1.0,tribonacci,0.04819408874525883,0.9999999999890725
2000,29.619103297725534,1.0,tribonacci,0.04801544764539986,0.9999999999988267
2000,30.545682465154318,1.0,tribonacci,0.047835361306017184,0.9999999999879857
2000,31.50124795755328,1.0,tribonacci,0.04789758516946823,0.9999999999712973
2000,32.486706558783744,1.0,tribonacci,0.04812084365189553,0.999999999995104
2000,33.502993419772295,1.0,tribonacci,0.04814250729651794,0.99999999998734
2000,34.55107294592218,1.0,tribonacci,0.047788214634599334,0.9999999999660916
2000,35.631939712285856,1.0,tribonacci,0.04739501025514138,0.9999999999803715
2000,36.7466194073669,1.0,tribonacci,0.04740595286638379,0.9999999999958682
2000,37.896169806447176,1.0,tribonacci,0.04777102316185825,1.0000000000000462
2000,39.08168177536266,1.0,tribonacci,0.04793606605318467,0.9999999999993623
2000,40.30428030568053,1.0,tribonacci,0.04765342366785485,0.9999999999968069
2000,41.5651255822599,1.0,tribonacci,0.047403887531782596,0.9999999999799466
2000,42.86541408420927,1.0,tribonacci,0.04757930432154147,0.9999999999652559
2000,44.20637972028532,1.0,tribonacci,0.047811069633202176,0.9999999999834772
2000,45.58929499981062,1.0,tribonacci,0.04760489579043292,0.9999999999961159
2000,47.01547224022132,1.0,tribonacci,0.04729908561404339,0.9999999999668916
2000,48.48626481239081,1.0,tribonacci,0.04728876964138788,0.9999999999897236
2000,50.00306842491092,1.0,tribonacci,0.04719123360319478,0.9999999999736834
2000,51.56732244854966,1.0,tribonacci,0.047013503460598204,0.9999999999910958
2000,53.180511282142,1.0,tribonacci,0.04750034405099329,0.9999999999834646
2000,54.84416576121018,1.0,tribonacci,0.04787676920892343,0.9999999999800733
2000,56.55986461065005,1.0,tribonacci,0.04686887910010798,0.9999999999795236
2000,58.329235942862034,1.0,tribonacci,0.04649339108960883,0.999999999978598
2000,60.153958802748356,1.0,tribonacci,0.04754906234144561,0.9999999999785236
2000,62.035764761042714,1.0,tribonacci,0.046960108425553246,0.999999999977098
2000,63.97643955748427,1.0,tribonacci,0.04671200203541901,0.9999999999892905
2000,65.97782479539536,1.0,tribonacci,0.047978641309973445,0.9999999999556674
2000,68.04181968927098,1.0,tribonacci,0.04635488376558868,0.9999999999748325
2000,70.17038286703826,1.0,tribonacci,0.04667261052060261,0.9999999999484859
2000,72.36553422869653,1.0,tribonacci,0.0477725770617504,0.9999999999891607
2000,74.62935686310134,1.0,tribonacci,0.04641806579232335,0.9999999999726191
2000,76.96399902471158,1.0,tribonacci,0.047701826347421566,0.9999999999723177
2000,79.37167617217551,1.0,tribonacci,0.04675415445296093,0.9999999999713594
2000,81.8546730706903,1.0,tribonacci,0.04722606694617605,0.9999999999700315
2000,84.41534596012986,1.0,tribonacci,0.047212902345324534,0.9999999999814975
2000,87.05612479099865,1.0,tribonacci,0.047537588262220896,0.9999999999583279
2000,89.77951553033323,1.0,tribonacci,0.04737698576688892,0.9999999999793951
2000,92.58810253973955,1.0,tribonacci,0.04722293529886423,0.9999999999664196
2000,95.48455102782293,1.0,tribonacci,0.04780716117221073,0.9999999999660324
2000,98.47160957933774,1.0,tribonacci,0.047731354138605145,0.9999999999648542
2000,101.5521127634568,1.0,tribonacci,0.047412065709787524,0.9999999999634758
2000,104.72898382363586,1.0,tribonacci,0.04792698911772893,0.9999999999772687
2000,108.00523745162529,1.0,tribonacci,0.0475474429775426,0.9999999999609162
2000,111.38398264826195,1.0,tribonacci,0.047952292542120314,0.9999999999528664
2000,114.86842567375535,1.0,tribonacci,0.047335295827099874,0.9999999999695732
2000,118.46187309026836,1.0,tribonacci,0.04756105222747259,0.9999999999588869
2000,122.16773489967919,1.0,tribonacci,0.047536332484976566,0.9999999999473175
2000,125.98952777950272,1.0,tribonacci,0.047091524137888925,0.9999999999638962
2000,129.93087842004158,1.0,tribonacci,0.046957927636265,0.9999999999550019
2000,133.99552696593383,1.0,tribonacci,0.04664614852191502,0.9999999999506308
2000,138.18733056536323,1.0,tribonacci,0.04690044311947403,0.9999999999519094
2000,142.5102670302998,1.0,tribonacci,0.04621269783331359,0.9999999999559925
2000,146.9684386112446,1.0,tribonacci,0.04603070150379285,0.9999999999355782
2000,151.5660758900603,1.0,tribonacci,0.04594488711446804,0.9999999999450983
2000,156.30754179458157,1.0,tribonacci,0.04581845589959512,0.9999999999402494
2000,161.1973357388157,1.0,tribonacci,0.04602344885803262,0.9999999999381489
2000,166.2400978926612,1.0,tribonacci,0.04616509610628125,0.9999999999558641
2000,171.440613585197,1.0,tribonacci,0.04658720794338524,0.9999999999407071
2000,176.8038178457207,1.0,tribonacci,0.04631477031205108,0.9999999999391576
2000,182.33480008684404,1.0,tribonacci,0.0465011416239263,0.9999999999479057
2000,188.03880893409146,1.0,tribonacci,0.04631743598813841,0.9999999999351914
2000,193.9212572065829,1.0,tribonacci,0.046380360491352336,0.9999999999189098
2000,199.9877270535285,1.0,tribonacci,0.046175880799869035,0.9999999999310717
2000,206.24397525140904,1.0,tribonacci,0.04620400881174819,0.9999999999212853
2000,212.69593866686898,1.0,tribonacci,0.045990708299218294,0.9999999999398854
2000,219.3497398905058,1.0,tribonacci,0.04600818859185838,0.9999999999132977
2000,226.2116930469024,1.0,tribonacci,0.04607248422676822,0.9999999999252662
2000,233.2883097864156,1.0,tribonacci,0.045861230560039275,0.9999999999202355
2000,240.58630546440645,1.0,tribonacci,0.045618303094814426,0.9999999999318836
2000,248.11260551377677,1.0,tribonacci,0.04584643653988472,0.9999999999160385
2000,255.87435201685892,1.0,tribonacci,0.045787543320106844,0.9999999999127187
2000,263.87891048289345,1.0,tribonacci,0.0455363892760422,0.9999999999016698
2000,272.13387683753086,1.0,tribonacci,0.045849703981346294,0.9999999999108817
2000,280.6470846309839,1.0,tribonacci,0.04547346692893001,0.9999999999050037
2000,289.4266124716752,1.0,tribonacci,0.045598308058759716,0.9999999999004093
2000,298.4807916924327,1.0,tribonacci,0.045556450677980566,0.9999999999127878
2000,307.81821425650804,1.0,tribonacci,0.045594231731370345,0.9999999999090228
2000,317.4477409109193,1.0,tribonacci,0.0461827564548813,0.9999999998852329
2000,327.3785095948577,1.0,tribonacci,0.04597007260588345,0.9999999998894002
2000,337.61994411113403,1.0,tribonacci,0.04590347779363881,0.999999999885502
2000,348.18176306889666,1.0,tribonacci,0.045603154950227584,0.9999999998811003
2000,359.0739891061055,1.0,tribonacci,0.04554459938098977,0.9999999998982524
2000,370.30695840051413,1.0,tribonacci,0.04595702378700804,0.9999999998776692
2000,381.8913304781854,1.0,tribonacci,0.04635420261729111,0.999999999873045
2000,393.8380983288489,1.0,tribonacci,0.04592380980248197,0.9999999998098361
2000,406.158598837698,1.0,tribonacci,0.046420883181179574,0.9999999997924062
2000,418.86452354352707,1.0,tribonacci,0.045768717386042386,0.999999999650931
2000,431.96792973341735,1.0,tribonacci,0.045272511401800684,0.9999999995965041
2000,445.4812518844989,1.0,tribonacci,0.03806250891447662,0.9999999982094051
2000,459.41731346364764,1.0,tribonacci,0.039171483787302494,0.9999999982714708
2000,473.7893390963144,1.0,tribonacci,0.04802670137409707,0.9999999987958164
2000,488.6109671160326,1.0,tribonacci,0.04727855296419121,0.9999999970423764
2000,503.89626250651503,1.0,tribonacci,0.05516874730221483,0.9999999963057161
2000,519.6597302486197,1.0,tribonacci,0.04690284581759074,0.9999999954229987
2000,535.9163290848514,1.0,tribonacci,0.04329643354713619,0.9999999948651029
2000,552.6814857144603,1.0,tribonacci,0.04818552932517387,0.9999999940365432
2000,569.9711094326076,1.0,tribonacci,0.0430821189103149,0.9999999935015627
2000,587.8016072274912,1.0,tribonacci,0.0470676578633695,0.9999999934478165
2000,606.1898993497572,1.0,tribonacci,0.04611263026324577,0.9999999933700184
2000,625.1534353689711,1.0,tribonacci,0.04849410508846251,0.9999999932162668
2000,644.7102107323869,1.0,tribonacci,0.04589520060548784,0.999999993049832
2000,664.8787838417263,1.0,tribonacci,0.044523901451928825,0.9999999933797843
2000,685.6782936641738,1.0,tribonacci,0.04334249970742291,0.999999991140088
2000,707.1284778942996,1.0,tribonacci,0.03895951239909294,0.9999999901282904
2000,729.2496916841444,1.0,tribonacci,0.041469773417525335,0.9999999888889395
2000,752.0629269592407,1.0,tribonacci,0.04408258619822048,0.9999999848375821
2000,775.5898323389001,1.0,tribonacci,0.04777288434200843,0.9999999864017264
2000,799.8527336796708,1.0,tribonacci,0.052543026867099496,0.9999999852914512
2000,824.8746552614581,1.0,tribonacci,0.03896709656517581,0.9999999841292191
2000,850.6793416364153,1.0,tribonacci,0.03910863919055122,0.9999999830362332
2000,877.2912801613356,1.0,tribonacci,0.04895148954634461,0.9999999821400688
2000,904.7357242349293,1.0,tribonacci,0.0406491590830103,0.9999999806489691
2000,933.038717262036,1.0,tribonacci,0.041368063743304886,0.9999999785504226
2000,962.2271173675134,1.0,tribonacci,0.0465989435126392,0.9999999793033103
2000,992.3286228832545,1.0,tribonacci,0.05305844358750107,0.9999999775257004
2000,1023.3717986325192,1.0,tribonacci,0.047278168501260605,0.9999999770985202
2000,1055.386103036523,1.0,tribonacci,0.04485969772142171,0.9999999776852277
2000,1088.4019160690054,1.0,tribonacci,0.0500271016698918,0.9999999740706762
2000,1122.4505680853058,1.0,tribonacci,0.054465129240267716,0.9999999723964418
2000,1157.5643695533035,1.0,tribonacci,0.0350835661501305,0.9999999707092608
2000,1193.7766417144358,1.0,tribonacci,0.049410567730482115,0.9999999700970328
2000,1231.1217482038908,1.0,tribonacci,0.050411744043483336,0.999999968306392
2000,1269.6351276599742,1.0,tribonacci,0.04497805791540947,0.9999999666605514
2000,1309.353327353611,1.0,tribonacci,0.04878983510644025,0.999999964782882
2000,1350.3140378698736,1.0,tribonacci,0.04290519565802774,0.9999999629365257
2000,1392.5561288744634,1.0,tribonacci,0.0430026810266825,0.9999999613311183
2000,1436.1196859990787,1.0,tribonacci,0.045618423473110736,0.9999999596276553
2000,1481.0460488806755,1.0,tribonacci,0.0416233963648021,0.9999999581442507
2000,1527.377850390714,1.0,tribonacci,0.0373910597228804,0.9999999560868293
2000,1575.1590570916228,1.0,tribonacci,0.04006524820052238,0.9999999532824919
2000,1624.435010958867,1.0,tribonacci,0.04870831748242626,0.9999999514326763
2000,1675.2524724082155,1.0,tribonacci,0.03939971945747729,0.9999999508503357
2000,1727.6596646690364,1.0,tribonacci,0.03987415313965524,0.9999999502883824
2000,1781.7063195457306,1.0,tribonacci,0.04324658683430528,0.9999999463942999
2000,1837.4437246107268,1.0,tribonacci,0.05404458348242764,0.9999999418801091
2000,1894.9247718738216,1.0,tribonacci,0.051369914775413236,0.9999999401114045
2000,1954.2040079740534,1.0,tribonacci,0.04414706513476604,0.9999999395453629
2000,2015.337685941733,1.0,tribonacci,0.04237798311294711,0.9999999348514734
2000,2078.383818579757,1.0,tribonacci,0.04120116688648593,0.9999999313816046
2000,2143.4022335148566,1.0,tribonacci,0.033216843441791585,0.9999999292294854
2000,2210.4546299710214,1.0,tribonacci,0.04250633824950726,0.9999999272912868
2000,2279.6046373189797,1.0,tribonacci,0.043451910040384484,0.9999999196933652
2000,2350.9178754572868,1.0,tribonacci,0.03958328953028946,0.9999999213228762
2000,2424.462017082328,1.0,tribonacci,0.04612914340383399,0.9999999182064783
2000,2500.306851906324,1.0,tribonacci,0.038854278102295074,0.9999999133798759
2000,2578.524352884274,1.0,tribonacci,0.04403827099618307,0.9999999110079136
2000,2659.1887445126936,1.0,tribonacci,0.04566737566064873,0.9999999071755873
2000,2742.3765732649495,1.0,tribonacci,0.046173934935209125,0.9999999040357201
2000,2828.166780230032,1.0,tribonacci,0.04599323625434956,0.9999998963535193
2000,2916.640776023704,1.0,tribonacci,0.04504980511457159,0.9999998931730467
2000,3007.882518043099,1.0,tribonacci,0.0347490169125604,0.9999998871912306
2000,3101.978590138097,1.0,tribonacci,0.0393527548239275,0.9999998863567638
2000,3199.018284775064,1.0,tribonacci,0.035809560453588324,0.9999998814300346
2000,3299.093687770939,1.0,tribonacci,0.03397577577101741,0.9999998753701106
2000,3402.2997656780676,1.0,tribonacci,0.049396802237342934,0.9999998726429851
2000,3508.7344559027115,1.0,tribonacci,0.0490249271913029,0.9999998688423506
2000,3618.4987596427463,1.0,tribonacci,0.03881661834410714,0.9999998621171525
2000,3731.6968377327516,1.0,tribonacci,0.04572398393742465,0.999999857491418
2000,3848.436109487429,1.0,tribonacci,0.04341578454330788,0.9999998520338762
2000,3968.827354637162,1.0,tribonacci,0.04641483772132985,0.99999984565148
2000,4092.984818452438,1.0,tribonacci,0.04710173217343686,0.9999998417218533
2000,4221.026320156899,1.0,tribonacci,0.04069122447678977,0.999999834387311
2000,4353.0733647318875,1.0,tribonacci,0.03369880178364067,0.9999998297629521
2000,4489.251258218603,1.0,tribonacci,0.03978546813452664,0.9999998216497061
2000,4629.689226627263,1.0,tribonacci,0.04275097538870753,0.999999815097418
2000,4774.520538566127,1.0,tribonacci,0.039916170264761484,0.9999998093462648
2000,4923.882631706737,1.0,tribonacci,0.036799678054082095,0.9999998031432883
2000,5077.917243205398,1.0,tribonacci,0.04390120579611169,0.9999997967571559
2000,5236.77054420465,1.0,tribonacci,0.03305110254946905,0.9999997913782943
2000,5400.593278542368,1.0,tribonacci,0.033251780943141504,0.9999997832721117
2000,5569.5409058001305,1.0,tribonacci,0.04740796604241067,0.9999997759315781
2000,5743.773748826581,1.0,tribonacci,0.030784163067333538,0.9999997667288781
2000,5923.4571458758055,1.0,tribonacci,0.03781491602340313,0.9999997582566401
2000,6108.76160750504,1.0,tribonacci,0.037094744078631094,0.9999997520155873
2000,6299.862978380694,1.0,tribonacci,0.03847084992127566,0.9999997431158477
2000,6496.942604146125,1.0,tribonacci,0.04022209255287126,0.9999997347197991
2000,6700.18750350959,1.0,tribonacci,0.038303734459320206,0.9999997246101262
2000,6909.790545715645,1.0,tribonacci,0.045725964558710044,0.9999997156621921
2000,7125.950633568411,1.0,tribonacci,0.041028330010539564,0.9999997026316031
2000,7348.872892180388,1.0,tribonacci,0.03374058706218986,0.9999996956887202
2000,7578.76886362593,1.0,tribonacci,0.03589219497455223,0.9999996858090009
2000,7815.856707684091,1.0,tribonacci,0.030901841110396032,0.9999996760062191
2000,8060.361408861345,1.0,tribonacci,0.03497520997459262,0.9999996641997788
2000,8312.514989890631,1.0,tribonacci,0.03190432907073391,0.9999996523950608
2000,8572.556731909324,1.0,tribonacci,0.03400545109202138,0.9999996421351216
2000,8840.733401525064,1.0,tribonacci,0.021520307178132345,0.9999996311174977
2000,9117.299484984922,1.0,tribonacci,0.022903322658602735,0.9999996188091081
2000,9402.517429670132,1.0,tribonacci,0.024542275465492886,0.9999996088241624
2000,9696.65789314552,1.0,tribonacci,0.025719068374551193,0.9999995999879971
2000,10000.0,1.0,tribonacci,0.021248983123775097,0.9999995879220126
2000,0.0,1.5,fibonacci,0.00940313707633849,1.0
2000,1.0,1.5,fibonacci,0.009401945233736907,1.00000000000283
2000,1.0312831606721848,1.5,fibonacci,0.009401813388035203,1.0000000000030727
2000,1.0635449574860112,1.5,fibonacci,0.009401666981178055,1.000000000002719
2000,1.096816005273138,1.5,fibonacci,0.009401504493115945,1.0000000000016462
2000,1.1311278765939214,1.5,fibonacci,0.009401324267301357,0.9999999999999195
2000,1.1665131316981963,1.5,fibonacci,0.009401124503035575,0.9999999999978624
2000,1.2030053494233244,1.5,fibonacci,0.00940090324833813,0.9999999999960728
2000,1.240639159058832,1.5,fibonacci,0.009400658393573203,0.9999999999953125
2000,1.2794502732078736,1.5,fibonacci,0.009400387666092611,0.9999999999961796
2000,1.3194755216767062,1.5,fibonacci,0.009400088626172377,0.9999999999984416
2000,1.3607528864243335,1.5,fibonacci,0.009399758664535957,0.9999999999999084
2000,1.403321537605485,1.5,fibonacci,0.009399395004522528,1.0000000000000564
2000,1.4472218707411348,1.5,fibonacci,0.009398994706003095,0.9999999999999831
2000,1.4924955450518296,1.5,fibonacci,0.0093985546706343,0.9999999999998477
2000,1.5391855229902058,1.5,fibonacci,0.009398071653705662,1.0000000000001794
2000,1.587336111010209,1.5,fibonacci,0.009397542280067915,1.0000000000012303
2000,1.6369930016117025,1.5,fibonacci,0.009396963065616734,1.000000000002619
2000,1.6882033167003634,1.5,fibonacci,0.009396330445069797,1.0000000000033893
2000,1.7410156523040161,1.5,fibonacci,0.009395640806753779,1.0000000000025169
2000,1.7954801246878311,1.5,fibonacci,0.009394890535050479,0.9999999999997301
2000,1.8516484179121548,1.5,fibonacci,0.009394076061019893,0.9999999999962459
2000,1.9095738328780973,1.5,fibonacci,0.009393193921498533,0.9999999999946966
2000,1.9693113379074225,1.5,fibonacci,0.009392240826632316,0.9999999999971366
2000,2.0309176209047357,1.5,fibonacci,0.00939121373532069,0.9999999999998561
2000,2.0944511431514696,1.5,fibonacci,0.009390109940790446,1.0000000000000289
2000,2.159972194782718,1.5,fibonacci,0.009388927164164396,0.9999999999997697
2000,2.2275429519995575,1.5,fibonacci,0.009387663650419525,1.0000000000005502
2000,2.2972275360711523,1.5,fibonacci,0.009386318272336566,1.0000000000028029
2000,2.369092074182633,1.5,fibonacci,0.00938489063549868,1.0000000000042173
2000,2.4432047621864883,1.5,fibonacci,0.009383381181245952,1.0000000000018021
2000,2.519635929317015,1.5,fibonacci,0.009381791284408324,0.9999999999961351
2000,2.598458104929249,1.5,fibonacci,0.009380123342752891,0.9999999999934668
2000,2.6797460873256913,1.5,fibonacci,0.009378380855610744,0.9999999999985367
2000,2.763577014736159,1.5,fibonacci,0.009376568487059702,0.9999999999999661
2000,2.850030438518107,1.5,fibonacci,0.009374692094578864,0.9999999999996844
2000,2.9391883986468863,1.5,fibonacci,0.009372758740771937,1.0000000000012321
2000,3.0311355015675785,1.5,fibonacci,0.009370776675511857,1.0000000000040743
2000,3.1259590004822804,1.5,fibonacci,0.009368755282900772,1.0000000000020122
2000,3.2237488781490296,1.5,fibonacci,0.009366704985538614,0.9999999999947913
2000,3.3245979322709407,1.5,fibonacci,0.009364637113650995,0.9999999999949932
2000,3.428601863556586,1.5,fibonacci,0.009362563757184753,0.9999999999997982
2000,3.5358593665351785,1.5,fibonacci,0.00936049755958868,0.9999999999996039
2000,3.646472223212748,1.5,fibonacci,0.009358451455484033,1.0000000000017235
2000,3.760545399658171,1.5,fibonacci,0.009356438384976606,1.0000000000035683
2000,3.8781871456107226,1.5,fibonacci,0.009354470915318549,0.999999999996922
2000,3.9995090972036653,1.5,fibonacci,0.00935256074058393,0.999999999994858
2000,4.1246263829013525,1.5,fibonacci,0.009350718051294858,0.9999999999997908
2000,4.253657732750387,1.5,fibonacci,0.009348950653541603,0.999999999999768
2000,4.386725591048498,1.5,fibonacci,0.009347262721386838,1.0000000000036942
2000,4.523956232538054,1.5,fibonacci,0.009345653124739686,0.9999999999997773
2000,4.6654798822344725,1.5,fibonacci,0.00934411312031156,0.9999999999933137
2000,4.811430839003259,1.5,fibonacci,0.00934262331530283,0.9999999999997478
2000,4.961947603002903,1.5,fibonacci,0.009341149809552382,1.000000000000061
2000,5.117173007114605,1.5,fibonacci,0.009339639439941792,1.0000000000052065
2000,5.277254352483538,1.5,fibonacci,0.00933801431360288,0.9999999999946134
2000,5.442343548300267,1.5,fibonacci,0.009336165905185377,0.9999999999979297
2000,5.612597255954972,1.5,fibonacci,0.009333949295879981,0.9999999999993041
2000,5.788177037701274,1.5,fibonacci,0.009331178449251562,1.0000000000039497
2000,5.969249509970735,1.5,fibonacci,0.009327623683213373,0.9999999999955074
2000,6.155986501483509,1.5,fibonacci,0.009323012823902981,0.9999999999991829
2000,6.348565216305219,1.5,fibonacci,0.009317037482095177,0.9999999999996037
2000,6.547168402004738,1.5,fibonacci,0.009309365958540016,1.0000000000031908
2000,6.751984523072503,1.5,fibonacci,0.00929966357152478,0.999999999992941
2000,6.963207939763885,1.5,fibonacci,0.009287620512918272,0.9999999999992052
2000,7.181039092537351,1.5,fibonacci,0.009272985768494526,1.0000000000044442
2000,7.405684692262437,1.5,fibonacci,0.009255604399986453,0.9999999999915571
2000,7.637357916378021,1.5,fibonacci,0.009235453597448135,0.9999999999992464
2000,7.876278611187057,1.5,fibonacci,0.00921267173927104,1.0000000000039122
2000,8.122673500479713,1.5,fibonacci,0.009187574528277686,0.9999999999916757
2000,8.376776400682918,1.5,fibonacci,0.00916065278572871,0.9999999999989122
2000,8.638828442740447,1.5,fibonacci,0.009132548904154615,1.0000000000036253
2000,8.909078300934137,1.5,fibonacci,0.009104012292376836,0.9999999999964727
2000,9.187782428863335,1.5,fibonacci,0.009075837748090131,1.000000000000916
2000,9.475205302806543,1.5,fibonacci,0.00904879353515171,0.9999999999926245
2000,9.771619672696177,1.5,fibonacci,0.009023545793498932,0.9999999999987543
2000,10.077306820944612,1.5,fibonacci,0.009000582842500004,1.0000000000013394
2000,10.392556829367125,1.5,fibonacci,0.008980137180122317,0.9999999999988637
2000,10.71766885445503,1.5,fibonacci,0.008962100551451208,1.000000000004157
2000,11.052951411260215,1.5,fibonacci,0.008945934222289485,0.999999999998524
2000,11.39872266616052,1.5,fibonacci,0.008930597662335595,1.0000000000059661
2000,11.755310738783693,1.5,fibonacci,0.008914549490828271,0.9999999999964846
2000,12.123054013376523,1.5,fibonacci,0.00889589550980323,1.0000000000038947
2000,12.502301459914554,1.5,fibonacci,0.00887274213134035,0.9999999999983065
2000,12.89341296525715,1.5,fibonacci,0.008843739338319882,1.0000000000017177
2000,13.29675967466212,1.5,fibonacci,0.008808678560507986,0.9999999999981545
2000,13.712724343984002,1.5,fibonacci,0.008768909238614685,0.9999999999911658
2000,14.141701702890233,1.5,fibonacci,0.008727336059191671,1.000000000000094
2000,14.584098829439856,1.5,fibonacci,0.008687900877230011,0.9999999999951299
2000,15.040335536380244,1.5,fibonacci,0.00865468240989613,1.000000000001648
2000,15.510844769528397,1.5,fibonacci,0.008630914762337811,0.9999999999979293
2000,15.996073018614878,1.5,fibonacci,0.008618184735139022,0.9999999999944296
2000,16.496480740980207,1.5,fibonacci,0.008615838602893347,0.9999999999980295
2000,17.012542798525892,1.5,fibonacci,0.008620524615957997,1.0000000000014881
2000,17.544748908334597,1.5,fibonacci,0.008626165709493861,0.9999999999975457
2000,18.093604107387165,1.5,fibonacci,0.008625218782125544,0.9999999999890968
2000,18.65962923181746,1.5,fibonacci,0.008611797354171552,0.9999999999947291
2000,19.2433614111598,1.5,fibonacci,0.008585538637568314,1.0000000000045586
2000,19.845354578058032,1.5,fibonacci,0.008553361035656019,1.000000000000375
2000,20.466179993919898,1.5,fibonacci,0.008527025902353323,0.9999999999965653
2000,21.106426791015547,1.5,fibonacci,0.008517763372018202,0.999999999996723
2000,21.76670253153459,1.5,fibonacci,0.008531182839290873,0.999999999996825
2000,22.44763378413224,1.5,fibonacci,0.00856366902371317,0.9999999999962501
2000,23.14986671851161,1.5,fibonacci,0.008600457716015366,0.999999999995736
2000,23.87406771860647,1.5,fibonacci,0.008619938778648672,0.999999999996156
2000,24.620924014946254,1.5,fibonacci,0.008608077166580153,0.9999999999959536
2000,25.39114433680347,1.5,fibonacci,0.008572935076149873,0.9999999999956166
2000,26.185459584742325,1.5,fibonacci,0.00854173911598723,0.9999999999969622
2000,27.00462352420682,1.5,fibonacci,0.008540765596152385,1.00000000000001
2000,27.849413500806442,1.5,fibonacci,0.008575518626519438,0.9999999999881722
2000,28.72063117797828,1.5,fibonacci,0.008620542581801742,0.9999999999921405
2000,29.619103297725534,1.5,fibonacci,0.008629613217326993,0.9999999999953509
2000,30.545682465154318,1.5,fibonacci,0.00857859153308526,0.999999999997821
2000,31.50124795755328,1.5,fibonacci,0.008500505944998278,0.9999999999918523
2000,32.486706558783744,1.5,fibonacci,0.00845580026848647,0.9999999999974493
2000,33.502993419772295,1.5,fibonacci,0.008467954374048531,0.9999999999840432
2000,34.55107294592218,1.5,fibonacci,0.008487682865073216,0.9999999999948649
2000,35.631939712285856,1.5,fibonacci,0.00842539123638534,0.999999999987823
2000,36.7466194073669,1.5,fibonacci,0.008269266612532113,1.0000000000023623
2000,37.896169806447176,1.5,fibonacci,0.008119583474996417,0.9999999999933595
2000,39.08168177536266,1.5,fibonacci,0.008044498260654327,0.9999999999826732
2000,40.30428030568053,1.5,fibonacci,0.007967683191058433,0.9999999999981988
2000,41.5651255822599,1.5,fibonacci,0.007745193767129091,0.9999999999935124
2000,42.86541408420927,1.5,fibonacci,0.007414896283510353,0.999999999992163
2000,44.20637972028532,1.5,fibonacci,0.007149307089770484,0.9999999999914061
2000,45.58929499981062,1.5,fibonacci,0.006956819076190441,0.9999999999783532
2000,47.01547224022132,1.5,fibonacci,0.006672691564800334,0.9999999999859981
2000,48.48626481239081,1.5,fibonacci,0.006311309535101589,0.9999999999860243
2000,50.00306842491092,1.5,fibonacci,0.006084568232497567,0.9999999999903948
2000,51.56732244854966,1.5,fibonacci,0.005982935310666846,0.9999999999910295
2000,53.180511282142,1.5,fibonacci,0.005823092119541805,0.9999999999899531
2000,54.84416576121018,1.5,fibonacci,0.005683668537595521,0.9999999999889013
2000,56.55986461065005,1.5,fibonacci,0.005713342085675478,0.9999999999964173
2000,58.329235942862034,1.5,fibonacci,0.005759924917967121,0.9999999999884334
2000,60.153958802748356,1.5,fibonacci,0.005734235818947161,0.999999999980209
2000,62.035764761042714,1.5,fibonacci,0.005821833983450711,0.9999999999959822
2000,63.97643955748427,1.5,fibonacci,0.0058622474991956025,0.9999999999907879
2000,65.97782479539536,1.5,fibonacci,0.0056757662275551185,0.9999999999870004
2000,68.04181968927098,1.5,fibonacci,0.005510645328885908,0.9999999999865494
2000,70.17038286703826,1.5,fibonacci,0.005217686232001604,0.9999999999903293
2000,72.36553422869653,1.5,fibonacci,0.004883479676584276,0.9999999999913651
2000,74.62935686310134,1.5,fibonacci,0.004690686944469225,0.9999999999762172
2000,76.96399902471158,1.5,fibonacci,0.004480720896309695,0.999999999985867
2000,79.37167617217551,1.5,fibonacci,0.004434141429334533,0.9999999999724615
2000,81.8546730706903,1.5,fibonacci,0.004413258028205148,0.9999999999909559
2000,84.41534596012986,1.5,fibonacci,0.004478503801644875,0.9999999999836495
2000,87.05612479099865,1.5,fibonacci,0.004570235287253051,0.9999999999822141
2000,89.77951553033323,1.5,fibonacci,0.004637617402322991,0.9999999999825682
2000,92.58810253973955,1.5,fibonacci,0.004730691062324811,0.9999999999890794
2000,95.48455102782293,1.5,fibonacci,0.004767620908535641,0.9999999999703182
2000,98.47160957933774,1.5,fibonacci,0.004807378725510078,0.9999999999810194
2000,101.5521127634568,1.5,fibonacci,0.004745257082128795,0.9999999999710829
2000,104.72898382363586,1.5,fibonacci,0.004550037072089913,0.9999999999794521
2000,108.00523745162529,1.5,fibonacci,0.004401701373687568,0.9999999999849201
2000,111.38398264826195,1.5,fibonacci,0.004256269338133708,0.9999999999838893
2000,114.86842567375535,1.5,fibonacci,0.004383361403364047,0.9999999999675135
2000,118.46187309026836,1.5,fibonacci,0.00458208974321114,0.9999999999761684
2000,122.16773489967919,1.5,fibonacci,0.004864825138954058,0.9999999999692785
2000,125.98952777950272,1.5,fibonacci,0.0050479777530705264,0.9999999999812766
2000,129.93087842004158,1.5,fibonacci,0.004780628350313984,0.999999999980345
2000,133.99552696593383,1.5,fibonacci,0.004431056695638311,0.9999999999799052
2000,138.18733056536323,1.5,fibonacci,0.0043839906918283315,0.9999999999621091
2000,142.5102670302998,1.5,fibonacci,0.00460398797543908,0.99999999997119
2000,146.9684386112446,1.5,fibonacci,0.004901432771267195,0.9999999999584835
2000,151.5660758900603,1.5,fibonacci,0.005150314366171988,0.9999999999593867
2000,156.30754179458157,1.5,fibonacci,0.0053759752771918344,0.999999999967753
2000,161.1973357388157,1.5,fibonacci,0.005487645505919525,0.9999999999718151
2000,166.2400978926612,1.5,fibonacci,0.005319305021935326,0.9999999999655221
2000,171.440613585197,1.5,fibonacci,0.005164581368173673,0.9999999999520995
2000,176.8038178457207,1.5,fibonacci,0.005406018360169888,0.9999999999563471
2000,182.33480008684404,1.5,fibonacci,0.00604887914182514,0.9999999999624181
2000,188.03880893409146,1.5,fibonacci,0.0059611437360700915,0.9999999999504285
2000,193.9212572065829,1.5,fibonacci,0.0051125438813679125,0.9999999999598842
2000,199.9877270535285,1.5,fibonacci,0.004751150601766703,0.9999999999417072
2000,206.24397525140904,1.5,fibonacci,0.0046866155925099654,0.9999999999568946
2000,212.69593866686898,1.5,fibonacci,0.004521766414654415,0.9999999999548518
2000,219.3497398905058,1.5,fibonacci,0.004280424144855994,0.99999999995419
2000,226.2116930469024,1.5,fibonacci,0.0038244752246619617,0.9999999999524037
2000,233.2883097864156,1.5,fibonacci,0.0035934385098293307,0.9999999999446385
2000,240.58630546440645,1.5,fibonacci,0.0040447685430564425,0.9999999999377536
2000,248.11260551377677,1.5,fibonacci,0.004482164973005358,0.9999999999467644
2000,255.87435201685892,1.5,fibonacci,0.004507436018911728,0.9999999999436997
2000,263.87891048289345,1.5,fibonacci,0.005024817916315704,0.9999999999435669
2000,272.13387683753086,1.5,fibonacci,0.004855843272395752,0.9999999999407218
2000,280.6470846309839,1.5,fibonacci,0.004524372347820803,0.999999999942492
2000,289.4266124716752,1.5,fibonacci,0.0047169180267814925,0.9999999999286303
2000,298.4807916924327,1.5,fibonacci,0.005430755619571633,0.9999999999357015
2000,307.81821425650804,1.5,fibonacci,0.006459330077166446,0.999999999921176
2000,317.4477409109193,1.5,fibonacci,0.008051056397960847,0.9999999999388608
2000,327.3785095948577,1.5,fibonacci,0.00847314047907336,0.9999999999336416
2000,337.61994411113403,1.5,fibonacci,0.007641746758437757,0.9999999999272561
2000,348.18176306889666,1.5,fibonacci,0.006571920045026265,0.9999999999255247
2000,359.0739891061055,1.5,fibonacci,0.005415116901208343,0.9999999999127709
2000,370.30695840051413,1.5,fibonacci,0.004597572375712026,0.9999999999076352
2000,381.8913304781854,1.5,fibonacci,0.004571274328639607,0.9999999999215712
2000,393.8380983288489,1.5,fibonacci,0.004599375416342064,0.9999999999211198
2000,406.158598837698,1.5,fibonacci,0.004484710587940735,0.9999999999115403
2000,418.86452354352707,1.5,fibonacci,0.004655098012765597,0.9999999999120259
2000,431.96792973341735,1.5,fibonacci,0.004990928103199272,0.9999999999117779
2000,445.4812518844989,1.5,fibonacci,0.006396768674870346,0.9999999998985686
2000,459.41731346364764,1.5,fibonacci,0.007945537601263656,0.9999999998973145
2000,473.7893390963144,1.5,fibonacci,0.0075967250725528755,0.999999999893782
2000,488.6109671160326,1.5,fibonacci,0.0066763736130742365,0.9999999998727827
2000,503.89626250651503,1.5,fibonacci,0.004617213217206129,0.9999999998883777
2000,519.6597302486197,1.5,fibonacci,0.003996483215495426,0.9999999998762696
2000,535.9163290848514,1.5,fibonacci,0.004590644576926658,0.9999999998614083
2000,552.6814857144603,1.5,fibonacci,0.004243255060826445,0.9999999998709748
2000,569.9711094326076,1.5,fibonacci,0.004183820844926089,0.9999999998652125
2000,587.8016072274912,1.5,fibonacci,0.004618980001938892,0.9999999998608808
2000,606.1898993497572,1.5,fibonacci,0.00824817812205049,0.9999999998538962
2000,625.1534353689711,1.5,fibonacci,0.009321932034826837,0.999999999831489
2000,644.7102107323869,1.5,fibonacci,0.006032802039474201,0.9999999998419232
2000,664.8787838417263,1.5,fibonacci,0.004721224077648485,0.999999999837346
2000,685.6782936641738,1.5,fibonacci,0.004230473764739088,0.999999999823979
2000,707.1284778942996,1.5,fibonacci,0.004264039245033532,0.9999999998117843
2000,729.2496916841444,1.5,fibonacci,0.00437018340513864,0.9999999998266648
2000,752.0629269592407,1.5,fibonacci,0.0038773464162941084,0.9999999998150461
2000,775.5898323389001,1.5,fibonacci,0.00442961011726504,0.9999999998049176
2000,799.8527336796708,1.5,fibonacci,0.00514238956089162,0.9999999997979312
2000,824.8746552614581,1.5,fibonacci,0.004775865109629333,0.9999999997887918
2000,850.6793416364153,1.5,fibonacci,0.004972345795444038,0.99999999979248
2000,877.2912801613356,1.5,fibonacci,0.004917494599756634,0.99999999977842
2000,904.7357242349293,1.5,fibonacci,0.003931215376212517,0.999999999744818
2000,933.038717262036,1.5,fibonacci,0.00371614298029778,0.9999999997383355
2000,962.2271173675134,1.5,fibonacci,0.0040058277775391355,0.9999999997490225
2000,992.3286228832545,1.5,fibonacci,0.004643897331513105,0.9999999997248387
2000,1023.3717986325192,1.5,fibonacci,0.0034682781985214974,0.9999999997296651
2000,1055.386103036523,1.5,fibonacci,0.0034930396104833994,0.999999999702237
2000,1088.4019160690054,1.5,fibonacci,0.004569473853856778,0.9999999997214747
2000,1122.4505680853058,1.5,fibonacci,0.0044130138006084185,0.9999999996979685
2000,1157.5643695533035,1.5,fibonacci,0.0038576719509339336,0.9999999996861895
2000,1193.7766417144358,1.5,fibonacci,0.0037996304869225557,0.9999999996745503
2000,1231.1217482038908,1.5,fibonacci,0.0038881818375000694,0.9999999996431727
2000,1269.6351276599742,1.5,fibonacci,0.004287293846933685,0.9999999996502936
2000,1309.353327353611,1.5,fibonacci,0.004713705473916683,0.9999999996376762
2000,1350.3140378698736,1.5,fibonacci,0.004819840751427828,0.999999999608057
2000,1392.5561288744634,1.5,fibonacci,0.004315199572133171,0.9999999996247988
2000,1436.1196859990787,1.5,fibonacci,0.003458579594454409,0.9999999996001332
2000,1481.0460488806755,1.5,fibonacci,0.003962849817716632,0.9999999995863009
2000,1527.377850390714,1.5,fibonacci,0.004273613574691091,0.9999999995720215
2000,1575.1590570916228,1.5,fibonacci,0.005103151765882462,0.9999999995541929
2000,1624.435010958867,1.5,fibonacci,0.004587498301346891,0.999999999549128
2000,1675.2524724082155,1.5,fibonacci,0.004088687474706088,0.9999999995237848
2000,1727.6596646690364,1.5,fibonacci,0.0037929073122466416,0.9999999994823728
2000,1781.7063195457306,1.5,fibonacci,0.0037566291078944187,0.9999999994808643
2000,1837.4437246107268,1.5,fibonacci,0.003652038701604121,0.9999999994670983
2000,1894.9247718738216,1.5,fibonacci,0.00382089950617317,0.9999999994541533
2000,1954.2040079740534,1.5,fibonacci,0.004013108098520351,0.9999999993986411
2000,2015.337685941733,1.5,fibonacci,0.003497337442579802,0.9999999994006705
2000,2078.383818579757,1.5,fibonacci,0.003427143178784163,0.9999999993646683
2000,2143.4022335148566,1.5,fibonacci,0.003902363479811599,0.9999999993359778
2000,2210.4546299710214,1.5,fibonacci,0.004177132943549154,0.9999999993094735
2000,2279.6046373189797,1.5,fibonacci,0.0037310524616852385,0.9999999993205225
2000,2350.9178754572868,1.5,fibonacci,0.004672651733724597,0.9999999992820766
2000,2424.462017082328,1.5,fibonacci,0.003774095696439778,0.99999999923037
2000,2500.306851906324,1.5,fibonacci,0.003728955363444809,0.9999999992272713
2000,2578.524352884274,1.5,fibonacci,0.0038838675071521723,0.9999999991868304
2000,2659.1887445126936,1.5,fibonacci,0.003364655146538933,0.9999999991693881
2000,2742.3765732649495,1.5,fibonacci,0.003597644038818748,0.9999999991381237
2000,2828.166780230032,1.5,fibonacci,0.003399626030814279,0.9999999991139946
2000,2916.640776023704,1.5,fibonacci,0.003244106281197943,0.9999999990749022
2000,3007.882518043099,1.5,fibonacci,0.0031448864223230263,0.9999999990210398
2000,3101.978590138097,1.5,fibonacci,0.0032980290177402997,0.9999999990207081
2000,3199.018284775064,1.5,fibonacci,0.0032647511603966137,0.9999999989693751
2000,3299.093687770939,1.5,fibonacci,0.004149055796725551,0.9999999989437575
2000,3402.2997656780676,1.5,fibonacci,0.0037951344506437163,0.9999999988838928
2000,3508.7344559027115,1.5,fibonacci,0.004548807806386067,0.9999999988278221
2000,3618.4987596427463,1.5,fibonacci,0.00320228626290774,0.9999999988117527
2000,3731.6968377327516,1.5,fibonacci,0.003378250874920791,0.9999999987422199
2000,3848.436109487429,1.5,fibonacci,0.0032036564572523606,0.9999999986938428
2000,3968.827354637162,1.5,fibonacci,0.0035030063955766516,0.9999999986906933
2000,4092.984818452438,1.5,fibonacci,0.0034408764821376235,0.9999999986256376
2000,4221.026320156899,1.5,fibonacci,0.003458519336059528,0.9999999985762131
2000,4353.0733647318875,1.5,fibonacci,0.003516920317112724,0.9999999985045341
2000,4489.251258218603,1.5,fibonacci,0.0033974912918833524,0.9999999984463375
2000,4629.689226627263,1.5,fibonacci,0.0037851539376448583,0.9999999984141518
2000,4774.520538566127,1.5,fibonacci,0.004474378624750886,0.9999999983467114
2000,4923.882631706737,1.5,fibonacci,0.0038851566578098334,0.9999999983047194
2000,5077.917243205398,1.5,fibonacci,0.002942646754999931,0.9999999982353768
2000,5236.77054420465,1.5,fibonacci,0.004071014019559531,0.9999999981918939
2000,5400.593278542368,1.5,fibonacci,0.0031488394216648637,0.9999999981258643
2000,5569.5409058001305,1.5,fibonacci,0.003225025665944658,0.9999999980349267
2000,5743.773748826581,1.5,fibonacci,0.003581258334739857,0.9999999980059564
2000,5923.4571458758055,1.5,fibonacci,0.003175910108917776,0.9999999979254703
2000,6108.76160750504,1.5,fibonacci,0.0031778241284809838,0.999999997844635
2000,6299.862978380694,1.5,fibonacci,0.0032593705939831176,0.9999999977924687
2000,6496.942604146125,1.5,fibonacci,0.0043176278356732494,0.9999999976946898
2000,6700.18750350959,1.5,fibonacci,0.0029800760766183028,0.9999999976205208
2000,6909.790545715645,1.5,fibonacci,0.00360393909754698,0.9999999975746099
2000,7125.950633568411,1.5,fibonacci,0.003961374367380028,0.9999999974894838
2000,7348.872892180388,1.5,fibonacci,0.003037484546956648,0.9999999974152357
2000,7578.76886362593,1.5,fibonacci,0.0032305237745139243,0.9999999973171959
2000,7815.856707684091,1.5,fibonacci,0.0038372610543261246,0.9999999972448291
2000,8060.361408861345,1.5,fibonacci,0.0035722170156338388,0.9999999971379403
2000,8312.514989890631,1.5,fibonacci,0.0035114470559965364,0.9999999970452855
2000,8572.556731909324,1.5,fibonacci,0.0036634170437681982,0.9999999969529549
2000,8840.733401525064,1.5,fibonacci,0.003477282514834353,0.999999996843688
2000,9117.299484984922,1.5,fibonacci,0.003550020421929965,0.9999999967059612
2000,9402.517429670132,1.5,fibonacci,0.0032074462440422682,0.9999999965962122
2000,9696.65789314552,1.5,fibonacci,0.0032660903444116126,0.9999999964555331
2000,10000.0,1.5,fibonacci,0.0033724641408872315,0.9999999962836633
2000,0.0,1.5,tribonacci,0.0483982089007412,1.0
2000,1.0,1.5,tribonacci,0.0483567343817958,0.9999999999844328
2000,1.0312831606721848,1.5,tribonacci,0.04835171483627548,0.9999999999763307
2000,1.0635449574860112,1.5,tribonacci,0.04834611729005501,0.9999999999752672
2000,1.096816005273138,1.5,tribonacci,0.048339880927738534,0.9999999999834026
2000,1.1311278765939214,1.5,tribonacci,0.04833293964608082,0.9999999999963732
2000,1.1665131316981963,1.5,tribonacci,0.04832522181340697,0.999999999999997
2000,1.2030053494233244,1.5,tribonacci,0.048316650107216245,1.000000000000623
2000,1.240639159058832,1.5,tribonacci,0.048307141345219344,0.9999999999997716
2000,1.2794502732078736,1.5,tribonacci,0.04829660641332782,0.9999999999994581
2000,1.3194755216767062,1.5,tribonacci,0.048284950282517974,1.0000000000025457
2000,1.3607528864243335,1.5,tribonacci,0.04827207213167556,1.0000000000097042
2000,1.403321537605485,1.5,tribonacci,0.04825786560519464,1.0000000000179554
2000,1.4472218707411348,1.5,tribonacci,0.048242219232900806,1.0000000000214175
2000,1.4924955450518296,1.5,tribonacci,0.04822501704242229,1.0000000000143947
2000,1.5391855229902058,1.5,tribonacci,0.048206139396142995,0.9999999999960619
2000,1.587336111010209,1.5,tribonacci,0.04818546408594765,0.999999999974552
2000,1.6369930016117025,1.5,tribonacci,0.04816286771855649,0.9999999999661945
2000,1.6882033167003634,1.5,tribonacci,0.04813822742159224,0.9999999999829632
2000,1.7410156523040161,1.5,tribonacci,0.04811142289551301,0.9999999999995075
2000,1.7954801246878311,1.5,tribonacci,0.04808233891576646,1.000000000000512
2000,1.8516484179121548,1.5,tribonacci,0.048050868251989245,0.9999999999989162
2000,1.9095738328780973,1.5,tribonacci,0.04801691497086226,1.0000000000033158
2000,1.9693113379074225,1.5,tribonacci,0.04798039825129392,1.0000000000168683
2000,2.0309176209047357,1.5,tribonacci,0.04794125664134781,1.0000000000269809
2000,2.0944511431514696,1.5,tribonacci,0.047899452750138335,1.0000000000151994
2000,2.159972194782718,1.5,tribonacci,0.04785497834049185,0.9999999999808303
2000,2.2275429519995575,1.5,tribonacci,0.047807859764903836,0.9999999999574039
2000,2.2972275360711523,1.5,tribonacci,0.047758163658037624,0.9999999999832297
2000,2.369092074182633,1.5,tribonacci,0.04770600275893846,1.000000000000216
2000,2.4432047621864883,1.5,tribonacci,0.047651541699778525,0.9999999999986824
2000,2.519635929317015,1.5,tribonacci,0.0475950025793257,1.0000000000043365
2000,2.598458104929249,1.5,tribonacci,0.04753667013785601,1.0000000000267508
2000,2.6797460873256913,1.5,tribonacci,0.047476896292615096,1.0000000000298273
2000,2.763577014736159,1.5,tribonacci,0.04741610364721293,0.9999999999850302
2000,2.850030438518107,1.5,tribonacci,0.04735478778941979,0.9999999999484744
2000,2.9391883986468863,1.5,tribonacci,0.047293518329663976,0.9999999999932535
2000,3.0311355015675785,1.5,tribonacci,0.047232938566337264,0.9999999999996031
2000,3.1259590004822804,1.5,tribonacci,0.047173762931103584,1.0000000000008065
2000,3.2237488781490296,1.5,tribonacci,0.04711677349476608,1.0000000000266278
2000,3.3245979322709407,1.5,tribonacci,0.04706281532470623,1.0000000000204607
2000,3.428601863556586,1.5,tribonacci,0.04701279093823281,0.9999999999566296
2000,3.5358593665351785,1.5,tribonacci,0.04696765490160363,0.9999999999746861
2000,3.646472223212748,1.5,tribonacci,0.04692841051003063,0.9999999999991674
2000,3.760545399658171,1.5,tribonacci,0.046896107501077776,1.000000000002226
2000,3.8781871456107226,1.5,tribonacci,0.04687184284154605,1.0000000000293279
2000,3.9995090972036653,1.5,tribonacci,0.04685676453314161,0.9999999999854233
2000,4.1246263829013525,1.5,tribonacci,0.04685207561966112,0.9999999999564828
2000,4.253657732750387,1.5,tribonacci,0.04685903659427514,0.9999999999990078
2000,4.386725591048498,1.5,tribonacci,0.04687895941284713,1.000000000004382
2000,4.523956232538054,1.5,tribonacci,0.046913183362398116,1.000000000032284
2000,4.6654798822344725,1.5,tribonacci,0.04696302336784018,0.9999999999534793
2000,4.811430839003259,1.5,tribonacci,0.04702967570501222,0.9999999999956961
2000,4.961947603002903,1.5,tribonacci,0.04711407123841874,0.9999999999962166
2000,5.117173007114605,1.5,tribonacci,0.04721666522024253,1.0000000000509253
2000,5.277254352483538,1.5,tribonacci,0.04733716530324325,0.9999999999582246
2000,5.442343548300267,1.5,tribonacci,0.047474208502187934,0.9999999999859351
2000,5.612597255954972,1.5,tribonacci,0.047625015662088606,0.9999999999960022
2000,5.788177037701274,1.5,tribonacci,0.04778507059482482,1.0000000000327498
2000,5.969249509970735,1.5,tribonacci,0.04794788996581222,0.9999999999407341
2000,6.155986501483509,1.5,tribonacci,0.048104966779908616,0.9999999999949291
2000,6.348565216305219,1.5,tribonacci,0.04824597389814519,1.0000000000140188
2000,6.547168402004738,1.5,tribonacci,0.0483593103730819,0.9999999999676712
2000,6.751984523072503,1.5,tribonacci,0.04843303804463766,0.999999999994073
2000,6.963207939763885,1.5,tribonacci,0.04845619865896188,1.0000000000149538
2000,7.181039092537351,1.5,tribonacci,0.048420418102930546,0.9999999999848328
2000,7.405684692262437,1.5,tribonacci,0.04832159952790585,1.0000000000050469
2000,7.637357916378021,1.5,tribonacci,0.04816141350535774,0.9999999999724353
2000,7.876278611187057,1.5,tribonacci,0.047948242926979044,0.9999999999948885
2000,8.122673500479713,1.5,tribonacci,0.04769726501123783,1.0000000000273157
2000,8.376776400682918,1.5,tribonacci,0.04742949254916111,0.9999999999670968
2000,8.638828442740447,1.5,tribonacci,0.04716984245806127,1.0000000000051648
2000,8.909078300934137,1.5,tribonacci,0.04694461567108691,0.9999999999531554
2000,9.187782428863335,1.5,tribonacci,0.04677902056360129,0.9999999999970174
2000,9.475205302806543,1.5,tribonacci,0.04669535948487181,0.9999999999505158
2000,9.771619672696177,1.5,tribonacci,0.0467120191158891,0.999999999995843
2000,10.077306820944612,1.5,tribonacci,0.04684254497734727,0.9999999999429089
2000,10.392556829367125,1.5,tribonacci,0.047093318607779336,1.0000000000012026
2000,10.71766885445503,1.5,tribonacci,0.047458574051765574,0.9999999999473952
2000,11.052951411260215,1.5,tribonacci,0.04791318213410588,1.0000000000182794
2000,11.39872266616052,1.5,tribonacci,0.048406317425387056,0.9999999999906038
2000,11.755310738783693,1.5,tribonacci,0.04886114930605209,0.9999999999875631
2000,12.123054013376523,1.5,tribonacci,0.04918530326019997,0.9999999999957391
2000,12.502301459914554,1.5,tribonacci,0.04929315250578281,0.9999999999888175
2000,12.89341296525715,1.5,tribonacci,0.04913470832251861,0.9999999999841948
2000,13.29675967466212,1.5,tribonacci,0.04871957399017671,1.0000000000048466
2000,13.712724343984002,1.5,tribonacci,0.04812269583586535,0.9999999999895015
2000,14.141701702890233,1.5,tribonacci,0.04746571935469721,0.9999999999517262
2000,14.584098829439856,1.5,tribonacci,0.04688215117647282,0.9999999999933754
2000,15.040335536380244,1.5,tribonacci,0.04648545703057638,1.000000000009595
2000,15.510844769528397,1.5,tribonacci,0.04635301419544777,0.9999999999883621
2000,15.996073018614878,1.5,tribonacci,0.04651697688739885,0.999999999988177
2000,16.496480740980207,1.5,tribonacci,0.04694275573310913,0.9999999999755457
2000,17.012542798525892,1.5,tribonacci,0.04750192842947323,0.9999999999504737
2000,17.544748908334597,1.5,tribonacci,0.047984242637109396,0.9999999999468498
2000,18.093604107387165,1.5,tribonacci,0.04818302845136691,0.9999999999408511
2000,18.65962923181746,1.5,tribonacci,0.04801831825624044,0.9999999999399746
2000,19.2433614111598,1.5,tribonacci,0.047601674542630326,0.9999999999461758
2000,19.845354578058032,1.5,tribonacci,0.04717691666632788,0.9999999999602331
2000,20.466179993919898,1.5,tribonacci,0.04698455764259252,0.9999999999835707
2000,21.106426791015547,1.5,tribonacci,0.04715856171504172,0.9999999999839
2000,21.76670253153459,1.5,tribonacci,0.04767200180628229,0.9999999999873509
2000,22.44763378413224,1.5,tribonacci,0.04828739913231552,1.000000000006126
2000,23.14986671851161,1.5,tribonacci,0.048608470127933956,0.9999999999468777
2000,23.87406771860647,1.5,tribonacci,0.0483489403350832,0.999999999982625
2000,24.620924014946254,1.5,tribonacci,0.04761791001853727,1.0000000000027016
2000,25.39114433680347,1.5,tribonacci,0.046873764268532285,0.9999999999461558
2000,26.185459584742325,1.5,tribonacci,0.046581268173093666,0.9999999999812947
2000,27.00462352420682,1.5,tribonacci,0.04691685215558182,0.999999999960689
2000,27.849413500806442,1.5,tribonacci,0.047623399477189465,0.999999999978746
2000,28.72063117797828,1.5,tribonacci,0.048067101491370515,0.9999999999386608
2000,29.619103297725534,1.5,tribonacci,0.0477471219541853,0.9999999999965814
2000,30.545682465154318,1.5,tribonacci,0.04690777247812388,0.9999999999778737
2000,31.50124795755328,1.5,tribonacci,0.04637800743050755,0.9999999999446283
2000,32.486706558783744,1.5,tribonacci,0.04675983968607988,1.0000000000007778
2000,33.502993419772295,1.5,tribonacci,0.04788045988904502,0.9999999999846807
2000,34.55107294592218,1.5,tribonacci,0.04867768763845152,0.999999999974679
2000,35.631939712285856,1.5,tribonacci,0.04809712138893107,0.9999999999735293
2000,36.7466194073669,1.5,tribonacci,0.04674967767338387,0.9999999999729281
2000,37.896169806447176,1.5,tribonacci,0.04620739813661076,0.9999999999725361
2000,39.08168177536266,1.5,tribonacci,0.046971240005112685,0.9999999999825658
2000,40.30428030568053,1.5,tribonacci,0.04783445851954254,1.0000000000014995
2000,41.5651255822599,1.5,tribonacci,0.047235533875969675,0.9999999999268799
2000,42.86541408420927,1.5,tribonacci,0.0462985720949546,0.9999999999697438
2000,44.20637972028532,1.5,tribonacci,0.04686673180930801,0.9999999999963982
2000,45.58929499981062,1.5,tribonacci,0.04826719000478488,0.9999999999664327
2000,47.01547224022132,1.5,tribonacci,0.04780194170267025,0.9999999999875436
2000,48.48626481239081,1.5,tribonacci,0.04634638551616234,0.9999999999655128
2000,50.00306842491092,1.5,tribonacci,0.046733650681097444,0.9999999999629627
2000,51.56732244854966,1.5,tribonacci,0.0478856059446751,0.9999999999128846
2000,53.180511282142,1.5,tribonacci,0.04673182338510004,0.9999999999255101
2000,54.84416576121018,1.5,tribonacci,0.04632954522778675,0.999999999914721
2000,56.55986461065005,1.5,tribonacci,0.048353870146906876,0.9999999999248315
2000,58.329235942862034,1.5,tribonacci,0.047856715438517515,0.999999999956833
2000,60.153958802748356,1.5,tribonacci,0.04604293897422021,0.9999999999860384
2000,62.035764761042714,1.5,tribonacci,0.0481252815189795,0.9999999999132811
2000,63.97643955748427,1.5,tribonacci,0.047540872209745025,0.999999999985756
2000,65.97782479539536,1.5,tribonacci,0.04548286168562455,0.9999999999510487
2000,68.04181968927098,1.5,tribonacci,0.049668085491463086,0.9999999998860337
2000,70.17038286703826,1.5,tribonacci,0.04708665601334345,0.9999999999100281
2000,72.36553422869653,1.5,tribonacci,0.04598194700423522,0.9999999999047257
2000,74.62935686310134,1.5,tribonacci,0.049346173521159754,0.9999999998912518
2000,76.96399902471158,1.5,tribonacci,0.045091965737716566,0.9999999999357939
2000,79.37167617217551,1.5,tribonacci,0.04950528239811314,0.9999999999634537
2000,81.8546730706903,1.5,tribonacci,0.045694337695607865,0.9999999999292191
2000,84.41534596012986,1.5,tribonacci,0.04813611829076157,0.9999999998803326
2000,87.05612479099865,1.5,tribonacci,0.045775528135343996,0.9999999998557626
2000,89.77951553033323,1.5,tribonacci,0.04741922300443729,0.999999999878534
2000,92.58810253973955,1.5,tribonacci,0.0463622350203354,0.9999999999169977
2000,95.48455102782293,1.5,tribonacci,0.047021163187066756,0.9999999999029484
2000,98.47160957933774,1.5,tribonacci,0.0452886832204535,0.9999999999196654
2000,101.5521127634568,1.5,tribonacci,0.04803331185940799,0.9999999999076713
2000,104.72898382363586,1.5,tribonacci,0.044351593196293525,0.9999999999014086
2000,108.00523745162529,1.5,tribonacci,0.048968796133561136,0.9999999999317915
2000,111.38398264826195,1.5,tribonacci,0.044239289891486545,0.9999999998043964
2000,114.86842567375535,1.5,tribonacci,0.04651254134312985,0.9999999999236384
2000,118.46187309026836,1.5,tribonacci,0.048442541400098536,0.9999999998916349
2000,122.16773489967919,1.5,tribonacci,0.04365364345249027,0.999999999915917
2000,125.98952777950272,1.5,tribonacci,0.04667413758023166,0.9999999998337121
2000,129.93087842004158,1.5,tribonacci,0.04945240814026707,0.9999999998690781
2000,133.99552696593383,1.5,tribonacci,0.04417746083871392,0.999999999859138
2000,138.18733056536323,1.5,tribonacci,0.04372809583133838,0.9999999998487241
2000,142.5102670302998,1.5,tribonacci,0.04779899549043282,0.9999999998989325
2000,146.9684386112446,1.5,tribonacci,0.049860223815724254,0.9999999998401612
2000,151.5660758900603,1.5,tribonacci,0.04647108416066697,0.9999999998240496
2000,156.30754179458157,1.5,tribonacci,0.043069087447512845,0.9999999998725905
2000,161.1973357388157,1.5,tribonacci,0.04206173084942783,0.9999999997684234
2000,166.2400978926612,1.5,tribonacci,0.0425345573223047,0.9999999997537564
2000,171.440613585197,1.5,tribonacci,0.04368208313821268,0.9999999997793663
2000,176.8038178457207,1.5,tribonacci,0.04473401904401032,0.9999999996249654
2000,182.33480008684404,1.5,tribonacci,0.044636585669547334,0.9999999995711178
2000,188.03880893409146,1.5,tribonacci,0.044285940440855064,0.9999999997353898
2000,193.9212572065829,1.5,tribonacci,0.04259652168120196,0.9999999997017764
2000,199.9877270535285,1.5,tribonacci,0.041186218308020016,0.9999999997004082
2000,206.24397525140904,1.5,tribonacci,0.04031600140037529,0.9999999994816071
2000,212.69593866686898,1.5,tribonacci,0.04180999950634662,0.9999999994641693
2000,219.3497398905058,1.5,tribonacci,0.047799674112648294,0.9999999997591015
2000,226.2116930469024,1.5,tribonacci,0.050947546475859154,0.999999999750813
2000,233.2883097864156,1.5,tribonacci,0.04096788263676158,0.999999999585641
2000,240.58630546440645,1.5,tribonacci,0.039167387876797646,0.9999999995634633
2000,248.11260551377677,1.5,tribonacci,0.05152749741981239,0.9999999994115685
2000,255.87435201685892,1.5,tribonacci,0.03890863350950238,0.9999999992899133
2000,263.87891048289345,1.5,tribonacci,0.04269204244979902,0.9999999991078093
2000,272.13387683753086,1.5,tribonacci,0.04086125215828967,0.9999999992205291
2000,280.6470846309839,1.5,tribonacci,0.04110403691173689,0.9999999995111603
2000,289.4266124716752,1.5,tribonacci,0.03632480442098107,0.9999999993961086
2000,298.4807916924327,1.5,tribonacci,0.049590950618687034,0.9999999995765684
2000,307.81821425650804,1.5,tribonacci,0.03357894331440379,0.9999999990400995
2000,317.4477409109193,1.5,tribonacci,0.02991743817015441,0.9999999989767557
2000,327.3785095948577,1.5,tribonacci,0.03426366349155688,0.9999999979331211
2000,337.61994411113403,1.5,tribonacci,0.03627382358688762,0.999999998186525
2000,348.18176306889666,1.5,tribonacci,0.03279256037180157,0.9999999975437366
2000,359.0739891061055,1.5,tribonacci,0.029992602347635663,0.9999999969092922
2000,370.30695840051413,1.5,tribonacci,0.031160834776180542,0.9999999958494672
2000,381.8913304781854,1.5,tribonacci,0.038124663956461066,0.9999999956239596
2000,393.8380983288489,1.5,tribonacci,0.03291282309796322,0.9999999927869169
2000,406.158598837698,1.5,tribonacci,0.0268865508087698,0.9999999942186881
2000,418.86452354352707,1.5,tribonacci,0.03439457756314537,0.9999999951847907
2000,431.96792973341735,1.5,tribonacci,0.03714804212426981,0.9999999930503476
2000,445.4812518844989,1.5,tribonacci,0.027364081213976845,0.9999999933812792
2000,459.41731346364764,1.5,tribonacci,0.03421563323179948,0.9999999935155943
2000,473.7893390963144,1.5,tribonacci,0.022312287366131237,0.9999999913972267
2000,488.6109671160326,1.5,tribonacci,0.02722864967031556,0.9999999905123959
2000,503.89626250651503,1.5,tribonacci,0.02163111901696993,0.9999999924385831
2000,519.6597302486197,1.5,tribonacci,0.02284604000647877,0.9999999917589512
2000,535.9163290848514,1.5,tribonacci,0.02096485963995703,0.9999999910284563
2000,552.6814857144603,1.5,tribonacci,0.02173039804274356,0.9999999903562719
2000,569.9711094326076,1.5,tribonacci,0.021431299936330014,0.999999988609894
2000,587.8016072274912,1.5,tribonacci,0.023066733657372645,0.9999999900994618
2000,606.1898993497572,1.5,tribonacci,0.022135729360657573,0.9999999870049948
2000,625.1534353689711,1.5,tribonacci,0.0207570391348484,0.9999999881058338
2000,644.7102107323869,1.5,tribonacci,0.01994829578919166,0.9999999884931104
2000,664.8787838417263,1.5,tribonacci,0.022861970086028353,0.9999999881279147
2000,685.6782936641738,1.5,tribonacci,0.030502925642712474,0.9999999868608676
2000,707.1284778942996,1.5,tribonacci,0.023613485911527225,0.9999999854550433
2000,729.2496916841444,1.5,tribonacci,0.021177534563378727,0.9999999847110502
2000,752.0629269592407,1.5,tribonacci,0.022213050799823664,0.9999999836536798
2000,775.5898323389001,1.5,tribonacci,0.023092299545667598,0.9999999841506015
2000,799.8527336796708,1.5,tribonacci,0.023506591863301052,0.9999999802002132
2000,824.8746552614581,1.5,tribonacci,0.026029827811527798,0.9999999812934376
2000,850.6793416364153,1.5,tribonacci,0.027022909506362783,0.9999999808453085
2000,877.2912801613356,1.5,tribonacci,0.02934617068862628,0.9999999799018732
2000,904.7357242349293,1.5,tribonacci,0.03000735700418564,0.9999999800840891
2000,933.038717262036,1.5,tribonacci,0.031091653165090542,0.999999976295999
2000,962.2271173675134,1.5,tribonacci,0.023549768905087733,0.9999999771318233
2000,992.3286228832545,1.5,tribonacci,0.02477151562442885,0.9999999763604027
2000,1023.3717986325192,1.5,tribonacci,0.02628821923463461,0.9999999751777325
2000,1055.386103036523,1.5,tribonacci,0.02020308465137843,0.9999999731646645
2000,1088.4019160690054,1.5,tribonacci,0.02139346525966168,0.9999999732935826
2000,1122.4505680853058,1.5,tribonacci,0.026194396552315258,0.9999999706783794
2000,1157.5643695533035,1.5,tribonacci,0.024567523916912082,0.99999996854901
2000,1193.7766417144358,1.5,tribonacci,0.020713023788619413,0.9999999678717462
2000,1231.1217482038908,1.5,tribonacci,0.027208767047288876,0.999999967548968
2000,1269.6351276599742,1.5,tribonacci,0.024591103618152952,0.9999999660395321
2000,1309.353327353611,1.5,tribonacci,0.021053445246249566,0.99999996284631
2000,1350.3140378698736,1.5,tribonacci,0.01971358601466455,0.9999999633504464
2000,1392.5561288744634,1.5,tribonacci,0.018591672682205115,0.9999999628345669
2000,1436.1196859990787,1.5,tribonacci,0.027431026608564446,0.9999999588574692
2000,1481.0460488806755,1.5,tribonacci,0.01881901984349189,0.9999999583434543
2000,1527.377850390714,1.5,tribonacci,0.019656994032616896,0.9999999576511648
2000,1575.1590570916228,1.5,tribonacci,0.027183503346090262,0.9999999561300003
2000,1624.435010958867,1.5,tribonacci,0.0222730488427483,0.9999999547828119
2000,1675.2524724082155,1.5,tribonacci,0.03235881467278026,0.9999999522747232
2000,1727.6596646690364,1.5,tribonacci,0.023363665869564215,0.99999995003457
2000,1781.7063195457306,1.5,tribonacci,0.024507016869953633,0.9999999480652784
2000,1837.4437246107268,1.5,tribonacci,0.020934199466317988,0.9999999474773773
2000,1894.9247718738216,1.5,tribonacci,0.018551803577948767,0.9999999441217071
2000,1954.2040079740534,1.5,tribonacci,0.021882102968236936,0.9999999402657571
2000,2015.337685941733,1.5,tribonacci,0.01832269030922813,0.9999999389378055
2000,2078.383818579757,1.5,tribonacci,0.020346536240399456,0.9999999359952845
2000,2143.4022335148566,1.5,tribonacci,0.025705070902965792,0.9999999354530249
2000,2210.4546299710214,1.5,tribonacci,0.01831308529123265,0.9999999310943876
2000,2279.6046373189797,1.5,tribonacci,0.017622483421392957,0.9999999301499949
2000,2350.9178754572868,1.5,tribonacci,0.02093063330828844,0.999999928576619
2000,2424.462017082328,1.5,tribonacci,0.01993497794369305,0.9999999247942133
2000,2500.306851906324,1.5,tribonacci,0.016889471579705297,0.9999999224946018
2000,2578.524352884274,1.5,tribonacci,0.020164677630741142,0.9999999170375585
2000,2659.1887445126936,1.5,tribonacci,0.017046898457614465,0.9999999161448875
2000,2742.3765732649495,1.5,tribonacci,0.015993733964326816,0.9999999121488913
2000,2828.166780230032,1.5,tribonacci,0.01632462134318324,0.9999999087610015
2000,2916.640776023704,1.5,tribonacci,0.018031272086295107,0.9999999070771063
2000,3007.882518043099,1.5,tribonacci,0.017707503883496647,0.9999999040270344
2000,3101.978590138097,1.5,tribonacci,0.014950807897014187,0.9999999013717504
2000,3199.018284775064,1.5,tribonacci,0.01493825765574152,0.999999899326817
2000,3299.093687770939,1.5,tribonacci,0.016602183332792973,0.9999998946951639
2000,3402.2997656780676,1.5,tribonacci,0.01515694877806968,0.999999891545643
2000,3508.7344559027115,1.5,tribonacci,0.01310830707639315,0.9999998879025624
2000,3618.4987596427463,1.5,tribonacci,0.016497687831183515,0.9999998837720195
2000,3731.6968377327516,1.5,tribonacci,0.0163634762957545,0.9999998792538947
2000,3848.436109487429,1.5,tribonacci,0.014646517055758083,0.9999998752824772
2000,3968.827354637162,1.5,tribonacci,0.01681795750972507,0.9999998730826293
2000,4092.984818452438,1.5,tribonacci,0.015009432090981134,0.9999998692465277
2000,4221.026320156899,1.5,tribonacci,0.017782199623124238,0.9999998649606457
2000,4353.0733647318875,1.5,tribonacci,0.013612998512450661,0.99999986110155
2000,4489.251258218603,1.5,tribonacci,0.019518854782840735,0.9999998572109708
2000,4629.689226627263,1.5,tribonacci,0.013254456590761856,0.9999998523549635
2000,4774.520538566127,1.5,tribonacci,0.015776672231259364,0.9999998488703477
2000,4923.882631706737,1.5,tribonacci,0.016166703906782685,0.9999998436960092
2000,5077.917243205398,1.5,tribonacci,0.013873976197599764,0.9999998381543576
2000,5236.77054420465,1.5,tribonacci,0.013375105787691978,0.999999832760011
2000,5400.593278542368,1.5,tribonacci,0.013077997912500298,0.9999998285412834
2000,5569.5409058001305,1.5,tribonacci,0.01261966680847733,0.9999998241292357
2000,5743.773748826581,1.5,tribonacci,0.012594670273016818,0.9999998176630749
2000,5923.4571458758055,1.5,tribonacci,0.013397372310827443,0.9999998121504279
2000,6108.76160750504,1.5,tribonacci,0.011065694369020124,0.9999998066074955
2000,6299.862978380694,1.5,tribonacci,0.013632507615104237,0.9999997996059702
2000,6496.942604146125,1.5,tribonacci,0.012383868576176361,0.9999997941912034
2000,6700.18750350959,1.5,tribonacci,0.013825910857438428,0.9999997893217042
2000,6909.790545715645,1.5,tribonacci,0.012030938641421428,0.9999997824913469
2000,7125.950633568411,1.5,tribonacci,0.014057377927627852,0.9999997734358174
2000,7348.872892180388,1.5,tribonacci,0.013177565264623272,0.9999997685257968
2000,7578.76886362593,1.5,tribonacci,0.010548938399841288,0.9999997618223642
2000,7815.856707684091,1.5,tribonacci,0.009462213364002579,0.9999997546484851
2000,8060.361408861345,1.5,tribonacci,0.010734028787942865,0.999999748467404
2000,8312.514989890631,1.5,tribonacci,0.009874117516648153,0.99999973977296
2000,8572.556731909324,1.5,tribonacci,0.011119005994643605,0.9999997342188737
2000,8840.733401525064,1.5,tribonacci,0.010596406132775269,0.9999997241571511
2000,9117.299484984922,1.5,tribonacci,0.01111906531770156,0.9999997158590108
2000,9402.517429670132,1.5,tribonacci,0.009928273971407095,0.9999997082327278
2000,9696.65789314552,1.5,tribonacci,0.011338103988980658,0.9999997004344721
2000,10000.0,1.5,tribonacci,0.010706468928807174,0.9999996911476527
2000,0.0,2.0,fibonacci,0.00940313707633849,1.0
2000,1.0,2.0,fibonacci,0.009401115436214785,1.0000000000042075
2000,1.0312831606721848,2.0,fibonacci,0.00940088707475913,1.0000000000035776
2000,1.0635449574860112,2.0,fibonacci,0.009400633198397202,1.0000000000019564
2000,1.096816005273138,2.0,fibonacci,0.009400351128511683,0.9999999999994793
2000,1.1311278765939214,2.0,fibonacci,0.009400037945620845,0.999999999996648
2000,1.1665131316981963,2.0,fibonacci,0.009399690475920364,0.9999999999943321
2000,1.2030053494233244,2.0,fibonacci,0.009399305278737124,0.9999999999935846
2000,1.240639159058832,2.0,fibonacci,0.009398878635291076,0.9999999999951341
2000,1.2794502732078736,2.0,fibonacci,0.00939840653919751,0.999999999998373
2000,1.3194755216767062,2.0,fibonacci,0.009397884689294733,0.999999999999907
2000,1.3607528864243335,2.0,fibonacci,0.009397308489831434,1.000000000000103
2000,1.403321537605485,2.0,fibonacci,0.009396673050878986,0.9999999999999499
2000,1.4472218707411348,2.0,fibonacci,0.009395973193719912,0.9999999999998087
2000,1.4924955450518296,2.0,fibonacci,0.00939520346449971,1.0000000000004057
2000,1.5391855229902058,2.0,fibonacci,0.009394358154549877,1.0000000000019902
2000,1.587336111010209,2.0,fibonacci,0.009393431329404745,1.0000000000039124
2000,1.6369930016117025,2.0,fibonacci,0.009392416867808647,1.0000000000047817
2000,1.6882033167003634,2.0,fibonacci,0.009391308512013787,1.0000000000032299
2000,1.7410156523040161,2.0,fibonacci,0.009390099930604573,0.9999999999990675
2000,1.7954801246878311,2.0,fibonacci,0.009388784794921277,0.9999999999942489
2000,1.8516484179121548,2.0,fibonacci,0.009387356869855704,0.9999999999925789
2000,1.9095738328780973,2.0,fibonacci,0.00938581011930127,0.9999999999965502
2000,1.9693113379074225,2.0,fibonacci,0.00938413882590672,0.9999999999998531
2000,2.0309176209047357,2.0,fibonacci,0.009382337730347388,1.0000000000000362
2000,2.0944511431514696,2.0,fibonacci,0.009380402183901354,0.9999999999996975
2000,2.159972194782718,2.0,fibonacci,0.009378328310316788,1.0000000000010176
2000,2.2275429519995575,2.0,fibonacci,0.009376113183100618,1.0000000000042955
2000,2.2972275360711523,2.0,fibonacci,0.009373755008933147,1.000000000006027
2000,2.369092074182633,2.0,fibonacci,0.009371253313090216,1.0000000000021423
2000,2.4432047621864883,2.0,fibonacci,0.009368609121940551,0.9999999999939869
2000,2.519635929317015,2.0,fibonacci,0.009365825137222153,0.9999999999907865
2000,2.598458104929249,2.0,fibonacci,0.009362905896830238,0.999999999998375
2000,2.6797460873256913,2.0,fibonacci,0.009359857913055424,0.9999999999999923
2000,2.763577014736159,2.0,fibonacci,0.009356689764241425,0.9999999999995801
2000,2.850030438518107,2.0,fibonacci,0.009353412156380756,1.000000000002005
2000,2.9391883986468863,2.0,fibonacci,0.009350037936629271,1.0000000000061102
2000,3.0311355015675785,2.0,fibonacci,0.009346582047788777,1.0000000000028642
2000,3.1259590004822804,2.0,fibonacci,0.009343061411419067,0.9999999999922548
2000,3.2237488781490296,2.0,fibonacci,0.009339494748848496,0.9999999999926782
2000,3.3245979322709407,2.0,fibonacci,0.00933590236462909,0.9999999999997459
2000,3.428601863556586,2.0,fibonacci,0.009332305837898612,0.9999999999994587
2000,3.5358593665351785,2.0,fibonacci,0.009328727631588055,1.0000000000025029
2000,3.646472223212748,2.0,fibonacci,0.009325190674351709,1.0000000000054026
2000,3.760545399658171,2.0,fibonacci,0.009321717832775904,0.9999999999958484
2000,3.8781871456107226,2.0,fibonacci,0.00931833124731913,0.9999999999919741
2000,3.9995090972036653,2.0,fibonacci,0.00931505154178192,0.9999999999997071
2000,4.1246263829013525,2.0,fibonacci,0.009311896758117208,0.9999999999995958
2000,4.253657732750387,2.0,fibonacci,0.009308880843027091,1.0000000000050893
2000,4.386725591048498,2.0,fibonacci,0.009306011618123866,1.0000000000003562
2000,4.523956232538054,2.0,fibonacci,0.00930328788214065,0.999999999990138
2000,4.6654798822344725,2.0,fibonacci,0.00930069544939771,0.9999999999996408
2000,4.811430839003259,2.0,fibonacci,0.009298201887735977,0.9999999999998919
2000,4.961947603002903,2.0,fibonacci,0.009295749652542946,1.0000000000076406
2000,5.117173007114605,2.0,fibonacci,0.009293247701105817,0.9999999999933453
2000,5.277254352483538,2.0,fibonacci,0.00929056170461893,0.9999999999957297
2000,5.442343548300267,2.0,fibonacci,0.009287503476103368,0.9999999999990464
2000,5.612597255954972,2.0,fibonacci,0.009283820668896495,1.0000000000058806
2000,5.788177037701274,2.0,fibonacci,0.009279188365739245,0.9999999999951571
2000,5.969249509970735,2.0,fibonacci,0.009273204805213526,0.9999999999972604
2000,6.155986501483509,2.0,fibonacci,0.009265393784417906,0.9999999999990788
2000,6.348565216305219,2.0,fibonacci,0.009255216639117814,1.000000000005528
2000,6.547168402004738,2.0,fibonacci,0.009242096179170095,0.9999999999889696
2000,6.751984523072503,2.0,fibonacci,0.009225454201390534,0.9999999999990881
2000,6.963207939763885,2.0,fibonacci,0.009204762108840886,1.000000000005814
2000,7.181039092537351,2.0,fibonacci,0.009179602211870506,0.9999999999892856
2000,7.405684692262437,2.0,fibonacci,0.009149733916576227,0.9999999999990893
2000,7.637357916378021,2.0,fibonacci,0.009115156263803938,1.0000000000051825
2000,7.876278611187057,2.0,fibonacci,0.009076156553452138,0.9999999999881819
2000,8.122673500479713,2.0,fibonacci,0.009033334003729908,0.9999999999987015
2000,8.376776400682918,2.0,fibonacci,0.008987589530231998,1.0000000000062457
2000,8.638828442740447,2.0,fibonacci,0.008940077224705812,0.9999999999909485
2000,8.909078300934137,2.0,fibonacci,0.008892119314393727,0.9999999999997389
2000,9.187782428863335,2.0,fibonacci,0.008845093644497402,0.9999999999939736
2000,9.475205302806543,2.0,fibonacci,0.008800307464478699,0.9999999999985615
2000,9.771619672696177,2.0,fibonacci,0.00875887142202058,1.0000000000055744
2000,10.077306820944612,2.0,fibonacci,0.008721580134093614,0.9999999999978887
2000,10.392556829367125,2.0,fibonacci,0.008688793735516204,1.0000000000049905
2000,10.71766885445503,2.0,fibonacci,0.008660307359838321,0.9999999999941626
2000,11.052951411260215,2.0,fibonacci,0.008635206421927014,1.000000000006563
2000,11.39872266616052,2.0,fibonacci,0.008611745428924206,0.9999999999868326
2000,11.755310738783693,2.0,fibonacci,0.008587345648006516,1.0000000000050993
2000,12.123054013376523,2.0,fibonacci,0.008558847198163824,0.9999999999921423
2000,12.502301459914554,2.0,fibonacci,0.008523119393996869,1.0000000000051454
2000,12.89341296525715,2.0,fibonacci,0.008477994567204168,0.9999999999977486
2000,13.29675967466212,2.0,fibonacci,0.008423275338611348,0.9999999999966325
2000,13.712724343984002,2.0,fibonacci,0.008361390202508081,0.9999999999975583
2000,14.141701702890233,2.0,fibonacci,0.008297293120305225,0.9999999999813712
2000,14.584098829439856,2.0,fibonacci,0.008237482203888716,1.0000000000063587
2000,15.040335536380244,2.0,fibonacci,0.008188432362396273,0.9999999999967587
2000,15.510844769528397,2.0,fibonacci,0.00815502342186051,0.999999999982825
2000,15.996073018614878,2.0,fibonacci,0.008139420000782186,1.0000000000049905
2000,16.496480740980207,2.0,fibonacci,0.008140340341713745,0.9999999999969292
2000,17.012542798525892,2.0,fibonacci,0.008152375448515868,0.9999999999960845
2000,17.544748908334597,2.0,fibonacci,0.008165766398164413,0.9999999999818787
2000,18.093604107387165,2.0,fibonacci,0.008168270429857615,1.000000000002479
2000,18.65962923181746,2.0,fibonacci,0.008150336199287135,1.0000000000007705
2000,19.2433614111598,2.0,fibonacci,0.008111643269042738,0.9999999999964715
2000,19.845354578058032,2.0,fibonacci,0.008063849758766423,0.9999999999957233
2000,20.466179993919898,2.0,fibonacci,0.008026006057135352,0.9999999999932427
2000,21.106426791015547,2.0,fibonacci,0.008015504096838207,0.9999999999908156
2000,21.76670253153459,2.0,fibonacci,0.00804071100087373,0.9999999999891979
2000,22.44763378413224,2.0,fibonacci,0.00809625620368071,0.9999999999787638
2000,23.14986671851161,2.0,fibonacci,0.008159171929810204,0.9999999999854043
2000,23.87406771860647,2.0,fibonacci,0.008194286237872616,0.9999999999941414
2000,24.620924014946254,2.0,fibonacci,0.008178232180384166,0.9999999999937946
2000,25.39114433680347,2.0,fibonacci,0.008124613057746314,0.999999999994724
2000,26.185459584742325,2.0,fibonacci,0.00807795998037753,0.999999999999556
2000,27.00462352420682,2.0,fibonacci,0.008079401192125751,0.9999999999902165
2000,27.849413500806442,2.0,fibonacci,0.00813758318290455,0.9999999999859407
2000,28.72063117797828,2.0,fibonacci,0.008213326149950032,0.9999999999925989
2000,29.619103297725534,2.0,fibonacci,0.00823152285500601,0.999999999995564
2000,30.545682465154318,2.0,fibonacci,0.008152007669760293,0.9999999999923572
2000,31.50124795755328,2.0,fibonacci,0.00802977707646211,0.9999999999984459
2000,32.486706558783744,2.0,fibonacci,0.007960839494589091,0.9999999999854781
2000,33.502993419772295,2.0,fibonacci,0.00798087352322946,1.000000000002563
2000,34.55107294592218,2.0,fibonacci,0.008015980298953453,0.999999999988943
2000,35.631939712285856,2.0,fibonacci,0.007925688622096723,0.9999999999932524
2000,36.7466194073669,2.0,fibonacci,0.007694764011046005,0.9999999999911445
2000,37.896169806447176,2.0,fibonacci,0.007484373856078465,0.9999999999901386
2000,39.08168177536266,2.0,fibonacci,0.007394939689605614,0.9999999999754645
2000,40.30428030568053,2.0,fibonacci,0.00731367668902215,0.9999999999952324
2000,41.5651255822599,2.0,fibonacci,0.007024675391569299,1.0000000000016611
2000,42.86541408420927,2.0,fibonacci,0.006595099328492349,0.9999999999955401
2000,44.20637972028532,2.0,fibonacci,0.006275351583502001,0.9999999999968938
2000,45.58929499981062,2.0,fibonacci,0.006066749780501108,0.9999999999954633
2000,47.01547224022132,2.0,fibonacci,0.005748523560862727,0.9999999999982718
2000,48.48626481239081,2.0,fibonacci,0.005356014386457178,0.9999999999801998
2000,50.00306842491092,2.0,fibonacci,0.005149095332335616,0.9999999999827004
2000,51.56732244854966,2.0,fibonacci,0.005087467681308871,0.9999999999864988
2000,53.180511282142,2.0,fibonacci,0.004955970964260338,0.9999999999739309
2000,54.84416576121018,2.0,fibonacci,0.00484774558028962,0.9999999999845561
2000,56.55986461065005,2.0,fibonacci,0.004905106517701677,0.9999999999655451
2000,58.329235942862034,2.0,fibonacci,0.004979085692126478,0.9999999999928685
2000,60.153958802748356,2.0,fibonacci,0.0049869410067042135,0.9999999999847379
2000,62.035764761042714,2.0,fibonacci,0.005113525836626897,0.999999999982477
2000,63.97643955748427,2.0,fibonacci,0.005186196499455292,0.9999999999819467
2000,65.97782479539536,2.0,fibonacci,0.005004575338737764,0.9999999999814055
2000,68.04181968927098,2.0,fibonacci,0.004831416166280717,0.9999999999881554
2000,70.17038286703826,2.0,fibonacci,0.004525622074441583,0.9999999999786972
2000,72.36553422869653,2.0,fibonacci,0.004199534263578493,0.9999999999795862
2000,74.62935686310134,2.0,fibonacci,0.004016496617903002,0.9999999999884661
2000,76.96399902471158,2.0,fibonacci,0.0038437157794323214,0.9999999999781876
2000,79.37167617217551,2.0,fibonacci,0.003826003405398162,0.9999999999754547
2000,81.8546730706903,2.0,fibonacci,0.0038470475076603896,0.9999999999881836
2000,84.41534596012986,2.0,fibonacci,0.003958943814372127,0.9999999999840155
2000,87.05612479099865,2.0,fibonacci,0.004093296977973032,0.9999999999861592
2000,89.77951553033323,2.0,fibonacci,0.00418644454777491,0.9999999999720723
2000,92.58810253973955,2.0,fibonacci,0.004302550345416411,0.9999999999737037
2000,95.48455102782293,2.0,fibonacci,0.004355718876920439,0.9999999999856438
2000,98.47160957933774,2.0,fibonacci,0.00442104542086364,0.999999999972531
2000,101.5521127634568,2.0,fibonacci,0.004367588608457433,0.9999999999528109
2000,104.72898382363586,2.0,fibonacci,0.004157123539066892,0.9999999999554794
2000,108.00523745162529,2.0,fibonacci,0.004014047717383748,0.9999999999552047
2000,111.38398264826195,2.0,fibonacci,0.003875521633358733,0.9999999999672485
2000,114.86842567375535,2.0,fibonacci,0.004018968851640709,0.9999999999776621
2000,118.46187309026836,2.0,fibonacci,0.004224265739674529,0.999999999966076
2000,122.16773489967919,2.0,fibonacci,0.004534842455740061,0.9999999999559962
2000,125.98952777950272,2.0,fibonacci,0.004736972073067095,0.9999999999613643
2000,129.93087842004158,2.0,fibonacci,0.004362101373597165,0.9999999999511434
2000,133.99552696593383,2.0,fibonacci,0.0039598607152707575,0.9999999999591479
2000,138.18733056536323,2.0,fibonacci,0.003956017342379878,0.9999999999702732
2000,142.5102670302998,2.0,fibonacci,0.004232121878924814,0.9999999999585821
2000,146.9684386112446,2.0,fibonacci,0.004571364190490278,0.9999999999573771
2000,151.5660758900603,2.0,fibonacci,0.004804959269001697,0.9999999999577822
2000,156.30754179458157,2.0,fibonacci,0.004990889572911022,0.9999999999456053
2000,161.1973357388157,2.0,fibonacci,0.005106925055753653,0.9999999999627157
2000,166.2400978926612,2.0,fibonacci,0.004982196756927303,0.9999999999570045
2000,171.440613585197,2.0,fibonacci,0.004852100342880549,0.9999999999648329
2000,176.8038178457207,2.0,fibonacci,0.005028122797096107,0.9999999999306407
2000,182.33480008684404,2.0,fibonacci,0.005611185634714127,0.9999999999585926
2000,188.03880893409146,2.0,fibonacci,0.005403383122223695,0.9999999999568204
2000,193.9212572065829,2.0,fibonacci,0.004446508054177577,0.9999999999248104
2000,199.9877270535285,2.0,fibonacci,0.004061783273075111,0.9999999999456799
2000,206.24397525140904,2.0,fibonacci,0.004005453059410603,0.9999999999386944
2000,212.69593866686898,2.0,fibonacci,0.003892382342160305,0.9999999999452178
2000,219.3497398905058,2.0,fibonacci,0.003719018044272593,0.9999999999264232
2000,226.2116930469024,2.0,fibonacci,0.0034324851973779125,0.9999999999258501
2000,233.2883097864156,2.0,fibonacci,0.003413945125005579,0.999999999915694
2000,240.58630546440645,2.0,fibonacci,0.004008145616649266,0.999999999935663
2000,248.11260551377677,2.0,fibonacci,0.0046988143914756565,0.9999999999315037
2000,255.87435201685892,2.0,fibonacci,0.005003110493228846,0.9999999999237723
2000,263.87891048289345,2.0,fibonacci,0.005367286604688698,0.999999999928149
2000,272.13387683753086,2.0,fibonacci,0.004757375100832557,0.9999999999302552
2000,280.6470846309839,2.0,fibonacci,0.004255908784260248,0.9999999999173735
2000,289.4266124716752,2.0,fibonacci,0.004710365009679343,0.999999999901503
2000,298.4807916924327,2.0,fibonacci,0.0057134585397083295,0.9999999999118089
2000,307.81821425650804,2.0,fibonacci,0.00726746687781341,0.9999999998890851
2000,317.4477409109193,2.0,fibonacci,0.008512946640699673,0.9999999999012024
2000,327.3785095948577,2.0,fibonacci,0.008144963504121428,0.999999999901291
2000,337.61994411113403,2.0,fibonacci,0.0066616369942761435,0.9999999998840875
2000,348.18176306889666,2.0,fibonacci,0.004865074884781352,0.9999999999067197
2000,359.0739891061055,2.0,fibonacci,0.004539486988517057,0.9999999998768617
2000,370.30695840051413,2.0,fibonacci,0.004263854116250141,0.9999999998943769
2000,381.8913304781854,2.0,fibonacci,0.004350629037122334,0.9999999998844075
2000,393.8380983288489,2.0,fibonacci,0.004635411529298702,0.9999999998802428
2000,406.158598837698,2.0,fibonacci,0.0038129258880356723,0.9999999998869364
2000,418.86452354352707,2.0,fibonacci,0.004222610400290835,0.9999999998520875
2000,431.96792973341735,2.0,fibonacci,0.004563314789379224,0.999999999879842
2000,445.4812518844989,2.0,fibonacci,0.0055390342909905094,0.9999999998616727
2000,459.41731346364764,2.0,fibonacci,0.006701168570792965,0.9999999998561384
2000,473.7893390963144,2.0,fibonacci,0.005473599929804341,0.9999999998514602
2000,488.6109671160326,2.0,fibonacci,0.004487211276258878,0.9999999998243663
2000,503.89626250651503,2.0,fibonacci,0.004144741223687659,0.9999999998394201
2000,519.6597302486197,2.0,fibonacci,0.003551890835484244,0.9999999998352881
2000,535.9163290848514,2.0,fibonacci,0.004582403773234579,0.9999999998364723
2000,552.6814857144603,2.0,fibonacci,0.004058218652403879,0.999999999832013
2000,569.9711094326076,2.0,fibonacci,0.004128853114424121,0.9999999998133808
2000,587.8016072274912,2.0,fibonacci,0.004734116175450942,0.9999999997862987
2000,606.1898993497572,2.0,fibonacci,0.005319463217315686,0.999999999814682
2000,625.1534353689711,2.0,fibonacci,0.005949032723150386,0.9999999998026308
2000,644.7102107323869,2.0,fibonacci,0.0044675882071203935,0.9999999997861758
2000,664.8787838417263,2.0,fibonacci,0.004598911101218769,0.9999999997612639
2000,685.6782936641738,2.0,fibonacci,0.004303945732462528,0.9999999997732889
2000,707.1284778942996,2.0,fibonacci,0.005888548093909077,0.9999999997633571
2000,729.2496916841444,2.0,fibonacci,0.004193478352205514,0.9999999997319928
2000,752.0629269592407,2.0,fibonacci,0.005072100679551502,0.9999999997309522
2000,775.5898323389001,2.0,fibonacci,0.0045002586328110415,0.9999999997389261
2000,799.8527336796708,2.0,fibonacci,0.004480647740355001,0.999999999743971
2000,824.8746552614581,2.0,fibonacci,0.005051469054042511,0.9999999997198656
2000,850.6793416364153,2.0,fibonacci,0.004458919576916945,0.9999999997093987
2000,877.2912801613356,2.0,fibonacci,0.004203182627634649,0.9999999997010007
2000,904.7357242349293,2.0,fibonacci,0.004442282331146642,0.9999999996894464
2000,933.038717262036,2.0,fibonacci,0.004925029107633248,0.999999999694816
2000,962.2271173675134,2.0,fibonacci,0.005072459834425953,0.9999999996668163
2000,992.3286228832545,2.0,fibonacci,0.004544335244937824,0.9999999996643736
2000,1023.3717986325192,2.0,fibonacci,0.004802673439502436,0.9999999996432065
2000,1055.386103036523,2.0,fibonacci,0.004151546180280339,0.9999999996095061
2000,1088.4019160690054,2.0,fibonacci,0.004022725778404075,0.9999999996192396
2000,1122.4505680853058,2.0,fibonacci,0.005021785644205913,0.999999999602331
2000,1157.5643695533035,2.0,fibonacci,0.003974198031398659,0.9999999995988845
2000,1193.7766417144358,2.0,fibonacci,0.004349768537494859,0.9999999995778551
2000,1231.1217482038908,2.0,fibonacci,0.003654587812091951,0.9999999995629383
2000,1269.6351276599742,2.0,fibonacci,0.004317900664807498,0.9999999995620142
2000,1309.353327353611,2.0,fibonacci,0.0036767564269895646,0.9999999995341344
2000,1350.3140378698736,2.0,fibonacci,0.0040872750687417055,0.9999999994969636
2000,1392.5561288744634,2.0,fibonacci,0.00395687504592441,0.9999999995192431
2000,1436.1196859990787,2.0,fibonacci,0.004043012639545279,0.9999999994809134
2000,1481.0460488806755,2.0,fibonacci,0.003869311302245711,0.9999999994462315
2000,1527.377850390714,2.0,fibonacci,0.0044599575518608145,0.999999999441362
2000,1575.1590570916228,2.0,fibonacci,0.004063052664025296,0.9999999994348069
2000,1624.435010958867,2.0,fibonacci,0.004260488643425753,0.9999999994255768
2000,1675.2524724082155,2.0,fibonacci,0.0034881508106096586,0.9999999994025746
2000,1727.6596646690364,2.0,fibonacci,0.0033751897962769448,0.9999999993502371
2000,1781.7063195457306,2.0,fibonacci,0.0033692637543693577,0.9999999993558344
2000,1837.4437246107268,2.0,fibonacci,0.0036328731870310196,0.9999999993475306
2000,1894.9247718738216,2.0,fibonacci,0.003909360472501041,0.9999999993093796
2000,1954.2040079740534,2.0,fibonacci,0.0037940377923650604,0.9999999992813136
2000,2015.337685941733,2.0,fibonacci,0.004544955496787344,0.9999999992439443
2000,2078.383818579757,2.0,fibonacci,0.003318435025954288,0.9999999992560551
2000,2143.4022335148566,2.0,fibonacci,0.003836436743773067,0.9999999992273778
2000,2210.4546299710214,2.0,fibonacci,0.005081393999828696,0.999999999195672
2000,2279.6046373189797,2.0,fibonacci,0.003962303879745895,0.9999999991783972
2000,2350.9178754572868,2.0,fibonacci,0.004209328694669509,0.9999999991577952
2000,2424.462017082328,2.0,fibonacci,0.0032898554818680406,0.9999999990921629
2000,2500.306851906324,2.0,fibonacci,0.0030995983105651954,0.999999999095735
2000,2578.524352884274,2.0,fibonacci,0.0039712969352800115,0.9999999990533837
2000,2659.1887445126936,2.0,fibonacci,0.004034424327650574,0.9999999990236946
2000,2742.3765732649495,2.0,fibonacci,0.0038434417107504,0.9999999989919739
2000,2828.166780230032,2.0,fibonacci,0.00427921523255175,0.9999999989413966
2000,2916.640776023704,2.0,fibonacci,0.0036729618741561244,0.9999999989046986
2000,3007.882518043099,2.0,fibonacci,0.0033970317168107314,0.9999999988915312
2000,3101.978590138097,2.0,fibonacci,0.003804787601618946,0.9999999988505901
2000,3199.018284775064,2.0,fibonacci,0.003463676718886935,0.9999999988170956
2000,3299.093687770939,2.0,fibonacci,0.003946677392929468,0.9999999987398795
2000,3402.2997656780676,2.0,fibonacci,0.003430847747591735,0.999999998593816
2000,3508.7344559027115,2.0,fibonacci,0.003345435277385019,0.9999999984961186
2000,3618.4987596427463,2.0,fibonacci,0.003047820430846733,0.9999999983201201
2000,3731.6968377327516,2.0,fibonacci,0.003062225635283722,0.999999997908787
2000,3848.436109487429,2.0,fibonacci,0.0033945634066782594,0.9999999974461117
2000,3968.827354637162,2.0,fibonacci,0.0034026211704286198,0.9999999972170459
2000,4092.984818452438,2.0,fibonacci,0.002982705146029106,0.999999996817926
2000,4221.026320156899,2.0,fibonacci,0.0028947553953776414,0.9999999965212186
2000,4353.0733647318875,2.0,fibonacci,0.0035280379217599855,0.9999999958951102
2000,4489.251258218603,2.0,fibonacci,0.003268462762249463,0.9999999954795774
2000,4629.689226627263,2.0,fibonacci,0.0035150059266461295,0.9999999950876283
2000,4774.520538566127,2.0,fibonacci,0.0031041853753210643,0.9999999938945371
2000,4923.882631706737,2.0,fibonacci,0.0032915006355893383,0.9999999931537402
2000,5077.917243205398,2.0,fibonacci,0.0032420306477855924,0.999999992255093
2000,5236.77054420465,2.0,fibonacci,0.0028354564314518257,0.9999999911211186
2000,5400.593278542368,2.0,fibonacci,0.002762175833437754,0.9999999898473201
2000,5569.5409058001305,2.0,fibonacci,0.0025884013975493642,0.9999999874649896
2000,5743.773748826581,2.0,fibonacci,0.003018406208259649,0.9999999862813048
2000,5923.4571458758055,2.0,fibonacci,0.0027450529571895334,0.9999999845683426
2000,6108.76160750504,2.0,fibonacci,0.002842882123933436,0.9999999830419939
2000,6299.862978380694,2.0,fibonacci,0.00267061564116711,0.99999998027841
2000,6496.942604146125,2.0,fibonacci,0.002726768889541389,0.999999978224803
2000,6700.18750350959,2.0,fibonacci,0.0024280733193734246,0.9999999749665487
2000,6909.790545715645,2.0,fibonacci,0.0024513978469482803,0.9999999735209625
2000,7125.950633568411,2.0,fibonacci,0.002609347656430295,0.9999999703720928
2000,7348.872892180388,2.0,fibonacci,0.0021665365429783074,0.999999966547223
2000,7578.76886362593,2.0,fibonacci,0.002763050653448747,0.9999999642531353
2000,7815.856707684091,2.0,fibonacci,0.002773973399254577,0.999999960805006
2000,8060.361408861345,2.0,fibonacci,0.0019693568036930494,0.9999999573033601
2000,8312.514989890631,2.0,fibonacci,0.0022639767886150513,0.9999999537729161
2000,8572.556731909324,2.0,fibonacci,0.0022879610230939385,0.9999999494636916
2000,8840.733401525064,2.0,fibonacci,0.0021947763241624,0.9999999455072794
2000,9117.299484984922,2.0,fibonacci,0.0022015158840383584,0.999999941126421
2000,9402.517429670132,2.0,fibonacci,0.002139634144276004,0.9999999370309148
2000,9696.65789314552,2.0,fibonacci,0.0022044359980721868,0.9999999317515097
2000,10000.0,2.0,fibonacci,0.0018946399126519315,0.9999999268993157
2000,0.0,2.0,tribonacci,0.0483982089007412,1.0
2000,1.0,2.0,tribonacci,0.04832458332610905,0.9999999999624153
2000,1.0312831606721848,2.0,tribonacci,0.048315682949649975,0.9999999999619055
2000,1.0635449574860112,2.0,tribonacci,0.048305760033525914,0.9999999999757908
2000,1.096816005273138,2.0,tribonacci,0.048294707508761255,0.9999999999958036
2000,1.1311278765939214,2.0,tribonacci,0.04828240911711122,1.0000000000001796
2000,1.1665131316981963,2.0,tribonacci,0.04826873908273993,1.0000000000009897
2000,1.2030053494233244,2.0,tribonacci,0.0482535617659802,0.9999999999995549
2000,1.240639159058832,2.0,tribonacci,0.04823673147152421,0.9999999999993259
2000,1.2794502732078736,2.0,tribonacci,0.048218092380879034,1.0000000000046816
2000,1.3194755216767062,2.0,tribonacci,0.04819747864656725,1.0000000000163651
2000,1.3607528864243335,2.0,tribonacci,0.0481747146919382,1.0000000000293814
2000,1.403321537605485,2.0,tribonacci,0.048149615761020906,1.0000000000343128
2000,1.4472218707411348,2.0,tribonacci,0.048121988767349265,1.000000000022282
2000,1.4924955450518296,2.0,tribonacci,0.0480916334944386,0.9999999999923848
2000,1.5391855229902058,2.0,tribonacci,0.0480583442029702,0.9999999999581076
2000,1.587336111010209,2.0,tribonacci,0.04802191169989466,0.9999999999458458
2000,1.6369930016117025,2.0,tribonacci,0.04798212592141305,0.9999999999740503
2000,1.6882033167003634,2.0,tribonacci,0.04793877907592,0.9999999999993282
2000,1.7410156523040161,2.0,tribonacci,0.04789166953276775,1.0000000000006586
2000,1.7954801246878311,2.0,tribonacci,0.047840606381329705,0.9999999999983723
2000,1.8516484179121548,2.0,tribonacci,0.04778541465629487,1.000000000005462
2000,1.9095738328780973,2.0,tribonacci,0.04772594141646217,1.0000000000259017
2000,1.9693113379074225,2.0,tribonacci,0.047662062593711585,1.0000000000402385
2000,2.0309176209047357,2.0,tribonacci,0.047593690621254264,1.0000000000210991
2000,2.0944511431514696,2.0,tribonacci,0.04752078280255257,0.999999999968921
2000,2.159972194782718,2.0,tribonacci,0.047443350340687945,0.9999999999359078
2000,2.2275429519995575,2.0,tribonacci,0.047361467891837025,0.9999999999777072
2000,2.2972275360711523,2.0,tribonacci,0.04727528343743005,1.0000000000004172
2000,2.369092074182633,2.0,tribonacci,0.04718502831159261,0.9999999999977901
2000,2.4432047621864883,2.0,tribonacci,0.04709102694583025,1.000000000007543
2000,2.519635929317015,2.0,tribonacci,0.046993706044423364,1.0000000000399953
2000,2.598458104929249,2.0,tribonacci,0.04689360271257144,1.0000000000404485
2000,2.6797460873256913,2.0,tribonacci,0.046791370848377235,0.9999999999738552
2000,2.763577014736159,2.0,tribonacci,0.0466877853159497,0.9999999999290341
2000,2.850030438518107,2.0,tribonacci,0.046583743518596954,0.9999999999945023
2000,2.9391883986468863,2.0,tribonacci,0.04648026380510993,0.9999999999990935
2000,3.0311355015675785,2.0,tribonacci,0.04637847951769066,1.0000000000028018
2000,3.1259590004822804,2.0,tribonacci,0.04627962986632461,1.0000000000439433
2000,3.2237488781490296,2.0,tribonacci,0.046185047331518174,1.0000000000289169
2000,3.3245979322709407,2.0,tribonacci,0.04609614198987713,0.9999999999306857
2000,3.428601863556586,2.0,tribonacci,0.04601438480683148,0.9999999999642368
2000,3.5358593665351785,2.0,tribonacci,0.04594129359186524,0.999999999998735
2000,3.646472223212748,2.0,tribonacci,0.045878421730201055,1.0000000000038505
2000,3.760545399658171,2.0,tribonacci,0.045827355292197856,1.0000000000467761
2000,3.8781871456107226,2.0,tribonacci,0.04578972141274458,0.9999999999759578
2000,3.9995090972036653,2.0,tribonacci,0.04576720743661532,0.9999999999261385
2000,4.1246263829013525,2.0,tribonacci,0.045761591821347196,0.999999999998153
2000,4.253657732750387,2.0,tribonacci,0.04577477943038013,1.0000000000052285
2000,4.386725591048498,2.0,tribonacci,0.04580882700730685,1.000000000046771
2000,4.523956232538054,2.0,tribonacci,0.04586594256660823,0.9999999999284227
2000,4.6654798822344725,2.0,tribonacci,0.045948428724306496,0.9999999999928055
2000,4.811430839003259,2.0,tribonacci,0.046058543474585004,0.9999999999942927
2000,4.961947603002903,2.0,tribonacci,0.04619824461073446,1.0000000000685256
2000,5.117173007114605,2.0,tribonacci,0.04636880033037239,0.9999999999302254
2000,5.277254352483538,2.0,tribonacci,0.04657026006131125,0.9999999999903569
2000,5.442343548300267,2.0,tribonacci,0.046800810259768524,0.9999999999965159
2000,5.612597255954972,2.0,tribonacci,0.047056071663036325,1.000000000061137
2000,5.788177037701274,2.0,tribonacci,0.04732843562712777,0.9999999998936037
2000,5.969249509970735,2.0,tribonacci,0.04760657546386198,0.9999999999916949
2000,6.155986501483509,2.0,tribonacci,0.04787529714966545,1.0000000000290312
2000,6.348565216305219,2.0,tribonacci,0.04811591298701889,0.9999999999394308
2000,6.547168402004738,2.0,tribonacci,0.04830730114579479,0.9999999999903065
2000,6.751984523072503,2.0,tribonacci,0.048427751095830585,1.0000000000153515
2000,6.963207939763885,2.0,tribonacci,0.04845757322680706,0.9999999999883575
2000,7.181039092537351,2.0,tribonacci,0.04838225725981619,1.0000000000191258
2000,7.405684692262437,2.0,tribonacci,0.04819573904789505,0.9999999999222638
2000,7.637357916378021,2.0,tribonacci,0.04790312964691127,0.9999999999901222
2000,7.876278611187057,2.0,tribonacci,0.04752215240122232,1.0000000000490565
2000,8.122673500479713,2.0,tribonacci,0.047082628761775644,0.9999999999766268
2000,8.376776400682918,2.0,tribonacci,0.04662369524911532,1.000000000022899
2000,8.638828442740447,2.0,tribonacci,0.04618906506889362,0.9999999999272421
2000,8.909078300934137,2.0,tribonacci,0.04582146095246027,1.0000000000028189
2000,9.187782428863335,2.0,tribonacci,0.04555803770360155,0.999999999927649
2000,9.475205302806543,2.0,tribonacci,0.0454285693478474,1.0000000000074438
2000,9.771619672696177,2.0,tribonacci,0.04545679173694639,0.999999999927363
2000,10.077306820944612,2.0,tribonacci,0.045662616625993774,1.0000000000258114
2000,10.392556829367125,2.0,tribonacci,0.04606055929281104,0.9999999999804263
2000,10.71766885445503,2.0,tribonacci,0.0466501737538276,1.000000000017628
2000,11.052951411260215,2.0,tribonacci,0.04739906729939866,0.9999999999832838
2000,11.39872266616052,2.0,tribonacci,0.04822618313328062,0.9999999999172366
2000,11.755310738783693,2.0,tribonacci,0.04899782412562124,1.0000000000283689
2000,12.123054013376523,2.0,tribonacci,0.049547303302976055,0.9999999999833694
2000,12.502301459914554,2.0,tribonacci,0.04972027366029875,0.9999999999059684
2000,12.89341296525715,2.0,tribonacci,0.049433559361993305,1.0000000000316953
2000,13.29675967466212,2.0,tribonacci,0.048721108784578866,0.999999999986442
2000,13.712724343984002,2.0,tribonacci,0.04773747159699189,0.9999999999808891
2000,14.141701702890233,2.0,tribonacci,0.04670783872686677,0.9999999999268766
2000,14.584098829439856,2.0,tribonacci,0.04585018087467911,0.9999999999703679
2000,15.040335536380244,2.0,tribonacci,0.045321144828682734,1.000000000018466
2000,15.510844769528397,2.0,tribonacci,0.045215433254567804,1.0000000000047826
2000,15.996073018614878,2.0,tribonacci,0.04558048623691322,0.9999999999812293
2000,16.496480740980207,2.0,tribonacci,0.04637562148254717,0.9999999999761547
2000,17.012542798525892,2.0,tribonacci,0.047384818594140295,0.9999999999765826
2000,17.544748908334597,2.0,tribonacci,0.04820658408700875,0.9999999999755765
2000,18.093604107387165,2.0,tribonacci,0.04842276607078005,0.9999999999747244
2000,18.65962923181746,2.0,tribonacci,0.04787320900543846,0.999999999978941
2000,19.2433614111598,2.0,tribonacci,0.04680640225094878,0.9999999999940686
2000,19.845354578058032,2.0,tribonacci,0.04573653271480791,1.0000000000081901
2000,20.466179993919898,2.0,tribonacci,0.04513255544835059,0.9999999999485646
2000,21.106426791015547,2.0,tribonacci,0.04525154874957017,0.9999999999247305
2000,21.76670253153459,2.0,tribonacci,0.046147343348469615,0.9999999999724124
2000,22.44763378413224,2.0,tribonacci,0.04756158762885628,1.0000000000044422
2000,23.14986671851161,2.0,tribonacci,0.04878136725940339,0.9999999999251682
2000,23.87406771860647,2.0,tribonacci,0.048975976623383974,0.9999999999700864
2000,24.620924014946254,2.0,tribonacci,0.04795481080148952,1.000000000010571
2000,25.39114433680347,2.0,tribonacci,0.0464572128369699,0.9999999999674201
2000,26.185459584742325,2.0,tribonacci,0.04550605938287228,1.0000000000015443
2000,27.00462352420682,2.0,tribonacci,0.04567056708445701,0.9999999999678348
2000,27.849413500806442,2.0,tribonacci,0.046888538478084746,0.9999999999454712
2000,28.72063117797828,2.0,tribonacci,0.04823565489438925,0.9999999999842297
2000,29.619103297725534,2.0,tribonacci,0.04817995751419625,0.9999999999653579
2000,30.545682465154318,2.0,tribonacci,0.04639716672582593,0.9999999998922287
2000,31.50124795755328,2.0,tribonacci,0.04460946833909029,0.9999999999594134
2000,32.486706558783744,2.0,tribonacci,0.044540313721392465,1.0000000000046305
2000,33.502993419772295,2.0,tribonacci,0.04656901271356393,0.9999999999996845
2000,34.55107294592218,2.0,tribonacci,0.0491787622202102,0.9999999999902885
2000,35.631939712285856,2.0,tribonacci,0.049046255669084125,1.000000000013287
2000,36.7466194073669,2.0,tribonacci,0.04627835605701365,0.9999999999761379
2000,37.896169806447176,2.0,tribonacci,0.0446974817857629,0.9999999998836414
2000,39.08168177536266,2.0,tribonacci,0.04612898034452661,0.9999999999542729
2000,40.30428030568053,2.0,tribonacci,0.048944497191029904,0.9999999999884536
2000,41.5651255822599,2.0,tribonacci,0.04810883778538964,0.9999999998587287
2000,42.86541408420927,2.0,tribonacci,0.04492351554628946,0.9999999999477959
2000,44.20637972028532,2.0,tribonacci,0.04471230009689423,0.9999999998768729
2000,45.58929499981062,2.0,tribonacci,0.047939475754671425,0.9999999999631253
2000,47.01547224022132,2.0,tribonacci,0.048462568460361864,0.9999999999428771
2000,48.48626481239081,2.0,tribonacci,0.04550003553245978,0.9999999998644228
2000,50.00306842491092,2.0,tribonacci,0.046147384146432664,0.9999999999063439
2000,51.56732244854966,2.0,tribonacci,0.049698666889064165,0.9999999999350265
2000,53.180511282142,2.0,tribonacci,0.04681970515026646,0.9999999998673859
2000,54.84416576121018,2.0,tribonacci,0.04381070948363721,0.9999999998691803
2000,56.55986461065005,2.0,tribonacci,0.04781352218608763,0.9999999999297953
2000,58.329235942862034,2.0,tribonacci,0.04893248446724119,0.999999999992352
2000,60.153958802748356,2.0,tribonacci,0.044508431202522944,0.9999999999096233
2000,62.035764761042714,2.0,tribonacci,0.04734308664032083,0.9999999999736887
2000,63.97643955748427,2.0,tribonacci,0.04880473829665314,0.9999999999246415
2000,65.97782479539536,2.0,tribonacci,0.04458472672442057,0.9999999999167163
2000,68.04181968927098,2.0,tribonacci,0.04707944839665496,0.9999999999134562
2000,70.17038286703826,2.0,tribonacci,0.046848032345943584,0.9999999999124075
2000,72.36553422869653,2.0,tribonacci,0.045355426700443915,0.9999999999198756
2000,74.62935686310134,2.0,tribonacci,0.04804751910697979,0.9999999998934639
2000,76.96399902471158,2.0,tribonacci,0.0456512861976148,0.9999999999027875
2000,79.37167617217551,2.0,tribonacci,0.04635749689132961,0.9999999998436501
2000,81.8546730706903,2.0,tribonacci,0.046590382401057465,0.9999999999433129
2000,84.41534596012986,2.0,tribonacci,0.04539595595168002,0.9999999999200812
2000,87.05612479099865,2.0,tribonacci,0.04802340865985145,0.9999999999283977
2000,89.77951553033323,2.0,tribonacci,0.044832969261319716,0.9999999998993677
2000,92.58810253973955,2.0,tribonacci,0.04752236335542661,0.9999999998802254
2000,95.48455102782293,2.0,tribonacci,0.0448259477368934,0.9999999998842245
2000,98.47160957933774,2.0,tribonacci,0.047730101232039954,0.999999999910153
2000,101.5521127634568,2.0,tribonacci,0.04518635388951287,0.9999999999057952
2000,104.72898382363586,2.0,tribonacci,0.04736390917108462,0.9999999998481564
2000,108.00523745162529,2.0,tribonacci,0.045498290969610056,0.9999999998580835
2000,111.38398264826195,2.0,tribonacci,0.04629177830769493,0.9999999997760496
2000,114.86842567375535,2.0,tribonacci,0.04696250795346744,0.9999999999017376
2000,118.46187309026836,2.0,tribonacci,0.04424990723247041,0.9999999998336595
2000,122.16773489967919,2.0,tribonacci,0.0477480417262439,0.9999999997441338
2000,125.98952777950272,2.0,tribonacci,0.0460385015585599,0.9999999998672111
2000,129.93087842004158,2.0,tribonacci,0.04431724017021922,0.9999999998157763
2000,133.99552696593383,2.0,tribonacci,0.046669887201439844,0.9999999997992708
2000,138.18733056536323,2.0,tribonacci,0.04728886857729683,0.9999999997985296
2000,142.5102670302998,2.0,tribonacci,0.04451209136708982,0.9999999997456275
2000,146.9684386112446,2.0,tribonacci,0.04456752466290815,0.9999999998507043
2000,151.5660758900603,2.0,tribonacci,0.04698988884074168,0.9999999998374246
2000,156.30754179458157,2.0,tribonacci,0.04731682177009573,0.999999999743522
2000,161.1973357388157,2.0,tribonacci,0.04627511635435237,0.9999999998397905
2000,166.2400978926612,2.0,tribonacci,0.04492232658560303,0.999999999818491
2000,171.440613585197,2.0,tribonacci,0.043511728525988565,0.999999999821872
2000,176.8038178457207,2.0,tribonacci,0.043648233975164825,0.9999999997249692
2000,182.33480008684404,2.0,tribonacci,0.04290479595751475,0.9999999996456272
2000,188.03880893409146,2.0,tribonacci,0.043126447927391065,0.9999999998114418
2000,193.9212572065829,2.0,tribonacci,0.04260535889136238,0.9999999997544561
2000,199.9877270535285,2.0,tribonacci,0.04336391068090887,0.9999999994372388
2000,206.24397525140904,2.0,tribonacci,0.043061995671178716,0.9999999997208169
2000,212.69593866686898,2.0,tribonacci,0.04417643830263893,0.9999999994128068
2000,219.3497398905058,2.0,tribonacci,0.045771674556646304,0.9999999994835025
2000,226.2116930469024,2.0,tribonacci,0.04732384059280324,0.9999999996796127
2000,233.2883097864156,2.0,tribonacci,0.04261554674152854,0.9999999995397846
2000,240.58630546440645,2.0,tribonacci,0.04203268657334468,0.9999999995071607
2000,248.11260551377677,2.0,tribonacci,0.04545199046888154,0.9999999998299847
2000,255.87435201685892,2.0,tribonacci,0.047683619684710285,0.9999999988763552
2000,263.87891048289345,2.0,tribonacci,0.04142794823392797,0.999999997289249
2000,272.13387683753086,2.0,tribonacci,0.05198039686563408,0.9999999986164377
2000,280.6470846309839,2.0,tribonacci,0.03599628898584912,0.9999999986102804
2000,289.4266124716752,2.0,tribonacci,0.0418975135685275,0.9999999976836765
2000,298.4807916924327,2.0,tribonacci,0.036547174337642825,0.9999999969912583
2000,307.81821425650804,2.0,tribonacci,0.03293556967880334,0.9999999940506284
2000,317.4477409109193,2.0,tribonacci,0.032567591368974365,0.9999999952546615
2000,327.3785095948577,2.0,tribonacci,0.03334109834548478,0.9999999959202361
2000,337.61994411113403,2.0,tribonacci,0.036314695387500304,0.9999999952588017
2000,348.18176306889666,2.0,tribonacci,0.039301855734076054,0.999999996482085
2000,359.0739891061055,2.0,tribonacci,0.02923260040528472,0.9999999948419843
2000,370.30695840051413,2.0,tribonacci,0.03260012255406327,0.9999999931700608
2000,381.8913304781854,2.0,tribonacci,0.029620832635449516,0.9999999934474543
2000,393.8380983288489,2.0,tribonacci,0.026735138910834687,0.9999999931884482
2000,406.158598837698,2.0,tribonacci,0.030849281019533874,0.9999999920740035
2000,418.86452354352707,2.0,tribonacci,0.033319686591894146,0.9999999922456424
2000,431.96792973341735,2.0,tribonacci,0.036327597917836525,0.9999999907437456
2000,445.4812518844989,2.0,tribonacci,0.029530526238407,0.9999999909009082
2000,459.41731346364764,2.0,tribonacci,0.041053696694177445,0.999999990686873
2000,473.7893390963144,2.0,tribonacci,0.036450424121910824,0.9999999881487265
2000,488.6109671160326,2.0,tribonacci,0.03650889939295211,0.9999999897781144
2000,503.89626250651503,2.0,tribonacci,0.030060366848080427,0.9999999877561937
2000,519.6597302486197,2.0,tribonacci,0.026559641317780096,0.9999999868263979
2000,535.9163290848514,2.0,tribonacci,0.027482281926096766,0.9999999863190787
2000,552.6814857144603,2.0,tribonacci,0.04102277512870741,0.9999999846506399
2000,569.9711094326076,2.0,tribonacci,0.03738087325282185,0.9999999842072103
2000,587.8016072274912,2.0,tribonacci,0.03791174724841447,0.9999999847372472
2000,606.1898993497572,2.0,tribonacci,0.030863389307071942,0.9999999838178537
2000,625.1534353689711,2.0,tribonacci,0.027038887413199188,0.9999999819882768
2000,644.7102107323869,2.0,tribonacci,0.02964661458269331,0.9999999801170875
2000,664.8787838417263,2.0,tribonacci,0.035689178554156875,0.9999999805944959
2000,685.6782936641738,2.0,tribonacci,0.03206580216916564,0.9999999781562493
2000,707.1284778942996,2.0,tribonacci,0.029210070199866694,0.9999999800160241
2000,729.2496916841444,2.0,tribonacci,0.028447658823890533,0.9999999788768436
2000,752.0629269592407,2.0,tribonacci,0.0309428990327592,0.9999999768107994
2000,775.5898323389001,2.0,tribonacci,0.027486835196643692,0.9999999755504387
2000,799.8527336796708,2.0,tribonacci,0.03166051238367354,0.99999997434585
2000,824.8746552614581,2.0,tribonacci,0.031136520670928747,0.9999999743075904
2000,850.6793416364153,2.0,tribonacci,0.03374537174919968,0.9999999727183155
2000,877.2912801613356,2.0,tribonacci,0.029674135115775227,0.9999999715157353
2000,904.7357242349293,2.0,tribonacci,0.027919507069459372,0.9999999683075426
2000,933.038717262036,2.0,tribonacci,0.035703337728364384,0.9999999693592687
2000,962.2271173675134,2.0,tribonacci,0.030314931790815455,0.9999999665988666
2000,992.3286228832545,2.0,tribonacci,0.03222122028759993,0.999999966588369
2000,1023.3717986325192,2.0,tribonacci,0.03336485396043489,0.9999999653201782
2000,1055.386103036523,2.0,tribonacci,0.023042060665118547,0.999999963925835
2000,1088.4019160690054,2.0,tribonacci,0.0296183963511508,0.9999999613323893
2000,1122.4505680853058,2.0,tribonacci,0.02785548475828209,0.9999999614550324
2000,1157.5643695533035,2.0,tribonacci,0.029317815798841317,0.999999958293094
2000,1193.7766417144358,2.0,tribonacci,0.023603471446016416,0.9999999565379477
2000,1231.1217482038908,2.0,tribonacci,0.03540729521931844,0.9999999555097415
2000,1269.6351276599742,2.0,tribonacci,0.02427336596587054,0.9999999552489753
2000,1309.353327353611,2.0,tribonacci,0.021773519818580698,0.9999999513844886
2000,1350.3140378698736,2.0,tribonacci,0.02759500138820129,0.9999999516993017
2000,1392.5561288744634,2.0,tribonacci,0.03004252255049751,0.9999999493376497
2000,1436.1196859990787,2.0,tribonacci,0.03001600962848299,0.9999999490889947
2000,1481.0460488806755,2.0,tribonacci,0.029782040379114288,0.9999999456249036
2000,1527.377850390714,2.0,tribonacci,0.022821263200706786,0.9999999438908509
2000,1575.1590570916228,2.0,tribonacci,0.023499487636467375,0.9999999438359232
2000,1624.435010958867,2.0,tribonacci,0.028182008063808037,0.9999999405910269
2000,1675.2524724082155,2.0,tribonacci,0.02787583140416905,0.9999999378741211
2000,1727.6596646690364,2.0,tribonacci,0.024815792303762418,0.9999999365445026
2000,1781.7063195457306,2.0,tribonacci,0.022086716101863312,0.9999999340806555
2000,1837.4437246107268,2.0,tribonacci,0.02132103080560867,0.9999999324887945
2000,1894.9247718738216,2.0,tribonacci,0.027365068963785048,0.999999929160223
2000,1954.2040079740534,2.0,tribonacci,0.02687960278741932,0.9999999271125182
2000,2015.337685941733,2.0,tribonacci,0.019026009776510592,0.999999924866997
2000,2078.383818579757,2.0,tribonacci,0.024544455322123702,0.9999999214400249
2000,2143.4022335148566,2.0,tribonacci,0.025614752593927242,0.9999999192422188
2000,2210.4546299710214,2.0,tribonacci,0.027815657813726215,0.9999999152490975
2000,2279.6046373189797,2.0,tribonacci,0.018944520904537125,0.9999999139438469
2000,2350.9178754572868,2.0,tribonacci,0.028625501204191082,0.9999999117817449
2000,2424.462017082328,2.0,tribonacci,0.031248430887369744,0.9999999084241316
2000,2500.306851906324,2.0,tribonacci,0.01956030131190499,0.9999999063265889
2000,2578.524352884274,2.0,tribonacci,0.018330336587301054,0.9999999034479461
2000,2659.1887445126936,2.0,tribonacci,0.021150373125104642,0.9999999011026883
2000,2742.3765732649495,2.0,tribonacci,0.021996610454127676,0.9999998963427355
2000,2828.166780230032,2.0,tribonacci,0.01773019877601856,0.9999998950304576
2000,2916.640776023704,2.0,tribonacci,0.017090629245993225,0.9999998920928372
2000,3007.882518043099,2.0,tribonacci,0.01652377774841524,0.9999998867774754
2000,3101.978590138097,2.0,tribonacci,0.01562642971213122,0.9999998860637443
2000,3199.018284775064,2.0,tribonacci,0.016177601395069574,0.9999998832027771
2000,3299.093687770939,2.0,tribonacci,0.014232833603427237,0.9999998796631414
2000,3402.2997656780676,2.0,tribonacci,0.016859379184609738,0.9999998763829349
2000,3508.7344559027115,2.0,tribonacci,0.01528911362141859,0.9999998730722822
2000,3618.4987596427463,2.0,tribonacci,0.01256316021527416,0.9999998681546803
2000,3731.6968377327516,2.0,tribonacci,0.013735530736129145,0.9999998659728966
2000,3848.436109487429,2.0,tribonacci,0.014934719546870683,0.9999998634445143
2000,3968.827354637162,2.0,tribonacci,0.01349829557851065,0.9999998593423463
2000,4092.984818452438,2.0,tribonacci,0.013921828519711084,0.9999998548744279
2000,4221.026320156899,2.0,tribonacci,0.011991307797671083,0.9999998527606448
2000,4353.0733647318875,2.0,tribonacci,0.01283095248003694,0.9999998474935888
2000,4489.251258218603,2.0,tribonacci,0.009331206608106789,0.999999842747809
2000,4629.689226627263,2.0,tribonacci,0.010362411513432451,0.9999998372358269
2000,4774.520538566127,2.0,tribonacci,0.01244329740478549,0.9999998341800179
2000,4923.882631706737,2.0,tribonacci,0.012904810490759198,0.9999998283373384
2000,5077.917243205398,2.0,tribonacci,0.009720891929751046,0.9999998269021666
2000,5236.77054420465,2.0,tribonacci,0.010962744540952344,0.9999998217600338
2000,5400.593278542368,2.0,tribonacci,0.01027463445200142,0.9999998143542591
2000,5569.5409058001305,2.0,tribonacci,0.010069006580907931,0.999999809682568
2000,5743.773748826581,2.0,tribonacci,0.009352060107693076,0.9999998071592128
2000,5923.4571458758055,2.0,tribonacci,0.008409600621211492,0.9999998020389916
2000,6108.76160750504,2.0,tribonacci,0.009618525707541827,0.9999997954695138
2000,6299.862978380694,2.0,tribonacci,0.008272197068681934,0.9999997911182568
2000,6496.942604146125,2.0,tribonacci,0.00875409375123564,0.9999997831557559
2000,6700.18750350959,2.0,tribonacci,0.010313072943393899,0.999999779295812
2000,6909.790545715645,2.0,tribonacci,0.011340517441223722,0.9999997739851677
2000,7125.950633568411,2.0,tribonacci,0.007912188311619267,0.9999997674196555
2000,7348.872892180388,2.0,tribonacci,0.008475131851940917,0.9999997606230243
2000,7578.76886362593,2.0,tribonacci,0.008794540604018674,0.9999997533816615
2000,7815.856707684091,2.0,tribonacci,0.00829308820606986,0.9999997468348255
2000,8060.361408861345,2.0,tribonacci,0.009824385506785912,0.9999997412981838
2000,8312.514989890631,2.0,tribonacci,0.0094174867434402,0.9999997326179906
2000,8572.556731909324,2.0,tribonacci,0.0083744680757188,0.9999997271465472
2000,8840.733401525064,2.0,tribonacci,0.009427421338621322,0.9999997196473186
2000,9117.299484984922,2.0,tribonacci,0.007562179172271656,0.9999997126835029
2000,9402.517429670132,2.0,tribonacci,0.00713207359193412,0.9999997043159851
2000,9696.65789314552,2.0,tribonacci,0.00925343791219246,0.9999996948655769
2000,10000.0,2.0,tribonacci,0.00782505772535348,0.999999687444546
2000,0.0,3.0,fibonacci,0.00940313707633849,1.0
2000,1.0,3.0,fibonacci,0.009398808791393955,1.0000000000044609
2000,1.0312831606721848,3.0,fibonacci,0.009398308916962441,1.0000000000009324
2000,1.0635449574860112,3.0,fibonacci,0.009397752549602149,0.9999999999964239
2000,1.096816005273138,3.0,fibonacci,0.009397133732528594,0.999999999992119
2000,1.1311278765939214,3.0,fibonacci,0.009396445974305542,0.9999999999896736
2000,1.1665131316981963,3.0,fibonacci,0.00939568221938747,0.9999999999906366
2000,1.2030053494233244,3.0,fibonacci,0.009394834820699057,0.9999999999951682
2000,1.240639159058832,3.0,fibonacci,0.009393895515076961,0.9999999999996965
2000,1.2794502732078736,3.0,fibonacci,0.009392855405850225,1.000000000000105
2000,1.3194755216767062,3.0,fibonacci,0.009391704955159496,1.0000000000001041
2000,1.3607528864243335,3.0,fibonacci,0.009390433973833406,0.9999999999997191
2000,1.403321537605485,3.0,fibonacci,0.00938903162903402,1.0000000000000713
2000,1.4472218707411348,3.0,fibonacci,0.00938748646192172,1.0000000000020224
2000,1.4924955450518296,3.0,fibonacci,0.009385786419822923,1.0000000000051765
2000,1.5391855229902058,3.0,fibonacci,0.009383918905616795,1.0000000000077012
2000,1.587336111010209,3.0,fibonacci,0.0093818708471387,1.0000000000071316
2000,1.6369930016117025,3.0,fibonacci,0.00937962878945417,1.0000000000020268
2000,1.6882033167003634,3.0,fibonacci,0.00937717901277508,0.9999999999938567
2000,1.7410156523040161,3.0,fibonacci,0.009374507678504033,0.9999999999877804
2000,1.7954801246878311,3.0,fibonacci,0.009371601005315972,0.9999999999900676
2000,1.8516484179121548,3.0,fibonacci,0.009368445476202884,0.9999999999989109
2000,1.9095738328780973,3.0,fibonacci,0.00936502807999427,1.000000000000146
2000,1.9693113379074225,3.0,fibonacci,0.009361336599131392,0.9999999999997031
2000,2.0309176209047357,3.0,fibonacci,0.009357359914590462,1.000000000000133
2000,2.0944511431514696,3.0,fibonacci,0.009353088352556493,1.000000000004328
2000,2.159972194782718,3.0,fibonacci,0.009348514059404848,1.0000000000094373
2000,2.2275429519995575,3.0,fibonacci,0.009343631398138524,1.0000000000081626
2000,2.2972275360711523,3.0,fibonacci,0.009338437358876867,0.9999999999970695
2000,2.369092074182633,3.0,fibonacci,0.009332931973865378,0.999999999985188
2000,2.4432047621864883,3.0,fibonacci,0.009327118725530718,0.9999999999895095
2000,2.519635929317015,3.0,fibonacci,0.009321004933964311,0.9999999999996468
2000,2.598458104929249,3.0,fibonacci,0.009314602094160178,0.9999999999996918
2000,2.6797460873256913,3.0,fibonacci,0.009307926148793133,1.0000000000003253
2000,2.763577014736159,3.0,fibonacci,0.009300997684359403,1.0000000000072993
2000,2.850030438518107,3.0,fibonacci,0.0092938420279082,1.0000000000105234
2000,2.9391883986468863,3.0,fibonacci,0.009286489205646025,0.9999999999972667
2000,3.0311355015675785,3.0,fibonacci,0.00927897375228555,0.9999999999826718
2000,3.1259590004822804,3.0,fibonacci,0.00927133438805823,0.9999999999962159
2000,3.2237488781490296,3.0,fibonacci,0.009263613579839104,0.9999999999997546
2000,3.3245979322709407,3.0,fibonacci,0.009255856854214756,0.9999999999999788
2000,3.428601863556586,3.0,fibonacci,0.009248112047442789,1.0000000000081803
2000,3.5358593665351785,3.0,fibonacci,0.00924042843620686,1.0000000000058082
2000,3.646472223212748,3.0,fibonacci,0.009232855717984264,0.999999999985295
2000,3.760545399658171,3.0,fibonacci,0.009225442872243974,0.9999999999939713
2000,3.8781871456107226,3.0,fibonacci,0.00921823698444558,0.9999999999994637
2000,3.9995090972036653,3.0,fibonacci,0.009211281672936755,1.0000000000016387
2000,4.1246263829013525,3.0,fibonacci,0.00920461515666031,1.0000000000098492
2000,4.253657732750387,3.0,fibonacci,0.009198267594315477,0.999999999991276
2000,4.386725591048498,3.0,fibonacci,0.009192257153189476,0.9999999999902622
2000,4.523956232538054,3.0,fibonacci,0.00918658441163656,0.9999999999993555
2000,4.6654798822344725,3.0,fibonacci,0.009181224235013627,1.0000000000041618
2000,4.811430839003259,3.0,fibonacci,0.009176114487137009,1.0000000000103026
2000,4.961947603002903,3.0,fibonacci,0.009171141076927933,0.9999999999793951
2000,5.117173007114605,3.0,fibonacci,0.009166119057020654,0.9999999999988881
2000,5.277254352483538,3.0,fibonacci,0.009160770370144362,0.9999999999997833
2000,5.442343548300267,3.0,fibonacci,0.009154699526730098,1.000000000013882
2000,5.612597255954972,3.0,fibonacci,0.009147370010853641,0.999999999978736
2000,5.788177037701274,3.0,fibonacci,0.009138085521452632,0.9999999999986923
2000,5.969249509970735,3.0,fibonacci,0.009125981349847516,1.0000000000017364
2000,6.155986501483509,3.0,fibonacci,0.009110032570962516,1.0000000000040108
2000,6.348565216305219,3.0,fibonacci,0.009089085440883767,0.9999999999873737
2000,6.547168402004738,3.0,fibonacci,0.009061917609661366,0.9999999999979531
2000,6.751984523072503,3.0,fibonacci,0.009027329559257526,1.0000000000113385
2000,6.963207939763885,3.0,fibonacci,0.008984265274131348,0.9999999999787677
2000,7.181039092537351,3.0,fibonacci,0.008931953534945155,0.9999999999976679
2000,7.405684692262437,3.0,fibonacci,0.008870053856853381,1.000000000012618
2000,7.637357916378021,3.0,fibonacci,0.008798785736644008,0.9999999999791297
2000,7.876278611187057,3.0,fibonacci,0.008719015811959344,0.9999999999977643
2000,8.122673500479713,3.0,fibonacci,0.008632279326863718,1.000000000002716
2000,8.376776400682918,3.0,fibonacci,0.008540719870354471,0.9999999999973601
2000,8.638828442740447,3.0,fibonacci,0.00844694332530159,1.0000000000086513
2000,8.909078300934137,3.0,fibonacci,0.008353798896624267,0.9999999999734343
2000,9.187782428863335,3.0,fibonacci,0.008264116594918222,0.9999999999968854
2000,9.475205302806543,3.0,fibonacci,0.008180442347469381,0.9999999999964437
2000,9.771619672696177,3.0,fibonacci,0.00810480833982404,0.9999999999972788
2000,10.077306820944612,3.0,fibonacci,0.008038552690209623,1.0000000000068856
2000,10.392556829367125,3.0,fibonacci,0.007982161794970377,0.9999999999970599
2000,10.71766885445503,3.0,fibonacci,0.007935079691710548,1.0000000000109468
2000,11.052951411260215,3.0,fibonacci,0.007895453225552242,0.9999999999969565
2000,11.39872266616052,3.0,fibonacci,0.007859883701870126,1.000000000015791
2000,11.755310738783693,3.0,fibonacci,0.007823403129247609,0.9999999999964022
2000,12.123054013376523,3.0,fibonacci,0.007779983625318409,0.9999999999990608
2000,12.502301459914554,3.0,fibonacci,0.007723797489938833,0.9999999999951161
2000,12.89341296525715,3.0,fibonacci,0.00765110907446169,0.9999999999739537
2000,13.29675967466212,3.0,fibonacci,0.007562198051406399,1.0000000000104825
2000,13.712724343984002,3.0,fibonacci,0.007462387430875971,0.999999999995332
2000,14.141701702890233,3.0,fibonacci,0.007361417370927389,0.9999999999886333
2000,14.584098829439856,3.0,fibonacci,0.007271115189634721,0.9999999999999679
2000,15.040335536380244,3.0,fibonacci,0.0072022144289789255,0.9999999999941724
2000,15.510844769528397,3.0,fibonacci,0.007161714211312507,0.9999999999760691
2000,15.996073018614878,3.0,fibonacci,0.007151721112342228,1.0000000000098335
2000,16.496480740980207,3.0,fibonacci,0.007169137389821096,0.9999999999934015
2000,17.012542798525892,3.0,fibonacci,0.007204583668617342,0.9999999999928816
2000,17.544748908334597,3.0,fibonacci,0.007241066798756162,0.9999999999625852
2000,18.093604107387165,3.0,fibonacci,0.007256547588705866,0.9999999999909001
2000,18.65962923181746,3.0,fibonacci,0.007233834706393293,1.0000000000009401
2000,19.2433614111598,3.0,fibonacci,0.007173611802386491,1.0000000000160498
2000,19.845354578058032,3.0,fibonacci,0.007098961218388525,1.0000000000008564
2000,20.466179993919898,3.0,fibonacci,0.007044312844944557,0.9999999999930247
2000,21.106426791015547,3.0,fibonacci,0.007037569589879892,0.9999999999942373
2000,21.76670253153459,3.0,fibonacci,0.0070907497931305815,0.9999999999999825
2000,22.44763378413224,3.0,fibonacci,0.007196550470650141,1.0000000000044738
2000,23.14986671851161,3.0,fibonacci,0.0073176418987145045,1.0000000000022846
2000,23.87406771860647,3.0,fibonacci,0.007389175546380935,0.999999999981852
2000,24.620924014946254,3.0,fibonacci,0.007365634152005139,0.9999999999836034
2000,25.39114433680347,3.0,fibonacci,0.007274384415161767,0.9999999999895535
2000,26.185459584742325,3.0,fibonacci,0.007198711739330061,0.9999999999954786
2000,27.00462352420682,3.0,fibonacci,0.007206494501102987,0.9999999999758817
2000,27.849413500806442,3.0,fibonacci,0.007311384273442467,0.999999999988798
2000,28.72063117797828,3.0,fibonacci,0.007450706963039538,0.9999999999998551
2000,29.619103297725534,3.0,fibonacci,0.0074862817190752134,0.9999999999838808
2000,30.545682465154318,3.0,fibonacci,0.007341302539093481,1.0000000000022689
2000,31.50124795755328,3.0,fibonacci,0.007123972115520983,0.999999999984001
2000,32.486706558783744,3.0,fibonacci,0.007000357076688317,0.9999999999970448
2000,33.502993419772295,3.0,fibonacci,0.007023885830167437,0.9999999999855586
2000,34.55107294592218,3.0,fibonacci,0.007085196666496505,0.9999999999617443
2000,35.631939712285856,3.0,fibonacci,0.006948547245277324,0.9999999999958739
2000,36.7466194073669,3.0,fibonacci,0.00660062065336336,0.9999999999903373
2000,37.896169806447176,3.0,fibonacci,0.006324782448520997,0.9999999999835624
2000,39.08168177536266,3.0,fibonacci,0.0062598622742029925,0.9999999999834803
2000,40.30428030568053,3.0,fibonacci,0.006235782885153299,0.99999999997706
2000,41.5651255822599,3.0,fibonacci,0.005913614764680385,0.999999999981459
2000,42.86541408420927,3.0,fibonacci,0.005424696399204494,0.999999999980891
2000,44.20637972028532,3.0,fibonacci,0.005127041872586557,0.9999999999806009
2000,45.58929499981062,3.0,fibonacci,0.0049896686002799924,0.9999999999816576
2000,47.01547224022132,3.0,fibonacci,0.004747338253850393,0.9999999999944462
2000,48.48626481239081,3.0,fibonacci,0.004487651777552958,0.9999999999530715
2000,50.00306842491092,3.0,fibonacci,0.004448298568022084,0.999999999981279
2000,51.56732244854966,3.0,fibonacci,0.004500231301763081,0.9999999999531852
2000,53.180511282142,3.0,fibonacci,0.004470259178874613,0.9999999999876573
2000,54.84416576121018,3.0,fibonacci,0.004440152482675826,0.9999999999742538
2000,56.55986461065005,3.0,fibonacci,0.004451848020063517,0.999999999960338
2000,58.329235942862034,3.0,fibonacci,0.004476235658856728,0.9999999999850947
2000,60.153958802748356,3.0,fibonacci,0.004498296168532229,0.9999999999875845
2000,62.035764761042714,3.0,fibonacci,0.004587545078925878,0.9999999999994189
2000,63.97643955748427,3.0,fibonacci,0.004640734117461226,0.9999999999762811
2000,65.97782479539536,3.0,fibonacci,0.004515523489901879,0.9999999999393222
2000,68.04181968927098,3.0,fibonacci,0.004356979771773932,0.9999999999675182
2000,70.17038286703826,3.0,fibonacci,0.004101645729132827,0.9999999999897851
2000,72.36553422869653,3.0,fibonacci,0.0038597721493759353,0.9999999999350402
2000,74.62935686310134,3.0,fibonacci,0.003643553395923715,0.9999999999800939
2000,76.96399902471158,3.0,fibonacci,0.0035048766005420467,0.9999999999622066
2000,79.37167617217551,3.0,fibonacci,0.0034599254869436577,0.9999999999488204
2000,81.8546730706903,3.0,fibonacci,0.003481044792308305,0.9999999999513266
2000,84.41534596012986,3.0,fibonacci,0.0036052756267915278,0.9999999999586708
2000,87.05612479099865,3.0,fibonacci,0.0037514155455412273,0.9999999999711296
2000,89.77951553033323,3.0,fibonacci,0.0038813003551326874,0.9999999999212394
2000,92.58810253973955,3.0,fibonacci,0.004063811951033324,0.9999999999658828
2000,95.48455102782293,3.0,fibonacci,0.004230156788124762,0.9999999999532435
2000,98.47160957933774,3.0,fibonacci,0.004380136890688409,0.9999999999456956
2000,101.5521127634568,3.0,fibonacci,0.00435459664697375,0.9999999999374989
2000,104.72898382363586,3.0,fibonacci,0.004027195075544214,0.9999999999486238
2000,108.00523745162529,3.0,fibonacci,0.003843969804840833,0.999999999960538
2000,111.38398264826195,3.0,fibonacci,0.003645234277121989,0.9999999999443104
2000,114.86842567375535,3.0,fibonacci,0.0037846756411958203,0.9999999999162262
2000,118.46187309026836,3.0,fibonacci,0.004034981500828566,0.9999999999285551
2000,122.16773489967919,3.0,fibonacci,0.004526978735336458,0.9999999999154453
2000,125.98952777950272,3.0,fibonacci,0.004835490925834797,0.9999999999374727
2000,129.93087842004158,3.0,fibonacci,0.004081328660152464,0.9999999999289317
2000,133.99552696593383,3.0,fibonacci,0.0035274028673666848,0.9999999999467041
2000,138.18733056536323,3.0,fibonacci,0.003558553751790565,0.9999999999371153
2000,142.5102670302998,3.0,fibonacci,0.00392902428295567,0.99999999994831
2000,146.9684386112446,3.0,fibonacci,0.004313793971548515,0.9999999999156118
2000,151.5660758900603,3.0,fibonacci,0.004415698045609224,0.9999999999299145
2000,156.30754179458157,3.0,fibonacci,0.004467341351655454,0.9999999999337896
2000,161.1973357388157,3.0,fibonacci,0.00454766006231755,0.9999999998919035
2000,166.2400978926612,3.0,fibonacci,0.00442304074103542,0.9999999999185212
2000,171.440613585197,3.0,fibonacci,0.004228459135755101,0.9999999998862125
2000,176.8038178457207,3.0,fibonacci,0.0042822299993916626,0.9999999998872138
2000,182.33480008684404,3.0,fibonacci,0.004830427910193357,0.9999999998962086
2000,188.03880893409146,3.0,fibonacci,0.004528549481822958,0.9999999999287971
2000,193.9212572065829,3.0,fibonacci,0.00353917190376074,0.9999999999080895
2000,199.9877270535285,3.0,fibonacci,0.0031713131721486034,0.999999999911428
2000,206.24397525140904,3.0,fibonacci,0.0034115682298846953,0.9999999998792322
2000,212.69593866686898,3.0,fibonacci,0.0035636285986912386,0.9999999999101095
2000,219.3497398905058,3.0,fibonacci,0.00359379003136052,0.9999999998756874
2000,226.2116930469024,3.0,fibonacci,0.0035773524802511295,0.9999999998890968
2000,233.2883097864156,3.0,fibonacci,0.003623451571078864,0.9999999998866734
2000,240.58630546440645,3.0,fibonacci,0.004031042921699178,0.9999999998932589
2000,248.11260551377677,3.0,fibonacci,0.004550577390558712,0.999999999880198
2000,255.87435201685892,3.0,fibonacci,0.004441226497538915,0.9999999998760446
2000,263.87891048289345,3.0,fibonacci,0.004445968469258821,0.9999999998668575
2000,272.13387683753086,3.0,fibonacci,0.0039149822291242396,0.9999999998777754
2000,280.6470846309839,3.0,fibonacci,0.003827793859967467,0.9999999998649562
2000,289.4266124716752,3.0,fibonacci,0.004340282939965482,0.9999999998447602
2000,298.4807916924327,3.0,fibonacci,0.004680709687838044,0.999999999855347
2000,307.81821425650804,3.0,fibonacci,0.0064925637938687995,0.9999999998287263
2000,317.4477409109193,3.0,fibonacci,0.005323512372211082,0.9999999998469848
2000,327.3785095948577,3.0,fibonacci,0.005253468424496967,0.9999999998203275
2000,337.61994411113403,3.0,fibonacci,0.004526689409675254,0.9999999998378796
2000,348.18176306889666,3.0,fibonacci,0.004157207883819988,0.9999999998106249
2000,359.0739891061055,3.0,fibonacci,0.004305924743963335,0.9999999998339191
2000,370.30695840051413,3.0,fibonacci,0.0040435030227235,0.9999999998366851
2000,381.8913304781854,3.0,fibonacci,0.004117329495569912,0.9999999997975002
2000,393.8380983288489,3.0,fibonacci,0.004326389131253648,0.9999999998073614
2000,406.158598837698,3.0,fibonacci,0.00398739636230401,0.9999999998018336
2000,418.86452354352707,3.0,fibonacci,0.0050034570291299756,0.9999999997695351
2000,431.96792973341735,3.0,fibonacci,0.0046695030722883795,0.9999999997889858
2000,445.4812518844989,3.0,fibonacci,0.004493843387491345,0.9999999997521476
2000,459.41731346364764,3.0,fibonacci,0.004728271456013138,0.9999999997971527
2000,473.7893390963144,3.0,fibonacci,0.0049788699746407825,0.9999999997348056
2000,488.6109671160326,3.0,fibonacci,0.004206878135591217,0.9999999997610188
2000,503.89626250651503,3.0,fibonacci,0.005495276733989711,0.9999999997544404
2000,519.6597302486197,3.0,fibonacci,0.003935604888270581,0.9999999997204653
2000,535.9163290848514,3.0,fibonacci,0.003980991924863119,0.9999999997525882
2000,552.6814857144603,3.0,fibonacci,0.004077435198859955,0.9999999997066142
2000,569.9711094326076,3.0,fibonacci,0.004032699985282613,0.9999999997236074
2000,587.8016072274912,3.0,fibonacci,0.004280561891453885,0.9999999997229604
2000,606.1898993497572,3.0,fibonacci,0.004059488036711622,0.9999999996732959
2000,625.1534353689711,3.0,fibonacci,0.003997077577800586,0.9999999997050342
2000,644.7102107323869,3.0,fibonacci,0.0036113908898013085,0.9999999996801454
2000,664.8787838417263,3.0,fibonacci,0.0036393632824973884,0.9999999996960172
2000,685.6782936641738,3.0,fibonacci,0.003963526406170595,0.9999999996678778
2000,707.1284778942996,3.0,fibonacci,0.004131459121450044,0.9999999996579424
2000,729.2496916841444,3.0,fibonacci,0.004427865005491251,0.999999999647544
2000,752.0629269592407,3.0,fibonacci,0.0045207954903563035,0.9999999996348455
2000,775.5898323389001,3.0,fibonacci,0.0038830091711817265,0.9999999996218819
2000,799.8527336796708,3.0,fibonacci,0.004559377449748488,0.9999999996109223
2000,824.8746552614581,3.0,fibonacci,0.004005241201283726,0.9999999996083782
2000,850.6793416364153,3.0,fibonacci,0.003856041823328698,0.9999999995831967
2000,877.2912801613356,3.0,fibonacci,0.004434309075581753,0.9999999995723909
2000,904.7357242349293,3.0,fibonacci,0.004300301470293259,0.9999999995773298
2000,933.038717262036,3.0,fibonacci,0.0036988937606987514,0.9999999995305568
2000,962.2271173675134,3.0,fibonacci,0.0048733358471681875,0.9999999995510386
2000,992.3286228832545,3.0,fibonacci,0.0040665372603897855,0.9999999995116843
2000,1023.3717986325192,3.0,fibonacci,0.005116081775592844,0.9999999995046818
2000,1055.386103036523,3.0,fibonacci,0.004409819270711358,0.9999999995067494
2000,1088.4019160690054,3.0,fibonacci,0.0034686411393627264,0.9999999994707282
2000,1122.4505680853058,3.0,fibonacci,0.003625231471333789,0.9999999994673735
2000,1157.5643695533035,3.0,fibonacci,0.0038628926477907266,0.9999999994566854
2000,1193.7766417144358,3.0,fibonacci,0.0032287459625977236,0.9999999993998099
2000,1231.1217482038908,3.0,fibonacci,0.004041859271872729,0.9999999993953949
2000,1269.6351276599742,3.0,fibonacci,0.004132456439250909,0.9999999993974659
2000,1309.353327353611,3.0,fibonacci,0.004893198758995095,0.9999999993664374
2000,1350.3140378698736,3.0,fibonacci,0.0032344806942318696,0.9999999993705931
2000,1392.5561288744634,3.0,fibonacci,0.0032417949354506645,0.9999999993233275
2000,1436.1196859990787,3.0,fibonacci,0.0035249983600708574,0.9999999993083788
2000,1481.0460488806755,3.0,fibonacci,0.00352672100338509,0.9999999992971492
2000,1527.377850390714,3.0,fibonacci,0.00364904831232787,0.9999999992349959
2000,1575.1590570916228,3.0,fibonacci,0.0038985056684989303,0.9999999992161966
2000,1624.435010958867,3.0,fibonacci,0.0030794641390993406,0.9999999992107353
2000,1675.2524724082155,3.0,fibonacci,0.0032933533773134606,0.9999999991381257
2000,1727.6596646690364,3.0,fibonacci,0.0028066846171938614,0.9999999991148711
2000,1781.7063195457306,3.0,fibonacci,0.0038397317418753995,0.9999999990316143
2000,1837.4437246107268,3.0,fibonacci,0.004101576254442135,0.999999998991936
2000,1894.9247718738216,3.0,fibonacci,0.0035623477085821465,0.9999999989788276
2000,1954.2040079740534,3.0,fibonacci,0.003481623402688229,0.9999999988995917
2000,2015.337685941733,3.0,fibonacci,0.003154940687848895,0.9999999988779581
2000,2078.383818579757,3.0,fibonacci,0.003687855389721799,0.9999999986841329
2000,2143.4022335148566,3.0,fibonacci,0.0035087943119478174,0.999999998484502
2000,2210.4546299710214,3.0,fibonacci,0.003088566722035801,0.9999999984685074
2000,2279.6046373189797,3.0,fibonacci,0.0029902524447325816,0.9999999982431976
2000,2350.9178754572868,3.0,fibonacci,0.002626823242641519,0.9999999979618013
2000,2424.462017082328,3.0,fibonacci,0.0033616872884359747,0.9999999977051938
2000,2500.306851906324,3.0,fibonacci,0.003291723273435538,0.9999999976101988
2000,2578.524352884274,3.0,fibonacci,0.0028773034113587577,0.99999999729748
2000,2659.1887445126936,3.0,fibonacci,0.0028818229050451075,0.9999999970580109
2000,2742.3765732649495,3.0,fibonacci,0.0032269673971932556,0.9999999967695359
2000,2828.166780230032,3.0,fibonacci,0.0032326521602232612,0.9999999964274686
2000,2916.640776023704,3.0,fibonacci,0.002808542917532743,0.9999999959488223
2000,3007.882518043099,3.0,fibonacci,0.002549002217504014,0.9999999954277959
2000,3101.978590138097,3.0,fibonacci,0.0027797093608116254,0.9999999949581722
2000,3199.018284775064,3.0,fibonacci,0.0027272038105124914,0.9999999945265758
2000,3299.093687770939,3.0,fibonacci,0.0026428821617479966,0.9999999938020824
2000,3402.2997656780676,3.0,fibonacci,0.0025181836077201396,0.9999999932814696
2000,3508.7344559027115,3.0,fibonacci,0.0024908865325477883,0.9999999918887766
2000,3618.4987596427463,3.0,fibonacci,0.002443733359537523,0.9999999910077935
2000,3731.6968377327516,3.0,fibonacci,0.0022551193675557804,0.9999999904947425
2000,3848.436109487429,3.0,fibonacci,0.002182274897897862,0.9999999897137705
2000,3968.827354637162,3.0,fibonacci,0.0026690789683728277,0.9999999882766029
2000,4092.984818452438,3.0,fibonacci,0.0021702986683522782,0.9999999875749177
2000,4221.026320156899,3.0,fibonacci,0.0026851661905189436,0.9999999863256083
2000,4353.0733647318875,3.0,fibonacci,0.002385938052043517,0.9999999853819964
2000,4489.251258218603,3.0,fibonacci,0.002199805704680476,0.9999999842596491
2000,4629.689226627263,3.0,fibonacci,0.0022337087064363335,0.9999999824568974
2000,4774.520538566127,3.0,fibonacci,0.002034292594480531,0.9999999814052951
2000,4923.882631706737,3.0,fibonacci,0.0020367776219846795,0.9999999799057222
2000,5077.917243205398,3.0,fibonacci,0.0023422963399209983,0.9999999779566386
2000,5236.77054420465,3.0,fibonacci,0.0027262385408532925,0.9999999767945019
2000,5400.593278542368,3.0,fibonacci,0.002133808067467932,0.9999999750609508
2000,5569.5409058001305,3.0,fibonacci,0.002219446080538881,0.9999999735717539
2000,5743.773748826581,3.0,fibonacci,0.0019729082862605476,0.99999997146721
2000,5923.4571458758055,3.0,fibonacci,0.00187344077212408,0.9999999694885229
2000,6108.76160750504,3.0,fibonacci,0.0019279750830517685,0.9999999671393567
2000,6299.862978380694,3.0,fibonacci,0.001961688417726265,0.9999999649566796
2000,6496.942604146125,3.0,fibonacci,0.0020447014658551664,0.999999962892594
2000,6700.18750350959,3.0,fibonacci,0.0017817626539306725,0.9999999606058538
2000,6909.790545715645,3.0,fibonacci,0.001810058878359802,0.9999999582691452
2000,7125.950633568411,3.0,fibonacci,0.001932699746516521,0.9999999547334356
2000,7348.872892180388,3.0,fibonacci,0.0017817221727699972,0.999999952696819
2000,7578.76886362593,3.0,fibonacci,0.0017339118878501284,0.9999999503222989
2000,7815.856707684091,3.0,fibonacci,0.0017271109243499323,0.9999999466566957
2000,8060.361408861345,3.0,fibonacci,0.0016952123466261989,0.9999999435772277
2000,8312.514989890631,3.0,fibonacci,0.001784739356872388,0.9999999399427463
2000,8572.556731909324,3.0,fibonacci,0.0017195829906615767,0.9999999373729438
2000,8840.733401525064,3.0,fibonacci,0.0015686865775921403,0.9999999328635778
2000,9117.299484984922,3.0,fibonacci,0.0016852343191479488,0.9999999303103185
2000,9402.517429670132,3.0,fibonacci,0.0018360865736544215,0.9999999253035308
2000,9696.65789314552,3.0,fibonacci,0.001869723370245564,0.999999921691214
2000,10000.0,3.0,fibonacci,0.0015408421168387333,0.9999999180926434
2000,0.0,3.0,tribonacci,0.0483982089007412,1.0
2000,1.0,3.0,tribonacci,0.048233235621728196,0.9999999999281635
2000,1.0312831606721848,3.0,tribonacci,0.04821335825944194,0.9999999999701342
2000,1.0635449574860112,3.0,tribonacci,0.04819121205866374,0.9999999999989465
2000,1.096816005273138,3.0,tribonacci,0.0481665628255536,1.000000000002363
2000,1.1311278765939214,3.0,tribonacci,0.04813915710734955,1.0000000000014309
2000,1.1665131316981963,3.0,tribonacci,0.04810872153595862,0.9999999999979368
2000,1.2030053494233244,3.0,tribonacci,0.0480749624617278,1.0000000000028506
2000,1.240639159058832,3.0,tribonacci,0.04803756582741323,1.0000000000236695
2000,1.2794502732078736,3.0,tribonacci,0.04799619738651485,1.0000000000560356
2000,1.3194755216767062,3.0,tribonacci,0.04795050334774788,1.0000000000822427
2000,1.3607528864243335,3.0,tribonacci,0.047900111536919525,1.0000000000782787
2000,1.403321537605485,3.0,tribonacci,0.04784463317598794,1.000000000028776
2000,1.4472218707411348,3.0,tribonacci,0.04778366538557591,0.9999999999451518
2000,1.4924955450518296,3.0,tribonacci,0.04771679452027144,0.999999999875652
2000,1.5391855229902058,3.0,tribonacci,0.0476436004437077,0.999999999886395
2000,1.587336111010209,3.0,tribonacci,0.04756366184001442,0.9999999999792901
2000,1.6369930016117025,3.0,tribonacci,0.04747656271173371,1.0000000000008245
2000,1.6882033167003634,3.0,tribonacci,0.0473819005362768,0.9999999999988646
2000,1.7410156523040161,3.0,tribonacci,0.04727929543462384,0.9999999999988572
2000,1.7954801246878311,3.0,tribonacci,0.04716840104517479,1.0000000000286862
2000,1.8516484179121548,3.0,tribonacci,0.04704891697195103,1.0000000000758107
2000,1.9095738328780973,3.0,tribonacci,0.046920602849127975,1.0000000000825693
2000,1.9693113379074225,3.0,tribonacci,0.0467832940250759,1.0000000000032252
2000,2.0309176209047357,3.0,tribonacci,0.04663691878165186,0.9999999998849795
2000,2.0944511431514696,3.0,tribonacci,0.04648151689734117,0.9999999998768141
2000,2.159972194782718,3.0,tribonacci,0.046317259207596585,0.9999999999949779
2000,2.2275429519995575,3.0,tribonacci,0.04614446787368686,0.999999999999331
2000,2.2972275360711523,3.0,tribonacci,0.04596363717446881,0.9999999999958715
2000,2.369092074182633,3.0,tribonacci,0.04577545323550923,1.0000000000384441
2000,2.4432047621864883,3.0,tribonacci,0.0455808126017149,1.000000000085096
2000,2.519635929317015,3.0,tribonacci,0.04538083797264312,1.0000000000248335
2000,2.598458104929249,3.0,tribonacci,0.04517688968441133,0.9999999998959707
2000,2.6797460873256913,3.0,tribonacci,0.044970571358220766,0.9999999999258911
2000,2.763577014736159,3.0,tribonacci,0.044763727901586454,0.9999999999982877
2000,2.850030438518107,3.0,tribonacci,0.04455843324726611,0.9999999999914758
2000,2.9391883986468863,3.0,tribonacci,0.04435696618481851,1.000000000042655
2000,3.0311355015675785,3.0,tribonacci,0.04416177347677682,1.0000000000937206
2000,3.1259590004822804,3.0,tribonacci,0.04397541906263543,0.9999999999583983
2000,3.2237488781490296,3.0,tribonacci,0.04380052034354538,0.9999999998631733
2000,3.3245979322709407,3.0,tribonacci,0.043639677411800304,0.9999999999922476
2000,3.428601863556586,3.0,tribonacci,0.04349540186324232,0.9999999999894834
2000,3.5358593665351785,3.0,tribonacci,0.043370053270643194,1.0000000000627731
2000,3.646472223212748,3.0,tribonacci,0.04326580388959376,1.00000000006604
2000,3.760545399658171,3.0,tribonacci,0.04318464422765317,0.9999999998151426
2000,3.8781871456107226,3.0,tribonacci,0.043128447237883005,0.9999999999742071
2000,3.9995090972036653,3.0,tribonacci,0.04309910831523852,0.999999999986772
2000,4.1246263829013525,3.0,tribonacci,0.04309875185086556,1.0000000000696974
2000,4.253657732750387,3.0,tribonacci,0.043129995551586926,0.9999999999841102
2000,4.386725591048498,3.0,tribonacci,0.043196222326615685,0.9999999998342881
2000,4.523956232538054,3.0,tribonacci,0.043301789544150926,0.999999999989454
2000,4.6654798822344725,3.0,tribonacci,0.0434520778170266,1.0000000000510003
2000,4.811430839003259,3.0,tribonacci,0.04365326269057913,1.0000000000013436
2000,4.961947603002903,3.0,tribonacci,0.043911708953522956,0.9999999998715972
2000,5.117173007114605,3.0,tribonacci,0.0442329158516013,0.9999999999804827
2000,5.277254352483538,3.0,tribonacci,0.04462001340218656,1.0000000001187106
2000,5.442343548300267,3.0,tribonacci,0.04507189579937659,0.9999999998408495
2000,5.612597255954972,3.0,tribonacci,0.04558118680075804,0.9999999999821094
2000,5.788177037701274,3.0,tribonacci,0.04613232933760659,1.0000000000451486
2000,5.969249509970735,3.0,tribonacci,0.04670018623594988,0.9999999999076931
2000,6.155986501483509,3.0,tribonacci,0.0472496129429287,0.9999999999809279
2000,6.348565216305219,3.0,tribonacci,0.04773650264820381,1.0000000000778566
2000,6.547168402004738,3.0,tribonacci,0.04811077485409634,0.9999999997996076
2000,6.751984523072503,3.0,tribonacci,0.04832159413244616,0.9999999999729741
2000,6.963207939763885,3.0,tribonacci,0.0483246896667063,1.0000000000727804
2000,7.181039092537351,3.0,tribonacci,0.048091002456223296,0.9999999999723215
2000,7.405684692262437,3.0,tribonacci,0.04761510810745577,1.00000000010454
2000,7.637357916378021,3.0,tribonacci,0.046921259074239795,0.9999999997067791
2000,7.876278611187057,3.0,tribonacci,0.046064754240764526,0.999999999978202
2000,8.122673500479713,3.0,tribonacci,0.0451268633020844,0.9999999998713884
2000,8.376776400682918,3.0,tribonacci,0.04420285207984481,0.9999999999684546
2000,8.638828442740447,3.0,tribonacci,0.04338482170619961,0.9999999998968502
2000,8.909078300934137,3.0,tribonacci,0.04274415275262426,0.999999999988101
2000,9.187782428863335,3.0,tribonacci,0.042321314806768,0.9999999998653076
2000,9.475205302806543,3.0,tribonacci,0.042130800411664907,1.0000000000657245
2000,9.771619672696177,3.0,tribonacci,0.042182281414618994,0.9999999999483348
2000,10.077306820944612,3.0,tribonacci,0.042505879652054365,1.0000000000316953
2000,10.392556829367125,3.0,tribonacci,0.04315839244658274,0.9999999999575728
2000,10.71766885445503,3.0,tribonacci,0.04419186428234678,0.999999999847248
2000,11.052951411260215,3.0,tribonacci,0.04559003864959316,1.0000000000624552
2000,11.39872266616052,3.0,tribonacci,0.04720623953844678,0.9999999999561812
2000,11.755310738783693,3.0,tribonacci,0.04874585129209221,0.9999999998128886
2000,12.123054013376523,3.0,tribonacci,0.04982241443064963,0.9999999999980387
2000,12.502301459914554,3.0,tribonacci,0.050087480854998166,1.0000000000294396
2000,12.89341296525715,3.0,tribonacci,0.049393086252962355,0.9999999999501975
2000,13.29675967466212,3.0,tribonacci,0.04790099833943415,0.9999999999426407
2000,13.712724343984002,3.0,tribonacci,0.046048506310265615,0.9999999998072988
2000,14.141701702890233,3.0,tribonacci,0.04435539894213773,0.9999999999359889
2000,14.584098829439856,3.0,tribonacci,0.04318448658927973,1.0000000000012959
2000,15.040335536380244,3.0,tribonacci,0.04265390604516694,1.000000000021646
2000,15.510844769528397,3.0,tribonacci,0.04279537611970838,1.0000000000229874
2000,15.996073018614878,3.0,tribonacci,0.04373653337875278,1.000000000009237
2000,16.496480740980207,3.0,tribonacci,0.045553108378419485,1.0000000000264655
2000,17.012542798525892,3.0,tribonacci,0.04785385691739343,1.0000000000327591
2000,17.544748908334597,3.0,tribonacci,0.049635744676188094,0.9999999999617987
2000,18.093604107387165,3.0,tribonacci,0.04978740993336465,0.9999999997897393
2000,18.65962923181746,3.0,tribonacci,0.04796840184638567,0.9999999998960675
2000,19.2433614111598,3.0,tribonacci,0.04502677769477717,0.999999999935697
2000,19.845354578058032,3.0,tribonacci,0.04237687507373002,0.9999999999770263
2000,20.466179993919898,3.0,tribonacci,0.04092533997782698,0.9999999999486857
2000,21.106426791015547,3.0,tribonacci,0.040844227401674864,0.9999999999086407
2000,21.76670253153459,3.0,tribonacci,0.04228337071116826,0.9999999999578055
2000,22.44763378413224,3.0,tribonacci,0.04524439029497225,0.9999999998552905
2000,23.14986671851161,3.0,tribonacci,0.04839092799804964,0.9999999999252086
2000,23.87406771860647,3.0,tribonacci,0.04935257231149046,0.9999999998652608
2000,24.620924014946254,3.0,tribonacci,0.04723409467174402,0.9999999999287165
2000,25.39114433680347,3.0,tribonacci,0.043952701470059745,0.9999999998459647
2000,26.185459584742325,3.0,tribonacci,0.0419688884818626,0.9999999999625938
2000,27.00462352420682,3.0,tribonacci,0.04212801381203549,0.9999999999365053
2000,27.849413500806442,3.0,tribonacci,0.044692836210576216,0.9999999999198047
2000,28.72063117797828,3.0,tribonacci,0.0486604564412289,0.9999999998790875
2000,29.619103297725534,3.0,tribonacci,0.05030542459970587,0.9999999998025819
2000,30.545682465154318,3.0,tribonacci,0.04764980453834997,0.999999999792896
2000,31.50124795755328,3.0,tribonacci,0.0437500969425973,0.9999999998131082
2000,32.486706558783744,3.0,tribonacci,0.04185804431890018,0.9999999998864118
2000,33.502993419772295,3.0,tribonacci,0.04291380595478654,0.9999999999106385
2000,34.55107294592218,3.0,tribonacci,0.046072524610468825,0.9999999999210019
2000,35.631939712285856,3.0,tribonacci,0.04735984092402405,0.9999999999582905
2000,36.7466194073669,3.0,tribonacci,0.04517067296326778,0.999999999841468
2000,37.896169806447176,3.0,tribonacci,0.042860092750533055,0.9999999999169602
2000,39.08168177536266,3.0,tribonacci,0.04314953950074079,0.999999999796478
2000,40.30428030568053,3.0,tribonacci,0.04623762109427063,0.9999999999483424
2000,41.5651255822599,3.0,tribonacci,0.04820841995461974,0.9999999998967658
2000,42.86541408420927,3.0,tribonacci,0.0462534855913245,0.9999999998019808
2000,44.20637972028532,3.0,tribonacci,0.04340646243487675,0.9999999999259404
2000,45.58929499981062,3.0,tribonacci,0.04395995884950008,0.9999999999455661
2000,47.01547224022132,3.0,tribonacci,0.04734340745223577,0.9999999999615683
2000,48.48626481239081,3.0,tribonacci,0.04705615251013148,0.9999999999114223
2000,50.00306842491092,3.0,tribonacci,0.042086742521952984,0.9999999997728967
2000,51.56732244854966,3.0,tribonacci,0.042345908284247766,0.9999999998788139
2000,53.180511282142,3.0,tribonacci,0.04831553164449508,0.9999999999308867
2000,54.84416576121018,3.0,tribonacci,0.04675595752171494,0.9999999997094252
2000,56.55986461065005,3.0,tribonacci,0.041797513260356314,0.9999999998968565
2000,58.329235942862034,3.0,tribonacci,0.04641798681939488,0.9999999998581852
2000,60.153958802748356,3.0,tribonacci,0.048373897444949125,0.9999999997258099
2000,62.035764761042714,3.0,tribonacci,0.041595958599055315,0.9999999998937157
2000,63.97643955748427,3.0,tribonacci,0.04555664217656756,0.9999999999090967
2000,65.97782479539536,3.0,tribonacci,0.046678325832710796,0.9999999998019641
2000,68.04181968927098,3.0,tribonacci,0.04170586703616427,0.9999999997824388
2000,70.17038286703826,3.0,tribonacci,0.04783490369492848,0.9999999998889856
2000,72.36553422869653,3.0,tribonacci,0.04541495463067383,0.9999999998225636
2000,74.62935686310134,3.0,tribonacci,0.043221642514590514,0.9999999997343034
2000,76.96399902471158,3.0,tribonacci,0.047316205197111605,0.9999999997908198
2000,79.37167617217551,3.0,tribonacci,0.04272403843589109,0.9999999996932811
2000,81.8546730706903,3.0,tribonacci,0.045794728521383714,0.999999999808689
2000,84.41534596012986,3.0,tribonacci,0.04505052131097791,0.9999999998694781
2000,87.05612479099865,3.0,tribonacci,0.04427981120073308,0.9999999997951765
2000,89.77951553033323,3.0,tribonacci,0.046388227532468136,0.9999999997948646
2000,92.58810253973955,3.0,tribonacci,0.04349469515411417,0.9999999997891397
2000,95.48455102782293,3.0,tribonacci,0.046207084762117066,0.9999999997970719
2000,98.47160957933774,3.0,tribonacci,0.04325569738430841,0.9999999997262512
2000,101.5521127634568,3.0,tribonacci,0.04642023421056901,0.9999999997804978
2000,104.72898382363586,3.0,tribonacci,0.04473054327606431,0.9999999997673942
2000,108.00523745162529,3.0,tribonacci,0.04482216906985881,0.9999999997612988
2000,111.38398264826195,3.0,tribonacci,0.04545707874201077,0.9999999997582418
2000,114.86842567375535,3.0,tribonacci,0.04424507847702674,0.9999999998146489
2000,118.46187309026836,3.0,tribonacci,0.04647423147738873,0.9999999997386241
2000,122.16773489967919,3.0,tribonacci,0.043524743970878535,0.9999999997259125
2000,125.98952777950272,3.0,tribonacci,0.04576811049033074,0.999999999716106
2000,129.93087842004158,3.0,tribonacci,0.044477766658748356,0.9999999995572936
2000,133.99552696593383,3.0,tribonacci,0.04485680015807924,0.9999999996076614
2000,138.18733056536323,3.0,tribonacci,0.04352225322351382,0.9999999996824155
2000,142.5102670302998,3.0,tribonacci,0.045643175144607105,0.9999999997466308
2000,146.9684386112446,3.0,tribonacci,0.04569053724895761,0.9999999997545417
2000,151.5660758900603,3.0,tribonacci,0.043234056542010596,0.9999999995901794
2000,156.30754179458157,3.0,tribonacci,0.04383396363440358,0.9999999996589786
2000,161.1973357388157,3.0,tribonacci,0.045589866321853474,0.9999999996335747
2000,166.2400978926612,3.0,tribonacci,0.044342220273395926,0.9999999996489412
2000,171.440613585197,3.0,tribonacci,0.04397022251185476,0.9999999995201074
2000,176.8038178457207,3.0,tribonacci,0.044471961641228255,0.9999999994449478
2000,182.33480008684404,3.0,tribonacci,0.04345799501028109,0.9999999995338537
2000,188.03880893409146,3.0,tribonacci,0.04730145179555099,0.9999999997894815
2000,193.9212572065829,3.0,tribonacci,0.050911146556210644,0.9999999997713332
2000,199.9877270535285,3.0,tribonacci,0.04731470914079617,0.9999999984196821
2000,206.24397525140904,3.0,tribonacci,0.03940648957929243,0.9999999979765589
2000,212.69593866686898,3.0,tribonacci,0.03867598606676971,0.9999999973761395
2000,219.3497398905058,3.0,tribonacci,0.0339233268932522,0.9999999969068213
2000,226.2116930469024,3.0,tribonacci,0.046546591126465704,0.9999999966927052
2000,233.2883097864156,3.0,tribonacci,0.03346226351679324,0.9999999962682293
2000,240.58630546440645,3.0,tribonacci,0.04613197928864145,0.9999999961517665
2000,248.11260551377677,3.0,tribonacci,0.0280326786089307,0.999999995494277
2000,255.87435201685892,3.0,tribonacci,0.033622615600123335,0.9999999949497187
2000,263.87891048289345,3.0,tribonacci,0.030726264837108466,0.9999999947626064
2000,272.13387683753086,3.0,tribonacci,0.02495981596115445,0.9999999923848427
2000,280.6470846309839,3.0,tribonacci,0.024846579265524794,0.9999999943670042
2000,289.4266124716752,3.0,tribonacci,0.024084415718185422,0.999999993597627
2000,298.4807916924327,3.0,tribonacci,0.03205143541902852,0.9999999920388253
2000,307.81821425650804,3.0,tribonacci,0.03970231123536281,0.999999990761519
2000,317.4477409109193,3.0,tribonacci,0.03957165283250702,0.9999999903321597
2000,327.3785095948577,3.0,tribonacci,0.03705610216021381,0.9999999908839576
2000,337.61994411113403,3.0,tribonacci,0.045643662371480216,0.9999999873309605
2000,348.18176306889666,3.0,tribonacci,0.04560150301467749,0.9999999890224686
2000,359.0739891061055,3.0,tribonacci,0.04880386795273373,0.99999999028513
2000,370.30695840051413,3.0,tribonacci,0.042135593265302064,0.9999999872767789
2000,381.8913304781854,3.0,tribonacci,0.03628915440706787,0.9999999867342713
2000,393.8380983288489,3.0,tribonacci,0.027938424158370858,0.9999999864113381
2000,406.158598837698,3.0,tribonacci,0.031666950612641354,0.9999999852841617
2000,418.86452354352707,3.0,tribonacci,0.02608731307703635,0.999999984239594
2000,431.96792973341735,3.0,tribonacci,0.021312059838235937,0.9999999832245784
2000,445.4812518844989,3.0,tribonacci,0.019556938845382933,0.99999998167541
2000,459.41731346364764,3.0,tribonacci,0.01934821907772621,0.9999999769870118
2000,473.7893390963144,3.0,tribonacci,0.01996187790023201,0.999999980040628
2000,488.6109671160326,3.0,tribonacci,0.02460524873495035,0.9999999795923448
2000,503.89626250651503,3.0,tribonacci,0.029771240824616865,0.9999999788865134
2000,519.6597302486197,3.0,tribonacci,0.039112633939098564,0.9999999778844493
2000,535.9163290848514,3.0,tribonacci,0.03419417335088834,0.999999977023611
2000,552.6814857144603,3.0,tribonacci,0.037781914065840735,0.9999999757987307
2000,569.9711094326076,3.0,tribonacci,0.03187314170728528,0.9999999749048418
2000,587.8016072274912,3.0,tribonacci,0.022941682701634145,0.9999999745197545
2000,606.1898993497572,3.0,tribonacci,0.027965085736191556,0.9999999723946201
2000,625.1534353689711,3.0,tribonacci,0.02259241791139315,0.9999999714457141
2000,644.7102107323869,3.0,tribonacci,0.028633229075712023,0.9999999702646606
2000,664.8787838417263,3.0,tribonacci,0.035750861775779096,0.9999999684484082
2000,685.6782936641738,3.0,tribonacci,0.028733011123557247,0.9999999679948264
2000,707.1284778942996,3.0,tribonacci,0.024270766324205845,0.9999999671814872
2000,729.2496916841444,3.0,tribonacci,0.029083366212752183,0.9999999655150336
2000,752.0629269592407,3.0,tribonacci,0.028570504010823644,0.9999999641565332
2000,775.5898323389001,3.0,tribonacci,0.020010886473405192,0.9999999639746956
2000,799.8527336796708,3.0,tribonacci,0.023054794348099945,0.9999999610198907
2000,824.8746552614581,3.0,tribonacci,0.0290122008557232,0.999999960526295
2000,850.6793416364153,3.0,tribonacci,0.03061288715358396,0.9999999598455193
2000,877.2912801613356,3.0,tribonacci,0.02029703900365398,0.9999999582145616
2000,904.7357242349293,3.0,tribonacci,0.029379480256082353,0.9999999560461351
2000,933.038717262036,3.0,tribonacci,0.03310269278126357,0.9999999519074956
2000,962.2271173675134,3.0,tribonacci,0.030366165117025643,0.9999999529192226
2000,992.3286228832545,3.0,tribonacci,0.026438370183097533,0.9999999513200224
2000,1023.3717986325192,3.0,tribonacci,0.021448492910142985,0.9999999496235628
2000,1055.386103036523,3.0,tribonacci,0.02956016118744345,0.9999999482361838
2000,1088.4019160690054,3.0,tribonacci,0.025895539668139525,0.999999946901146
2000,1122.4505680853058,3.0,tribonacci,0.026462683313822333,0.9999999447844073
2000,1157.5643695533035,3.0,tribonacci,0.02437222835802364,0.999999944799477
2000,1193.7766417144358,3.0,tribonacci,0.025048150470701473,0.9999999411050376
2000,1231.1217482038908,3.0,tribonacci,0.02475445195364665,0.9999999400769833
2000,1269.6351276599742,3.0,tribonacci,0.02725279714273522,0.9999999349595121
2000,1309.353327353611,3.0,tribonacci,0.01916636191226929,0.9999999363412109
2000,1350.3140378698736,3.0,tribonacci,0.02893207009223382,0.9999999340749366
2000,1392.5561288744634,3.0,tribonacci,0.020805242490066825,0.9999999331529336
2000,1436.1196859990787,3.0,tribonacci,0.028071596385580176,0.9999999310813894
2000,1481.0460488806755,3.0,tribonacci,0.018825336154224118,0.999999925995176
2000,1527.377850390714,3.0,tribonacci,0.020712187681483456,0.9999999279127699
2000,1575.1590570916228,3.0,tribonacci,0.021659666578883744,0.9999999245520167
2000,1624.435010958867,3.0,tribonacci,0.01877668914193067,0.999999923465824
2000,1675.2524724082155,3.0,tribonacci,0.015755443504633985,0.9999999211783638
2000,1727.6596646690364,3.0,tribonacci,0.016993513536586888,0.9999999172591415
2000,1781.7063195457306,3.0,tribonacci,0.013648902828979913,0.9999999179922633
2000,1837.4437246107268,3.0,tribonacci,0.018290269215053164,0.9999999141263803
2000,1894.9247718738216,3.0,tribonacci,0.013544754488223096,0.999999913874174
2000,1954.2040079740534,3.0,tribonacci,0.014450548297342469,0.9999999116665842
2000,2015.337685941733,3.0,tribonacci,0.013662785660740959,0.9999999102565433
2000,2078.383818579757,3.0,tribonacci,0.012493063901086687,0.9999999081949895
2000,2143.4022335148566,3.0,tribonacci,0.012072814116851589,0.9999999052803445
2000,2210.4546299710214,3.0,tribonacci,0.011823935934867628,0.9999999031420553
2000,2279.6046373189797,3.0,tribonacci,0.012865006662042466,0.9999999010378108
2000,2350.9178754572868,3.0,tribonacci,0.009057411930370527,0.9999998993737256
2000,2424.462017082328,3.0,tribonacci,0.011965075203069844,0.9999998966938769
2000,2500.306851906324,3.0,tribonacci,0.008973707175039732,0.9999998953384471
2000,2578.524352884274,3.0,tribonacci,0.008558273639161796,0.9999998923917696
2000,2659.1887445126936,3.0,tribonacci,0.009751077601479821,0.9999998901613736
2000,2742.3765732649495,3.0,tribonacci,0.01028372373650029,0.9999998878683473
2000,2828.166780230032,3.0,tribonacci,0.009298478055951603,0.9999998855936566
2000,2916.640776023704,3.0,tribonacci,0.008655075465714306,0.999999883546979
2000,3007.882518043099,3.0,tribonacci,0.007630038189269153,0.9999998808804729
2000,3101.978590138097,3.0,tribonacci,0.008785738680599998,0.9999998792544144
2000,3199.018284775064,3.0,tribonacci,0.008504002380051967,0.9999998758777945
2000,3299.093687770939,3.0,tribonacci,0.008063647460594854,0.9999998729200684
2000,3402.2997656780676,3.0,tribonacci,0.007275679958085202,0.9999998703104562
2000,3508.7344559027115,3.0,tribonacci,0.00816541336985166,0.9999998673269931
2000,3618.4987596427463,3.0,tribonacci,0.008587117197312597,0.9999998651958696
2000,3731.6968377327516,3.0,tribonacci,0.007157606406799078,0.999999861229301
2000,3848.436109487429,3.0,tribonacci,0.006793307649241255,0.999999857995471
2000,3968.827354637162,3.0,tribonacci,0.006014900923294683,0.9999998543862257
2000,4092.984818452438,3.0,tribonacci,0.00612225075521441,0.999999851738832
2000,4221.026320156899,3.0,tribonacci,0.006433166544805324,0.9999998488911686
2000,4353.0733647318875,3.0,tribonacci,0.006084303524625252,0.9999998452067445
2000,4489.251258218603,3.0,tribonacci,0.00602272033973321,0.9999998402773406
2000,4629.689226627263,3.0,tribonacci,0.005776895382158207,0.9999998381707838
2000,4774.520538566127,3.0,tribonacci,0.0048144651403167,0.999999834504898
2000,4923.882631706737,3.0,tribonacci,0.005086702381669942,0.9999998293778674
2000,5077.917243205398,3.0,tribonacci,0.005465925487014818,0.9999998277916851
2000,5236.77054420465,3.0,tribonacci,0.005423778967455194,0.9999998228337666
2000,5400.593278542368,3.0,tribonacci,0.005273774626933846,0.9999998190539313
2000,5569.5409058001305,3.0,tribonacci,0.005512956449437496,0.9999998154961441
2000,5743.773748826581,3.0,tribonacci,0.00515087665884199,0.9999998097630508
2000,5923.4571458758055,3.0,tribonacci,0.0047518098091987706,0.9999998073753961
2000,6108.76160750504,3.0,tribonacci,0.004816783649855978,0.999999802959194
2000,6299.862978380694,3.0,tribonacci,0.004129652285154629,0.999999797754504
2000,6496.942604146125,3.0,tribonacci,0.004430347179778253,0.9999997941283517
2000,6700.18750350959,3.0,tribonacci,0.005516606963236408,0.9999997881894046
2000,6909.790545715645,3.0,tribonacci,0.00487535188774277,0.9999997833801403
2000,7125.950633568411,3.0,tribonacci,0.0042774610433516155,0.9999997784127961
2000,7348.872892180388,3.0,tribonacci,0.004622184974822636,0.9999997735151238
2000,7578.76886362593,3.0,tribonacci,0.003894761806642457,0.9999997687632085
2000,7815.856707684091,3.0,tribonacci,0.0039518877116405645,0.9999997638809275
2000,8060.361408861345,3.0,tribonacci,0.003503862167811042,0.999999758401098
2000,8312.514989890631,3.0,tribonacci,0.004339347205220163,0.9999997530797532
2000,8572.556731909324,3.0,tribonacci,0.0034041737074828235,0.9999997475871704
2000,8840.733401525064,3.0,tribonacci,0.0036306828627150093,0.999999743170835
2000,9117.299484984922,3.0,tribonacci,0.0037034372855783665,0.9999997352059764
2000,9402.517429670132,3.0,tribonacci,0.003788760045607924,0.9999997313391454
2000,9696.65789314552,3.0,tribonacci,0.003224791723208322,0.9999997251329711
2000,10000.0,3.0,tribonacci,0.003342812593359534,0.9999997181119599
2000,0.0,4.0,fibonacci,0.00940313707633849,1.0
2000,1.0,4.0,fibonacci,0.00939564241817767,1.0000000000006852
2000,1.0312831606721848,4.0,fibonacci,0.0093947670364944,0.999999999993986
2000,1.0635449574860112,4.0,fibonacci,0.00939379222916662,0.9999999999878586
2000,1.096816005273138,4.0,fibonacci,0.009392707509109017,0.9999999999847786
2000,1.1311278765939214,4.0,fibonacci,0.009391501453129222,0.9999999999869001
2000,1.1665131316981963,4.0,fibonacci,0.00939016165158672,0.999999999994002
2000,1.2030053494233244,4.0,fibonacci,0.009388674661783142,0.9999999999997653
2000,1.240639159058832,4.0,fibonacci,0.009387025973305053,1.0000000000002263
2000,1.2794502732078736,4.0,fibonacci,0.009385199982843982,1.0000000000001041
2000,1.3194755216767062,4.0,fibonacci,0.00938317997008586,0.9999999999995748
2000,1.3607528864243335,4.0,fibonacci,0.009380948097974962,1.0000000000003222
2000,1.403321537605485,4.0,fibonacci,0.009378485428356016,1.0000000000034504
2000,1.4472218707411348,4.0,fibonacci,0.009375771960011943,1.000000000008156
2000,1.4924955450518296,4.0,fibonacci,0.009372786693486625,1.0000000000115947
2000,1.5391855229902058,4.0,fibonacci,0.009369507727388753,1.000000000010171
2000,1.587336111010209,4.0,fibonacci,0.009365912391050401,1.0000000000020297
2000,1.6369930016117025,4.0,fibonacci,0.009361977418384642,0.9999999999897902
2000,1.6882033167003634,4.0,fibonacci,0.00935767916744546,0.999999999981472
2000,1.7410156523040161,4.0,fibonacci,0.009352993889401136,0.9999999999861301
2000,1.7954801246878311,4.0,fibonacci,0.009347898049200791,0.9999999999990539
2000,1.8516484179121548,4.0,fibonacci,0.009342368706825298,1.000000000000252
2000,1.9095738328780973,4.0,fibonacci,0.009336383975284081,0.9999999999995052
2000,1.9693113379074225,4.0,fibonacci,0.009329923512515692,1.0000000000004783
2000,2.0309176209047357,4.0,fibonacci,0.009322969089293726,1.0000000000068654
2000,2.0944511431514696,4.0,fibonacci,0.00931550521028677,1.0000000000138856
2000,2.159972194782718,4.0,fibonacci,0.009307519781933995,1.0000000000110103
2000,2.2275429519995575,4.0,fibonacci,0.009299004816736916,0.9999999999942817
2000,2.2972275360711523,4.0,fibonacci,0.009289957159438924,0.9999999999780824
2000,2.369092074182633,4.0,fibonacci,0.009280379215921675,0.9999999999864391
2000,2.4432047621864883,4.0,fibonacci,0.009270279659817804,0.9999999999996452
2000,2.519635929317015,4.0,fibonacci,0.00925967407796646,0.9999999999994604
2000,2.598458104929249,4.0,fibonacci,0.009248585525615182,1.0000000000009186
2000,2.6797460873256913,4.0,fibonacci,0.009237044955683362,1.0000000000115017
2000,2.763577014736159,4.0,fibonacci,0.00922509148622619,1.000000000015123
2000,2.850030438518107,4.0,fibonacci,0.009212772435363746,0.999999999994643
2000,2.9391883986468863,4.0,fibonacci,0.009200143095714503,0.9999999999748008
2000,3.0311355015675785,4.0,fibonacci,0.009187266254670836,0.9999999999957335
2000,3.1259590004822804,4.0,fibonacci,0.009174211461847468,0.9999999999996576
2000,3.2237488781490296,4.0,fibonacci,0.009161053875504433,1.0000000000002411
2000,3.3245979322709407,4.0,fibonacci,0.009147872943730649,1.0000000000128455
2000,3.428601863556586,4.0,fibonacci,0.00913475086893515,1.000000000008614
2000,3.5358593665351785,4.0,fibonacci,0.009121770866920892,0.9999999999773966
2000,3.646472223212748,4.0,fibonacci,0.009109015353678583,0.9999999999905571
2000,3.760545399658171,4.0,fibonacci,0.009096564297578071,0.9999999999992703
2000,3.8781871456107226,4.0,fibonacci,0.009084493355488596,1.0000000000022564
2000,3.9995090972036653,4.0,fibonacci,0.009072872014012716,1.0000000000144607
2000,4.1246263829013525,4.0,fibonacci,0.009061761352497191,0.9999999999873878
2000,4.253657732750387,4.0,fibonacci,0.009051210709137511,0.9999999999845485
2000,4.386725591048498,4.0,fibonacci,0.009041252669232343,0.9999999999991332
2000,4.523956232538054,4.0,fibonacci,0.009031894907245545,1.00000000000568
2000,4.6654798822344725,4.0,fibonacci,0.009023107490520925,1.000000000014732
2000,4.811430839003259,4.0,fibonacci,0.009014804229362312,0.9999999999704513
2000,4.961947603002903,4.0,fibonacci,0.009006816632885406,0.9999999999984147
2000,5.117173007114605,4.0,fibonacci,0.008998860245481152,0.9999999999998133
2000,5.277254352483538,4.0,fibonacci,0.008990493936126968,1.0000000000227833
2000,5.442343548300267,4.0,fibonacci,0.008981075329191767,0.9999999999672479
2000,5.612597255954972,4.0,fibonacci,0.008969717783158042,0.9999999999979857
2000,5.788177037701274,4.0,fibonacci,0.00895525713076853,1.0000000000023554
2000,5.969249509970735,4.0,fibonacci,0.008936239278896516,1.0000000000090423
2000,6.155986501483509,4.0,fibonacci,0.008910940985235804,0.9999999999765969
2000,6.348565216305219,4.0,fibonacci,0.008877436198042859,0.9999999999968288
2000,6.547168402004738,4.0,fibonacci,0.008833716736558235,1.0000000000176283
2000,6.751984523072503,4.0,fibonacci,0.008777869921866958,0.9999999999670034
2000,6.963207939763885,4.0,fibonacci,0.00870830488392615,0.9999999999965474
2000,7.181039092537351,4.0,fibonacci,0.0086240057634378,1.0000000000208573
2000,7.405684692262437,4.0,fibonacci,0.008524777876182858,0.9999999999646563
2000,7.637357916378021,4.0,fibonacci,0.00841144243489316,0.9999999999963394
2000,7.876278611187057,4.0,fibonacci,0.00828593427458631,1.0000000000072782
2000,8.122673500479713,4.0,fibonacci,0.008151267080011796,0.9999999999958268
2000,8.376776400682918,4.0,fibonacci,0.008011348888574629,1.0000000000111466
2000,8.638828442740447,4.0,fibonacci,0.007870658136036053,0.999999999962131
2000,8.909078300934137,4.0,fibonacci,0.007733819694025513,0.9999999999951557
2000,9.187782428863335,4.0,fibonacci,0.007605148363738997,0.9999999999968155
2000,9.475205302806543,4.0,fibonacci,0.0074882431434678,0.999999999996
2000,9.771619672696177,4.0,fibonacci,0.007385703803815074,1.0000000000143114
2000,10.077306820944612,4.0,fibonacci,0.007298983160625931,0.9999999999949841
2000,10.392556829367125,4.0,fibonacci,0.0072282958432162816,1.0000000000149494
2000,10.71766885445503,4.0,fibonacci,0.0071724406426010665,0.9999999999953043
2000,11.052951411260215,4.0,fibonacci,0.007128449465771617,1.000000000021608
2000,11.39872266616052,4.0,fibonacci,0.0070911891941042105,0.9999999999948582
2000,11.755310738783693,4.0,fibonacci,0.007053311669491834,0.9999999999995282
2000,12.123054013376523,4.0,fibonacci,0.007006067582184142,0.9999999999924507
2000,12.502301459914554,4.0,fibonacci,0.0069412846925765055,0.9999999999586909
2000,12.89341296525715,4.0,fibonacci,0.006854220461001733,1.0000000000130524
2000,13.29675967466212,4.0,fibonacci,0.006746247157456344,0.9999999999934869
2000,13.712724343984002,4.0,fibonacci,0.006625931589877889,0.9999999999695618
2000,14.141701702890233,4.0,fibonacci,0.006507531697653035,1.0000000000062426
2000,14.584098829439856,4.0,fibonacci,0.00640713246665476,0.9999999999918998
2000,15.040335536380244,4.0,fibonacci,0.006337916810778268,0.9999999999556745
2000,15.510844769528397,4.0,fibonacci,0.006306848263178772,1.0000000000140175
2000,15.996073018614878,4.0,fibonacci,0.006314328497024656,0.9999999999948521
2000,16.496480740980207,4.0,fibonacci,0.0063552235697418,0.9999999999903839
2000,17.012542798525892,4.0,fibonacci,0.006417382069226218,0.9999999999795129
2000,17.544748908334597,4.0,fibonacci,0.006478172800018974,0.9999999999547478
2000,18.093604107387165,4.0,fibonacci,0.0065069678206899255,0.9999999999741284
2000,18.65962923181746,4.0,fibonacci,0.006480030411690933,0.9999999999813374
2000,19.2433614111598,4.0,fibonacci,0.0064006656939392895,0.9999999999917094
2000,19.845354578058032,4.0,fibonacci,0.006304792623043882,1.000000000000484
2000,20.466179993919898,4.0,fibonacci,0.006241054208700931,0.9999999999911352
2000,21.106426791015547,4.0,fibonacci,0.006243123017037477,0.9999999999741884
2000,21.76670253153459,4.0,fibonacci,0.00632292052194453,0.9999999999546066
2000,22.44763378413224,4.0,fibonacci,0.0064743105490437745,0.9999999999697765
2000,23.14986671851161,4.0,fibonacci,0.006651105945619465,0.999999999986346
2000,23.87406771860647,4.0,fibonacci,0.006758625852593276,0.9999999999913599
2000,24.620924014946254,4.0,fibonacci,0.006726645937335643,0.9999999999978487
2000,25.39114433680347,4.0,fibonacci,0.006599427377588406,0.9999999999504301
2000,26.185459584742325,4.0,fibonacci,0.006500542518127403,0.9999999999838635
2000,27.00462352420682,4.0,fibonacci,0.006513782118721012,0.9999999999921662
2000,27.849413500806442,4.0,fibonacci,0.006653218092506578,0.9999999999826591
2000,28.72063117797828,4.0,fibonacci,0.006842775418601991,1.0000000000001856
2000,29.619103297725534,4.0,fibonacci,0.006883067226487807,0.9999999999804294
2000,30.545682465154318,4.0,fibonacci,0.006663176679991711,1.0000000000073208
2000,31.50124795755328,4.0,fibonacci,0.006353501017289537,0.9999999999813599
2000,32.486706558783744,4.0,fibonacci,0.006174323097327491,0.9999999999500595
2000,33.502993419772295,4.0,fibonacci,0.006181243086304833,1.0000000000103897
2000,34.55107294592218,4.0,fibonacci,0.006255903049874309,0.9999999999779859
2000,35.631939712285856,4.0,fibonacci,0.006091925605848233,0.9999999999776212
2000,36.7466194073669,4.0,fibonacci,0.005689083152566741,0.9999999999369312
2000,37.896169806447176,4.0,fibonacci,0.005430570708062,0.9999999999398006
2000,39.08168177536266,4.0,fibonacci,0.005447180192316809,0.9999999999446546
2000,40.30428030568053,4.0,fibonacci,0.005527686573550707,0.9999999999424184
2000,41.5651255822599,4.0,fibonacci,0.005246596924034279,0.9999999999741337
2000,42.86541408420927,4.0,fibonacci,0.004798622014449136,0.9999999999723475
2000,44.20637972028532,4.0,fibonacci,0.004597805708181037,0.9999999999963474
2000,45.58929499981062,4.0,fibonacci,0.004578706968713155,0.9999999999409896
2000,47.01547224022132,4.0,fibonacci,0.0045030305907556795,0.9999999999693858
2000,48.48626481239081,4.0,fibonacci,0.0045059272281181605,0.9999999999708263
2000,50.00306842491092,4.0,fibonacci,0.004678064689802644,0.9999999999671523
2000,51.56732244854966,4.0,fibonacci,0.004784094821084547,0.9999999999328602
2000,53.180511282142,4.0,fibonacci,0.0047829161261499645,0.9999999999944431
2000,54.84416576121018,4.0,fibonacci,0.004711403679709344,0.9999999999715048
2000,56.55986461065005,4.0,fibonacci,0.0045173114806487885,0.9999999999624132
2000,58.329235942862034,4.0,fibonacci,0.004376306129184517,0.9999999999614057
2000,60.153958802748356,4.0,fibonacci,0.004358449308613283,0.9999999999644229
2000,62.035764761042714,4.0,fibonacci,0.004360671425527409,0.9999999999925008
2000,63.97643955748427,4.0,fibonacci,0.004370465063680306,0.9999999999213522
2000,65.97782479539536,4.0,fibonacci,0.004375998837126462,0.9999999999571594
2000,68.04181968927098,4.0,fibonacci,0.004338391619363947,0.9999999999216214
2000,70.17038286703826,4.0,fibonacci,0.00426165439958578,0.9999999999774163
2000,72.36553422869653,4.0,fibonacci,0.004190420043495717,0.999999999953317
2000,74.62935686310134,4.0,fibonacci,0.003910676444389384,0.9999999999510268
2000,76.96399902471158,4.0,fibonacci,0.003697541977083313,0.99999999992679
2000,79.37167617217551,4.0,fibonacci,0.003522187992101847,0.9999999999477851
2000,81.8546730706903,4.0,fibonacci,0.003435754018790749,0.9999999999523046
2000,84.41534596012986,4.0,fibonacci,0.0035339891345452018,0.9999999999191681
2000,87.05612479099865,4.0,fibonacci,0.0037021898722297986,0.9999999999447877
2000,89.77951553033323,4.0,fibonacci,0.003941292646000885,0.9999999999269762
2000,92.58810253973955,4.0,fibonacci,0.004381967289291401,0.9999999999001864
2000,95.48455102782293,4.0,fibonacci,0.004875555724472016,0.9999999998966951
2000,98.47160957933774,4.0,fibonacci,0.005105119252182357,0.9999999999355973
2000,101.5521127634568,4.0,fibonacci,0.0048529888035290245,0.9999999999458736
2000,104.72898382363586,4.0,fibonacci,0.004031772969847481,0.999999999906366
2000,108.00523745162529,4.0,fibonacci,0.0037931438929828948,0.9999999999390965
2000,111.38398264826195,4.0,fibonacci,0.0035005431275155073,0.9999999999525495
2000,114.86842567375535,4.0,fibonacci,0.0035556876075193674,0.9999999999257323
2000,118.46187309026836,4.0,fibonacci,0.003975634944490337,0.9999999999212005
2000,122.16773489967919,4.0,fibonacci,0.0048574432347508745,0.9999999999417416
2000,125.98952777950272,4.0,fibonacci,0.005288471278125793,0.9999999999233098
2000,129.93087842004158,4.0,fibonacci,0.004051148282945663,0.9999999999186162
2000,133.99552696593383,4.0,fibonacci,0.003377113997786453,0.999999999941133
2000,138.18733056536323,4.0,fibonacci,0.003298643774839088,0.9999999998704108
2000,142.5102670302998,4.0,fibonacci,0.0038389988207537433,0.9999999999310478
2000,146.9684386112446,4.0,fibonacci,0.004277837423537568,0.9999999999325566
2000,151.5660758900603,4.0,fibonacci,0.00416994786570139,0.9999999998897571
2000,156.30754179458157,4.0,fibonacci,0.004138155327631294,0.9999999998961421
2000,161.1973357388157,4.0,fibonacci,0.004096774917277159,0.9999999998647119
2000,166.2400978926612,4.0,fibonacci,0.003965722553735503,0.9999999998383048
2000,171.440613585197,4.0,fibonacci,0.003668933065850512,0.9999999998864023
2000,176.8038178457207,4.0,fibonacci,0.0035225657650302922,0.9999999999049237
2000,182.33480008684404,4.0,fibonacci,0.0040939608550231215,0.9999999998787061
2000,188.03880893409146,4.0,fibonacci,0.004108233666114552,0.9999999998959533
2000,193.9212572065829,4.0,fibonacci,0.0035180570744205585,0.9999999998269791
2000,199.9877270535285,4.0,fibonacci,0.0028571611251959083,0.9999999998891045
2000,206.24397525140904,4.0,fibonacci,0.0033293393099079176,0.9999999998711976
2000,212.69593866686898,4.0,fibonacci,0.003360265656382971,0.9999999998611081
2000,219.3497398905058,4.0,fibonacci,0.003678160663250795,0.9999999998573665
2000,226.2116930469024,4.0,fibonacci,0.0035928111735643795,0.9999999998565564
2000,233.2883097864156,4.0,fibonacci,0.0036029830252188176,0.9999999998337863
2000,240.58630546440645,4.0,fibonacci,0.003939420640695146,0.9999999998049794
2000,248.11260551377677,4.0,fibonacci,0.0035311848321322283,0.9999999998377094
2000,255.87435201685892,4.0,fibonacci,0.003361113936485316,0.9999999998340604
2000,263.87891048289345,4.0,fibonacci,0.004420590711052322,0.9999999998390806
2000,272.13387683753086,4.0,fibonacci,0.003471450898657661,0.9999999998230535
2000,280.6470846309839,4.0,fibonacci,0.0038700579386321487,0.9999999998217219
2000,289.4266124716752,4.0,fibonacci,0.0055188891315982175,0.9999999998107043
2000,298.4807916924327,4.0,fibonacci,0.0040605838727442774,0.9999999998047604
2000,307.81821425650804,4.0,fibonacci,0.005215686130245962,0.9999999997994607
2000,317.4477409109193,4.0,fibonacci,0.004346593277903803,0.9999999998111853
2000,327.3785095948577,4.0,fibonacci,0.004278924528137326,0.9999999997982213
2000,337.61994411113403,4.0,fibonacci,0.003507946025099765,0.9999999997778932
2000,348.18176306889666,4.0,fibonacci,0.0038444825945065336,0.9999999997735358
2000,359.0739891061055,4.0,fibonacci,0.0039232762601880055,0.999999999728555
2000,370.30695840051413,4.0,fibonacci,0.0039028206603475835,0.9999999997600846
2000,381.8913304781854,4.0,fibonacci,0.003723404450721912,0.9999999997703034
2000,393.8380983288489,4.0,fibonacci,0.0034875822297849883,0.9999999997434161
2000,406.158598837698,4.0,fibonacci,0.004184742022878046,0.9999999997007919
2000,418.86452354352707,4.0,fibonacci,0.00376517923077569,0.9999999997217792
2000,431.96792973341735,4.0,fibonacci,0.0038313807553521637,0.999999999719145
2000,445.4812518844989,4.0,fibonacci,0.004055931158128297,0.9999999996996936
2000,459.41731346364764,4.0,fibonacci,0.0035174490097226877,0.9999999997101241
2000,473.7893390963144,4.0,fibonacci,0.004113556054531585,0.9999999996899172
2000,488.6109671160326,4.0,fibonacci,0.0036692674706500766,0.999999999688489
2000,503.89626250651503,4.0,fibonacci,0.004133142877943731,0.9999999996700453
2000,519.6597302486197,4.0,fibonacci,0.003199228244441814,0.9999999996316493
2000,535.9163290848514,4.0,fibonacci,0.0033285349815010672,0.9999999996484863
2000,552.6814857144603,4.0,fibonacci,0.003603954765134836,0.9999999996104221
2000,569.9711094326076,4.0,fibonacci,0.003245469554585451,0.9999999996279819
2000,587.8016072274912,4.0,fibonacci,0.0033963720167712055,0.9999999996360284
2000,606.1898993497572,4.0,fibonacci,0.003245136095224249,0.9999999996217499
2000,625.1534353689711,4.0,fibonacci,0.0035149536306079594,0.9999999995847882
2000,644.7102107323869,4.0,fibonacci,0.003211407198215121,0.999999999550225
2000,664.8787838417263,4.0,fibonacci,0.003208437103576935,0.9999999995894012
2000,685.6782936641738,4.0,fibonacci,0.0037125572020288823,0.9999999995576384
2000,707.1284778942996,4.0,fibonacci,0.00338455593132278,0.999999999547611
2000,729.2496916841444,4.0,fibonacci,0.003263060892244298,0.9999999995240858
2000,752.0629269592407,4.0,fibonacci,0.0029618628688451365,0.9999999995096813
2000,775.5898323389001,4.0,fibonacci,0.003810793036362773,0.9999999995215607
2000,799.8527336796708,4.0,fibonacci,0.0034020212232989348,0.9999999995010331
2000,824.8746552614581,4.0,fibonacci,0.0031386245162318073,0.9999999994613455
2000,850.6793416364153,4.0,fibonacci,0.0028477115529050297,0.9999999994447395
2000,877.2912801613356,4.0,fibonacci,0.003008482183050609,0.99999999942856
2000,904.7357242349293,4.0,fibonacci,0.003090243605642259,0.999999999372903
2000,933.038717262036,4.0,fibonacci,0.002740633731681952,0.9999999994170304
2000,962.2271173675134,4.0,fibonacci,0.002838635951018163,0.9999999993717963
2000,992.3286228832545,4.0,fibonacci,0.003149975528892409,0.9999999993055674
2000,1023.3717986325192,4.0,fibonacci,0.0027701017023271254,0.9999999993514316
2000,1055.386103036523,4.0,fibonacci,0.0031066894410225784,0.9999999993234113
2000,1088.4019160690054,4.0,fibonacci,0.0033096364965187032,0.9999999992444185
2000,1122.4505680853058,4.0,fibonacci,0.0029015217834309583,0.9999999992434428
2000,1157.5643695533035,4.0,fibonacci,0.0037403192140119767,0.9999999992155914
2000,1193.7766417144358,4.0,fibonacci,0.0033685729116852965,0.9999999992002803
2000,1231.1217482038908,4.0,fibonacci,0.0030028649708494825,0.9999999991906711
2000,1269.6351276599742,4.0,fibonacci,0.002774098430217203,0.9999999991646884
2000,1309.353327353611,4.0,fibonacci,0.002784501237983774,0.9999999991018588
2000,1350.3140378698736,4.0,fibonacci,0.0028671381209410844,0.9999999991079372
2000,1392.5561288744634,4.0,fibonacci,0.002761308427593899,0.9999999990993031
2000,1436.1196859990787,4.0,fibonacci,0.0030549381806844415,0.9999999990462874
2000,1481.0460488806755,4.0,fibonacci,0.002504115378997399,0.9999999990135423
2000,1527.377850390714,4.0,fibonacci,0.0026632424959516805,0.9999999989808188
2000,1575.1590570916228,4.0,fibonacci,0.0028882925480261694,0.9999999989686097
2000,1624.435010958867,4.0,fibonacci,0.002855205985516017,0.999999998930332
2000,1675.2524724082155,4.0,fibonacci,0.002596659719435465,0.9999999988664118
2000,1727.6596646690364,4.0,fibonacci,0.002553943817828419,0.9999999988008763
2000,1781.7063195457306,4.0,fibonacci,0.002595112012451825,0.9999999987805477
2000,1837.4437246107268,4.0,fibonacci,0.002672794436639169,0.9999999987519406
2000,1894.9247718738216,4.0,fibonacci,0.0030407085370288286,0.9999999987035073
2000,1954.2040079740534,4.0,fibonacci,0.002553002437442274,0.999999998590288
2000,2015.337685941733,4.0,fibonacci,0.0024703371956718966,0.9999999985844074
2000,2078.383818579757,4.0,fibonacci,0.002146824985483899,0.999999998531096
2000,2143.4022335148566,4.0,fibonacci,0.0024995908622883617,0.9999999984801777
2000,2210.4546299710214,4.0,fibonacci,0.002267833423557369,0.9999999984403973
2000,2279.6046373189797,4.0,fibonacci,0.002357106970120885,0.9999999983113852
2000,2350.9178754572868,4.0,fibonacci,0.0021506924891264182,0.9999999982928838
2000,2424.462017082328,4.0,fibonacci,0.0026014230072006436,0.9999999982576733
2000,2500.306851906324,4.0,fibonacci,0.0021825180262446276,0.999999998117455
2000,2578.524352884274,4.0,fibonacci,0.0024404809008928196,0.9999999980569116
2000,2659.1887445126936,4.0,fibonacci,0.002625926506776976,0.9999999980168476
2000,2742.3765732649495,4.0,fibonacci,0.0025674868840357993,0.9999999979279961
2000,2828.166780230032,4.0,fibonacci,0.00237092598600969,0.9999999978451052
2000,2916.640776023704,4.0,fibonacci,0.0025939699724751492,0.9999999977008409
2000,3007.882518043099,4.0,fibonacci,0.00225174751376017,0.9999999976891625
2000,3101.978590138097,4.0,fibonacci,0.002384271888037204,0.9999999975078105
2000,3199.018284775064,4.0,fibonacci,0.0024331117714859927,0.9999999974445891
2000,3299.093687770939,4.0,fibonacci,0.002172646838854043,0.99999999736823
2000,3402.2997656780676,4.0,fibonacci,0.002281601044454772,0.9999999972023962
2000,3508.7344559027115,4.0,fibonacci,0.0022381943642047174,0.9999999971025302
2000,3618.4987596427463,4.0,fibonacci,0.002139130819858946,0.9999999969436844
2000,3731.6968377327516,4.0,fibonacci,0.002125309102843039,0.9999999967579801
2000,3848.436109487429,4.0,fibonacci,0.0024239234186154623,0.9999999966247933
2000,3968.827354637162,4.0,fibonacci,0.0020486625015604986,0.9999999964388997
2000,4092.984818452438,4.0,fibonacci,0.0020744907598352724,0.9999999962857359
2000,4221.026320156899,4.0,fibonacci,0.0024177593931410265,0.999999996076899
2000,4353.0733647318875,4.0,fibonacci,0.002068945981531375,0.9999999959175334
2000,4489.251258218603,4.0,fibonacci,0.0020234617993892916,0.9999999956873297
2000,4629.689226627263,4.0,fibonacci,0.0023161567055835,0.9999999953283354
2000,4774.520538566127,4.0,fibonacci,0.0023810169641690897,0.9999999950834983
2000,4923.882631706737,4.0,fibonacci,0.002172172500845182,0.9999999949360612
2000,5077.917243205398,4.0,fibonacci,0.002150582167270095,0.9999999945890843
2000,5236.77054420465,4.0,fibonacci,0.002366559389210534,0.999999994262535
2000,5400.593278542368,4.0,fibonacci,0.0023072337727605458,0.9999999939073696
2000,5569.5409058001305,4.0,fibonacci,0.002441155427040335,0.9999999934557884
2000,5743.773748826581,4.0,fibonacci,0.0021954131738420573,0.9999999930071263
2000,5923.4571458758055,4.0,fibonacci,0.002219145823721422,0.9999999925704846
2000,6108.76160750504,4.0,fibonacci,0.0022091813677298663,0.9999999922969546
2000,6299.862978380694,4.0,fibonacci,0.002175442290072365,0.9999999915509709
2000,6496.942604146125,4.0,fibonacci,0.002204667434416746,0.9999999911602561
2000,6700.18750350959,4.0,fibonacci,0.002230519433054617,0.9999999906152012
2000,6909.790545715645,4.0,fibonacci,0.002113391836960855,0.9999999897918477
2000,7125.950633568411,4.0,fibonacci,0.0019435072324529424,0.999999989080174
2000,7348.872892180388,4.0,fibonacci,0.002427139523073828,0.9999999883151894
2000,7578.76886362593,4.0,fibonacci,0.0024065325947603736,0.9999999873943191
2000,7815.856707684091,4.0,fibonacci,0.002165761283632539,0.9999999862761567
2000,8060.361408861345,4.0,fibonacci,0.0019864790339352077,0.9999999853662288
2000,8312.514989890631,4.0,fibonacci,0.002119769338452261,0.9999999842180824
2000,8572.556731909324,4.0,fibonacci,0.0020152413602236097,0.999999982892979
2000,8840.733401525064,4.0,fibonacci,0.0019531509799429452,0.9999999812066893
2000,9117.299484984922,4.0,fibonacci,0.0021197415727983245,0.9999999799540426
2000,9402.517429670132,4.0,fibonacci,0.0019313878563849648,0.9999999780214957
2000,9696.65789314552,4.0,fibonacci,0.0021519879203472296,0.999999976328267
2000,10000.0,4.0,fibonacci,0.0019247412887981239,0.9999999742636846
2000,0.0,4.0,tribonacci,0.0483982089007412,1.0
2000,1.0,4.0,tribonacci,0.048106612821703025,0.9999999999381661
2000,1.0312831606721848,4.0,tribonacci,0.04807164040060589,0.9999999999973551
2000,1.0635449574860112,4.0,tribonacci,0.048032712503913486,1.0000000000069915
2000,1.096816005273138,4.0,tribonacci,0.04798942909307967,1.0000000000051057
2000,1.1311278765939214,4.0,tribonacci,0.04794135901389625,0.9999999999960864
2000,1.1665131316981963,4.0,tribonacci,0.047888039548578766,1.0000000000083746
2000,1.2030053494233244,4.0,tribonacci,0.04782897636786746,1.00000000006156
2000,1.240639159058832,4.0,tribonacci,0.047763644063177936,1.0000000001450513
2000,1.2794502732078736,4.0,tribonacci,0.0476914873929892,1.000000000214399
2000,1.3194755216767062,4.0,tribonacci,0.047611923391870765,1.0000000002088734
2000,1.3607528864243335,4.0,tribonacci,0.04752434450234087,1.0000000000884446
2000,1.403321537605485,4.0,tribonacci,0.04742812289717665,0.9999999998786322
2000,1.4472218707411348,4.0,tribonacci,0.04732261616020814,0.9999999996963432
2000,1.4924955450518296,4.0,tribonacci,0.04720717448347785,0.9999999997072825
2000,1.5391855229902058,4.0,tribonacci,0.04708114951324865,0.9999999999343718
2000,1.587336111010209,4.0,tribonacci,0.04694390506124512,1.0000000000005511
2000,1.6369930016117025,4.0,tribonacci,0.04679483064526021,0.99999999999818
2000,1.6882033167003634,4.0,tribonacci,0.04663335642801952,0.9999999999954248
2000,1.7410156523040161,4.0,tribonacci,0.04645897085286645,1.0000000000621696
2000,1.7954801246878311,4.0,tribonacci,0.04627124070677115,1.0000000001774676
2000,1.8516484179121548,4.0,tribonacci,0.04606983366583259,1.0000000002073999
2000,1.9095738328780973,4.0,tribonacci,0.04585454333305251,1.0000000000326288
2000,1.9693113379074225,4.0,tribonacci,0.045625316608691596,0.9999999997440554
2000,2.0309176209047357,4.0,tribonacci,0.04538228304118646,0.9999999996901777
2000,2.0944511431514696,4.0,tribonacci,0.045125785518091974,0.9999999999774637
2000,2.159972194782718,4.0,tribonacci,0.04485641191832034,0.9999999999943425
2000,2.2275429519995575,4.0,tribonacci,0.04457502816758251,0.9999999999866747
2000,2.2972275360711523,4.0,tribonacci,0.04428280886043634,1.0000000000577514
2000,2.369092074182633,4.0,tribonacci,0.043981266251920004,1.0000000001391414
2000,2.4432047621864883,4.0,tribonacci,0.04367227459150718,1.0000000000374594
2000,2.519635929317015,4.0,tribonacci,0.04335808734421159,0.9999999998246382
2000,2.598458104929249,4.0,tribonacci,0.04304134409510976,0.9999999998837049
2000,2.6797460873256913,4.0,tribonacci,0.04272506297849002,0.9999999999912978
2000,2.763577014736159,4.0,tribonacci,0.04241261384118439,0.9999999999791869
2000,2.850030438518107,4.0,tribonacci,0.04210766699038452,1.0000000000727585
2000,2.9391883986468863,4.0,tribonacci,0.04181411326432344,1.000000000127013
2000,3.0311355015675785,4.0,tribonacci,0.041535950859527736,0.9999999998949158
2000,3.1259590004822804,4.0,tribonacci,0.04127713771240975,0.9999999998285416
2000,3.2237488781490296,4.0,tribonacci,0.041041416343926794,0.9999999999857441
2000,3.3245979322709407,4.0,tribonacci,0.04083212047778985,0.9999999999784228
2000,3.428601863556586,4.0,tribonacci,0.04065198332449551,1.000000000160935
2000,3.5358593665351785,4.0,tribonacci,0.0405029865813164,1.0000000000453535
2000,3.646472223212748,4.0,tribonacci,0.040386288455295904,0.9999999996174554
2000,3.760545399658171,4.0,tribonacci,0.040302286506081114,0.9999999999690596
2000,3.8781871456107226,4.0,tribonacci,0.04025087122972643,0.9999999999739029
2000,3.9995090972036653,4.0,tribonacci,0.040231895197939474,1.0000000001662028
2000,4.1246263829013525,4.0,tribonacci,0.04024587335774032,0.9999999997629018
2000,4.253657732750387,4.0,tribonacci,0.0402948489220127,0.9999999998978293
2000,4.386725591048498,4.0,tribonacci,0.0403833048184504,0.9999999999606478
2000,4.523956232538054,4.0,tribonacci,0.040518904781553115,1.0000000001731606
2000,4.6654798822344725,4.0,tribonacci,0.040712798495365375,0.9999999997021076
2000,4.811430839003259,4.0,tribonacci,0.04097919689593903,0.9999999999543285
2000,4.961947603002903,4.0,tribonacci,0.04133398426170258,0.9999999999884099
2000,5.117173007114605,4.0,tribonacci,0.04179225210446361,1.000000000003751
2000,5.277254352483538,4.0,tribonacci,0.042364846610859846,0.9999999998774923
2000,5.442343548300267,4.0,tribonacci,0.04305423173866786,0.9999999999578708
2000,5.612597255954972,4.0,tribonacci,0.04385016936070599,1.000000000014046
2000,5.788177037701274,4.0,tribonacci,0.04472585728887988,0.9999999999263453
2000,5.969249509970735,4.0,tribonacci,0.045635279147778623,1.000000000017496
2000,6.155986501483509,4.0,tribonacci,0.04651264486306779,0.9999999998252495
2000,6.348565216305219,4.0,tribonacci,0.04727495568115577,0.9999999999578429
2000,6.547168402004738,4.0,tribonacci,0.047828759123276256,1.0000000002040421
2000,6.751984523072503,4.0,tribonacci,0.04808176858388624,0.9999999998228652
2000,6.963207939763885,4.0,tribonacci,0.04795887430068062,1.0000000001303169
2000,7.181039092537351,4.0,tribonacci,0.047420209138117383,0.9999999993697869
2000,7.405684692262437,4.0,tribonacci,0.04647704366042515,0.999999999937332
2000,7.637357916378021,4.0,tribonacci,0.04520035457486006,0.9999999998561312
2000,7.876278611187057,4.0,tribonacci,0.04371766580450414,0.9999999999280561
2000,8.122673500479713,4.0,tribonacci,0.04219572882515333,0.999999999917504
2000,8.376776400682918,4.0,tribonacci,0.04080930802263798,0.999999999921634
2000,8.638828442740447,4.0,tribonacci,0.03970044552388416,0.999999999801381
2000,8.909078300934137,4.0,tribonacci,0.03894001842241778,0.9999999999715969
2000,9.187782428863335,4.0,tribonacci,0.03851263741451673,0.9999999996605592
2000,9.475205302806543,4.0,tribonacci,0.03834697607835418,1.0000000001292055
2000,9.771619672696177,4.0,tribonacci,0.0383924418340017,0.9999999999198418
2000,10.077306820944612,4.0,tribonacci,0.0387008900290797,0.9999999996576685
2000,10.392556829367125,4.0,tribonacci,0.039442240815704875,1.0000000000134361
2000,10.71766885445503,4.0,tribonacci,0.04081005147148907,0.9999999999092362
2000,11.052951411260215,4.0,tribonacci,0.042854382371705926,0.9999999997469331
2000,11.39872266616052,4.0,tribonacci,0.045343031603511635,1.0000000000692946
2000,11.755310738783693,4.0,tribonacci,0.0477397003164178,0.999999999959026
2000,12.123054013376523,4.0,tribonacci,0.049334811057612005,0.9999999999045315
2000,12.502301459914554,4.0,tribonacci,0.04952115153771957,0.9999999998574796
2000,12.89341296525715,4.0,tribonacci,0.048125745357125556,0.9999999994316295
2000,13.29675967466212,4.0,tribonacci,0.0455922082832171,0.9999999999160126
2000,13.712724343984002,4.0,tribonacci,0.04282446727332226,1.000000000002181
2000,14.141701702890233,4.0,tribonacci,0.040712198892051805,1.0000000000060227
2000,14.584098829439856,4.0,tribonacci,0.03962260407440868,1.0000000000183003
2000,15.040335536380244,4.0,tribonacci,0.039342150015472976,1.000000000020666
2000,15.510844769528397,4.0,tribonacci,0.03968746450773617,1.0000000000304865
2000,15.996073018614878,4.0,tribonacci,0.04106442775463093,0.9999999999144213
2000,16.496480740980207,4.0,tribonacci,0.043982107630348106,0.9999999997761829
2000,17.012542798525892,4.0,tribonacci,0.04792525747002781,0.9999999997891693
2000,17.544748908334597,4.0,tribonacci,0.05103342346066657,0.9999999998721334
2000,18.093604107387165,4.0,tribonacci,0.051257463874592596,1.0000000000694194
2000,18.65962923181746,4.0,tribonacci,0.048213119423576964,0.9999999999148843
2000,19.2433614111598,4.0,tribonacci,0.043759594103430714,0.9999999998003589
2000,19.845354578058032,4.0,tribonacci,0.04030885520650926,0.9999999998768001
2000,20.466179993919898,4.0,tribonacci,0.03869342688965295,0.9999999997756145
2000,21.106426791015547,4.0,tribonacci,0.03848568462351961,0.9999999998591284
2000,21.76670253153459,4.0,tribonacci,0.04002394716803109,0.9999999998755216
2000,22.44763378413224,4.0,tribonacci,0.04359597082179978,0.999999999854924
2000,23.14986671851161,4.0,tribonacci,0.047027373758380016,0.9999999997588642
2000,23.87406771860647,4.0,tribonacci,0.0471172570446846,0.9999999999176088
2000,24.620924014946254,4.0,tribonacci,0.043791725572792956,0.999999999844121
2000,25.39114433680347,4.0,tribonacci,0.04021609804721371,0.9999999997596789
2000,26.185459584742325,4.0,tribonacci,0.038520569776345805,0.9999999999653629
2000,27.00462352420682,4.0,tribonacci,0.03893623142365508,0.9999999998753148
2000,27.849413500806442,4.0,tribonacci,0.04171037792106825,0.9999999998385536
2000,28.72063117797828,4.0,tribonacci,0.045169388842716776,0.9999999998404909
2000,29.619103297725534,4.0,tribonacci,0.046193674840213,0.9999999998551319
2000,30.545682465154318,4.0,tribonacci,0.04472682352371699,0.999999999904138
2000,31.50124795755328,4.0,tribonacci,0.043250835135284146,0.9999999998965058
2000,32.486706558783744,4.0,tribonacci,0.04306189971524067,0.9999999997005109
2000,33.502993419772295,4.0,tribonacci,0.04367483400401955,0.9999999998282851
2000,34.55107294592218,4.0,tribonacci,0.0439091368478472,0.9999999999194817
2000,35.631939712285856,4.0,tribonacci,0.04370466679227223,0.9999999997914631
2000,36.7466194073669,4.0,tribonacci,0.04368280134817534,0.9999999999109268
2000,37.896169806447176,4.0,tribonacci,0.04385631685247733,0.9999999998150674
2000,39.08168177536266,4.0,tribonacci,0.0422550401162384,0.9999999997353152
2000,40.30428030568053,4.0,tribonacci,0.04030278001145726,0.9999999998901304
2000,41.5651255822599,4.0,tribonacci,0.04129466160937749,0.999999999852846
2000,42.86541408420927,4.0,tribonacci,0.044375031551772505,0.9999999998122733
2000,44.20637972028532,4.0,tribonacci,0.04474670092633962,0.9999999998222177
2000,45.58929499981062,4.0,tribonacci,0.04068656670302877,0.9999999998676309
2000,47.01547224022132,4.0,tribonacci,0.040552370418914234,0.999999999736573
2000,48.48626481239081,4.0,tribonacci,0.04544973111698061,0.9999999997751838
2000,50.00306842491092,4.0,tribonacci,0.04737462236915998,0.9999999998659747
2000,51.56732244854966,4.0,tribonacci,0.04173709296541236,0.9999999996517311
2000,53.180511282142,4.0,tribonacci,0.0409776029462329,0.999999999881368
2000,54.84416576121018,4.0,tribonacci,0.04600059126599811,0.9999999997703254
2000,56.55986461065005,4.0,tribonacci,0.04381536349891135,0.9999999995089993
2000,58.329235942862034,4.0,tribonacci,0.03892037144671027,0.9999999995715252
2000,60.153958802748356,4.0,tribonacci,0.04414405384045145,0.9999999996759238
2000,62.035764761042714,4.0,tribonacci,0.04597126484447568,0.9999999995123717
2000,63.97643955748427,4.0,tribonacci,0.03943220761657805,0.9999999996043757
2000,65.97782479539536,4.0,tribonacci,0.045317376077136186,0.9999999997261345
2000,68.04181968927098,4.0,tribonacci,0.04596021786740529,0.9999999997269359
2000,70.17038286703826,4.0,tribonacci,0.04016790210865873,0.9999999997228932
2000,72.36553422869653,4.0,tribonacci,0.04612440688056306,0.9999999997045365
2000,74.62935686310134,4.0,tribonacci,0.04328403361970821,0.9999999995577856
2000,76.96399902471158,4.0,tribonacci,0.04143004668793677,0.9999999996926071
2000,79.37167617217551,4.0,tribonacci,0.04437117192298176,0.9999999998077151
2000,81.8546730706903,4.0,tribonacci,0.040593897581440996,0.9999999996631973
2000,84.41534596012986,4.0,tribonacci,0.044035073287521175,0.9999999995151825
2000,87.05612479099865,4.0,tribonacci,0.042866740535801834,0.9999999994920807
2000,89.77951553033323,4.0,tribonacci,0.04276929283779278,0.9999999996408415
2000,92.58810253973955,4.0,tribonacci,0.04291784710534993,0.9999999997411709
2000,95.48455102782293,4.0,tribonacci,0.04142903126210294,0.999999999621115
2000,98.47160957933774,4.0,tribonacci,0.042945947893580895,0.9999999996189648
2000,101.5521127634568,4.0,tribonacci,0.04213758009307683,0.9999999996058806
2000,104.72898382363586,4.0,tribonacci,0.04479285475320756,0.9999999996913623
2000,108.00523745162529,4.0,tribonacci,0.04201558684822419,0.999999999587447
2000,111.38398264826195,4.0,tribonacci,0.042602634450153914,0.9999999995419424
2000,114.86842567375535,4.0,tribonacci,0.04283803407761975,0.9999999993898028
2000,118.46187309026836,4.0,tribonacci,0.04245277071116895,0.9999999995581915
2000,122.16773489967919,4.0,tribonacci,0.043746210873745583,0.9999999996496728
2000,125.98952777950272,4.0,tribonacci,0.04360905613263759,0.999999999573052
2000,129.93087842004158,4.0,tribonacci,0.04264308515186222,0.9999999996194117
2000,133.99552696593383,4.0,tribonacci,0.04101755883331609,0.9999999995052523
2000,138.18733056536323,4.0,tribonacci,0.043140851394967164,0.9999999994426578
2000,142.5102670302998,4.0,tribonacci,0.045056612900269966,0.9999999996196322
2000,146.9684386112446,4.0,tribonacci,0.046420377987037,0.9999999992437869
2000,151.5660758900603,4.0,tribonacci,0.03532955767075463,0.9999999989262432
2000,156.30754179458157,4.0,tribonacci,0.03752711867271211,0.9999999974874454
2000,161.1973357388157,4.0,tribonacci,0.03387957593581432,0.9999999980326143
2000,166.2400978926612,4.0,tribonacci,0.03357240188290442,0.9999999979666043
2000,171.440613585197,4.0,tribonacci,0.0363340573405737,0.9999999968583009
2000,176.8038178457207,4.0,tribonacci,0.03818964077778364,0.9999999961805376
2000,182.33480008684404,4.0,tribonacci,0.03143817614773427,0.9999999961161067
2000,188.03880893409146,4.0,tribonacci,0.031071743781634364,0.9999999955846594
2000,193.9212572065829,4.0,tribonacci,0.034448720339401426,0.9999999947806699
2000,199.9877270535285,4.0,tribonacci,0.03834014798800574,0.9999999941960671
2000,206.24397525140904,4.0,tribonacci,0.03676740743790645,0.9999999945741618
2000,212.69593866686898,4.0,tribonacci,0.026369528624033307,0.999999993927036
2000,219.3497398905058,4.0,tribonacci,0.034167597535493734,0.9999999946416563
2000,226.2116930469024,4.0,tribonacci,0.038635145286798046,0.9999999920005643
2000,233.2883097864156,4.0,tribonacci,0.02860497508040588,0.9999999916753429
2000,240.58630546440645,4.0,tribonacci,0.039996021176227144,0.9999999910803831
2000,248.11260551377677,4.0,tribonacci,0.03126110424164215,0.9999999921616136
2000,255.87435201685892,4.0,tribonacci,0.03263076836585549,0.9999999911667382
2000,263.87891048289345,4.0,tribonacci,0.02915613572193421,0.9999999895932309
2000,272.13387683753086,4.0,tribonacci,0.03316199683543053,0.9999999885913349
2000,280.6470846309839,4.0,tribonacci,0.029666966492804824,0.9999999872752936
2000,289.4266124716752,4.0,tribonacci,0.031103652335047124,0.9999999877883438
2000,298.4807916924327,4.0,tribonacci,0.039387287356770904,0.9999999872407679
2000,307.81821425650804,4.0,tribonacci,0.027563930716601997,0.9999999865043825
2000,317.4477409109193,4.0,tribonacci,0.028076148896560568,0.9999999859396063
2000,327.3785095948577,4.0,tribonacci,0.029595291871767206,0.9999999842464075
2000,337.61994411113403,4.0,tribonacci,0.03284420448475326,0.9999999841809509
2000,348.18176306889666,4.0,tribonacci,0.036126004516136595,0.9999999821479175
2000,359.0739891061055,4.0,tribonacci,0.02479008921774341,0.9999999832455296
2000,370.30695840051413,4.0,tribonacci,0.032553374004210975,0.9999999816567855
2000,381.8913304781854,4.0,tribonacci,0.025357307503243876,0.9999999825198738
2000,393.8380983288489,4.0,tribonacci,0.02934687549600312,0.9999999797682932
2000,406.158598837698,4.0,tribonacci,0.03522686424910044,0.9999999783994257
2000,418.86452354352707,4.0,tribonacci,0.028889857264859445,0.9999999781516201
2000,431.96792973341735,4.0,tribonacci,0.021788697115998703,0.9999999760331224
2000,445.4812518844989,4.0,tribonacci,0.02470270375145609,0.9999999738424448
2000,459.41731346364764,4.0,tribonacci,0.02954213001047636,0.999999975429133
2000,473.7893390963144,4.0,tribonacci,0.029617190835656358,0.9999999735692747
2000,488.6109671160326,4.0,tribonacci,0.023679732917703145,0.9999999734966195
2000,503.89626250651503,4.0,tribonacci,0.019891692578009844,0.9999999724156798
2000,519.6597302486197,4.0,tribonacci,0.021380054133940604,0.9999999712083592
2000,535.9163290848514,4.0,tribonacci,0.021069422293474332,0.9999999667910845
2000,552.6814857144603,4.0,tribonacci,0.026052785717253883,0.9999999693012513
2000,569.9711094326076,4.0,tribonacci,0.023538462260931158,0.9999999683158545
2000,587.8016072274912,4.0,tribonacci,0.019989638524436283,0.9999999671522731
2000,606.1898993497572,4.0,tribonacci,0.0180826941586735,0.9999999655065822
2000,625.1534353689711,4.0,tribonacci,0.020232534445209185,0.9999999633055482
2000,644.7102107323869,4.0,tribonacci,0.028752873809805263,0.9999999639709971
2000,664.8787838417263,4.0,tribonacci,0.022826442183219026,0.9999999608401176
2000,685.6782936641738,4.0,tribonacci,0.02278523977163779,0.9999999618542054
2000,707.1284778942996,4.0,tribonacci,0.024606542363319432,0.9999999613630463
2000,729.2496916841444,4.0,tribonacci,0.01589833361833231,0.9999999606438874
2000,752.0629269592407,4.0,tribonacci,0.01810112451774556,0.9999999559379378
2000,775.5898323389001,4.0,tribonacci,0.021297866684330737,0.9999999574059123
2000,799.8527336796708,4.0,tribonacci,0.015857518932141015,0.9999999554932837
2000,824.8746552614581,4.0,tribonacci,0.017674074924868687,0.9999999539011607
2000,850.6793416364153,4.0,tribonacci,0.018295953055464918,0.9999999533632464
2000,877.2912801613356,4.0,tribonacci,0.01517055204131809,0.9999999525477747
2000,904.7357242349293,4.0,tribonacci,0.023891267253190487,0.9999999511331479
2000,933.038717262036,4.0,tribonacci,0.016358277682866094,0.9999999513907877
2000,962.2271173675134,4.0,tribonacci,0.015438464748685453,0.9999999475362978
2000,992.3286228832545,4.0,tribonacci,0.0158791129353925,0.999999947353511
2000,1023.3717986325192,4.0,tribonacci,0.018165806793747265,0.999999946477867
2000,1055.386103036523,4.0,tribonacci,0.016153665859860077,0.9999999455588284
2000,1088.4019160690054,4.0,tribonacci,0.013960414618971618,0.9999999436252444
2000,1122.4505680853058,4.0,tribonacci,0.015048389816573658,0.9999999422330623
2000,1157.5643695533035,4.0,tribonacci,0.015284980811868049,0.9999999404365375
2000,1193.7766417144358,4.0,tribonacci,0.014435718869943702,0.9999999396111456
2000,1231.1217482038908,4.0,tribonacci,0.014310662502122349,0.999999938927396
2000,1269.6351276599742,4.0,tribonacci,0.013311485262682436,0.9999999348164142
2000,1309.353327353611,4.0,tribonacci,0.014013658055341733,0.9999999351627105
2000,1350.3140378698736,4.0,tribonacci,0.013343971268905915,0.9999999324387019
2000,1392.5561288744634,4.0,tribonacci,0.014120362283300244,0.9999999321266524
2000,1436.1196859990787,4.0,tribonacci,0.01562747775420022,0.9999999300356798
2000,1481.0460488806755,4.0,tribonacci,0.013343041341337934,0.9999999288324033
2000,1527.377850390714,4.0,tribonacci,0.015707798697482473,0.9999999243559535
2000,1575.1590570916228,4.0,tribonacci,0.01430029588268558,0.9999999247336854
2000,1624.435010958867,4.0,tribonacci,0.014078579059961101,0.9999999239322105
2000,1675.2524724082155,4.0,tribonacci,0.014031951143306052,0.9999999211361815
2000,1727.6596646690364,4.0,tribonacci,0.016953960958506206,0.9999999168463625
2000,1781.7063195457306,4.0,tribonacci,0.013380081788570426,0.9999999166964074
2000,1837.4437246107268,4.0,tribonacci,0.014141999111088915,0.9999999145317031
2000,1894.9247718738216,4.0,tribonacci,0.013644331950196695,0.999999910492177
2000,1954.2040079740534,4.0,tribonacci,0.010953946996147957,0.9999999100084079
2000,2015.337685941733,4.0,tribonacci,0.01323206817994185,0.9999999087551632
2000,2078.383818579757,4.0,tribonacci,0.013486279464555518,0.9999999056317062
2000,2143.4022335148566,4.0,tribonacci,0.013120722979985093,0.9999999013618748
2000,2210.4546299710214,4.0,tribonacci,0.01165267512244824,0.9999999003003948
2000,2279.6046373189797,4.0,tribonacci,0.012278750040728858,0.9999998961175207
2000,2350.9178754572868,4.0,tribonacci,0.010068437829298739,0.9999998959061468
2000,2424.462017082328,4.0,tribonacci,0.011119545841506609,0.9999998924481669
2000,2500.306851906324,4.0,tribonacci,0.009266016718103462,0.9999998885690716
2000,2578.524352884274,4.0,tribonacci,0.009528568038441595,0.9999998857228286
2000,2659.1887445126936,4.0,tribonacci,0.009486631159604646,0.9999998845854219
2000,2742.3765732649495,4.0,tribonacci,0.008699119927172884,0.9999998803352248
2000,2828.166780230032,4.0,tribonacci,0.009684170763445302,0.9999998796938108
2000,2916.640776023704,4.0,tribonacci,0.009671543903798869,0.9999998762565245
2000,3007.882518043099,4.0,tribonacci,0.0088632682567332,0.9999998721544765
2000,3101.978590138097,4.0,tribonacci,0.008674796867560512,0.9999998705355939
2000,3199.018284775064,4.0,tribonacci,0.00804279259354302,0.9999998688329654
2000,3299.093687770939,4.0,tribonacci,0.008074093531358378,0.9999998637693918
2000,3402.2997656780676,4.0,tribonacci,0.008087492511486603,0.999999858279536
2000,3508.7344559027115,4.0,tribonacci,0.007811253639882889,0.9999998582405288
2000,3618.4987596427463,4.0,tribonacci,0.008266833256918226,0.9999998552918229
2000,3731.6968377327516,4.0,tribonacci,0.007272766439441424,0.9999998493442884
2000,3848.436109487429,4.0,tribonacci,0.007677868712310141,0.9999998481537402
2000,3968.827354637162,4.0,tribonacci,0.006468497350238016,0.9999998442298018
2000,4092.984818452438,4.0,tribonacci,0.006535115110409583,0.9999998386726076
2000,4221.026320156899,4.0,tribonacci,0.005892592522826437,0.9999998365457717
2000,4353.0733647318875,4.0,tribonacci,0.006862544072820407,0.9999998319192586
2000,4489.251258218603,4.0,tribonacci,0.005905707408952689,0.9999998258441987
2000,4629.689226627263,4.0,tribonacci,0.005840315580916728,0.9999998237479792
2000,4774.520538566127,4.0,tribonacci,0.005368633734705847,0.9999998174876481
2000,4923.882631706737,4.0,tribonacci,0.005482560338651828,0.9999998148142666
2000,5077.917243205398,4.0,tribonacci,0.005686172683502664,0.9999998108258401
2000,5236.77054420465,4.0,tribonacci,0.005749350475622165,0.9999998066207263
2000,5400.593278542368,4.0,tribonacci,0.005547500789671211,0.9999998008963329
2000,5569.5409058001305,4.0,tribonacci,0.005295210922463355,0.9999997941796882
2000,5743.773748826581,4.0,tribonacci,0.004853459332084803,0.9999997903251493
2000,5923.4571458758055,4.0,tribonacci,0.004881149742483539,0.9999997861761433
2000,6108.76160750504,4.0,tribonacci,0.005134558437232538,0.9999997787702946
2000,6299.862978380694,4.0,tribonacci,0.004473287144759224,0.9999997735956319
2000,6496.942604146125,4.0,tribonacci,0.004361674745217981,0.9999997675434644
2000,6700.18750350959,4.0,tribonacci,0.004683517684650856,0.9999997625545105
2000,6909.790545715645,4.0,tribonacci,0.0049030822630248385,0.9999997563889477
2000,7125.950633568411,4.0,tribonacci,0.004544331157791332,0.9999997505577438
2000,7348.872892180388,4.0,tribonacci,0.004813819876932586,0.9999997432184197
2000,7578.76886362593,4.0,tribonacci,0.0037514145013878694,0.9999997366918935
2000,7815.856707684091,4.0,tribonacci,0.0038807592094580075,0.9999997281846298
2000,8060.361408861345,4.0,tribonacci,0.004069221081219958,0.999999723952356
2000,8312.514989890631,4.0,tribonacci,0.003716882175111809,0.9999997145638357
2000,8572.556731909324,4.0,tribonacci,0.0037409256135615024,0.9999997099613464
2000,8840.733401525064,4.0,tribonacci,0.003866254712461373,0.9999997022883997
2000,9117.299484984922,4.0,tribonacci,0.004504927823281185,0.9999996928416969
2000,9402.517429670132,4.0,tribonacci,0.003578775263902056,0.9999996876425357
2000,9696.65789314552,4.0,tribonacci,0.0035423039181518273,0.9999996789150778
2000,10000.0,4.0,tribonacci,0.0035767345774711566,0.9999996710534415
2000,0.0,5.0,fibonacci,0.00940313707633849,1.0
2000,1.0,5.0,fibonacci,0.00939162105408686,0.9999999999930447
2000,1.0312831606721848,5.0,fibonacci,0.009390267193537853,0.999999999984137
2000,1.0635449574860112,5.0,fibonacci,0.00938875923968932,0.9999999999790088
2000,1.096816005273138,5.0,fibonacci,0.009387080969079588,0.999999999980869
2000,1.1311278765939214,5.0,fibonacci,0.00938521472208938,0.9999999999901051
2000,1.1665131316981963,5.0,fibonacci,0.009383141328391706,0.999999999999418
2000,1.2030053494233244,5.0,fibonacci,0.00938084004505294,1.0000000000002467
2000,1.240639159058832,5.0,fibonacci,0.009378288512358173,1.0000000000002596
2000,1.2794502732078736,5.0,fibonacci,0.00937546270521165,0.9999999999994784
2000,1.3194755216767062,5.0,fibonacci,0.009372336918879723,1.0000000000001306
2000,1.3607528864243335,5.0,fibonacci,0.009368883774913442,1.0000000000040177
2000,1.403321537605485,5.0,fibonacci,0.009365074257118888,1.000000000010484
2000,1.4472218707411348,5.0,fibonacci,0.009360877784033926,1.000000000015937
2000,1.4924955450518296,5.0,fibonacci,0.009356262324773051,1.0000000000153093
2000,1.5391855229902058,5.0,fibonacci,0.00935119456547502,1.0000000000053126
2000,1.587336111010209,5.0,fibonacci,0.009345640133699162,0.9999999999883767
2000,1.6369930016117025,5.0,fibonacci,0.009339563887823882,0.9999999999746988
2000,1.6882033167003634,5.0,fibonacci,0.009332930277613189,0.9999999999778243
2000,1.7410156523040161,5.0,fibonacci,0.009325703780377047,0.9999999999966649
2000,1.7954801246878311,5.0,fibonacci,0.009317849422076478,1.000000000000223
2000,1.8516484179121548,5.0,fibonacci,0.0093093334177329,0.9999999999995521
2000,1.9095738328780973,5.0,fibonacci,0.009300123866597607,0.999999999999962
2000,1.9693113379074225,5.0,fibonacci,0.009290191559136702,1.0000000000074876
2000,2.0309176209047357,5.0,fibonacci,0.009279510873399318,1.0000000000177178
2000,2.0944511431514696,5.0,fibonacci,0.009268060751898139,1.000000000016817
2000,2.159972194782718,5.0,fibonacci,0.00925582574741912,0.9999999999966317
2000,2.2275429519995575,5.0,fibonacci,0.009242797119089473,0.9999999999722795
2000,2.2972275360711523,5.0,fibonacci,0.009228973952117366,0.9999999999773314
2000,2.369092074182633,5.0,fibonacci,0.009214364264578376,0.9999999999991899
2000,2.4432047621864883,5.0,fibonacci,0.009198986056748355,0.9999999999996254
2000,2.519635929317015,5.0,fibonacci,0.009182868255792592,1.0000000000000493
2000,2.598458104929249,5.0,fibonacci,0.009166051483263842,1.0000000000130527
2000,2.6797460873256913,5.0,fibonacci,0.00914858860584328,1.0000000000215972
2000,2.763577014736159,5.0,fibonacci,0.009130544954781009,0.99999999999891
2000,2.850030438518107,5.0,fibonacci,0.009111998148803651,0.9999999999677484
2000,2.9391883986468863,5.0,fibonacci,0.009093037493050213,0.9999999999884578
2000,3.0311355015675785,5.0,fibonacci,0.009073762943440668,0.9999999999998008
2000,3.1259590004822804,5.0,fibonacci,0.00905428343143718,0.9999999999990241
2000,3.2237488781490296,5.0,fibonacci,0.009034714766722692,1.000000000014973
2000,3.3245979322709407,5.0,fibonacci,0.009015177170549137,1.0000000000172462
2000,3.428601863556586,5.0,fibonacci,0.008995792458357969,0.9999999999752187
2000,3.5358593665351785,5.0,fibonacci,0.008976681100889604,0.9999999999764728
2000,3.646472223212748,5.0,fibonacci,0.008957959645570909,0.9999999999992963
2000,3.760545399658171,5.0,fibonacci,0.008939738359464563,1.000000000000039
2000,3.8781871456107226,5.0,fibonacci,0.00892211936833858,1.0000000000190556
2000,3.9995090972036653,5.0,fibonacci,0.008905195435756835,0.9999999999932777
2000,4.1246263829013525,5.0,fibonacci,0.00888904857283577,0.9999999999678214
2000,4.253657732750387,5.0,fibonacci,0.008873747893939713,0.9999999999991077
2000,4.386725591048498,5.0,fibonacci,0.008859345071353778,1.0000000000021367
2000,4.523956232538054,5.0,fibonacci,0.008845864841382852,1.000000000023612
2000,4.6654798822344725,5.0,fibonacci,0.008833288288133857,0.9999999999677697
2000,4.811430839003259,5.0,fibonacci,0.008821525480806724,0.9999999999961579
2000,4.961947603002903,5.0,fibonacci,0.008810375500577443,0.999999999997061
2000,5.117173007114605,5.0,fibonacci,0.008799472398921211,1.0000000000316915
2000,5.277254352483538,5.0,fibonacci,0.008788219107120738,0.9999999999684601
2000,5.442343548300267,5.0,fibonacci,0.008775714551014347,0.9999999999954597
2000,5.612597255954972,5.0,fibonacci,0.008760684033487575,0.9999999999981979
2000,5.788177037701274,5.0,fibonacci,0.008741427966941424,1.0000000000256963
2000,5.969249509970735,5.0,fibonacci,0.008715807980362476,0.9999999999517558
2000,6.155986501483509,5.0,fibonacci,0.008681291829820968,0.9999999999963373
2000,6.348565216305219,5.0,fibonacci,0.008635075934025408,1.0000000000236733
2000,6.547168402004738,5.0,fibonacci,0.008574298307367771,0.9999999999545232
2000,6.751984523072503,5.0,fibonacci,0.008496339894247307,0.9999999999965026
2000,6.963207939763885,5.0,fibonacci,0.008399192258132562,1.0000000000281972
2000,7.181039092537351,5.0,fibonacci,0.008281847405465335,0.9999999999431469
2000,7.405684692262437,5.0,fibonacci,0.008144643852458775,0.9999999999944869
2000,7.637357916378021,5.0,fibonacci,0.007989493603185696,1.0000000000256175
2000,7.876278611187057,5.0,fibonacci,0.007819924452525365,0.9999999999738859
2000,8.122673500479713,5.0,fibonacci,0.007640898425855343,1.0000000000039917
2000,8.376776400682918,5.0,fibonacci,0.007458409384657319,0.9999999999616607
2000,8.638828442740447,5.0,fibonacci,0.007278906437410311,0.9999999999935046
2000,8.909078300934137,5.0,fibonacci,0.007108627752944716,1.0000000000171116
2000,9.187782428863335,5.0,fibonacci,0.006952959649855279,0.9999999999933779
2000,9.475205302806543,5.0,fibonacci,0.0068159495830329795,1.0000000000267206
2000,9.771619672696177,5.0,fibonacci,0.006700071783377215,0.9999999999864552
2000,10.077306820944612,5.0,fibonacci,0.006606236614545752,1.000000000021711
2000,10.392556829367125,5.0,fibonacci,0.006533872568173836,0.9999999999907171
2000,10.71766885445503,5.0,fibonacci,0.006480813768358938,1.0000000000309721
2000,11.052951411260215,5.0,fibonacci,0.006442860260541151,0.9999999999919463
2000,11.39872266616052,5.0,fibonacci,0.006413249484227628,1.000000000013318
2000,11.755310738783693,5.0,fibonacci,0.006382646493710787,0.9999999999896593
2000,12.123054013376523,5.0,fibonacci,0.006340306810654231,0.999999999945025
2000,12.502301459914554,5.0,fibonacci,0.006276662972129849,1.000000000012251
2000,12.89341296525715,5.0,fibonacci,0.006186822108037248,0.999999999990483
2000,13.29675967466212,5.0,fibonacci,0.006073601960403701,0.999999999959577
2000,13.712724343984002,5.0,fibonacci,0.005948376410812834,1.0000000000080893
2000,14.141701702890233,5.0,fibonacci,0.005828748228219933,0.999999999988329
2000,14.584098829439856,5.0,fibonacci,0.005733517017768755,0.9999999999587512
2000,15.040335536380244,5.0,fibonacci,0.00567672186370483,0.9999999999881133
2000,15.510844769528397,5.0,fibonacci,0.005663774511114781,1.0000000000137157
2000,15.996073018614878,5.0,fibonacci,0.005692321680891825,0.999999999986372
2000,16.496480740980207,5.0,fibonacci,0.005755266769370965,0.9999999999868955
2000,17.012542798525892,5.0,fibonacci,0.0058389239527695674,0.9999999999803593
2000,17.544748908334597,5.0,fibonacci,0.005916860223561639,0.9999999999532592
2000,18.093604107387165,5.0,fibonacci,0.005951954838253833,0.9999999999524347
2000,18.65962923181746,5.0,fibonacci,0.005916071425692544,0.9999999999517111
2000,19.2433614111598,5.0,fibonacci,0.0058168767635437225,0.9999999999376995
2000,19.845354578058032,5.0,fibonacci,0.00570344881581691,0.9999999999487438
2000,20.466179993919898,5.0,fibonacci,0.00563629279618714,0.9999999999763266
2000,21.106426791015547,5.0,fibonacci,0.005649694228743291,0.9999999999837823
2000,21.76670253153459,5.0,fibonacci,0.005751650428378966,0.9999999999824405
2000,22.44763378413224,5.0,fibonacci,0.00594012758538923,1.0000000000053333
2000,23.14986671851161,5.0,fibonacci,0.006165335092074889,0.999999999991523
2000,23.87406771860647,5.0,fibonacci,0.006303880337232963,0.9999999999598134
2000,24.620924014946254,5.0,fibonacci,0.006260571255666137,0.999999999980195
2000,25.39114433680347,5.0,fibonacci,0.0061004487376019705,1.0000000000069864
2000,26.185459584742325,5.0,fibonacci,0.005986468003411354,0.9999999999669701
2000,27.00462352420682,5.0,fibonacci,0.006003165334049085,0.9999999999957679
2000,27.849413500806442,5.0,fibonacci,0.006158918765410491,0.9999999999209215
2000,28.72063117797828,5.0,fibonacci,0.006375819023018949,0.999999999987681
2000,29.619103297725534,5.0,fibonacci,0.006402076125094278,0.9999999999659078
2000,30.545682465154318,5.0,fibonacci,0.006104951719721272,1.0000000000015932
2000,31.50124795755328,5.0,fibonacci,0.005720131470741714,0.9999999999739897
2000,32.486706558783744,5.0,fibonacci,0.00549610160237421,0.999999999971125
2000,33.502993419772295,5.0,fibonacci,0.005475726190411238,0.9999999999246367
2000,34.55107294592218,5.0,fibonacci,0.005554870335749811,0.9999999999894719
2000,35.631939712285856,5.0,fibonacci,0.005382936470579724,1.000000000004273
2000,36.7466194073669,5.0,fibonacci,0.004984118393613634,0.9999999999997341
2000,37.896169806447176,5.0,fibonacci,0.0048137082393914475,0.9999999999982229
2000,39.08168177536266,5.0,fibonacci,0.004949163595927428,0.999999999975602
2000,40.30428030568053,5.0,fibonacci,0.005134692593722536,0.9999999999287079
2000,41.5651255822599,5.0,fibonacci,0.004897111016483932,0.9999999999665742
2000,42.86541408420927,5.0,fibonacci,0.004498835203335415,0.9999999999967679
2000,44.20637972028532,5.0,fibonacci,0.004399049462288414,0.9999999999124007
2000,45.58929499981062,5.0,fibonacci,0.004509712304697071,0.999999999961545
2000,47.01547224022132,5.0,fibonacci,0.004654519440970297,0.9999999999113581
2000,48.48626481239081,5.0,fibonacci,0.004994915571458172,0.9999999999839266
2000,50.00306842491092,5.0,fibonacci,0.005356114839809834,0.9999999999595957
2000,51.56732244854966,5.0,fibonacci,0.005397055415472865,0.9999999999156394
2000,53.180511282142,5.0,fibonacci,0.005267407530202802,0.9999999999181312
2000,54.84416576121018,5.0,fibonacci,0.0049657350168111096,0.999999999927484
2000,56.55986461065005,5.0,fibonacci,0.004481805089118083,0.9999999998995758
2000,58.329235942862034,5.0,fibonacci,0.004187354574155925,0.9999999999520485
2000,60.153958802748356,5.0,fibonacci,0.004178067421499984,0.9999999999614407
2000,62.035764761042714,5.0,fibonacci,0.00415080292270694,0.999999999903347
2000,63.97643955748427,5.0,fibonacci,0.004137937822608535,0.9999999999583227
2000,65.97782479539536,5.0,fibonacci,0.004271837927224153,0.999999999937769
2000,68.04181968927098,5.0,fibonacci,0.00446214349788516,0.9999999999327767
2000,70.17038286703826,5.0,fibonacci,0.004695458493705308,0.999999999968251
2000,72.36553422869653,5.0,fibonacci,0.0048474319849420725,0.9999999999647171
2000,74.62935686310134,5.0,fibonacci,0.004513574945538764,0.9999999999113379
2000,76.96399902471158,5.0,fibonacci,0.003953800696719105,0.9999999999369871
2000,79.37167617217551,5.0,fibonacci,0.00357035632476235,0.9999999999526289
2000,81.8546730706903,5.0,fibonacci,0.0033631090192804687,0.9999999999301176
2000,84.41534596012986,5.0,fibonacci,0.003528215764322734,0.9999999999108162
2000,87.05612479099865,5.0,fibonacci,0.0037683985929501417,0.9999999999645046
2000,89.77951553033323,5.0,fibonacci,0.004152722266245757,0.9999999999672508
2000,92.58810253973955,5.0,fibonacci,0.005114732456901337,0.9999999999406786
2000,95.48455102782293,5.0,fibonacci,0.0061507807687851915,0.9999999999146602
2000,98.47160957933774,5.0,fibonacci,0.006143515984117492,0.9999999999462655
2000,101.5521127634568,5.0,fibonacci,0.005086986162101683,0.9999999999251733
2000,104.72898382363586,5.0,fibonacci,0.0037096801170729554,0.9999999999106683
2000,108.00523745162529,5.0,fibonacci,0.0037591312338746815,0.9999999999127648
2000,111.38398264826195,5.0,fibonacci,0.0034390288410511014,0.9999999998715
2000,114.86842567375535,5.0,fibonacci,0.0032493596162768835,0.9999999999306061
2000,118.46187309026836,5.0,fibonacci,0.0040312541794504855,0.9999999999123471
2000,122.16773489967919,5.0,fibonacci,0.00516587818170091,0.9999999999218055
2000,125.98952777950272,5.0,fibonacci,0.005377652008168819,0.999999999880012
2000,129.93087842004158,5.0,fibonacci,0.004136966884786277,0.9999999999111515
2000,133.99552696593383,5.0,fibonacci,0.003549630428919337,0.9999999999101252
2000,138.18733056536323,5.0,fibonacci,0.003515789002350885,0.9999999998393724
2000,142.5102670302998,5.0,fibonacci,0.004661331544696239,0.9999999999005907
2000,146.9684386112446,5.0,fibonacci,0.004786537792070854,0.9999999998738732
2000,151.5660758900603,5.0,fibonacci,0.003998253274902368,0.9999999998698392
2000,156.30754179458157,5.0,fibonacci,0.004005529358612212,0.9999999998947076
2000,161.1973357388157,5.0,fibonacci,0.003856740257072268,0.9999999998623649
2000,166.2400978926612,5.0,fibonacci,0.004364971015962433,0.9999999998599473
2000,171.440613585197,5.0,fibonacci,0.0037549105175366296,0.9999999998811404
2000,176.8038178457207,5.0,fibonacci,0.003249510328557499,0.9999999998455189
2000,182.33480008684404,5.0,fibonacci,0.0036721180524700537,0.9999999998128274
2000,188.03880893409146,5.0,fibonacci,0.0036382875015571977,0.9999999998419397
2000,193.9212572065829,5.0,fibonacci,0.002984825951924593,0.9999999998034552
2000,199.9877270535285,5.0,fibonacci,0.0025698476438984364,0.9999999997798854
2000,206.24397525140904,5.0,fibonacci,0.0032175839403141547,0.9999999998273207
2000,212.69593866686898,5.0,fibonacci,0.003058743542392974,0.9999999998227407
2000,219.3497398905058,5.0,fibonacci,0.0032009414392169325,0.9999999998157784
2000,226.2116930469024,5.0,fibonacci,0.0030570232034524756,0.9999999997661887
2000,233.2883097864156,5.0,fibonacci,0.0031253943004148806,0.9999999997849006
2000,240.58630546440645,5.0,fibonacci,0.003098775821378195,0.9999999998274676
2000,248.11260551377677,5.0,fibonacci,0.0029196448489154257,0.9999999998248374
2000,255.87435201685892,5.0,fibonacci,0.0035612357601172307,0.999999999788692
2000,263.87891048289345,5.0,fibonacci,0.003603117400708594,0.9999999997812045
2000,272.13387683753086,5.0,fibonacci,0.0029565916905503115,0.9999999997442001
2000,280.6470846309839,5.0,fibonacci,0.0034616474934053114,0.9999999997451894
2000,289.4266124716752,5.0,fibonacci,0.00376892552877018,0.9999999997686544
2000,298.4807916924327,5.0,fibonacci,0.003622635826370835,0.9999999997861536
2000,307.81821425650804,5.0,fibonacci,0.0035088236967239918,0.9999999997543341
2000,317.4477409109193,5.0,fibonacci,0.0038109463614206204,0.9999999997283898
2000,327.3785095948577,5.0,fibonacci,0.0036839791322874965,0.9999999996879256
2000,337.61994411113403,5.0,fibonacci,0.0030404301277059116,0.9999999997543223
2000,348.18176306889666,5.0,fibonacci,0.004334294899578019,0.9999999996923883
2000,359.0739891061055,5.0,fibonacci,0.0033193397858620657,0.9999999997083803
2000,370.30695840051413,5.0,fibonacci,0.003336736128671493,0.9999999997006478
2000,381.8913304781854,5.0,fibonacci,0.0038840620506976307,0.9999999996802169
2000,393.8380983288489,5.0,fibonacci,0.0030306094100142375,0.9999999997024551
2000,406.158598837698,5.0,fibonacci,0.0034046525626961715,0.99999999962697
2000,418.86452354352707,5.0,fibonacci,0.003062055721227475,0.9999999996450692
2000,431.96792973341735,5.0,fibonacci,0.003470778081977504,0.9999999996128448
2000,445.4812518844989,5.0,fibonacci,0.003460539134168489,0.9999999996680047
2000,459.41731346364764,5.0,fibonacci,0.0030327570263195313,0.9999999996293314
2000,473.7893390963144,5.0,fibonacci,0.0034837449797261847,0.999999999603964
2000,488.6109671160326,5.0,fibonacci,0.0029653833213862837,0.9999999996319814
2000,503.89626250651503,5.0,fibonacci,0.003098403527102152,0.999999999591896
2000,519.6597302486197,5.0,fibonacci,0.0030180563182983376,0.999999999579454
2000,535.9163290848514,5.0,fibonacci,0.0030359017906844794,0.9999999995271767
2000,552.6814857144603,5.0,fibonacci,0.003319080874385383,0.99999999950635
2000,569.9711094326076,5.0,fibonacci,0.0033939619553090008,0.9999999995389113
2000,587.8016072274912,5.0,fibonacci,0.0034771446471552887,0.9999999995258116
2000,606.1898993497572,5.0,fibonacci,0.0028587603579648523,0.9999999995406214
2000,625.1534353689711,5.0,fibonacci,0.0032980604434946557,0.9999999995252652
2000,644.7102107323869,5.0,fibonacci,0.0028641965454860355,0.9999999994620984
2000,664.8787838417263,5.0,fibonacci,0.0031840907416223335,0.9999999994240648
2000,685.6782936641738,5.0,fibonacci,0.0031263532443307936,0.9999999994433911
2000,707.1284778942996,5.0,fibonacci,0.003046860966075778,0.9999999994260141
2000,729.2496916841444,5.0,fibonacci,0.0028241825626698033,0.9999999994381741
2000,752.0629269592407,5.0,fibonacci,0.002757109826247645,0.9999999994121176
2000,775.5898323389001,5.0,fibonacci,0.0031130224598519647,0.9999999993982838
2000,799.8527336796708,5.0,fibonacci,0.0031594982278751794,0.9999999993459944
2000,824.8746552614581,5.0,fibonacci,0.0031466123668084443,0.9999999993145825
2000,850.6793416364153,5.0,fibonacci,0.0025490428463056133,0.999999999269019
2000,877.2912801613356,5.0,fibonacci,0.0032343966538374634,0.9999999992777406
2000,904.7357242349293,5.0,fibonacci,0.003388032296550169,0.9999999992675015
2000,933.038717262036,5.0,fibonacci,0.003467688900996373,0.9999999992301618
2000,962.2271173675134,5.0,fibonacci,0.0028760852807496263,0.9999999991917601
2000,992.3286228832545,5.0,fibonacci,0.002622392720841744,0.9999999991267874
2000,1023.3717986325192,5.0,fibonacci,0.002737306090589146,0.9999999991501063
2000,1055.386103036523,5.0,fibonacci,0.002607709013581312,0.9999999990887497
2000,1088.4019160690054,5.0,fibonacci,0.002445212544298007,0.9999999990562178
2000,1122.4505680853058,5.0,fibonacci,0.002577650392869427,0.9999999990147915
2000,1157.5643695533035,5.0,fibonacci,0.0026755703285333225,0.9999999990548762
2000,1193.7766417144358,5.0,fibonacci,0.0027696018747669637,0.9999999989910379
2000,1231.1217482038908,5.0,fibonacci,0.0022483866942164667,0.9999999989563155
2000,1269.6351276599742,5.0,fibonacci,0.0023050673736298736,0.9999999989553854
2000,1309.353327353611,5.0,fibonacci,0.0027324075410073865,0.999999998866408
2000,1350.3140378698736,5.0,fibonacci,0.0025074049558557574,0.9999999987987676
2000,1392.5561288744634,5.0,fibonacci,0.00250092671045495,0.9999999988284421
2000,1436.1196859990787,5.0,fibonacci,0.0024756957370803386,0.9999999986934144
2000,1481.0460488806755,5.0,fibonacci,0.0026201156257968958,0.9999999986393069
2000,1527.377850390714,5.0,fibonacci,0.00250118777397313,0.9999999986179481
2000,1575.1590570916228,5.0,fibonacci,0.0027006090301534714,0.9999999985925194
2000,1624.435010958867,5.0,fibonacci,0.002484242628168645,0.999999998534654
2000,1675.2524724082155,5.0,fibonacci,0.0027067251277175164,0.9999999984743472
2000,1727.6596646690364,5.0,fibonacci,0.0024432324869735327,0.9999999983515482
2000,1781.7063195457306,5.0,fibonacci,0.0021264421096360516,0.9999999982777509
2000,1837.4437246107268,5.0,fibonacci,0.002407514929505137,0.9999999983139655
2000,1894.9247718738216,5.0,fibonacci,0.0024852666000726715,0.9999999981255632
2000,1954.2040079740534,5.0,fibonacci,0.0024826143153159567,0.9999999981468839
2000,2015.337685941733,5.0,fibonacci,0.0022558257553657304,0.9999999980765906
2000,2078.383818579757,5.0,fibonacci,0.002263442442493035,0.9999999979214915
2000,2143.4022335148566,5.0,fibonacci,0.00218883191808229,0.9999999978453181
2000,2210.4546299710214,5.0,fibonacci,0.0021988322685577042,0.9999999977577039
2000,2279.6046373189797,5.0,fibonacci,0.0021961786098228207,0.9999999976840264
2000,2350.9178754572868,5.0,fibonacci,0.002508740975484869,0.9999999974462419
2000,2424.462017082328,5.0,fibonacci,0.002396125913147591,0.9999999973295297
2000,2500.306851906324,5.0,fibonacci,0.0024169717291222742,0.9999999972232217
2000,2578.524352884274,5.0,fibonacci,0.002221135439783313,0.9999999972140717
2000,2659.1887445126936,5.0,fibonacci,0.0025892536336507162,0.999999997050791
2000,2742.3765732649495,5.0,fibonacci,0.002226340667781367,0.9999999968901615
2000,2828.166780230032,5.0,fibonacci,0.002195516396215516,0.9999999967542779
2000,2916.640776023704,5.0,fibonacci,0.002312370391257279,0.9999999965312144
2000,3007.882518043099,5.0,fibonacci,0.0024643148407645916,0.9999999962439892
2000,3101.978590138097,5.0,fibonacci,0.0023616579001861054,0.9999999960810407
2000,3199.018284775064,5.0,fibonacci,0.0021545695073067264,0.9999999959359221
2000,3299.093687770939,5.0,fibonacci,0.0021582298515693404,0.9999999956429683
2000,3402.2997656780676,5.0,fibonacci,0.0022399102657109098,0.99999999551062
2000,3508.7344559027115,5.0,fibonacci,0.0023900197376781223,0.9999999951552957
2000,3618.4987596427463,5.0,fibonacci,0.0026919606250126018,0.9999999948539936
2000,3731.6968377327516,5.0,fibonacci,0.002313108168595258,0.999999994555317
2000,3848.436109487429,5.0,fibonacci,0.0024709267093187205,0.9999999941979104
2000,3968.827354637162,5.0,fibonacci,0.0023963396056854535,0.9999999938007208
2000,4092.984818452438,5.0,fibonacci,0.0024613320971630256,0.9999999934952947
2000,4221.026320156899,5.0,fibonacci,0.002259568326184134,0.9999999930258632
2000,4353.0733647318875,5.0,fibonacci,0.002151316932119281,0.9999999925009352
2000,4489.251258218603,5.0,fibonacci,0.0021790493546661877,0.9999999917532972
2000,4629.689226627263,5.0,fibonacci,0.0020578095488542653,0.9999999911052376
2000,4774.520538566127,5.0,fibonacci,0.0021901471193571166,0.999999990345663
2000,4923.882631706737,5.0,fibonacci,0.0022633177234950425,0.9999999894965844
2000,5077.917243205398,5.0,fibonacci,0.0021725077707186605,0.9999999885263208
2000,5236.77054420465,5.0,fibonacci,0.002039527310811119,0.9999999872680966
2000,5400.593278542368,5.0,fibonacci,0.0019442811416443885,0.9999999863916997
2000,5569.5409058001305,5.0,fibonacci,0.0021446056740299386,0.9999999847212178
2000,5743.773748826581,5.0,fibonacci,0.0022212942790207123,0.9999999839731049
2000,5923.4571458758055,5.0,fibonacci,0.0019416578826097367,0.9999999819919055
2000,6108.76160750504,5.0,fibonacci,0.0019245733518077398,0.9999999808871676
2000,6299.862978380694,5.0,fibonacci,0.0020214639654186836,0.9999999790588063
2000,6496.942604146125,5.0,fibonacci,0.0019100050886257808,0.9999999771668706
2000,6700.18750350959,5.0,fibonacci,0.0017644729505341269,0.9999999745579738
2000,6909.790545715645,5.0,fibonacci,0.0017688085399813105,0.9999999723635536
2000,7125.950633568411,5.0,fibonacci,0.001962448420429773,0.9999999706410982
2000,7348.872892180388,5.0,fibonacci,0.001891472746091969,0.9999999676402699
2000,7578.76886362593,5.0,fibonacci,0.001849134289859162,0.9999999652662893
2000,7815.856707684091,5.0,fibonacci,0.0017364626843173801,0.9999999632329917
2000,8060.361408861345,5.0,fibonacci,0.001726986007256282,0.9999999597165334
2000,8312.514989890631,5.0,fibonacci,0.0016131603817114977,0.999999956041147
2000,8572.556731909324,5.0,fibonacci,0.0017086552899871763,0.9999999528984936
2000,8840.733401525064,5.0,fibonacci,0.001730291846939849,0.9999999502549557
2000,9117.299484984922,5.0,fibonacci,0.0016421261564894226,0.9999999466662866
2000,9402.517429670132,5.0,fibonacci,0.0017563956932930523,0.9999999429863546
2000,9696.65789314552,5.0,fibonacci,0.0015898120082018493,0.9999999386375863
2000,10000.0,5.0,fibonacci,0.001612941140227562,0.9999999343200038
2000,0.0,5.0,tribonacci,0.0483982089007412,1.0
2000,1.0,5.0,tribonacci,0.04794594935670882,0.9999999999822696
2000,1.0312831606721848,5.0,tribonacci,0.047892027000076276,1.0000000000126603
2000,1.0635449574860112,5.0,tribonacci,0.04783207736667439,1.0000000000233786
2000,1.096816005273138,5.0,tribonacci,0.04776550682053567,0.9999999999980851
2000,1.1311278765939214,5.0,tribonacci,0.04769167929288623,1.0000000000040434
2000,1.1665131316981963,5.0,tribonacci,0.047609916538553614,1.0000000001098714
2000,1.2030053494233244,5.0,tribonacci,0.04751949925301701,1.0000000003169685
2000,1.240639159058832,5.0,tribonacci,0.047419669252913486,1.0000000005343823
2000,1.2794502732078736,5.0,tribonacci,0.04730963293244735,1.0000000006076841
2000,1.3194755216767062,5.0,tribonacci,0.04718856622112327,1.000000000400956
2000,1.3607528864243335,5.0,tribonacci,0.04705562127279915,0.9999999999105355
2000,1.403321537605485,5.0,tribonacci,0.04690993510778364,0.9999999993567631
2000,1.4472218707411348,5.0,tribonacci,0.04675064040279624,0.9999999991525722
2000,1.4924955450518296,5.0,tribonacci,0.046576878570712084,0.9999999995824839
2000,1.5391855229902058,5.0,tribonacci,0.0463878152078013,0.9999999999842004
2000,1.587336111010209,5.0,tribonacci,0.04618265951221759,1.0000000000057632
2000,1.6369930016117025,5.0,tribonacci,0.045960686323577554,0.999999999977275
2000,1.6882033167003634,5.0,tribonacci,0.045721260535239644,1.0000000000655396
2000,1.7410156523040161,5.0,tribonacci,0.0454638652577663,1.0000000003307545
2000,1.7954801246878311,5.0,tribonacci,0.04518813291806465,1.0000000005299794
2000,1.8516484179121548,5.0,tribonacci,0.04489387949453546,1.000000000305529
2000,1.9095738328780973,5.0,tribonacci,0.044581141623238674,0.999999999640738
2000,1.9693113379074225,5.0,tribonacci,0.04425021603629449,0.9999999991894598
2000,2.0309176209047357,5.0,tribonacci,0.043901700373579176,0.999999999698118
2000,2.0944511431514696,5.0,tribonacci,0.0435365341868986,0.999999999976036
2000,2.159972194782718,5.0,tribonacci,0.043156042882666966,0.9999999999595716
2000,2.2275429519995575,5.0,tribonacci,0.04276197840247914,1.0000000000264448
2000,2.2972275360711523,5.0,tribonacci,0.0423565570808767,1.0000000001872273
2000,2.369092074182633,5.0,tribonacci,0.04194249253734375,1.0000000001213747
2000,2.4432047621864883,5.0,tribonacci,0.04152301967497378,0.999999999779562
2000,2.519635929317015,5.0,tribonacci,0.0411019054584961,0.999999999735669
2000,2.598458104929249,5.0,tribonacci,0.04068344002500979,0.9999999999615637
2000,2.6797460873256913,5.0,tribonacci,0.040272400587845855,0.9999999999485667
2000,2.763577014736159,5.0,tribonacci,0.039873979039726844,1.000000000051306
2000,2.850030438518107,5.0,tribonacci,0.03949366219847997,1.0000000001574518
2000,2.9391883986468863,5.0,tribonacci,0.03913705462673349,0.9999999998598992
2000,3.0311355015675785,5.0,tribonacci,0.03880963444264555,0.9999999997524458
2000,3.1259590004822804,5.0,tribonacci,0.03851644358184472,0.9999999999574479
2000,3.2237488781490296,5.0,tribonacci,0.038261719518132606,0.9999999999498683
2000,3.3245979322709407,5.0,tribonacci,0.03804849175150713,1.0000000002458422
2000,3.428601863556586,5.0,tribonacci,0.03787819952157062,0.9999999999812736
2000,3.5358593665351785,5.0,tribonacci,0.037750399979327116,0.9999999994613489
2000,3.646472223212748,5.0,tribonacci,0.03766267536407831,0.9999999999412607
2000,3.760545399658171,5.0,tribonacci,0.037610862174289154,0.999999999985006
2000,3.8781871456107226,5.0,tribonacci,0.03758971092181431,1.0000000001374991
2000,3.9995090972036653,5.0,tribonacci,0.03759406545808957,0.999999999489185
2000,4.1246263829013525,5.0,tribonacci,0.03762054345727864,0.9999999999463306
2000,4.253657732750387,5.0,tribonacci,0.037669577600603715,1.000000000077075
2000,4.386725591048498,5.0,tribonacci,0.0377474879167288,1.000000000125301
2000,4.523956232538054,5.0,tribonacci,0.037868097099931886,0.9999999992821936
2000,4.6654798822344725,5.0,tribonacci,0.038053279848044,0.9999999999118787
2000,4.811430839003259,5.0,tribonacci,0.03833187024500829,1.0000000001528941
2000,4.961947603002903,5.0,tribonacci,0.03873654033291185,0.9999999995695731
2000,5.117173007114605,5.0,tribonacci,0.03929864711344067,0.9999999999108142
2000,5.277254352483538,5.0,tribonacci,0.040041491827093365,1.0000000000352343
2000,5.442343548300267,5.0,tribonacci,0.04097281421093037,0.9999999997294472
2000,5.612597255954972,5.0,tribonacci,0.0420775332338042,0.9999999999054809
2000,5.788177037701274,5.0,tribonacci,0.043311725523090365,1.0000000002735332
2000,5.969249509970735,5.0,tribonacci,0.04459882794958529,0.9999999995513672
2000,6.155986501483509,5.0,tribonacci,0.04582936184163883,0.9999999999345206
2000,6.348565216305219,5.0,tribonacci,0.046866149198036805,0.9999999997046645
2000,6.547168402004738,5.0,tribonacci,0.047557487301170945,0.9999999999011517
2000,6.751984523072503,5.0,tribonacci,0.047759822718560385,1.0000000002198797
2000,6.963207939763885,5.0,tribonacci,0.047368228545107964,0.9999999999158838
2000,7.181039092537351,5.0,tribonacci,0.046348137693436854,1.0000000007366008
2000,7.405684692262437,5.0,tribonacci,0.04475827449388082,0.9999999998260939
2000,7.637357916378021,5.0,tribonacci,0.04275566514299059,1.0000000003596123
2000,7.876278611187057,5.0,tribonacci,0.04057856044276336,0.9999999996871567
2000,8.122673500479713,5.0,tribonacci,0.03850766476707295,1.0000000000345992
2000,8.376776400682918,5.0,tribonacci,0.036807165082054484,0.9999999998496608
2000,8.638828442740447,5.0,tribonacci,0.03565040666541535,0.9999999998603484
2000,8.909078300934137,5.0,tribonacci,0.035051044909786395,0.9999999998490756
2000,9.187782428863335,5.0,tribonacci,0.034846518347786536,0.9999999994110342
2000,9.475205302806543,5.0,tribonacci,0.03478606996893917,1.0000000002851714
2000,9.771619672696177,5.0,tribonacci,0.03471980741935897,0.9999999998212639
2000,10.077306820944612,5.0,tribonacci,0.034777665704328144,0.9999999990742617
2000,10.392556829367125,5.0,tribonacci,0.03536931269201412,0.9999999999411379
2000,10.71766885445503,5.0,tribonacci,0.03694055355566782,0.9999999998599878
2000,11.052951411260215,5.0,tribonacci,0.03963117520185101,0.9999999998259514
2000,11.39872266616052,5.0,tribonacci,0.04306245602670964,0.9999999994243507
2000,11.755310738783693,5.0,tribonacci,0.04635374938352046,0.9999999998168562
2000,12.123054013376523,5.0,tribonacci,0.048363169734710186,1.0000000002693854
2000,12.502301459914554,5.0,tribonacci,0.0481757146389153,1.0000000001560236
2000,12.89341296525715,5.0,tribonacci,0.04569192798025483,0.9999999998298018
2000,13.29675967466212,5.0,tribonacci,0.0418517965902946,0.9999999997783786
2000,13.712724343984002,5.0,tribonacci,0.038207355821172545,0.9999999997844182
2000,14.141701702890233,5.0,tribonacci,0.03603261740152248,0.999999999767843
2000,14.584098829439856,5.0,tribonacci,0.0354451923756814,0.9999999997607328
2000,15.040335536380244,5.0,tribonacci,0.03548056472222037,0.9999999997670442
2000,15.510844769528397,5.0,tribonacci,0.03561293064892276,0.9999999997415391
2000,15.996073018614878,5.0,tribonacci,0.03690460346771987,0.9999999998181438
2000,16.496480740980207,5.0,tribonacci,0.04069525197196669,0.9999999998385966
2000,17.012542798525892,5.0,tribonacci,0.04636096572734067,0.9999999995007007
2000,17.544748908334597,5.0,tribonacci,0.050963575412828054,0.9999999997602449
2000,18.093604107387165,5.0,tribonacci,0.05132981330066309,0.9999999999883864
2000,18.65962923181746,5.0,tribonacci,0.047201400003480505,0.9999999996127836
2000,19.2433614111598,5.0,tribonacci,0.04180712931202506,0.9999999997244063
2000,19.845354578058032,5.0,tribonacci,0.03846059871246568,0.9999999998120623
2000,20.466179993919898,5.0,tribonacci,0.03722038922372595,0.9999999997220431
2000,21.106426791015547,5.0,tribonacci,0.03685778387688139,0.9999999997932485
2000,21.76670253153459,5.0,tribonacci,0.038481177966964535,0.999999999703926
2000,22.44763378413224,5.0,tribonacci,0.04258678133644148,0.9999999994276756
2000,23.14986671851161,5.0,tribonacci,0.04589388491359094,0.9999999999738237
2000,23.87406771860647,5.0,tribonacci,0.045033445702291654,0.9999999996973661
2000,24.620924014946254,5.0,tribonacci,0.041384375573378034,0.9999999996360752
2000,25.39114433680347,5.0,tribonacci,0.0384311799002192,0.9999999994966169
2000,26.185459584742325,5.0,tribonacci,0.03695505766286452,0.9999999996682544
2000,27.00462352420682,5.0,tribonacci,0.03690529767692148,0.9999999998001821
2000,27.849413500806442,5.0,tribonacci,0.03834904748280736,0.9999999998297127
2000,28.72063117797828,5.0,tribonacci,0.03940514400758799,0.9999999997480931
2000,29.619103297725534,5.0,tribonacci,0.039067291491212804,0.9999999995044283
2000,30.545682465154318,5.0,tribonacci,0.03877187107504645,0.9999999995578177
2000,31.50124795755328,5.0,tribonacci,0.039584768781305964,0.9999999996753948
2000,32.486706558783744,5.0,tribonacci,0.040705236219862134,0.9999999998049801
2000,33.502993419772295,5.0,tribonacci,0.04062820114218719,0.9999999994522493
2000,34.55107294592218,5.0,tribonacci,0.039667730388380874,0.9999999996962128
2000,35.631939712285856,5.0,tribonacci,0.03993365257732518,0.9999999994477878
2000,36.7466194073669,5.0,tribonacci,0.04227128204259691,0.9999999997546878
2000,37.896169806447176,5.0,tribonacci,0.04420386362521388,0.9999999996561306
2000,39.08168177536266,5.0,tribonacci,0.0418823841838586,0.9999999994753515
2000,40.30428030568053,5.0,tribonacci,0.03870693673508475,0.999999999480581
2000,41.5651255822599,5.0,tribonacci,0.038909871556108956,0.9999999994720631
2000,42.86541408420927,5.0,tribonacci,0.04119840534010915,0.9999999994064078
2000,44.20637972028532,5.0,tribonacci,0.04172340999956095,0.9999999996064942
2000,45.58929499981062,5.0,tribonacci,0.03906253460535458,0.9999999996201562
2000,47.01547224022132,5.0,tribonacci,0.03769706348389138,0.9999999997400538
2000,48.48626481239081,5.0,tribonacci,0.0379184469936175,0.9999999996162502
2000,50.00306842491092,5.0,tribonacci,0.04036230780881057,0.9999999996610034
2000,51.56732244854966,5.0,tribonacci,0.0407337005687114,0.9999999996250758
2000,53.180511282142,5.0,tribonacci,0.03921165325613738,0.9999999995955876
2000,54.84416576121018,5.0,tribonacci,0.039703788267552526,0.9999999994733052
2000,56.55986461065005,5.0,tribonacci,0.04409818874308956,0.9999999995522517
2000,58.329235942862034,5.0,tribonacci,0.043462854337350434,0.9999999995722673
2000,60.153958802748356,5.0,tribonacci,0.0367035970465077,0.9999999996082113
2000,62.035764761042714,5.0,tribonacci,0.04187084705963789,0.9999999993379389
2000,63.97643955748427,5.0,tribonacci,0.04554828476132625,0.9999999995482058
2000,65.97782479539536,5.0,tribonacci,0.03541670444134959,0.9999999991743547
2000,68.04181968927098,5.0,tribonacci,0.04230581195250213,0.9999999996179647
2000,70.17038286703826,5.0,tribonacci,0.04185927541065063,0.9999999997476882
2000,72.36553422869653,5.0,tribonacci,0.035683040059444386,0.999999999671663
2000,74.62935686310134,5.0,tribonacci,0.04751699596707216,0.9999999997213003
2000,76.96399902471158,5.0,tribonacci,0.03849213170072659,0.9999999995363062
2000,79.37167617217551,5.0,tribonacci,0.03936955072147474,0.999999999260192
2000,81.8546730706903,5.0,tribonacci,0.045622258615970315,0.9999999998379698
2000,84.41534596012986,5.0,tribonacci,0.03592085292380938,0.9999999993598929
2000,87.05612479099865,5.0,tribonacci,0.04316951552518097,0.9999999994046986
2000,89.77951553033323,5.0,tribonacci,0.0353190616801758,0.9999999990721813
2000,92.58810253973955,5.0,tribonacci,0.03994099184411368,0.9999999994746988
2000,95.48455102782293,5.0,tribonacci,0.03689954888479462,0.9999999994455425
2000,98.47160957933774,5.0,tribonacci,0.03935703066839013,0.9999999990573922
2000,101.5521127634568,5.0,tribonacci,0.03760705564078905,0.9999999992193345
2000,104.72898382363586,5.0,tribonacci,0.03862355607150306,0.999999999039518
2000,108.00523745162529,5.0,tribonacci,0.036207953275502164,0.9999999991067356
2000,111.38398264826195,5.0,tribonacci,0.038081587110299034,0.9999999991539225
2000,114.86842567375535,5.0,tribonacci,0.035328905880300236,0.999999999142547
2000,118.46187309026836,5.0,tribonacci,0.04229494501704155,0.999999999325135
2000,122.16773489967919,5.0,tribonacci,0.03333903250394062,0.9999999987141258
2000,125.98952777950272,5.0,tribonacci,0.043464559344782876,0.9999999992814995
2000,129.93087842004158,5.0,tribonacci,0.038232546127367754,0.9999999988668262
2000,133.99552696593383,5.0,tribonacci,0.033740388231007855,0.9999999985546977
2000,138.18733056536323,5.0,tribonacci,0.0403219706070455,0.999999998082489
2000,142.5102670302998,5.0,tribonacci,0.04207943907301842,0.9999999976260038
2000,146.9684386112446,5.0,tribonacci,0.032612239967647345,0.9999999972760399
2000,151.5660758900603,5.0,tribonacci,0.02950129938406386,0.9999999969071655
2000,156.30754179458157,5.0,tribonacci,0.025367642862605847,0.9999999961445483
2000,161.1973357388157,5.0,tribonacci,0.0249184704002437,0.9999999956720771
2000,166.2400978926612,5.0,tribonacci,0.02676149369695789,0.9999999958593255
2000,171.440613585197,5.0,tribonacci,0.028338099597785486,0.99999999547498
2000,176.8038178457207,5.0,tribonacci,0.024094258258777153,0.9999999952983507
2000,182.33480008684404,5.0,tribonacci,0.024154715631671705,0.999999994458226
2000,188.03880893409146,5.0,tribonacci,0.02817306029550368,0.9999999936030298
2000,193.9212572065829,5.0,tribonacci,0.024237231496372694,0.9999999942911119
2000,199.9877270535285,5.0,tribonacci,0.02244083023602481,0.9999999939089461
2000,206.24397525140904,5.0,tribonacci,0.022921144201408755,0.9999999932474065
2000,212.69593866686898,5.0,tribonacci,0.022661067458777117,0.9999999930154989
2000,219.3497398905058,5.0,tribonacci,0.020768375970903113,0.9999999928391999
2000,226.2116930469024,5.0,tribonacci,0.028750873597403262,0.9999999932447209
2000,233.2883097864156,5.0,tribonacci,0.026739228817423442,0.9999999924026177
2000,240.58630546440645,5.0,tribonacci,0.02196643458074025,0.9999999918237193
2000,248.11260551377677,5.0,tribonacci,0.020837907822312582,0.9999999911325321
2000,255.87435201685892,5.0,tribonacci,0.023496752557205073,0.9999999918371388
2000,263.87891048289345,5.0,tribonacci,0.026459976170842406,0.999999988849353
2000,272.13387683753086,5.0,tribonacci,0.024092561625240476,0.9999999902011444
2000,280.6470846309839,5.0,tribonacci,0.024529531884308498,0.9999999883875296
2000,289.4266124716752,5.0,tribonacci,0.023561746444071125,0.9999999892704724
2000,298.4807916924327,5.0,tribonacci,0.024142567730969292,0.9999999891051851
2000,307.81821425650804,5.0,tribonacci,0.01707499749669146,0.9999999880323506
2000,317.4477409109193,5.0,tribonacci,0.021206092699892355,0.9999999870406855
2000,327.3785095948577,5.0,tribonacci,0.019485074853687064,0.999999985996256
2000,337.61994411113403,5.0,tribonacci,0.018003258051523193,0.9999999854772067
2000,348.18176306889666,5.0,tribonacci,0.021277759350897357,0.9999999794483442
2000,359.0739891061055,5.0,tribonacci,0.01866934634476437,0.9999999843302046
2000,370.30695840051413,5.0,tribonacci,0.018657046444914067,0.9999999833593064
2000,381.8913304781854,5.0,tribonacci,0.02714473253413349,0.9999999825724293
2000,393.8380983288489,5.0,tribonacci,0.02247880825544961,0.9999999812712388
2000,406.158598837698,5.0,tribonacci,0.017044108578906137,0.9999999816027177
2000,418.86452354352707,5.0,tribonacci,0.017867810008788964,0.9999999809579476
2000,431.96792973341735,5.0,tribonacci,0.01958717865065519,0.9999999805154068
2000,445.4812518844989,5.0,tribonacci,0.01632525006389949,0.9999999798927559
2000,459.41731346364764,5.0,tribonacci,0.021169823525921037,0.9999999784129803
2000,473.7893390963144,5.0,tribonacci,0.01787939728044855,0.9999999769938768
2000,488.6109671160326,5.0,tribonacci,0.01748245902990119,0.999999977936325
2000,503.89626250651503,5.0,tribonacci,0.01639599158261679,0.9999999748128809
2000,519.6597302486197,5.0,tribonacci,0.02100512098483892,0.9999999752912855
2000,535.9163290848514,5.0,tribonacci,0.02381030022578256,0.9999999744350737
2000,552.6814857144603,5.0,tribonacci,0.022818019106488466,0.9999999736346875
2000,569.9711094326076,5.0,tribonacci,0.022343885186873764,0.999999972172526
2000,587.8016072274912,5.0,tribonacci,0.015384944143577498,0.9999999719455075
2000,606.1898993497572,5.0,tribonacci,0.01667685885335804,0.9999999710293499
2000,625.1534353689711,5.0,tribonacci,0.014009818272353135,0.9999999702938334
2000,644.7102107323869,5.0,tribonacci,0.01288139319563236,0.999999968707925
2000,664.8787838417263,5.0,tribonacci,0.015670318947306652,0.9999999677984541
2000,685.6782936641738,5.0,tribonacci,0.01456764890199794,0.9999999669309934
2000,707.1284778942996,5.0,tribonacci,0.012594727380531818,0.999999966951904
2000,729.2496916841444,5.0,tribonacci,0.013690600390941736,0.9999999635313717
2000,752.0629269592407,5.0,tribonacci,0.015075877141082506,0.9999999591596462
2000,775.5898323389001,5.0,tribonacci,0.013177599224788042,0.9999999628322043
2000,799.8527336796708,5.0,tribonacci,0.01415451457331388,0.9999999620760616
2000,824.8746552614581,5.0,tribonacci,0.012546715437932175,0.9999999611995659
2000,850.6793416364153,5.0,tribonacci,0.016563598807404222,0.9999999600253474
2000,877.2912801613356,5.0,tribonacci,0.012659704333052706,0.9999999589687678
2000,904.7357242349293,5.0,tribonacci,0.011332221173512612,0.9999999574837012
2000,933.038717262036,5.0,tribonacci,0.014505953907504159,0.9999999555466422
2000,962.2271173675134,5.0,tribonacci,0.011974681983441746,0.9999999541580892
2000,992.3286228832545,5.0,tribonacci,0.012990262128654296,0.9999999527782681
2000,1023.3717986325192,5.0,tribonacci,0.013617530610815838,0.9999999527617257
2000,1055.386103036523,5.0,tribonacci,0.01924282578893729,0.9999999511672324
2000,1088.4019160690054,5.0,tribonacci,0.012589762094102246,0.9999999501866652
2000,1122.4505680853058,5.0,tribonacci,0.015395841831127924,0.9999999500797842
2000,1157.5643695533035,5.0,tribonacci,0.012805005233120136,0.9999999482059506
2000,1193.7766417144358,5.0,tribonacci,0.01426095497322618,0.9999999451676397
2000,1231.1217482038908,5.0,tribonacci,0.010511737059215319,0.999999944012773
2000,1269.6351276599742,5.0,tribonacci,0.011064612613602984,0.9999999428393825
2000,1309.353327353611,5.0,tribonacci,0.00899082270198997,0.9999999422334602
2000,1350.3140378698736,5.0,tribonacci,0.008639630310235647,0.9999999384556957
2000,1392.5561288744634,5.0,tribonacci,0.009027068253456923,0.9999999377806218
2000,1436.1196859990787,5.0,tribonacci,0.0075481808916551185,0.9999999379513249
2000,1481.0460488806755,5.0,tribonacci,0.007786055461466657,0.9999999369046099
2000,1527.377850390714,5.0,tribonacci,0.008426457190249247,0.9999999365164104
2000,1575.1590570916228,5.0,tribonacci,0.007925092289767456,0.9999999332806913
2000,1624.435010958867,5.0,tribonacci,0.006162900563094412,0.999999932790989
2000,1675.2524724082155,5.0,tribonacci,0.007158238632960935,0.9999999302509258
2000,1727.6596646690364,5.0,tribonacci,0.006865100536163306,0.9999999306550867
2000,1781.7063195457306,5.0,tribonacci,0.006766492540185594,0.9999999287422457
2000,1837.4437246107268,5.0,tribonacci,0.006629430521676602,0.9999999262203106
2000,1894.9247718738216,5.0,tribonacci,0.0068217789670882625,0.9999999262619437
2000,1954.2040079740534,5.0,tribonacci,0.006811685173070658,0.9999999242896387
2000,2015.337685941733,5.0,tribonacci,0.007799667028624982,0.9999999225130171
2000,2078.383818579757,5.0,tribonacci,0.006500606371533136,0.9999999216919151
2000,2143.4022335148566,5.0,tribonacci,0.005488690288138925,0.9999999189564711
2000,2210.4546299710214,5.0,tribonacci,0.006484122909719838,0.99999991684091
2000,2279.6046373189797,5.0,tribonacci,0.006253727406396309,0.9999999163046585
2000,2350.9178754572868,5.0,tribonacci,0.006847343847680435,0.9999999128517396
2000,2424.462017082328,5.0,tribonacci,0.006039484543324066,0.9999999115172787
2000,2500.306851906324,5.0,tribonacci,0.0064742700224144,0.9999999075009711
2000,2578.524352884274,5.0,tribonacci,0.005236697150533683,0.9999999060870671
2000,2659.1887445126936,5.0,tribonacci,0.005797999325350397,0.9999999061079667
2000,2742.3765732649495,5.0,tribonacci,0.005824674776364505,0.9999999015858392
2000,2828.166780230032,5.0,tribonacci,0.005492968321148237,0.999999901459987
2000,2916.640776023704,5.0,tribonacci,0.005146230284257608,0.9999998993946613
2000,3007.882518043099,5.0,tribonacci,0.005365149773369338,0.9999998974185504
2000,3101.978590138097,5.0,tribonacci,0.005513231311268216,0.999999894117757
2000,3199.018284775064,5.0,tribonacci,0.006047893782721481,0.9999998917835323
2000,3299.093687770939,5.0,tribonacci,0.005219661482364309,0.9999998886960026
2000,3402.2997656780676,5.0,tribonacci,0.00488299448567425,0.9999998851571336
2000,3508.7344559027115,5.0,tribonacci,0.005763620947782389,0.9999998830134804
2000,3618.4987596427463,5.0,tribonacci,0.005425045072470225,0.999999880580348
2000,3731.6968377327516,5.0,tribonacci,0.004993587633150766,0.9999998792776519
2000,3848.436109487429,5.0,tribonacci,0.004947953205888152,0.9999998759994428
2000,3968.827354637162,5.0,tribonacci,0.004024096743948579,0.9999998722376413
2000,4092.984818452438,5.0,tribonacci,0.004261996460720276,0.9999998708419732
2000,4221.026320156899,5.0,tribonacci,0.0045499863295422535,0.9999998658311772
2000,4353.0733647318875,5.0,tribonacci,0.003985467118478819,0.9999998641455315
2000,4489.251258218603,5.0,tribonacci,0.003999712914338098,0.9999998611618688
2000,4629.689226627263,5.0,tribonacci,0.003607586736556723,0.9999998571984147
2000,4774.520538566127,5.0,tribonacci,0.0037312164369177913,0.9999998529483036
2000,4923.882631706737,5.0,tribonacci,0.0034384063866888235,0.9999998503924251
2000,5077.917243205398,5.0,tribonacci,0.0036652372285361835,0.9999998452959762
2000,5236.77054420465,5.0,tribonacci,0.0033981643872120406,0.9999998427524761
2000,5400.593278542368,5.0,tribonacci,0.0037977798261500414,0.9999998384808118
2000,5569.5409058001305,5.0,tribonacci,0.0037067664133656015,0.99999983492372
2000,5743.773748826581,5.0,tribonacci,0.0036353252865188855,0.9999998303567106
2000,5923.4571458758055,5.0,tribonacci,0.0034405404149581162,0.999999826150287
2000,6108.76160750504,5.0,tribonacci,0.0032551673993326297,0.9999998228800461
2000,6299.862978380694,5.0,tribonacci,0.0036188513107958367,0.9999998179383205
2000,6496.942604146125,5.0,tribonacci,0.0032995007210889393,0.9999998136939624
2000,6700.18750350959,5.0,tribonacci,0.0031651641196792616,0.9999998097782272
2000,6909.790545715645,5.0,tribonacci,0.0027845221231004194,0.9999998047532889
2000,7125.950633568411,5.0,tribonacci,0.002895866239931341,0.9999997989450742
2000,7348.872892180388,5.0,tribonacci,0.003215239168205955,0.9999997959567135
2000,7578.76886362593,5.0,tribonacci,0.0028749796632797056,0.9999997904051598
2000,7815.856707684091,5.0,tribonacci,0.0027726372308151674,0.9999997863986688
2000,8060.361408861345,5.0,tribonacci,0.0029706347892581005,0.9999997803107721
2000,8312.514989890631,5.0,tribonacci,0.0025844215953492408,0.9999997759375795
2000,8572.556731909324,5.0,tribonacci,0.002946418104174569,0.9999997695735325
2000,8840.733401525064,5.0,tribonacci,0.0027114153860592146,0.9999997645454805
2000,9117.299484984922,5.0,tribonacci,0.00283789370454068,0.9999997564099726
2000,9402.517429670132,5.0,tribonacci,0.0025737915118827183,0.9999997518273935
2000,9696.65789314552,5.0,tribonacci,0.0029010156949837566,0.9999997455384547
2000,10000.0,5.0,tribonacci,0.002924667098117534,0.9999997390990142
