N,time,lambda,chain,IPR,norm
500,0.0,1.5,fibonacci,0.020964511224918797,1.0
500,1.0,1.5,fibonacci,0.020955555747059387,0.9999999999965744
500,1.0312831606721848,1.5,fibonacci,0.020954621261064604,0.9999999999948825
500,1.0635449574860112,1.5,fibonacci,0.020953587214831176,0.9999999999947182
500,1.096816005273138,1.5,fibonacci,0.020952443436262767,0.9999999999965189
500,1.1311278765939214,1.5,fibonacci,0.02095117885178742,0.9999999999992871
500,1.1665131316981963,1.5,fibonacci,0.02094978143612812,0.9999999999999964
500,1.2030053494233244,1.5,fibonacci,0.020948238171564187,1.0000000000001041
500,1.240639159058832,1.5,fibonacci,0.020946535003617612,0.9999999999999292
500,1.2794502732078736,1.5,fibonacci,0.02094465680873992,0.9999999999999123
500,1.3194755216767062,1.5,fibonacci,0.020942587371953283,1.0000000000005993
500,1.3607528864243335,1.5,fibonacci,0.020940309376810858,1.000000000002036
500,1.403321537605485,1.5,fibonacci,0.020937804411420825,1.0000000000035272
500,1.4472218707411348,1.5,fibonacci,0.020935052994119078,1.0000000000038756
500,1.4924955450518296,1.5,fibonacci,0.020932034622704848,1.0000000000020839
500,1.5391855229902058,1.5,fibonacci,0.02092872785140299,0.9999999999983163
500,1.587336111010209,1.5,fibonacci,0.02092511039983087,0.9999999999945768
500,1.6369930016117025,1.5,fibonacci,0.02092115929814983,0.999999999994136
500,1.6882033167003634,1.5,fibonacci,0.020916851072167165,0.9999999999981962
500,1.7410156523040161,1.5,fibonacci,0.020912161972309384,1.0000000000000022
500,1.7954801246878311,1.5,fibonacci,0.02090706826242408,0.9999999999999983
500,1.8516484179121548,1.5,fibonacci,0.020901546552072957,0.9999999999998496
500,1.9095738328780973,1.5,fibonacci,0.020895574185339643,1.000000000001344
500,1.9693113379074225,1.5,fibonacci,0.020889129689198753,1.0000000000040918
500,2.0309176209047357,1.5,fibonacci,0.020882193276212067,1.0000000000048244
500,2.0944511431514696,1.5,fibonacci,0.02087474739932524,1.0000000000006406
500,2.159972194782718,1.5,fibonacci,0.020866777353363192,0.9999999999938582
500,2.2275429519995575,1.5,fibonacci,0.020858271914765036,0.9999999999928618
500,2.2972275360711523,1.5,fibonacci,0.020849224007441266,0.999999999999615
500,2.369092074182633,1.5,fibonacci,0.020839631375698737,1.0000000000000486
500,2.4432047621864883,1.5,fibonacci,0.020829497241424366,0.999999999999786
500,2.519635929317015,1.5,fibonacci,0.020818830925349547,1.0000000000024982
500,2.598458104929249,1.5,fibonacci,0.02080764840897416,1.0000000000057911
500,2.6797460873256913,1.5,fibonacci,0.02079597279318974,1.0000000000017382
500,2.763577014736159,1.5,fibonacci,0.020783834617062527,0.99999999999225
500,2.850030438518107,1.5,fibonacci,0.020771272019594358,0.9999999999943459
500,2.9391883986468863,1.5,fibonacci,0.020758330740414988,0.9999999999999387
500,3.0311355015675785,1.5,fibonacci,0.0207450638615905,0.9999999999996257
500,3.1259590004822804,1.5,fibonacci,0.020731531312388588,1.000000000002761
500,3.2237488781490296,1.5,fibonacci,0.020717799173245302,1.000000000005229
500,3.3245979322709407,1.5,fibonacci,0.02070393870824249,0.999999999996024
500,3.428601863556586,1.5,fibonacci,0.020690025134540123,0.9999999999923584
500,3.5358593665351785,1.5,fibonacci,0.0206761362392143,0.9999999999998417
500,3.646472223212748,1.5,fibonacci,0.020662350752173292,0.9999999999997145
500,3.760545399658171,1.5,fibonacci,0.020648746385819414,1.0000000000044094
500,3.8781871456107226,1.5,fibonacci,0.020635397638427058,1.0000000000007978
500,3.9995090972036653,1.5,fibonacci,0.020622372969547473,0.9999999999910908
500,4.1246263829013525,1.5,fibonacci,0.020609731140641067,0.999999999999745
500,4.253657732750387,1.5,fibonacci,0.020597516284092954,0.9999999999998745
500,4.386725591048498,1.5,fibonacci,0.02058575076531962,1.0000000000059253
500,4.523956232538054,1.5,fibonacci,0.020574425261587013,0.9999999999949543
500,4.6654798822344725,1.5,fibonacci,0.020563484787667143,0.9999999999966052
500,4.811430839003259,1.5,fibonacci,0.02055280986871387,0.9999999999993472
500,4.961947603002903,1.5,fibonacci,0.020542191915444562,1.000000000006132
500,5.117173007114605,1.5,fibonacci,0.02053130268006185,0.999999999997136
500,5.277254352483538,1.5,fibonacci,0.020519658542553332,0.9999999999948214
500,5.442343548300267,1.5,fibonacci,0.02050658182058362,0.9999999999991885
500,5.612597255954972,1.5,fibonacci,0.02049116319726363,1.000000000006451
500,5.788177037701274,1.5,fibonacci,0.020472231458606268,0.9999999999897589
500,5.969249509970735,1.5,fibonacci,0.020448338985849992,0.9999999999994822
500,6.155986501483509,1.5,fibonacci,0.02041777271502417,1.0000000000031597
500,6.348565216305219,1.5,fibonacci,0.020378601194752093,0.9999999999946658
500,6.547168402004738,1.5,fibonacci,0.02032876650057292,0.9999999999993059
500,6.751984523072503,1.5,fibonacci,0.0202662258812721,1.0000000000033804
500,6.963207939763885,1.5,fibonacci,0.020189141320542985,0.9999999999925727
500,7.181039092537351,1.5,fibonacci,0.020096105423148734,0.9999999999993384
500,7.405684692262437,1.5,fibonacci,0.01998638102161468,1.000000000006027
500,7.637357916378021,1.5,fibonacci,0.019860122010182963,0.9999999999870244
500,7.876278611187057,1.5,fibonacci,0.019718535971665143,0.9999999999987439
500,8.122673500479713,1.5,fibonacci,0.019563949272908398,1.0000000000014986
500,8.376776400682918,1.5,fibonacci,0.019399744514211593,0.9999999999989455
500,8.638828442740447,1.5,fibonacci,0.01923015756686415,1.0000000000069251
500,8.909078300934137,1.5,fibonacci,0.019059946767603402,0.9999999999894352
500,9.187782428863335,1.5,fibonacci,0.018893972951594052,1.0000000000019424
500,9.475205302806543,1.5,fibonacci,0.018736748044443047,0.9999999999849027
500,9.771619672696177,1.5,fibonacci,0.01859200737772557,0.9999999999992695
500,10.077306820944612,1.5,fibonacci,0.018462330951369222,0.999999999988032
500,10.392556829367125,1.5,fibonacci,0.018348785500359507,0.9999999999999145
500,10.71766885445503,1.5,fibonacci,0.01825052490974635,0.9999999999866309
500,11.052951411260215,1.5,fibonacci,0.018164323356285438,1.0000000000043072
500,11.39872266616052,1.5,fibonacci,0.018084166316707354,0.9999999999875158
500,11.755310738783693,1.5,fibonacci,0.01800124397419312,1.0000000000076459
500,12.123054013376523,1.5,fibonacci,0.017904839264535323,0.9999999999981449
500,12.502301459914554,1.5,fibonacci,0.017784476119806776,0.9999999999941048
500,12.89341296525715,1.5,fibonacci,0.017633172664984674,1.0000000000004468
500,13.29675967466212,1.5,fibonacci,0.01745085909786665,0.9999999999972828
500,13.712724343984002,1.5,fibonacci,0.017246426764924074,0.9999999999993956
500,14.141701702890233,1.5,fibonacci,0.017037032927078723,0.9999999999998732
500,14.584098829439856,1.5,fibonacci,0.01684437412819887,0.9999999999972771
500,15.040335536380244,1.5,fibonacci,0.016689164333526588,0.9999999999857382
500,15.510844769528397,1.5,fibonacci,0.01658603349976264,1.0000000000063411
500,15.996073018614878,1.5,fibonacci,0.016540470787399533,0.9999999999985718
500,16.496480740980207,1.5,fibonacci,0.01654724353393653,0.9999999999971648
500,17.012542798525892,1.5,fibonacci,0.016588444645631095,0.9999999999889942
500,17.544748908334597,1.5,fibonacci,0.01663225842977381,0.9999999999815116
500,18.093604107387165,1.5,fibonacci,0.016638578819851143,0.9999999999933057
500,18.65962923181746,1.5,fibonacci,0.01657636158681333,0.9999999999962802
500,19.2433614111598,1.5,fibonacci,0.01644584310509696,1.0000000000043296
500,19.845354578058032,1.5,fibonacci,0.016287006079322566,1.0000000000096645
500,20.466179993919898,1.5,fibonacci,0.016162267474120046,1.0000000000026057
500,21.106426791015547,1.5,fibonacci,0.016125614005513045,0.9999999999981042
500,21.76670253153459,1.5,fibonacci,0.016201483504982142,0.9999999999883836
500,22.44763378413224,1.5,fibonacci,0.016373406112664336,0.9999999999767061
500,23.14986671851161,1.5,fibonacci,0.016569410097033506,0.9999999999948594
500,23.87406771860647,1.5,fibonacci,0.016674864186842393,0.9999999999954694
500,24.620924014946254,1.5,fibonacci,0.01661277104092376,1.0000000000015148
500,25.39114433680347,1.5,fibonacci,0.01643011618987867,0.9999999999758872
500,26.185459584742325,1.5,fibonacci,0.016272831251349044,0.9999999999943462
500,27.00462352420682,1.5,fibonacci,0.01626817199727254,0.9999999999980271
500,27.849413500806442,1.5,fibonacci,0.016441215567068936,0.99999999999397
500,28.72063117797828,1.5,fibonacci,0.016670539742909066,0.9999999999998295
500,29.619103297725534,1.5,fibonacci,0.016713249157352766,0.9999999999940089
500,30.545682465154318,1.5,fibonacci,0.016438687688479378,0.9999999999943839
500,31.50124795755328,1.5,fibonacci,0.01603033855409693,0.9999999999936695
500,32.486706558783744,1.5,fibonacci,0.015789592266985234,0.9999999999930343
500,33.502993419772295,1.5,fibonacci,0.01582080293746946,0.9999999999855362
500,34.55107294592218,1.5,fibonacci,0.015904318326464904,1.0000000000000244
500,35.631939712285856,1.5,fibonacci,0.015607471973342106,0.9999999999983605
500,36.7466194073669,1.5,fibonacci,0.014898515261451693,0.9999999999927556
500,37.896169806447176,1.5,fibonacci,0.014288432142061092,0.999999999992073
500,39.08168177536266,1.5,fibonacci,0.014061501543014773,0.9999999999917486
500,40.30428030568053,1.5,fibonacci,0.013883070265190126,0.9999999999940722
500,41.5651255822599,1.5,fibonacci,0.013116449767399169,1.0000000000025626
500,42.86541408420927,1.5,fibonacci,0.01199693880261326,0.9999999999901147
500,44.20637972028532,1.5,fibonacci,0.011235970053600728,0.9999999999813847
500,45.58929499981062,1.5,fibonacci,0.010797061960173542,0.9999999999897788
500,47.01547224022132,1.5,fibonacci,0.010109852535692116,0.9999999999939624
500,48.48626481239081,1.5,fibonacci,0.009327328429546922,0.9999999999893959
500,50.00306842491092,1.5,fibonacci,0.009042906104277033,0.9999999999972968
500,51.56732244854966,1.5,fibonacci,0.009054437761938627,0.999999999988115
500,53.180511282142,1.5,fibonacci,0.008903787402117279,0.9999999999869725
500,54.84416576121018,1.5,fibonacci,0.008806081811842767,0.9999999999740489
500,56.55986461065005,1.5,fibonacci,0.008957111841783636,0.9999999999763689
500,58.329235942862034,1.5,fibonacci,0.009132944955781255,0.9999999999759622
500,60.153958802748356,1.5,fibonacci,0.009231560168628371,0.9999999999862045
500,62.035764761042714,1.5,fibonacci,0.009529022690753945,0.9999999999864629
500,63.97643955748427,1.5,fibonacci,0.00970851428632445,0.9999999999789971
500,65.97782479539536,1.5,fibonacci,0.00938221208896107,0.9999999999848587
500,68.04181968927098,1.5,fibonacci,0.009006458814074327,0.999999999973006
500,70.17038286703826,1.5,fibonacci,0.008385139952201505,0.9999999999950041
500,72.36553422869653,1.5,fibonacci,0.007802323774725502,0.9999999999831608
500,74.62935686310134,1.5,fibonacci,0.007445780768283002,0.9999999999832756
500,76.96399902471158,1.5,fibonacci,0.007259486858283053,0.9999999999827146
500,79.37167617217551,1.5,fibonacci,0.007347692831101179,0.9999999999814774
500,81.8546730706903,1.5,fibonacci,0.007581539642632823,0.9999999999892943
500,84.41534596012986,1.5,fibonacci,0.00801699067673278,0.9999999999802235
500,87.05612479099865,1.5,fibonacci,0.00844371483356794,0.9999999999812301
500,89.77951553033323,1.5,fibonacci,0.008758623078614558,0.9999999999854113
500,92.58810253973955,1.5,fibonacci,0.009073090403633707,0.9999999999815568
500,95.48455102782293,1.5,fibonacci,0.009339939051922777,0.9999999999836465
500,98.47160957933774,1.5,fibonacci,0.009675242989761716,0.9999999999844981
500,101.5521127634568,1.5,fibonacci,0.009791085606790713,0.9999999999745639
500,104.72898382363586,1.5,fibonacci,0.009485390689022332,0.9999999999883763
500,108.00523745162529,1.5,fibonacci,0.009359512394616583,0.9999999999749354
500,111.38398264826195,1.5,fibonacci,0.00923004044781891,0.999999999974687
500,114.86842567375535,1.5,fibonacci,0.00970711344577415,0.9999999999743157
500,118.46187309026836,1.5,fibonacci,0.010362819614936746,0.9999999999833362
500,122.16773489967919,1.5,fibonacci,0.011370616305631971,0.9999999999721615
500,125.98952777950272,1.5,fibonacci,0.012113549473986091,0.999999999957852
500,129.93087842004158,1.5,fibonacci,0.011303349436824001,0.9999999999567611
500,133.99552696593383,1.5,fibonacci,0.01077283857387417,0.9999999999576253
500,138.18733056536323,1.5,fibonacci,0.011422796612511655,0.9999999999683067
500,142.5102670302998,1.5,fibonacci,0.01258076054359571,0.9999999999622421
500,146.9684386112446,1.5,fibonacci,0.013560093525695807,0.99999999994901
500,151.5660758900603,1.5,fibonacci,0.014056514030326737,0.9999999999648844
500,156.30754179458157,1.5,fibonacci,0.014675750906202803,0.999999999970607
500,161.1973357388157,1.5,fibonacci,0.01554604190804063,0.999999999962919
500,166.2400978926612,1.5,fibonacci,0.015625413892399447,0.9999999999619873
500,171.440613585197,1.5,fibonacci,0.015018592347304646,0.9999999999640081
500,176.8038178457207,1.5,fibonacci,0.014789643365812509,0.999999999944017
500,182.33480008684404,1.5,fibonacci,0.015939961419539145,0.9999999999523866
500,188.03880893409146,1.5,fibonacci,0.015029760112790107,0.9999999999481466
500,193.9212572065829,1.5,fibonacci,0.011507408736532398,0.9999999999633575
500,199.9877270535285,1.5,fibonacci,0.009816845959428864,0.9999999999532062
500,206.24397525140904,1.5,fibonacci,0.010329139237427355,0.9999999999592096
500,212.69593866686898,1.5,fibonacci,0.011026452256143507,0.9999999999504405
500,219.3497398905058,1.5,fibonacci,0.01012516063135974,0.9999999999482948
500,226.2116930469024,1.5,fibonacci,0.008717858420460666,0.9999999999472607
500,233.2883097864156,1.5,fibonacci,0.00892680269567422,0.9999999999443462
500,240.58630546440645,1.5,fibonacci,0.010326462116593542,0.9999999999431642
500,248.11260551377677,1.5,fibonacci,0.011377305703134404,0.9999999999480244
500,255.87435201685892,1.5,fibonacci,0.010354628509222247,0.9999999999490312
500,263.87891048289345,1.5,fibonacci,0.009863020312757058,0.9999999999282368
500,272.13387683753086,1.5,fibonacci,0.011199335408543294,0.999999999927811
500,280.6470846309839,1.5,fibonacci,0.010883275597661723,0.9999999999326767
500,289.4266124716752,1.5,fibonacci,0.008436080653896278,0.9999999999164879
500,298.4807916924327,1.5,fibonacci,0.010542279626429856,0.9999999999048719
500,307.81821425650804,1.5,fibonacci,0.014960136187155302,0.9999999999322984
500,317.4477409109193,1.5,fibonacci,0.011516292011842934,0.9999999999345159
500,327.3785095948577,1.5,fibonacci,0.015883771770710143,0.9999999999205454
500,337.61994411113403,1.5,fibonacci,0.01394139959249732,0.9999999999007396
500,348.18176306889666,1.5,fibonacci,0.011725903029242863,0.9999999999055437
500,359.0739891061055,1.5,fibonacci,0.014551218377697813,0.9999999999125021
500,370.30695840051413,1.5,fibonacci,0.013317261955830582,0.9999999999194056
500,381.8913304781854,1.5,fibonacci,0.013087874462914912,0.9999999999116896
500,393.8380983288489,1.5,fibonacci,0.011750214982608856,0.9999999998861211
500,406.158598837698,1.5,fibonacci,0.010984117502836763,0.9999999998778921
500,418.86452354352707,1.5,fibonacci,0.011514573646943627,0.9999999999066477
500,431.96792973341735,1.5,fibonacci,0.013371877664511747,0.9999999998921798
500,445.4812518844989,1.5,fibonacci,0.010515565925179072,0.9999999999018658
500,459.41731346364764,1.5,fibonacci,0.01181928633872167,0.9999999998864669
500,473.7893390963144,1.5,fibonacci,0.009349189526361322,0.9999999998688973
500,488.6109671160326,1.5,fibonacci,0.010093465442067726,0.999999999887436
500,503.89626250651503,1.5,fibonacci,0.011184667154323294,0.999999999873499
500,519.6597302486197,1.5,fibonacci,0.01003163791433866,0.9999999998569029
500,535.9163290848514,1.5,fibonacci,0.00978024792038785,0.9999999998728938
500,552.6814857144603,1.5,fibonacci,0.009602126264990804,0.9999999998456526
500,569.9711094326076,1.5,fibonacci,0.010833042727202868,0.9999999998464681
500,587.8016072274912,1.5,fibonacci,0.01038064033301722,0.9999999998519904
500,606.1898993497572,1.5,fibonacci,0.011195601087206122,0.9999999998340745
500,625.1534353689711,1.5,fibonacci,0.007613697556668078,0.9999999998437734
500,644.7102107323869,1.5,fibonacci,0.00852077277912536,0.9999999998260877
500,664.8787838417263,1.5,fibonacci,0.009885248496967458,0.9999999998198318
500,685.6782936641738,1.5,fibonacci,0.008708079136873511,0.9999999998094216
500,707.1284778942996,1.5,fibonacci,0.00935922033019409,0.999999999821904
500,729.2496916841444,1.5,fibonacci,0.010532655357947932,0.99999999982673
500,752.0629269592407,1.5,fibonacci,0.01175350405321,0.999999999809773
500,775.5898323389001,1.5,fibonacci,0.012604526613639646,0.9999999998084955
500,799.8527336796708,1.5,fibonacci,0.01284342381479926,0.9999999997984108
500,824.8746552614581,1.5,fibonacci,0.011096391926619062,0.9999999997912983
500,850.6793416364153,1.5,fibonacci,0.011224697823671638,0.9999999997841147
500,877.2912801613356,1.5,fibonacci,0.01156816380918985,0.9999999997829534
500,904.7357242349293,1.5,fibonacci,0.01117653471302877,0.9999999997833633
500,933.038717262036,1.5,fibonacci,0.009678318219515054,0.9999999997636195
500,962.2271173675134,1.5,fibonacci,0.011153958413310877,0.999999999757967
500,992.3286228832545,1.5,fibonacci,0.008600718385517335,0.9999999997267952
500,1023.3717986325192,1.5,fibonacci,0.008505360342881746,0.999999999733559
500,1055.386103036523,1.5,fibonacci,0.009609076342822412,0.9999999997110051
500,1088.4019160690054,1.5,fibonacci,0.015087602333568253,0.9999999997095964
500,1122.4505680853058,1.5,fibonacci,0.010887083109460039,0.9999999997056945
500,1157.5643695533035,1.5,fibonacci,0.010252364311191116,0.9999999996834348
500,1193.7766417144358,1.5,fibonacci,0.009795297556087925,0.9999999996949185
500,1231.1217482038908,1.5,fibonacci,0.011194739099197546,0.9999999996933099
500,1269.6351276599742,1.5,fibonacci,0.013498568619481737,0.9999999996748263
500,1309.353327353611,1.5,fibonacci,0.01118355109556961,0.999999999641967
500,1350.3140378698736,1.5,fibonacci,0.010249002083034881,0.9999999996321656
500,1392.5561288744634,1.5,fibonacci,0.008491982556709686,0.9999999996197834
500,1436.1196859990787,1.5,fibonacci,0.011917845059412149,0.9999999996360135
500,1481.0460488806755,1.5,fibonacci,0.008923550152170771,0.9999999996239127
500,1527.377850390714,1.5,fibonacci,0.0074146761647182514,0.9999999995924572
500,1575.1590570916228,1.5,fibonacci,0.006206774979728657,0.9999999995902609
500,1624.435010958867,1.5,fibonacci,0.007939578568567217,0.9999999995845862
500,1675.2524724082155,1.5,fibonacci,0.007370781215204324,0.9999999995722476
500,1727.6596646690364,1.5,fibonacci,0.0080007197242705,0.9999999995517264
500,1781.7063195457306,1.5,fibonacci,0.009189887158838854,0.9999999995415723
500,1837.4437246107268,1.5,fibonacci,0.0068278572695750495,0.9999999995241503
500,1894.9247718738216,1.5,fibonacci,0.007505636830484967,0.999999999517541
500,1954.2040079740534,1.5,fibonacci,0.007896617145246712,0.9999999994950164
500,2015.337685941733,1.5,fibonacci,0.009342470549148304,0.9999999994797321
500,2078.383818579757,1.5,fibonacci,0.006256262998324982,0.9999999994608648
500,2143.4022335148566,1.5,fibonacci,0.0063972190397970485,0.9999999994433433
500,2210.4546299710214,1.5,fibonacci,0.006877215318401212,0.9999999994193982
500,2279.6046373189797,1.5,fibonacci,0.006407927462828119,0.9999999994009586
500,2350.9178754572868,1.5,fibonacci,0.00644252884731336,0.9999999993863631
500,2424.462017082328,1.5,fibonacci,0.006409846807973349,0.9999999993651727
500,2500.306851906324,1.5,fibonacci,0.006334436935290841,0.9999999993507428
500,2578.524352884274,1.5,fibonacci,0.006148270800630123,0.9999999993019156
500,2659.1887445126936,1.5,fibonacci,0.009105596211742527,0.9999999992738634
500,2742.3765732649495,1.5,fibonacci,0.00711067924297365,0.9999999992592595
500,2828.166780230032,1.5,fibonacci,0.007203958701778546,0.9999999992279076
500,2916.640776023704,1.5,fibonacci,0.007222167276591189,0.9999999992129713
500,3007.882518043099,1.5,fibonacci,0.0061720869427347586,0.9999999991746372
500,3101.978590138097,1.5,fibonacci,0.009747359911172789,0.999999999133151
500,3199.018284775064,1.5,fibonacci,0.0069601581121243134,0.9999999990944768
500,3299.093687770939,1.5,fibonacci,0.006628361811047498,0.9999999990609043
500,3402.2997656780676,1.5,fibonacci,0.006199113164097684,0.9999999990144652
500,3508.7344559027115,1.5,fibonacci,0.006453180131030689,0.9999999989686419
500,3618.4987596427463,1.5,fibonacci,0.006571187533481395,0.9999999989234333
500,3731.6968377327516,1.5,fibonacci,0.00795962060001922,0.9999999988483697
500,3848.436109487429,1.5,fibonacci,0.0065066082896071496,0.9999999988198099
500,3968.827354637162,1.5,fibonacci,0.006317102680059363,0.9999999987002592
500,4092.984818452438,1.5,fibonacci,0.006457229405974572,0.9999999986667144
500,4221.026320156899,1.5,fibonacci,0.006174976392090213,0.999999998554895
500,4353.0733647318875,1.5,fibonacci,0.0066271110145578625,0.9999999982209493
500,4489.251258218603,1.5,fibonacci,0.006418558941443309,0.9999999980455151
500,4629.689226627263,1.5,fibonacci,0.006449667814878358,0.9999999977132721
500,4774.520538566127,1.5,fibonacci,0.005564677995098963,0.9999999972464846
500,4923.882631706737,1.5,fibonacci,0.006445465773228513,0.9999999970806813
500,5077.917243205398,1.5,fibonacci,0.005577013577692222,0.9999999965582101
500,5236.77054420465,1.5,fibonacci,0.006076042762104508,0.9999999960315097
500,5400.593278542368,1.5,fibonacci,0.006409801716761422,0.9999999958649203
500,5569.5409058001305,1.5,fibonacci,0.007132717414933187,0.9999999952527568
500,5743.773748826581,1.5,fibonacci,0.006114737449177448,0.9999999947651208
500,5923.4571458758055,1.5,fibonacci,0.005479152730689829,0.9999999940587466
500,6108.76160750504,1.5,fibonacci,0.005996244501830266,0.999999993605238
500,6299.862978380694,1.5,fibonacci,0.005187939475345305,0.999999992634897
500,6496.942604146125,1.5,fibonacci,0.005819378499516083,0.9999999920014848
500,6700.18750350959,1.5,fibonacci,0.006413872604963481,0.999999991558592
500,6909.790545715645,1.5,fibonacci,0.006970157600639534,0.9999999909099697
500,7125.950633568411,1.5,fibonacci,0.005229493799744075,0.9999999898063857
500,7348.872892180388,1.5,fibonacci,0.00560618803503825,0.9999999891237107
500,7578.76886362593,1.5,fibonacci,0.005630552465319413,0.9999999881402772
500,7815.856707684091,1.5,fibonacci,0.005382768143139288,0.9999999871489677
500,8060.361408861345,1.5,fibonacci,0.006218829117600769,0.9999999862426002
500,8312.514989890631,1.5,fibonacci,0.006251033349110456,0.9999999848257262
500,8572.556731909324,1.5,fibonacci,0.005505641153974845,0.9999999834882861
500,8840.733401525064,1.5,fibonacci,0.005236733827916565,0.9999999821343336
500,9117.299484984922,1.5,fibonacci,0.006891276547815859,0.9999999806758366
500,9402.517429670132,1.5,fibonacci,0.00552785189414001,0.9999999787127892
500,9696.65789314552,1.5,fibonacci,0.005753608487070113,0.9999999775739168
500,10000.0,1.5,fibonacci,0.00490499023079203,0.9999999753645601
500,0.0,1.5,tribonacci,0.08201561019889944,1.0000000000000002
500,1.0,1.5,tribonacci,0.08187995258702184,0.999999999999774
500,1.0312831606721848,1.5,tribonacci,0.08186355167759458,1.0000000000005678
500,1.0635449574860112,1.5,tribonacci,0.08184526624798956,1.00000000000037
500,1.096816005273138,1.5,tribonacci,0.0818248989429696,0.9999999999994672
500,1.1311278765939214,1.5,tribonacci,0.08180223548812914,1.0000000000005762
500,1.1665131316981963,1.5,tribonacci,0.08177704398711168,1.0000000000056093
500,1.2030053494233244,1.5,tribonacci,0.08174907435945455,1.000000000013534
500,1.240639159058832,1.5,tribonacci,0.08171805796652559,1.000000000019979
500,1.2794502732078736,1.5,tribonacci,0.0816837074807276,1.0000000000189904
500,1.3194755216767062,1.5,tribonacci,0.08164571706112883,1.0000000000067684
500,1.3607528864243335,1.5,tribonacci,0.08160376290656676,0.9999999999861856
500,1.403321537605485,1.5,tribonacci,0.0815575042645266,0.9999999999692486
500,1.4472218707411348,1.5,tribonacci,0.08150658497991996,0.9999999999722736
500,1.4924955450518296,1.5,tribonacci,0.08145063567115604,0.9999999999952928
500,1.5391855229902058,1.5,tribonacci,0.08138927664771901,1.000000000000417
500,1.587336111010209,1.5,tribonacci,0.08132212180289243,0.9999999999998147
500,1.6369930016117025,1.5,tribonacci,0.08124878332813555,0.9999999999998684
500,1.6882033167003634,1.5,tribonacci,0.08116887757754486,1.0000000000080274
500,1.7410156523040161,1.5,tribonacci,0.08108203212233821,1.0000000000206943
500,1.7954801246878311,1.5,tribonacci,0.08098789409620963,1.0000000000221987
500,1.8516484179121548,1.5,tribonacci,0.0808861399217631,1.000000000000303
500,1.9095738328780973,1.5,tribonacci,0.08077648647703883,0.9999999999681163
500,1.9693113379074225,1.5,tribonacci,0.08065870372007752,0.9999999999663942
500,2.0309176209047357,1.5,tribonacci,0.08053262872874227,0.9999999999990279
500,2.0944511431514696,1.5,tribonacci,0.08039818110069497,1.0000000000003668
500,2.159972194782718,1.5,tribonacci,0.08025537966368948,0.9999999999992485
500,2.2275429519995575,1.5,tribonacci,0.08010436002479839,1.0000000000123734
500,2.2972275360711523,1.5,tribonacci,0.0799453928776477,1.0000000000282376
500,2.369092074182633,1.5,tribonacci,0.07977890244844875,1.0000000000102633
500,2.4432047621864883,1.5,tribonacci,0.07960548450454999,0.9999999999650887
500,2.519635929317015,1.5,tribonacci,0.07942592327945375,0.9999999999701692
500,2.598458104929249,1.5,tribonacci,0.07924120655665291,0.9999999999999402
500,2.6797460873256913,1.5,tribonacci,0.0790525376407411,0.9999999999982008
500,2.763577014736159,1.5,tribonacci,0.07886134324521153,1.0000000000122227
500,2.850030438518107,1.5,tribonacci,0.07866927656581031,1.000000000033655
500,2.9391883986468863,1.5,tribonacci,0.07847821419916859,0.9999999999954002
500,3.0311355015675785,1.5,tribonacci,0.07829024597139515,0.9999999999493968
500,3.1259590004822804,1.5,tribonacci,0.07810765822172362,0.9999999999983055
500,3.2237488781490296,1.5,tribonacci,0.07793291122358188,0.9999999999979409
500,3.3245979322709407,1.5,tribonacci,0.07776861039452541,1.000000000014342
500,3.428601863556586,1.5,tribonacci,0.0776174771082842,1.000000000028972
500,3.5358593665351785,1.5,tribonacci,0.07748232137963074,0.9999999999591687
500,3.646472223212748,1.5,tribonacci,0.07736602171065915,0.9999999999793514
500,3.760545399658171,1.5,tribonacci,0.0772715208602311,0.999999999998279
500,3.8781871456107226,1.5,tribonacci,0.07720183885130306,1.0000000000137734
500,3.9995090972036653,1.5,tribonacci,0.07716010865306916,1.0000000000194855
500,4.1246263829013525,1.5,tribonacci,0.07714963071980045,0.9999999999413681
500,4.253657732750387,1.5,tribonacci,0.07717393385465526,0.9999999999982074
500,4.386725591048498,1.5,tribonacci,0.07723682281939973,1.0000000000022495
500,4.523956232538054,1.5,tribonacci,0.0773423716532243,1.0000000000302827
500,4.6654798822344725,1.5,tribonacci,0.07749481981866728,0.9999999999419252
500,4.811430839003259,1.5,tribonacci,0.07769831172898543,0.999999999999065
500,4.961947603002903,1.5,tribonacci,0.0779564294523854,1.0000000000144198
500,5.117173007114605,1.5,tribonacci,0.07827147595736479,1.000000000024019
500,5.277254352483538,1.5,tribonacci,0.07864350541164977,0.9999999999390459
500,5.442343548300267,1.5,tribonacci,0.07906914068465187,0.9999999999949077
500,5.612597255954972,1.5,tribonacci,0.07954028484508908,1.0000000000345703
500,5.788177037701274,1.5,tribonacci,0.0800429028737144,0.9999999999426387
500,5.969249509970735,1.5,tribonacci,0.08055612367835129,0.9999999999945537
500,6.155986501483509,1.5,tribonacci,0.0810519660867047,1.0000000000124727
500,6.348565216305219,1.5,tribonacci,0.08149602319760307,0.9999999999904776
500,6.547168402004738,1.5,tribonacci,0.08184940579687301,1.0000000000063785
500,6.751984523072503,1.5,tribonacci,0.08207213055171339,0.9999999999629996
500,6.963207939763885,1.5,tribonacci,0.08212791048113009,0.9999999999939222
500,7.181039092537351,1.5,tribonacci,0.08198995618520828,1.0000000000055913
500,7.405684692262437,1.5,tribonacci,0.08164698527598123,0.9999999999956299
500,7.637357916378021,1.5,tribonacci,0.08110825287163062,1.0000000000383296
500,7.876278611187057,1.5,tribonacci,0.08040622637174132,0.9999999999681548
500,8.122673500479713,1.5,tribonacci,0.07959568661252546,1.0000000000169118
500,8.376776400682918,1.5,tribonacci,0.07874866990635115,0.9999999999542493
500,8.638828442740447,1.5,tribonacci,0.07794581434714559,1.0000000000091127
500,8.909078300934137,1.5,tribonacci,0.07726616026655468,0.9999999999758867
500,9.187782428863335,1.5,tribonacci,0.07677870595573062,1.0000000000180689
500,9.475205302806543,1.5,tribonacci,0.07653895392663547,0.9999999999925205
500,9.771619672696177,1.5,tribonacci,0.07659115382830937,1.0000000000061386
500,10.077306820944612,1.5,tribonacci,0.07697214107353921,0.9999999999909182
500,10.392556829367125,1.5,tribonacci,0.07770833376073007,0.9999999999471394
500,10.71766885445503,1.5,tribonacci,0.07879826302590394,1.0000000000155866
500,11.052951411260215,1.5,tribonacci,0.08018160394926543,0.9999999999910477
500,11.39872266616052,1.5,tribonacci,0.08170865083787864,0.999999999947871
500,11.755310738783693,1.5,tribonacci,0.08313303083484064,1.000000000017279
500,12.123054013376523,1.5,tribonacci,0.08414770917960317,0.9999999999953136
500,12.502301459914554,1.5,tribonacci,0.08446818582570674,0.9999999999908673
500,12.89341296525715,1.5,tribonacci,0.08394062531612734,0.9999999999413823
500,13.29675967466212,1.5,tribonacci,0.08262657695128577,0.9999999999869946
500,13.712724343984002,1.5,tribonacci,0.08080994295564077,1.0000000000131235
500,14.141701702890233,1.5,tribonacci,0.07890583663178943,1.0000000000010747
500,14.584098829439856,1.5,tribonacci,0.07731771770243133,0.9999999999920063
500,15.040335536380244,1.5,tribonacci,0.07633709092855971,0.9999999999877212
500,15.510844769528397,1.5,tribonacci,0.07614031553734402,0.9999999999870202
500,15.996073018614878,1.5,tribonacci,0.07681390672656489,0.9999999999869751
500,16.496480740980207,1.5,tribonacci,0.07828018346791053,0.9999999999863143
500,17.012542798525892,1.5,tribonacci,0.08013946133584712,0.9999999999868354
500,17.544748908334597,1.5,tribonacci,0.08165280921784002,0.9999999999991682
500,18.093604107387165,1.5,tribonacci,0.08205136135858018,1.0000000000121294
500,18.65962923181746,1.5,tribonacci,0.08103893650225431,0.9999999999638719
500,19.2433614111598,1.5,tribonacci,0.07906866360520926,0.9999999999650214
500,19.845354578058032,1.5,tribonacci,0.07708455859866176,0.9999999999843144
500,20.466179993919898,1.5,tribonacci,0.07595605950643998,1.0000000000058769
500,21.106426791015547,1.5,tribonacci,0.07617073407174021,0.9999999999370522
500,21.76670253153459,1.5,tribonacci,0.07783685199633437,0.9999999999832035
500,22.44763378413224,1.5,tribonacci,0.08047235850464438,1.0000000000030536
500,23.14986671851161,1.5,tribonacci,0.08275186807016638,0.9999999999835717
500,23.87406771860647,1.5,tribonacci,0.08313990270997032,1.0000000000008433
500,24.620924014946254,1.5,tribonacci,0.08128027633454142,0.9999999999820612
500,25.39114433680347,1.5,tribonacci,0.07851846130163379,0.9999999999516985
500,26.185459584742325,1.5,tribonacci,0.07673206376550742,1.0000000000016844
500,27.00462352420682,1.5,tribonacci,0.07700040313568096,0.9999999999805534
500,27.849413500806442,1.5,tribonacci,0.07923354993114311,0.9999999999564496
500,28.72063117797828,1.5,tribonacci,0.08170022149344111,0.9999999999481147
500,29.619103297725534,1.5,tribonacci,0.08154829281071611,0.9999999999771818
500,30.545682465154318,1.5,tribonacci,0.07819603257508359,0.9999999999982295
500,31.50124795755328,1.5,tribonacci,0.07485584917887106,0.9999999999895128
500,32.486706558783744,1.5,tribonacci,0.07477236174504821,0.9999999999736462
500,33.502993419772295,1.5,tribonacci,0.07871573088506284,0.9999999999389986
500,34.55107294592218,1.5,tribonacci,0.08375111977831658,0.9999999999656303
500,35.631939712285856,1.5,tribonacci,0.08347272715511421,0.999999999976298
500,36.7466194073669,1.5,tribonacci,0.07813179362789688,0.9999999999949284
500,37.896169806447176,1.5,tribonacci,0.0750650675814363,0.9999999999730353
500,39.08168177536266,1.5,tribonacci,0.07781191151372577,1.0000000000006162
500,40.30428030568053,1.5,tribonacci,0.08321255257035355,0.9999999999733595
500,41.5651255822599,1.5,tribonacci,0.08152580093135492,0.9999999999504424
500,42.86541408420927,1.5,tribonacci,0.07541790524339016,0.9999999999942824
500,44.20637972028532,1.5,tribonacci,0.07508583919880278,0.9999999999679318
500,45.58929499981062,1.5,tribonacci,0.0814085411132917,0.9999999999685713
500,47.01547224022132,1.5,tribonacci,0.08229418419664979,0.9999999999681445
500,48.48626481239081,1.5,tribonacci,0.07665703546766511,0.9999999999656806
500,50.00306842491092,1.5,tribonacci,0.078210491203033,0.9999999999753114
500,51.56732244854966,1.5,tribonacci,0.08512742659963048,0.9999999999940082
500,53.180511282142,1.5,tribonacci,0.07872014362625689,0.9999999999466952
500,54.84416576121018,1.5,tribonacci,0.07301878380007812,0.9999999999986424
500,56.55986461065005,1.5,tribonacci,0.08160792246720376,0.999999999957429
500,58.329235942862034,1.5,tribonacci,0.0835102622235544,0.9999999999075571
500,60.153958802748356,1.5,tribonacci,0.07445304096606259,0.9999999999679811
500,62.035764761042714,1.5,tribonacci,0.08078237941164582,0.9999999999711195
500,63.97643955748427,1.5,tribonacci,0.0832938285901447,0.9999999999164405
500,65.97782479539536,1.5,tribonacci,0.07451146946449469,0.9999999999519973
500,68.04181968927098,1.5,tribonacci,0.07965621358678865,0.9999999999603467
500,70.17038286703826,1.5,tribonacci,0.07883241041812472,0.9999999999176254
500,72.36553422869653,1.5,tribonacci,0.07724519954355274,0.9999999999633131
500,74.62935686310134,1.5,tribonacci,0.08178367103119769,0.999999999963026
500,76.96399902471158,1.5,tribonacci,0.07665860899373612,0.9999999999519157
500,79.37167617217551,1.5,tribonacci,0.07839964527653132,0.9999999999610505
500,81.8546730706903,1.5,tribonacci,0.07838683526389517,0.9999999999611668
500,84.41534596012986,1.5,tribonacci,0.07728927571394038,0.9999999999175418
500,87.05612479099865,1.5,tribonacci,0.08228318375945229,0.9999999999705323
500,89.77951553033323,1.5,tribonacci,0.07587540287326917,0.99999999993832
500,92.58810253973955,1.5,tribonacci,0.08049708872894835,0.9999999999069314
500,95.48455102782293,1.5,tribonacci,0.07688507985898803,0.9999999999188631
500,98.47160957933774,1.5,tribonacci,0.08195488678593295,0.9999999999352379
500,101.5521127634568,1.5,tribonacci,0.07735209962351199,0.9999999998987091
500,104.72898382363586,1.5,tribonacci,0.08016535960670013,0.9999999999463017
500,108.00523745162529,1.5,tribonacci,0.0771784488255648,0.9999999999547166
500,111.38398264826195,1.5,tribonacci,0.08026136718995956,0.9999999998931101
500,114.86842567375535,1.5,tribonacci,0.08030169153795007,0.9999999999237811
500,118.46187309026836,1.5,tribonacci,0.07332894628361708,0.9999999998846195
500,122.16773489967919,1.5,tribonacci,0.08347366357130917,0.999999999961336
500,125.98952777950272,1.5,tribonacci,0.07949428063012196,0.999999999951645
500,129.93087842004158,1.5,tribonacci,0.07166180374525483,0.9999999998571656
500,133.99552696593383,1.5,tribonacci,0.08153114277194703,0.9999999999267655
500,138.18733056536323,1.5,tribonacci,0.08375796911544899,0.9999999998484206
500,142.5102670302998,1.5,tribonacci,0.07558929962937391,0.9999999998946173
500,146.9684386112446,1.5,tribonacci,0.07394499216342575,0.9999999998916849
500,151.5660758900603,1.5,tribonacci,0.07713760333734379,0.9999999998878848
500,156.30754179458157,1.5,tribonacci,0.08320260629008293,0.9999999998792332
500,161.1973357388157,1.5,tribonacci,0.08475142378151666,0.9999999999028172
500,166.2400978926612,1.5,tribonacci,0.0810442428934115,0.9999999998955168
500,171.440613585197,1.5,tribonacci,0.0810687557226667,0.9999999998933362
500,176.8038178457207,1.5,tribonacci,0.07684761197099593,0.9999999998940282
500,182.33480008684404,1.5,tribonacci,0.07596731018612057,0.9999999998362531
500,188.03880893409146,1.5,tribonacci,0.07545521501809264,0.9999999998358765
500,193.9212572065829,1.5,tribonacci,0.07536728080380899,0.9999999998435144
500,199.9877270535285,1.5,tribonacci,0.07498361593869889,0.9999999998479795
500,206.24397525140904,1.5,tribonacci,0.07511739132865654,0.9999999998435309
500,212.69593866686898,1.5,tribonacci,0.07838974022296627,0.9999999998033761
500,219.3497398905058,1.5,tribonacci,0.08909680714493037,0.9999999993026406
500,226.2116930469024,1.5,tribonacci,0.07100560835422369,0.999999999730524
500,233.2883097864156,1.5,tribonacci,0.09035415742163828,0.9999999994108596
500,240.58630546440645,1.5,tribonacci,0.05154550337542483,0.9999999992529789
500,248.11260551377677,1.5,tribonacci,0.056820305992858734,0.9999999990919233
500,255.87435201685892,1.5,tribonacci,0.060628207221283224,0.9999999986485127
500,263.87891048289345,1.5,tribonacci,0.05553747451256371,0.9999999966871561
500,272.13387683753086,1.5,tribonacci,0.038713972474232465,0.9999999969998432
500,280.6470846309839,1.5,tribonacci,0.04483123369168609,0.9999999959987076
500,289.4266124716752,1.5,tribonacci,0.03544481612251651,0.9999999961639854
500,298.4807916924327,1.5,tribonacci,0.04450246713139824,0.9999999965167304
500,307.81821425650804,1.5,tribonacci,0.062234028900577616,0.9999999977041006
500,317.4477409109193,1.5,tribonacci,0.04574258111716148,0.9999999968258254
500,327.3785095948577,1.5,tribonacci,0.05522747881876716,0.9999999954990635
500,337.61994411113403,1.5,tribonacci,0.06732354011639706,0.9999999949372784
500,348.18176306889666,1.5,tribonacci,0.04139590308985927,0.9999999965985837
500,359.0739891061055,1.5,tribonacci,0.04735379296692496,0.9999999937380878
500,370.30695840051413,1.5,tribonacci,0.04970933191878031,0.9999999952104937
500,381.8913304781854,1.5,tribonacci,0.06948829738871318,0.9999999936632161
500,393.8380983288489,1.5,tribonacci,0.08698659614669134,0.9999999930177748
500,406.158598837698,1.5,tribonacci,0.09215502886596758,0.9999999929807357
500,418.86452354352707,1.5,tribonacci,0.061921075792718765,0.9999999924715876
500,431.96792973341735,1.5,tribonacci,0.06349277035054858,0.9999999923350105
500,445.4812518844989,1.5,tribonacci,0.0685806359055191,0.999999991789675
500,459.41731346364764,1.5,tribonacci,0.07983770566963273,0.9999999915556397
500,473.7893390963144,1.5,tribonacci,0.04565741948859099,0.9999999906915968
500,488.6109671160326,1.5,tribonacci,0.037697137591751424,0.9999999901288912
500,503.89626250651503,1.5,tribonacci,0.03781493186595442,0.9999999895886211
500,519.6597302486197,1.5,tribonacci,0.07384013660546125,0.9999999891229425
500,535.9163290848514,1.5,tribonacci,0.07035696685135974,0.9999999876113913
500,552.6814857144603,1.5,tribonacci,0.07303233888066679,0.9999999884256799
500,569.9711094326076,1.5,tribonacci,0.05617622632207558,0.9999999866643403
500,587.8016072274912,1.5,tribonacci,0.05304361495106763,0.9999999870876696
500,606.1898993497572,1.5,tribonacci,0.06388078426891743,0.9999999860575967
500,625.1534353689711,1.5,tribonacci,0.06481331025765291,0.9999999854536197
500,644.7102107323869,1.5,tribonacci,0.062250372329596175,0.9999999861565432
500,664.8787838417263,1.5,tribonacci,0.054181772193235375,0.9999999845984342
500,685.6782936641738,1.5,tribonacci,0.036026639927936005,0.9999999844063537
500,707.1284778942996,1.5,tribonacci,0.06362886263051076,0.9999999819674094
500,729.2496916841444,1.5,tribonacci,0.09114168958120371,0.9999999825962382
500,752.0629269592407,1.5,tribonacci,0.07431439321602835,0.9999999822157518
500,775.5898323389001,1.5,tribonacci,0.05332167467768675,0.9999999826740792
500,799.8527336796708,1.5,tribonacci,0.07783766291855732,0.9999999814700019
500,824.8746552614581,1.5,tribonacci,0.058095800140255456,0.9999999784142297
500,850.6793416364153,1.5,tribonacci,0.06043282303470148,0.9999999784793532
500,877.2912801613356,1.5,tribonacci,0.0418344900005207,0.9999999782720347
500,904.7357242349293,1.5,tribonacci,0.05377218215567584,0.9999999765310689
500,933.038717262036,1.5,tribonacci,0.05635806792780766,0.999999975564188
500,962.2271173675134,1.5,tribonacci,0.06711964576331515,0.9999999742904057
500,992.3286228832545,1.5,tribonacci,0.05578117129266385,0.9999999729788411
500,1023.3717986325192,1.5,tribonacci,0.05720791156511622,0.9999999726590172
500,1055.386103036523,1.5,tribonacci,0.04012244342379476,0.9999999717930732
500,1088.4019160690054,1.5,tribonacci,0.054677851974974975,0.9999999697250433
500,1122.4505680853058,1.5,tribonacci,0.06282732998665623,0.9999999683508277
500,1157.5643695533035,1.5,tribonacci,0.07838481915802724,0.9999999686327982
500,1193.7766417144358,1.5,tribonacci,0.04261407112045987,0.9999999654053299
500,1231.1217482038908,1.5,tribonacci,0.035498621248477795,0.9999999674160144
500,1269.6351276599742,1.5,tribonacci,0.04099729969723559,0.9999999676738907
500,1309.353327353611,1.5,tribonacci,0.0493475808859882,0.9999999648720018
500,1350.3140378698736,1.5,tribonacci,0.04697462388716552,0.9999999636028782
500,1392.5561288744634,1.5,tribonacci,0.04479778155652265,0.9999999628899794
500,1436.1196859990787,1.5,tribonacci,0.052365247009640674,0.9999999615656686
500,1481.0460488806755,1.5,tribonacci,0.05814337448705564,0.9999999603487281
500,1527.377850390714,1.5,tribonacci,0.05655041792546214,0.9999999586596068
500,1575.1590570916228,1.5,tribonacci,0.035657993522146735,0.9999999574380123
500,1624.435010958867,1.5,tribonacci,0.03539111004016262,0.9999999565323259
500,1675.2524724082155,1.5,tribonacci,0.03365155900635843,0.9999999557880969
500,1727.6596646690364,1.5,tribonacci,0.03343980762079671,0.9999999544351812
500,1781.7063195457306,1.5,tribonacci,0.03213363897588516,0.999999951692588
500,1837.4437246107268,1.5,tribonacci,0.032224111776850355,0.9999999521948274
500,1894.9247718738216,1.5,tribonacci,0.02346550441806644,0.9999999512288259
500,1954.2040079740534,1.5,tribonacci,0.028456173278610858,0.9999999501450717
500,2015.337685941733,1.5,tribonacci,0.025736954901898035,0.9999999485625946
500,2078.383818579757,1.5,tribonacci,0.020919702707495488,0.9999999475558574
500,2143.4022335148566,1.5,tribonacci,0.02331871424984054,0.9999999467894717
500,2210.4546299710214,1.5,tribonacci,0.02025163516637749,0.9999999446274402
500,2279.6046373189797,1.5,tribonacci,0.015930433314244083,0.999999944143191
500,2350.9178754572868,1.5,tribonacci,0.017835928398979534,0.9999999432623883
500,2424.462017082328,1.5,tribonacci,0.017730205939673817,0.9999999417853532
500,2500.306851906324,1.5,tribonacci,0.017930190273894968,0.9999999391464702
500,2578.524352884274,1.5,tribonacci,0.01685193827145314,0.9999999391985586
500,2659.1887445126936,1.5,tribonacci,0.021147929181822237,0.9999999377642261
500,2742.3765732649495,1.5,tribonacci,0.022250274411779007,0.9999999362844328
500,2828.166780230032,1.5,tribonacci,0.01311218172397456,0.9999999348544897
500,2916.640776023704,1.5,tribonacci,0.013052279756179203,0.9999999335134787
500,3007.882518043099,1.5,tribonacci,0.016775279614584603,0.9999999321164641
500,3101.978590138097,1.5,tribonacci,0.0169000102841642,0.999999930498168
500,3199.018284775064,1.5,tribonacci,0.015694370359592612,0.9999999282109631
500,3299.093687770939,1.5,tribonacci,0.013082161049957563,0.9999999271232463
500,3402.2997656780676,1.5,tribonacci,0.014659216200003744,0.9999999244531941
500,3508.7344559027115,1.5,tribonacci,0.015877416105194372,0.999999923457074
500,3618.4987596427463,1.5,tribonacci,0.01703667604116645,0.9999999218626642
500,3731.6968377327516,1.5,tribonacci,0.01235055012104193,0.999999920564084
500,3848.436109487429,1.5,tribonacci,0.011664248474540199,0.9999999179849677
500,3968.827354637162,1.5,tribonacci,0.013120463425168748,0.9999999161772638
500,4092.984818452438,1.5,tribonacci,0.013076331440325894,0.999999913626416
500,4221.026320156899,1.5,tribonacci,0.013161705762540766,0.9999999126944814
500,4353.0733647318875,1.5,tribonacci,0.010278149998525521,0.9999999103025168
500,4489.251258218603,1.5,tribonacci,0.010346222222028897,0.9999999081446366
500,4629.689226627263,1.5,tribonacci,0.009440333170867768,0.9999999059865886
500,4774.520538566127,1.5,tribonacci,0.010237562836402399,0.9999999041081251
500,4923.882631706737,1.5,tribonacci,0.011480450063030384,0.999999901819994
500,5077.917243205398,1.5,tribonacci,0.015408630771688506,0.9999998996406364
500,5236.77054420465,1.5,tribonacci,0.011230214186670211,0.9999998975002835
500,5400.593278542368,1.5,tribonacci,0.01083841402675033,0.999999894790809
500,5569.5409058001305,1.5,tribonacci,0.009740590710867027,0.9999998918694414
500,5743.773748826581,1.5,tribonacci,0.010889090775824771,0.9999998901267357
500,5923.4571458758055,1.5,tribonacci,0.008873204716741656,0.9999998872796039
500,6108.76160750504,1.5,tribonacci,0.008300328800012137,0.999999885903091
500,6299.862978380694,1.5,tribonacci,0.00921500810932075,0.9999998831207823
500,6496.942604146125,1.5,tribonacci,0.009244718273105097,0.9999998799970771
500,6700.18750350959,1.5,tribonacci,0.009160486512139054,0.9999998783095663
500,6909.790545715645,1.5,tribonacci,0.009924910776521394,0.9999998749251755
500,7125.950633568411,1.5,tribonacci,0.0081151835285101,0.9999998723070709
500,7348.872892180388,1.5,tribonacci,0.008426554083818838,0.9999998705485369
500,7578.76886362593,1.5,tribonacci,0.007700956545309775,0.9999998675841272
500,7815.856707684091,1.5,tribonacci,0.0087152551956267,0.9999998649491932
500,8060.361408861345,1.5,tribonacci,0.009998057663896378,0.9999998611274523
500,8312.514989890631,1.5,tribonacci,0.00844700844812197,0.999999858739248
500,8572.556731909324,1.5,tribonacci,0.00730685726712192,0.9999998555472955
500,8840.733401525064,1.5,tribonacci,0.006811685475324408,0.9999998523111202
500,9117.299484984922,1.5,tribonacci,0.008116475885205754,0.999999850448263
500,9402.517429670132,1.5,tribonacci,0.007960827491413313,0.9999998467849872
500,9696.65789314552,1.5,tribonacci,0.008439346803771779,0.999999843552344
500,10000.0,1.5,tribonacci,0.007460026755416841,0.9999998400680644
1000,0.0,1.5,fibonacci,0.010802718160829386,1.0
1000,1.0,1.5,fibonacci,0.010802185623293138,1.0000000000022513
1000,1.0312831606721848,1.5,fibonacci,0.01080208619478393,1.0000000000015619
1000,1.0635449574860112,1.5,fibonacci,0.010801973198960906,1.0000000000003328
1000,1.096816005273138,1.5,fibonacci,0.010801845071971435,0.9999999999987572
1000,1.1311278765939214,1.5,fibonacci,0.0108017001024792,0.9999999999972449
1000,1.1665131316981963,1.5,fibonacci,0.010801536423158488,0.99999999999637
1000,1.2030053494233244,1.5,fibonacci,0.010801352002743157,0.9999999999966749
1000,1.240639159058832,1.5,fibonacci,0.010801144638876607,0.9999999999982337
1000,1.2794502732078736,1.5,fibonacci,0.01080091195202997,0.999999999999864
1000,1.3194755216767062,1.5,fibonacci,0.010800651381832843,1.0000000000000224
1000,1.3607528864243335,1.5,fibonacci,0.010800360187082008,1.0000000000000273
1000,1.403321537605485,1.5,fibonacci,0.010800035444614315,0.9999999999999015
1000,1.4472218707411348,1.5,fibonacci,0.010799674054320406,1.0000000000000198
1000,1.4924955450518296,1.5,fibonacci,0.0107992727475423,1.0000000000006648
1000,1.5391855229902058,1.5,fibonacci,0.01079882810025397,1.0000000000016895
1000,1.587336111010209,1.5,fibonacci,0.010798336551879013,1.0000000000024707
1000,1.6369930016117025,1.5,fibonacci,0.010797794430598117,1.0000000000022
1000,1.6882033167003634,1.5,fibonacci,0.010797197986002604,1.0000000000004563
1000,1.7410156523040161,1.5,fibonacci,0.010796543429907383,0.9999999999978207
1000,1.7954801246878311,1.5,fibonacci,0.010795826986027499,0.9999999999960636
1000,1.8516484179121548,1.5,fibonacci,0.010795044949018827,0.9999999999971244
1000,1.9095738328780973,1.5,fibonacci,0.010794193753049268,0.99999999999982
1000,1.9693113379074225,1.5,fibonacci,0.010793270051189952,1.0000000000000435
1000,2.0309176209047357,1.5,fibonacci,0.0107922708079111,0.999999999999866
1000,2.0944511431514696,1.5,fibonacci,0.010791193396773997,1.0000000000001517
1000,2.159972194782718,1.5,fibonacci,0.0107900357104664,1.0000000000016454
1000,2.2275429519995575,1.5,fibonacci,0.010788796278314767,1.0000000000030902
1000,2.2972275360711523,1.5,fibonacci,0.010787474389070763,1.0000000000021052
1000,2.369092074182633,1.5,fibonacci,0.010786070216547282,0.9999999999981691
1000,2.4432047621864883,1.5,fibonacci,0.01078458494529062,0.9999999999950491
1000,2.519635929317015,1.5,fibonacci,0.01078302089323836,0.9999999999977403
1000,2.598458104929249,1.5,fibonacci,0.01078138162766474,0.9999999999999519
1000,2.6797460873256913,1.5,fibonacci,0.010779672062193222,0.9999999999998093
1000,2.763577014736159,1.5,fibonacci,0.010777898537005741,1.0000000000004654
1000,2.850030438518107,1.5,fibonacci,0.010776068877459953,1.000000000002758
1000,2.9391883986468863,1.5,fibonacci,0.010774192423504563,1.0000000000024896
1000,3.0311355015675785,1.5,fibonacci,0.010772280020129862,0.9999999999973409
1000,3.1259590004822804,1.5,fibonacci,0.01077034396925048,0.9999999999950847
1000,3.2237488781490296,1.5,fibonacci,0.010768397952392912,0.9999999999997835
1000,3.3245979322709407,1.5,fibonacci,0.01076645691223775,0.9999999999997728
1000,3.428601863556586,1.5,fibonacci,0.010764536863886755,1.0000000000006568
1000,3.5358593665351785,1.5,fibonacci,0.010762654689145416,1.0000000000028515
1000,3.646472223212748,1.5,fibonacci,0.010760827865308017,0.9999999999993537
1000,3.760545399658171,1.5,fibonacci,0.010759074112626292,0.9999999999952229
1000,3.8781871456107226,1.5,fibonacci,0.010757410962113495,0.9999999999997626
1000,3.9995090972036653,1.5,fibonacci,0.01075585520280453,0.9999999999996786
1000,4.1246263829013525,1.5,fibonacci,0.01075442208507583,1.0000000000019829
1000,4.253657732750387,1.5,fibonacci,0.010753124280087734,1.0000000000013893
1000,4.386725591048498,1.5,fibonacci,0.010751970406498095,0.9999999999949446
1000,4.523956232538054,1.5,fibonacci,0.010750963001360029,0.9999999999997087
1000,4.6654798822344725,1.5,fibonacci,0.01075009581075646,0.9999999999996824
1000,4.811430839003259,1.5,fibonacci,0.010749350161953447,1.0000000000033722
1000,4.961947603002903,1.5,fibonacci,0.010748690392153135,0.9999999999983129
1000,5.117173007114605,1.5,fibonacci,0.01074805825337027,0.9999999999963486
1000,5.277254352483538,1.5,fibonacci,0.010747366457902582,0.9999999999996171
1000,5.442343548300267,1.5,fibonacci,0.010746491719358844,1.0000000000024496
1000,5.612597255954972,1.5,fibonacci,0.010745267947299238,0.9999999999992142
1000,5.788177037701274,1.5,fibonacci,0.010743480635117155,0.9999999999968249
1000,5.969249509970735,1.5,fibonacci,0.010740863786087915,0.9999999999994661
1000,6.155986501483509,1.5,fibonacci,0.010737101057787822,1.0000000000029023
1000,6.348565216305219,1.5,fibonacci,0.01073183291041534,0.9999999999947605
1000,6.547168402004738,1.5,fibonacci,0.010724671427327127,0.9999999999996322
1000,6.751984523072503,1.5,fibonacci,0.010715223798091316,1.0000000000020741
1000,6.963207939763885,1.5,fibonacci,0.0107031246521166,0.9999999999961822
1000,7.181039092537351,1.5,fibonacci,0.010688075720840847,0.999999999999549
1000,7.405684692262437,1.5,fibonacci,0.01066988954416183,1.0000000000020246
1000,7.637357916378021,1.5,fibonacci,0.010648532161359728,0.9999999999950476
1000,7.876278611187057,1.5,fibonacci,0.01062415812369973,0.9999999999994768
1000,8.122673500479713,1.5,fibonacci,0.010597130685376098,1.0000000000030878
1000,8.376776400682918,1.5,fibonacci,0.010568020967806213,0.9999999999944124
1000,8.638828442740447,1.5,fibonacci,0.010537582228135983,0.9999999999994986
1000,8.909078300934137,1.5,fibonacci,0.01050669928429789,0.9999999999986314
1000,9.187782428863335,1.5,fibonacci,0.010476317323259281,0.9999999999993683
1000,9.475205302806543,1.5,fibonacci,0.010447357472831991,1.0000000000033369
1000,9.771619672696177,1.5,fibonacci,0.010420626669907396,0.9999999999978157
1000,10.077306820944612,1.5,fibonacci,0.010396725603442805,1.0000000000018805
1000,10.392556829367125,1.5,fibonacci,0.01037595270223747,0.9999999999959348
1000,10.71766885445503,1.5,fibonacci,0.010358199093187378,1.0000000000021034
1000,11.052951411260215,1.5,fibonacci,0.010342838193786579,0.9999999999938638
1000,11.39872266616052,1.5,fibonacci,0.010328638029031913,1.000000000002661
1000,11.755310738783693,1.5,fibonacci,0.010313760345627303,0.9999999999940175
1000,12.123054013376523,1.5,fibonacci,0.01029593500053393,1.000000000002623
1000,12.502301459914554,1.5,fibonacci,0.010272879137621928,0.9999999999988592
1000,12.89341296525715,1.5,fibonacci,0.010242944021626782,0.9999999999995681
1000,13.29675967466212,1.5,fibonacci,0.010205833098070459,0.9999999999987337
1000,13.712724343984002,1.5,fibonacci,0.010163113580245577,0.9999999999907899
1000,14.141701702890233,1.5,fibonacci,0.010118237823650414,1.0000000000036058
1000,14.584098829439856,1.5,fibonacci,0.010075952346352652,0.9999999999986187
1000,15.040335536380244,1.5,fibonacci,0.010041238898247824,0.9999999999918854
1000,15.510844769528397,1.5,fibonacci,0.010018131269687806,1.0000000000030778
1000,15.996073018614878,1.5,fibonacci,0.010008712189033247,0.9999999999983021
1000,16.496480740980207,1.5,fibonacci,0.010012340304761254,0.9999999999979429
1000,17.012542798525892,1.5,fibonacci,0.01002505146297208,0.999999999992835
1000,17.544748908334597,1.5,fibonacci,0.010039513984521815,1.0000000000035862
1000,18.093604107387165,1.5,fibonacci,0.010046563653206763,0.9999999999990743
1000,18.65962923181746,1.5,fibonacci,0.010038993977027453,0.9999999999978725
1000,19.2433614111598,1.5,fibonacci,0.01001626270698807,0.9999999999982658
1000,19.845354578058032,1.5,fibonacci,0.009986706644456944,0.999999999991689
1000,20.466179993919898,1.5,fibonacci,0.009964719675754226,0.9999999999903602
1000,21.106426791015547,1.5,fibonacci,0.009964276574225656,0.9999999999921629
1000,21.76670253153459,1.5,fibonacci,0.009992578026096606,0.9999999999911953
1000,22.44763378413224,1.5,fibonacci,0.010045392868519064,0.9999999999876749
1000,23.14986671851161,1.5,fibonacci,0.010104619297051002,0.9999999999905237
1000,23.87406771860647,1.5,fibonacci,0.010143627964138171,0.9999999999970536
1000,24.620924014946254,1.5,fibonacci,0.010144949727578578,0.9999999999971712
1000,25.39114433680347,1.5,fibonacci,0.010118200526568656,0.9999999999973352
1000,26.185459584742325,1.5,fibonacci,0.01009691803765023,1.0000000000001288
1000,27.00462352420682,1.5,fibonacci,0.010114050699740794,0.999999999993843
1000,27.849413500806442,1.5,fibonacci,0.010176947574462655,0.9999999999962537
1000,28.72063117797828,1.5,fibonacci,0.010254151747769091,0.9999999999969382
1000,29.619103297725534,1.5,fibonacci,0.010288049211613533,0.9999999999947428
1000,30.545682465154318,1.5,fibonacci,0.010248074365744436,0.9999999999965282
1000,31.50124795755328,1.5,fibonacci,0.010174853781214696,1.000000000000849
1000,32.486706558783744,1.5,fibonacci,0.010144409768497068,0.9999999999961353
1000,33.502993419772295,1.5,fibonacci,0.010187194737140533,1.0000000000006062
1000,34.55107294592218,1.5,fibonacci,0.01024125597223935,0.9999999999958092
1000,35.631939712285856,1.5,fibonacci,0.010192698182435634,0.999999999989889
1000,36.7466194073669,1.5,fibonacci,0.010024750197120801,1.0000000000019114
1000,37.896169806447176,1.5,fibonacci,0.009863737731416921,0.9999999999951635
1000,39.08168177536266,1.5,fibonacci,0.009798011296877697,0.9999999999922975
1000,40.30428030568053,1.5,fibonacci,0.009730443225354385,0.9999999999890756
1000,41.5651255822599,1.5,fibonacci,0.009474352494849087,0.9999999999919329
1000,42.86541408420927,1.5,fibonacci,0.009074505882867057,0.9999999999991493
1000,44.20637972028532,1.5,fibonacci,0.008754561767451013,0.9999999999974777
1000,45.58929499981062,1.5,fibonacci,0.008528309730660615,0.9999999999971354
1000,47.01547224022132,1.5,fibonacci,0.008176629916987687,0.9999999999864395
1000,48.48626481239081,1.5,fibonacci,0.007712864991662683,0.9999999999866368
1000,50.00306842491092,1.5,fibonacci,0.00742356916924523,0.9999999999928715
1000,51.56732244854966,1.5,fibonacci,0.007304272874143544,0.9999999999969968
1000,53.180511282142,1.5,fibonacci,0.007103645084781071,0.999999999992425
1000,54.84416576121018,1.5,fibonacci,0.00692858297196158,0.9999999999969708
1000,56.55986461065005,1.5,fibonacci,0.006994609557347867,0.9999999999919242
1000,58.329235942862034,1.5,fibonacci,0.007086765696701324,0.9999999999880351
1000,60.153958802748356,1.5,fibonacci,0.007075086627111832,0.9999999999870783
1000,62.035764761042714,1.5,fibonacci,0.0072298560498539,0.9999999999913814
1000,63.97643955748427,1.5,fibonacci,0.007319642119217425,0.9999999999895636
1000,65.97782479539536,1.5,fibonacci,0.0070851006604717645,0.999999999984199
1000,68.04181968927098,1.5,fibonacci,0.006886712142378057,0.9999999999869497
1000,70.17038286703826,1.5,fibonacci,0.006495062852233102,0.9999999999900658
1000,72.36553422869653,1.5,fibonacci,0.006030657481558701,0.9999999999917021
1000,74.62935686310134,1.5,fibonacci,0.005770428825423952,0.9999999999894534
1000,76.96399902471158,1.5,fibonacci,0.0054619080446348224,0.9999999999833856
1000,79.37167617217551,1.5,fibonacci,0.005400283133335941,0.9999999999940283
1000,81.8546730706903,1.5,fibonacci,0.005366926605265022,0.9999999999901732
1000,84.41534596012986,1.5,fibonacci,0.005466318900880912,0.9999999999900684
1000,87.05612479099865,1.5,fibonacci,0.005617503614254868,0.9999999999926568
1000,89.77951553033323,1.5,fibonacci,0.005742486189146674,0.9999999999784491
1000,92.58810253973955,1.5,fibonacci,0.005926077326698651,0.9999999999865901
1000,95.48455102782293,1.5,fibonacci,0.0060133107906168584,0.999999999979344
1000,98.47160957933774,1.5,fibonacci,0.006095437665215755,0.9999999999915522
1000,101.5521127634568,1.5,fibonacci,0.00600380574347286,0.9999999999856387
1000,104.72898382363586,1.5,fibonacci,0.0057001596950569155,0.9999999999849879
1000,108.00523745162529,1.5,fibonacci,0.005475010381847987,0.9999999999860029
1000,111.38398264826195,1.5,fibonacci,0.005251139467951921,0.9999999999868793
1000,114.86842567375535,1.5,fibonacci,0.005515657670218863,0.999999999983644
1000,118.46187309026836,1.5,fibonacci,0.005937169204536735,0.9999999999813608
1000,122.16773489967919,1.5,fibonacci,0.006526490999909781,0.9999999999869364
1000,125.98952777950272,1.5,fibonacci,0.006982624175059933,0.9999999999867334
1000,129.93087842004158,1.5,fibonacci,0.006649166087341797,0.9999999999782783
1000,133.99552696593383,1.5,fibonacci,0.00609534726046339,0.9999999999802992
1000,138.18733056536323,1.5,fibonacci,0.00602639036924333,0.9999999999857754
1000,142.5102670302998,1.5,fibonacci,0.006445036503243165,0.9999999999825187
1000,146.9684386112446,1.5,fibonacci,0.007038649478535222,0.9999999999825636
1000,151.5660758900603,1.5,fibonacci,0.007533195402233723,0.9999999999737551
1000,156.30754179458157,1.5,fibonacci,0.007893818819404059,0.9999999999762579
1000,161.1973357388157,1.5,fibonacci,0.007898153083055451,0.9999999999687093
1000,166.2400978926612,1.5,fibonacci,0.007253984810315363,0.9999999999633465
1000,171.440613585197,1.5,fibonacci,0.0066447970363264835,0.999999999974063
1000,176.8038178457207,1.5,fibonacci,0.007015686784590468,0.9999999999789392
1000,182.33480008684404,1.5,fibonacci,0.008384355473934414,0.9999999999715531
1000,188.03880893409146,1.5,fibonacci,0.008409058202786564,0.9999999999705358
1000,193.9212572065829,1.5,fibonacci,0.006839080711016236,0.9999999999781234
1000,199.9877270535285,1.5,fibonacci,0.006224328124013932,0.9999999999685268
1000,206.24397525140904,1.5,fibonacci,0.006606833321663243,0.9999999999670061
1000,212.69593866686898,1.5,fibonacci,0.007039790228614749,0.999999999965883
1000,219.3497398905058,1.5,fibonacci,0.0072091054412985215,0.9999999999540468
1000,226.2116930469024,1.5,fibonacci,0.006520187640387441,0.9999999999668748
1000,233.2883097864156,1.5,fibonacci,0.006016743177108075,0.9999999999517937
1000,240.58630546440645,1.5,fibonacci,0.007048033434366429,0.9999999999661096
1000,248.11260551377677,1.5,fibonacci,0.007451300546791382,0.9999999999666493
1000,255.87435201685892,1.5,fibonacci,0.006085576209575779,0.999999999958008
1000,263.87891048289345,1.5,fibonacci,0.0063906769430977116,0.999999999952382
1000,272.13387683753086,1.5,fibonacci,0.00720444373526327,0.9999999999557243
1000,280.6470846309839,1.5,fibonacci,0.007245860874309082,0.9999999999543241
1000,289.4266124716752,1.5,fibonacci,0.006841463915057297,0.9999999999527008
1000,298.4807916924327,1.5,fibonacci,0.007338796739553553,0.9999999999422808
1000,307.81821425650804,1.5,fibonacci,0.007824107066339464,0.9999999999433997
1000,317.4477409109193,1.5,fibonacci,0.006902059155683306,0.9999999999510129
1000,327.3785095948577,1.5,fibonacci,0.00693320926170463,0.9999999999469921
1000,337.61994411113403,1.5,fibonacci,0.006696890614932237,0.999999999951979
1000,348.18176306889666,1.5,fibonacci,0.006445264244222011,0.9999999999469156
1000,359.0739891061055,1.5,fibonacci,0.0062262525625409945,0.999999999932176
1000,370.30695840051413,1.5,fibonacci,0.005470777899449521,0.9999999999323766
1000,381.8913304781854,1.5,fibonacci,0.00520290358811812,0.9999999999442432
1000,393.8380983288489,1.5,fibonacci,0.005579263136436488,0.9999999999428344
1000,406.158598837698,1.5,fibonacci,0.006115052076350495,0.9999999999340345
1000,418.86452354352707,1.5,fibonacci,0.0064933968902193065,0.9999999999325472
1000,431.96792973341735,1.5,fibonacci,0.006437808251785322,0.9999999999345256
1000,445.4812518844989,1.5,fibonacci,0.006695455224961887,0.999999999928037
1000,459.41731346364764,1.5,fibonacci,0.007016972017935321,0.9999999999251539
1000,473.7893390963144,1.5,fibonacci,0.0069713302774003305,0.9999999999227137
1000,488.6109671160326,1.5,fibonacci,0.006661432425732673,0.9999999999099451
1000,503.89626250651503,1.5,fibonacci,0.005765184397254231,0.9999999999209417
1000,519.6597302486197,1.5,fibonacci,0.005096996115190212,0.9999999999103065
1000,535.9163290848514,1.5,fibonacci,0.005481041634546934,0.9999999999014226
1000,552.6814857144603,1.5,fibonacci,0.0060867461470198595,0.9999999999006989
1000,569.9711094326076,1.5,fibonacci,0.005993599818381206,0.999999999900037
1000,587.8016072274912,1.5,fibonacci,0.005948826807813113,0.9999999998996797
1000,606.1898993497572,1.5,fibonacci,0.007431667528997495,0.9999999999068742
1000,625.1534353689711,1.5,fibonacci,0.0068112690632408,0.9999999999040653
1000,644.7102107323869,1.5,fibonacci,0.005735423113843518,0.9999999998940285
1000,664.8787838417263,1.5,fibonacci,0.005606467951490881,0.9999999998830951
1000,685.6782936641738,1.5,fibonacci,0.005348261801750068,0.9999999998931833
1000,707.1284778942996,1.5,fibonacci,0.005752451557485608,0.9999999998828357
1000,729.2496916841444,1.5,fibonacci,0.006623362765691649,0.9999999998695175
1000,752.0629269592407,1.5,fibonacci,0.00727231309486149,0.9999999998681298
1000,775.5898323389001,1.5,fibonacci,0.0075310773895155315,0.9999999998707602
1000,799.8527336796708,1.5,fibonacci,0.007281827631062775,0.9999999998717733
1000,824.8746552614581,1.5,fibonacci,0.007436762199898918,0.9999999998511238
1000,850.6793416364153,1.5,fibonacci,0.006383505554061441,0.9999999998457626
1000,877.2912801613356,1.5,fibonacci,0.005881680880709706,0.9999999998506474
1000,904.7357242349293,1.5,fibonacci,0.006564671499728514,0.999999999852404
1000,933.038717262036,1.5,fibonacci,0.007128818773565369,0.9999999998288398
1000,962.2271173675134,1.5,fibonacci,0.006070527185383127,0.999999999841985
1000,992.3286228832545,1.5,fibonacci,0.005495727046735524,0.9999999998250417
1000,1023.3717986325192,1.5,fibonacci,0.00561603468788191,0.9999999998242234
1000,1055.386103036523,1.5,fibonacci,0.006016351348281855,0.9999999998241822
1000,1088.4019160690054,1.5,fibonacci,0.007209992682748066,0.9999999998153408
1000,1122.4505680853058,1.5,fibonacci,0.005408346858331949,0.9999999998112586
1000,1157.5643695533035,1.5,fibonacci,0.005805974543428578,0.9999999998040431
1000,1193.7766417144358,1.5,fibonacci,0.005189442665534443,0.9999999997897713
1000,1231.1217482038908,1.5,fibonacci,0.006012941814804768,0.9999999997814868
1000,1269.6351276599742,1.5,fibonacci,0.005431466541970279,0.9999999997819891
1000,1309.353327353611,1.5,fibonacci,0.006548420737684867,0.999999999753474
1000,1350.3140378698736,1.5,fibonacci,0.0058186841957531725,0.9999999997653444
1000,1392.5561288744634,1.5,fibonacci,0.005916993916748152,0.9999999997493577
1000,1436.1196859990787,1.5,fibonacci,0.007501160199383012,0.999999999740941
1000,1481.0460488806755,1.5,fibonacci,0.006187231196916056,0.9999999997206866
1000,1527.377850390714,1.5,fibonacci,0.006537897871085389,0.9999999997269213
1000,1575.1590570916228,1.5,fibonacci,0.005115245031639774,0.9999999997159632
1000,1624.435010958867,1.5,fibonacci,0.005180766843990257,0.9999999997117717
1000,1675.2524724082155,1.5,fibonacci,0.005156163792721923,0.9999999996851938
1000,1727.6596646690364,1.5,fibonacci,0.00627664678349292,0.99999999968228
1000,1781.7063195457306,1.5,fibonacci,0.005869953922313378,0.9999999996582345
1000,1837.4437246107268,1.5,fibonacci,0.006871995674387576,0.9999999996581094
1000,1894.9247718738216,1.5,fibonacci,0.005783570899871641,0.9999999996359089
1000,1954.2040079740534,1.5,fibonacci,0.005061238505177289,0.9999999996370886
1000,2015.337685941733,1.5,fibonacci,0.006674508901576588,0.9999999996244203
1000,2078.383818579757,1.5,fibonacci,0.006339736353689204,0.9999999996011494
1000,2143.4022335148566,1.5,fibonacci,0.00536325127288729,0.9999999995988018
1000,2210.4546299710214,1.5,fibonacci,0.006164515635436829,0.9999999995895603
1000,2279.6046373189797,1.5,fibonacci,0.005390822304307152,0.9999999995793326
1000,2350.9178754572868,1.5,fibonacci,0.0064738768715159435,0.9999999995535032
1000,2424.462017082328,1.5,fibonacci,0.005822477281972143,0.9999999995523083
1000,2500.306851906324,1.5,fibonacci,0.005255094056360641,0.9999999995277057
1000,2578.524352884274,1.5,fibonacci,0.005833861633332506,0.9999999995119198
1000,2659.1887445126936,1.5,fibonacci,0.006642159376183745,0.99999999950281
1000,2742.3765732649495,1.5,fibonacci,0.005311639467837446,0.9999999994816895
1000,2828.166780230032,1.5,fibonacci,0.007234121986510267,0.9999999994635821
1000,2916.640776023704,1.5,fibonacci,0.005275313655811247,0.9999999994463932
1000,3007.882518043099,1.5,fibonacci,0.007092960993026786,0.9999999994176978
1000,3101.978590138097,1.5,fibonacci,0.005983118637393721,0.9999999994129648
1000,3199.018284775064,1.5,fibonacci,0.005601053456238859,0.9999999993991405
1000,3299.093687770939,1.5,fibonacci,0.005879508003101257,0.9999999993758432
1000,3402.2997656780676,1.5,fibonacci,0.005454771257984053,0.9999999993551676
1000,3508.7344559027115,1.5,fibonacci,0.0053557446483644576,0.999999999316298
1000,3618.4987596427463,1.5,fibonacci,0.006307285890630528,0.9999999992959521
1000,3731.6968377327516,1.5,fibonacci,0.005156194806953746,0.9999999992643618
1000,3848.436109487429,1.5,fibonacci,0.0067284498866200535,0.9999999992474119
1000,3968.827354637162,1.5,fibonacci,0.005463122381623271,0.9999999992207952
1000,4092.984818452438,1.5,fibonacci,0.004716637776909487,0.9999999991808345
1000,4221.026320156899,1.5,fibonacci,0.005302369448368289,0.9999999991425498
1000,4353.0733647318875,1.5,fibonacci,0.006257564441131769,0.9999999990887793
1000,4489.251258218603,1.5,fibonacci,0.005444283729573285,0.9999999990704309
1000,4629.689226627263,1.5,fibonacci,0.006222865953106465,0.9999999990189106
1000,4774.520538566127,1.5,fibonacci,0.005601575128411377,0.9999999989327316
1000,4923.882631706737,1.5,fibonacci,0.005282199065506707,0.9999999988766786
1000,5077.917243205398,1.5,fibonacci,0.005572486222701562,0.9999999987999225
1000,5236.77054420465,1.5,fibonacci,0.005321288237056081,0.9999999986688667
1000,5400.593278542368,1.5,fibonacci,0.005667310927755967,0.9999999985443587
1000,5569.5409058001305,1.5,fibonacci,0.0064277638898558856,0.9999999983097981
1000,5743.773748826581,1.5,fibonacci,0.005415881869815232,0.9999999979787321
1000,5923.4571458758055,1.5,fibonacci,0.005097609794307907,0.9999999976917334
1000,6108.76160750504,1.5,fibonacci,0.005655712807835939,0.9999999969468436
1000,6299.862978380694,1.5,fibonacci,0.005249925865821622,0.9999999965971469
1000,6496.942604146125,1.5,fibonacci,0.005937373631078705,0.9999999959653888
1000,6700.18750350959,1.5,fibonacci,0.004243381656303703,0.9999999948742692
1000,6909.790545715645,1.5,fibonacci,0.004839770549992574,0.9999999939547076
1000,7125.950633568411,1.5,fibonacci,0.00571951605311072,0.9999999929987823
1000,7348.872892180388,1.5,fibonacci,0.0036640059426760675,0.9999999914044053
1000,7578.76886362593,1.5,fibonacci,0.0038898834379537724,0.9999999897170728
1000,7815.856707684091,1.5,fibonacci,0.004909463264846059,0.9999999878134962
1000,8060.361408861345,1.5,fibonacci,0.0037355051074932986,0.9999999856673363
1000,8312.514989890631,1.5,fibonacci,0.0040024336608268235,0.9999999837705155
1000,8572.556731909324,1.5,fibonacci,0.003818636211160704,0.9999999814688642
1000,8840.733401525064,1.5,fibonacci,0.004091350237827302,0.9999999787277852
1000,9117.299484984922,1.5,fibonacci,0.003770997282003684,0.9999999762112255
1000,9402.517429670132,1.5,fibonacci,0.0034043712457091572,0.9999999729307404
1000,9696.65789314552,1.5,fibonacci,0.00362126121970112,0.9999999708884834
1000,10000.0,1.5,fibonacci,0.0032111101278793188,0.9999999676082469
1000,0.0,1.5,tribonacci,0.0410088225794245,1.0
1000,1.0,1.5,tribonacci,0.040991805550540106,0.9999999999903832
1000,1.0312831606721848,1.5,tribonacci,0.04098974450218674,0.9999999999881438
1000,1.0635449574860112,1.5,tribonacci,0.0409874457425259,0.9999999999899674
1000,1.096816005273138,1.5,tribonacci,0.04098488417018424,0.9999999999955829
1000,1.1311278765939214,1.5,tribonacci,0.040982032479712494,0.9999999999998479
1000,1.1665131316981963,1.5,tribonacci,0.04097886106321474,1.000000000000228
1000,1.2030053494233244,1.5,tribonacci,0.0409753379257023,1.0000000000001057
1000,1.240639159058832,1.5,tribonacci,0.0409714286092125,0.999999999999694
1000,1.2794502732078736,1.5,tribonacci,0.04096709615509749,1.0000000000003424
1000,1.3194755216767062,1.5,tribonacci,0.04096230109733095,1.000000000002882
1000,1.3607528864243335,1.5,tribonacci,0.0409570014992986,1.0000000000066096
1000,1.403321537605485,1.5,tribonacci,0.040951153044082755,1.000000000009236
1000,1.4472218707411348,1.5,tribonacci,0.040944709189410414,1.0000000000079432
1000,1.4924955450518296,1.5,tribonacci,0.0409376213994943,1.000000000001362
1000,1.5391855229902058,1.5,tribonacci,0.04092983946683953,0.9999999999916914
1000,1.587336111010209,1.5,tribonacci,0.04092131193755588,0.9999999999853415
1000,1.6369930016117025,1.5,tribonacci,0.04091198665357779,0.999999999989344
1000,1.6882033167003634,1.5,tribonacci,0.04090181142413704,0.9999999999994305
1000,1.7410156523040161,1.5,tribonacci,0.04089073484915778,1.000000000000289
1000,1.7954801246878311,1.5,tribonacci,0.04087870732513139,0.9999999999996533
1000,1.8516484179121548,1.5,tribonacci,0.0408656821900824,1.0000000000005027
1000,1.9095738328780973,1.5,tribonacci,0.04085161707444357,1.0000000000058162
1000,1.9693113379074225,1.5,tribonacci,0.04083647543877814,1.0000000000116371
1000,2.0309176209047357,1.5,tribonacci,0.04082022830109622,1.0000000000092912
1000,2.0944511431514696,1.5,tribonacci,0.04080285614969831,0.9999999999953721
1000,2.159972194782718,1.5,tribonacci,0.04078435103030719,0.9999999999815606
1000,2.2275429519995575,1.5,tribonacci,0.04076471878746116,0.9999999999881526
1000,2.2972275360711523,1.5,tribonacci,0.04074398142862195,0.9999999999998009
1000,2.369092074182633,1.5,tribonacci,0.04072217955747915,0.9999999999997555
1000,2.4432047621864883,1.5,tribonacci,0.04069937483094249,1.0000000000006795
1000,2.519635929317015,1.5,tribonacci,0.04067565237687669,1.0000000000100828
1000,2.598458104929249,1.5,tribonacci,0.040651123113457296,1.0000000000150389
1000,2.6797460873256913,1.5,tribonacci,0.04062592584123441,0.9999999999980809
1000,2.763577014736159,1.5,tribonacci,0.040600229036137886,0.9999999999764236
1000,2.850030438518107,1.5,tribonacci,0.04057423231535474,0.9999999999922038
1000,2.9391883986468863,1.5,tribonacci,0.04054816755918229,1.0000000000000147
1000,3.0311355015675785,1.5,tribonacci,0.04052229938009325,0.9999999999995876
1000,3.1259590004822804,1.5,tribonacci,0.04049692522417219,1.0000000000098306
1000,3.2237488781490296,1.5,tribonacci,0.0404723750792021,1.0000000000114229
1000,3.3245979322709407,1.5,tribonacci,0.04044901072845964,0.9999999999844832
1000,3.428601863556586,1.5,tribonacci,0.04042722472529249,0.999999999985197
1000,3.5358593665351785,1.5,tribonacci,0.04040743956988863,0.9999999999997261
1000,3.646472223212748,1.5,tribonacci,0.04039010676673181,1.00000000000023
1000,3.760545399658171,1.5,tribonacci,0.04037570604462955,1.0000000000119051
1000,3.8781871456107226,1.5,tribonacci,0.040364744927532004,0.9999999999965854
1000,3.9995090972036653,1.5,tribonacci,0.04035775776443534,0.9999999999809946
1000,4.1246263829013525,1.5,tribonacci,0.0403553038685557,0.9999999999996285
1000,4.253657732750387,1.5,tribonacci,0.040357963179289406,1.0000000000013822
1000,4.386725591048498,1.5,tribonacci,0.04036632681986635,1.0000000000138016
1000,4.523956232538054,1.5,tribonacci,0.0403809802429258,0.9999999999814755
1000,4.6654798822344725,1.5,tribonacci,0.040402474541292845,0.9999999999980561
1000,4.811430839003259,1.5,tribonacci,0.04043128275227824,0.9999999999984591
1000,4.961947603002903,1.5,tribonacci,0.040467736692323446,1.0000000000205322
1000,5.117173007114605,1.5,tribonacci,0.040511942915296875,0.9999999999836314
1000,5.277254352483538,1.5,tribonacci,0.04056367795471533,0.9999999999932275
1000,5.442343548300267,1.5,tribonacci,0.04062226800640852,0.9999999999983231
1000,5.612597255954972,1.5,tribonacci,0.0406864634161433,1.000000000016758
1000,5.788177037701274,1.5,tribonacci,0.040754325239865455,0.9999999999716318
1000,5.969249509970735,1.5,tribonacci,0.04082314807283306,0.9999999999983704
1000,6.155986501483509,1.5,tribonacci,0.04088944788713673,1.0000000000068865
1000,6.348565216305219,1.5,tribonacci,0.040949047149173565,0.9999999999838832
1000,6.547168402004738,1.5,tribonacci,0.040997284916052035,0.9999999999980096
1000,6.751984523072503,1.5,tribonacci,0.041029368770249985,1.0000000000084712
1000,6.963207939763885,1.5,tribonacci,0.04104086614165624,0.9999999999848309
1000,7.181039092537351,1.5,tribonacci,0.0410283030996131,0.9999999999982642
1000,7.405684692262437,1.5,tribonacci,0.040989805451758995,1.0000000000022577
1000,7.637357916378021,1.5,tribonacci,0.04092568746767462,0.9999999999975968
1000,7.876278611187057,1.5,tribonacci,0.040838874267856075,1.0000000000097307
1000,8.122673500479713,1.5,tribonacci,0.04073505065228045,0.9999999999745689
1000,8.376776400682918,1.5,tribonacci,0.040622465291521505,0.9999999999981798
1000,8.638828442740447,1.5,tribonacci,0.04051138505798903,0.9999999999862959
1000,8.909078300934137,1.5,tribonacci,0.04041327319370369,0.9999999999968778
1000,9.187782428863335,1.5,tribonacci,0.04033982493089647,0.9999999999926985
1000,9.475205302806543,1.5,tribonacci,0.04030198830094044,0.9999999999967704
1000,9.771619672696177,1.5,tribonacci,0.04030899877880177,0.9999999999905331
1000,10.077306820944612,1.5,tribonacci,0.04036728702086285,0.9999999999965188
1000,10.392556829367125,1.5,tribonacci,0.040479001001173597,0.9999999999800092
1000,10.71766885445503,1.5,tribonacci,0.04063999113267564,0.9999999999992584
1000,11.052951411260215,1.5,tribonacci,0.04083755487194029,0.9999999999776251
1000,11.39872266616052,1.5,tribonacci,0.04104890872975163,1.0000000000073601
1000,11.755310738783693,1.5,tribonacci,0.04124187214106072,0.9999999999963789
1000,12.123054013376523,1.5,tribonacci,0.04137911095013402,0.9999999999827089
1000,12.502301459914554,1.5,tribonacci,0.0414261950725056,1.000000000007505
1000,12.89341296525715,1.5,tribonacci,0.04136183900238694,0.9999999999957845
1000,13.29675967466212,1.5,tribonacci,0.041186807533508826,0.9999999999759743
1000,13.712724343984002,1.5,tribonacci,0.04092736422884743,1.000000000004619
1000,14.141701702890233,1.5,tribonacci,0.040630887387840174,0.9999999999992663
1000,14.584098829439856,1.5,tribonacci,0.04035496070960544,0.9999999999956244
1000,15.040335536380244,1.5,tribonacci,0.04015431040705067,0.9999999999887903
1000,15.510844769528397,1.5,tribonacci,0.04006941331646668,0.9999999999787459
1000,15.996073018614878,1.5,tribonacci,0.040116896299910394,1.0000000000053904
1000,16.496480740980207,1.5,tribonacci,0.040280443440625924,1.0000000000051974
1000,17.012542798525892,1.5,tribonacci,0.040506338592742,1.0000000000009286
1000,17.544748908334597,1.5,tribonacci,0.04071450360895711,0.9999999999995446
1000,18.093604107387165,1.5,tribonacci,0.040830946276564015,0.9999999999993275
1000,18.65962923181746,1.5,tribonacci,0.04082824296708074,0.9999999999979937
1000,19.2433614111598,1.5,tribonacci,0.0407451749942688,0.9999999999991724
1000,19.845354578058032,1.5,tribonacci,0.040666509151820754,1.000000000002585
1000,20.466179993919898,1.5,tribonacci,0.040674535250181,0.9999999999986658
1000,21.106426791015547,1.5,tribonacci,0.04080096853851207,0.9999999999796204
1000,21.76670253153459,1.5,tribonacci,0.04099557074026076,0.9999999999829357
1000,22.44763378413224,1.5,tribonacci,0.04112713395709608,0.9999999999932256
1000,23.14986671851161,1.5,tribonacci,0.04105197938244203,1.0000000000023752
1000,23.87406771860647,1.5,tribonacci,0.04073826273874131,0.9999999999826926
1000,24.620924014946254,1.5,tribonacci,0.04033051381206926,0.9999999999929466
1000,25.39114433680347,1.5,tribonacci,0.040062871525626334,1.000000000001827
1000,26.185459584742325,1.5,tribonacci,0.04009588946360591,0.9999999999783278
1000,27.00462352420682,1.5,tribonacci,0.040397686396381215,0.999999999996153
1000,27.849413500806442,1.5,tribonacci,0.04072817498046428,0.9999999999771139
1000,28.72063117797828,1.5,tribonacci,0.04081780154759898,1.000000000002222
1000,29.619103297725534,1.5,tribonacci,0.0406520579086124,0.9999999999915062
1000,30.545682465154318,1.5,tribonacci,0.04048775738431628,0.9999999999828472
1000,31.50124795755328,1.5,tribonacci,0.040548664599466475,1.0000000000010771
1000,32.486706558783744,1.5,tribonacci,0.04075673710258194,0.9999999999903934
1000,33.502993419772295,1.5,tribonacci,0.04077343864614973,0.9999999999904384
1000,34.55107294592218,1.5,tribonacci,0.040439954021981535,0.999999999978666
1000,35.631939712285856,1.5,tribonacci,0.04007523735831219,0.9999999999750107
1000,36.7466194073669,1.5,tribonacci,0.04008889354769903,0.9999999999747682
1000,37.896169806447176,1.5,tribonacci,0.040429400801984934,0.9999999999796023
1000,39.08168177536266,1.5,tribonacci,0.04057893731402866,0.9999999999893947
1000,40.30428030568053,1.5,tribonacci,0.0403116212857467,0.9999999999899222
1000,41.5651255822599,1.5,tribonacci,0.040083873816359576,0.9999999999957437
1000,42.86541408420927,1.5,tribonacci,0.04025611408436517,0.9999999999796504
1000,44.20637972028532,1.5,tribonacci,0.04047468329615123,0.9999999999915954
1000,45.58929499981062,1.5,tribonacci,0.04027628739904139,0.9999999999713493
1000,47.01547224022132,1.5,tribonacci,0.039989907235622756,0.999999999995594
1000,48.48626481239081,1.5,tribonacci,0.03997803065780379,0.999999999987204
1000,50.00306842491092,1.5,tribonacci,0.03987103789326961,0.9999999999705301
1000,51.56732244854966,1.5,tribonacci,0.03970528424215658,0.9999999999859235
1000,53.180511282142,1.5,tribonacci,0.04021005332707132,0.9999999999923119
1000,54.84416576121018,1.5,tribonacci,0.04058276783444296,0.9999999999929267
1000,56.55986461065005,1.5,tribonacci,0.03956175828810988,0.999999999980495
1000,58.329235942862034,1.5,tribonacci,0.03919714982935351,0.9999999999718913
1000,60.153958802748356,1.5,tribonacci,0.04027610699829622,0.9999999999839914
1000,62.035764761042714,1.5,tribonacci,0.039675966694684386,0.9999999999975477
1000,63.97643955748427,1.5,tribonacci,0.03944244529816366,0.9999999999829088
1000,65.97782479539536,1.5,tribonacci,0.04074339872695104,0.9999999999919484
1000,68.04181968927098,1.5,tribonacci,0.03904838854863731,0.9999999999814304
1000,70.17038286703826,1.5,tribonacci,0.03941303291191867,0.9999999999809902
1000,72.36553422869653,1.5,tribonacci,0.04057330312735166,0.9999999999729096
1000,74.62935686310134,1.5,tribonacci,0.039151096518040905,0.999999999977052
1000,76.96399902471158,1.5,tribonacci,0.0405109180630598,0.9999999999795155
1000,79.37167617217551,1.5,tribonacci,0.03948439756931982,0.999999999985265
1000,81.8546730706903,1.5,tribonacci,0.04006102743957716,0.9999999999636928
1000,84.41534596012986,1.5,tribonacci,0.04001005169033024,0.9999999999839249
1000,87.05612479099865,1.5,tribonacci,0.040391819644011714,0.9999999999770625
1000,89.77951553033323,1.5,tribonacci,0.04019269287758081,0.9999999999752083
1000,92.58810253973955,1.5,tribonacci,0.04009119618441893,0.999999999973872
1000,95.48455102782293,1.5,tribonacci,0.040695093695154845,0.9999999999749436
1000,98.47160957933774,1.5,tribonacci,0.04067366527852925,0.9999999999843431
1000,101.5521127634568,1.5,tribonacci,0.04026127861082471,0.9999999999731051
1000,104.72898382363586,1.5,tribonacci,0.040944910949997436,0.9999999999758017
1000,108.00523745162529,1.5,tribonacci,0.040472820772140476,0.9999999999821785
1000,111.38398264826195,1.5,tribonacci,0.04095183636531625,0.9999999999789947
1000,114.86842567375535,1.5,tribonacci,0.04028761376106471,0.9999999999539578
1000,118.46187309026836,1.5,tribonacci,0.04052525900715648,0.9999999999745637
1000,122.16773489967919,1.5,tribonacci,0.04054295223307008,0.9999999999686333
1000,125.98952777950272,1.5,tribonacci,0.04000816691577325,0.9999999999675835
1000,129.93087842004158,1.5,tribonacci,0.039878115718115704,0.9999999999662468
1000,133.99552696593383,1.5,tribonacci,0.039492115488576576,0.9999999999736844
1000,138.18733056536323,1.5,tribonacci,0.03992578916677601,0.9999999999642286
1000,142.5102670302998,1.5,tribonacci,0.03894720514053136,0.9999999999634855
1000,146.9684386112446,1.5,tribonacci,0.03886546003417918,0.9999999999625782
1000,151.5660758900603,1.5,tribonacci,0.038797284081961016,0.999999999970915
1000,156.30754179458157,1.5,tribonacci,0.03879873611098544,0.9999999999601614
1000,161.1973357388157,1.5,tribonacci,0.03919737099146679,0.9999999999585814
1000,166.2400978926612,1.5,tribonacci,0.039424386246399185,0.9999999999568884
1000,171.440613585197,1.5,tribonacci,0.040234161884564475,0.9999999999650626
1000,176.8038178457207,1.5,tribonacci,0.03980643193793242,0.9999999999541489
1000,182.33480008684404,1.5,tribonacci,0.04045945437617226,0.9999999999524504
1000,188.03880893409146,1.5,tribonacci,0.04011790107815544,0.9999999999625675
1000,193.9212572065829,1.5,tribonacci,0.04057320888731653,0.9999999999499039
1000,199.9877270535285,1.5,tribonacci,0.04043480150065697,0.999999999948634
1000,206.24397525140904,1.5,tribonacci,0.04017528932651766,0.9999999999544897
1000,212.69593866686898,1.5,tribonacci,0.03944521963179686,0.9999999999447948
1000,219.3497398905058,1.5,tribonacci,0.03931365372644063,0.9999999999419266
1000,226.2116930469024,1.5,tribonacci,0.040238895909097815,0.9999999999484858
1000,233.2883097864156,1.5,tribonacci,0.03936951282439941,0.9999999999391675
1000,240.58630546440645,1.5,tribonacci,0.0385279008645089,0.9999999999420212
1000,248.11260551377677,1.5,tribonacci,0.039258774752082636,0.9999999999223493
1000,255.87435201685892,1.5,tribonacci,0.03973507873081406,0.9999999999334452
1000,263.87891048289345,1.5,tribonacci,0.03928357695638613,0.9999999999351429
1000,272.13387683753086,1.5,tribonacci,0.039505079710316866,0.999999999920053
1000,280.6470846309839,1.5,tribonacci,0.04019490815326992,0.9999999999272431
1000,289.4266124716752,1.5,tribonacci,0.0405203255632687,0.9999999999255627
1000,298.4807916924327,1.5,tribonacci,0.04058247941351777,0.9999999999316915
1000,307.81821425650804,1.5,tribonacci,0.040057945320568285,0.9999999999344954
1000,317.4477409109193,1.5,tribonacci,0.03935733273467893,0.9999999999116372
1000,327.3785095948577,1.5,tribonacci,0.039586860362406245,0.9999999999137552
1000,337.61994411113403,1.5,tribonacci,0.03962956877936098,0.9999999999073355
1000,348.18176306889666,1.5,tribonacci,0.039895968862785694,0.9999999999103287
1000,359.0739891061055,1.5,tribonacci,0.03955247075520295,0.9999999998969009
1000,370.30695840051413,1.5,tribonacci,0.03938479007635729,0.9999999999051988
1000,381.8913304781854,1.5,tribonacci,0.039803769841889,0.9999999999019122
1000,393.8380983288489,1.5,tribonacci,0.04030488795690968,0.9999999999055279
1000,406.158598837698,1.5,tribonacci,0.03964848501298718,0.9999999998885704
1000,418.86452354352707,1.5,tribonacci,0.03989028068614169,0.9999999998907118
1000,431.96792973341735,1.5,tribonacci,0.03977949495602599,0.9999999998364857
1000,445.4812518844989,1.5,tribonacci,0.03993016396504691,0.9999999996927224
1000,459.41731346364764,1.5,tribonacci,0.04140230876581156,0.9999999991176142
1000,473.7893390963144,1.5,tribonacci,0.045953605905494965,0.9999999986586883
1000,488.6109671160326,1.5,tribonacci,0.029053050817580747,0.9999999989941177
1000,503.89626250651503,1.5,tribonacci,0.038925695537286885,0.9999999979800973
1000,519.6597302486197,1.5,tribonacci,0.03590551729752792,0.9999999982340666
1000,535.9163290848514,1.5,tribonacci,0.03238101022637648,0.9999999974300052
1000,552.6814857144603,1.5,tribonacci,0.042302333920910096,0.9999999968554026
1000,569.9711094326076,1.5,tribonacci,0.04062041877531989,0.9999999967824492
1000,587.8016072274912,1.5,tribonacci,0.042150030529762635,0.9999999948747921
1000,606.1898993497572,1.5,tribonacci,0.04390070155699114,0.9999999954094445
1000,625.1534353689711,1.5,tribonacci,0.038741543237035166,0.9999999961345968
1000,644.7102107323869,1.5,tribonacci,0.03941855301701172,0.9999999959219291
1000,664.8787838417263,1.5,tribonacci,0.0407782465085234,0.9999999960505542
1000,685.6782936641738,1.5,tribonacci,0.032730244657741187,0.9999999954696894
1000,707.1284778942996,1.5,tribonacci,0.0356313554285006,0.9999999950935743
1000,729.2496916841444,1.5,tribonacci,0.03604524076959068,0.9999999944348771
1000,752.0629269592407,1.5,tribonacci,0.04109110826665948,0.9999999935941306
1000,775.5898323389001,1.5,tribonacci,0.043909045222829964,0.9999999931961626
1000,799.8527336796708,1.5,tribonacci,0.03390764785462874,0.9999999926540222
1000,824.8746552614581,1.5,tribonacci,0.044142597619147815,0.9999999917845367
1000,850.6793416364153,1.5,tribonacci,0.04094448785748188,0.9999999915856417
1000,877.2912801613356,1.5,tribonacci,0.04228264122876137,0.9999999916389828
1000,904.7357242349293,1.5,tribonacci,0.03511550074968444,0.9999999911440896
1000,933.038717262036,1.5,tribonacci,0.04532857931577947,0.9999999912057836
1000,962.2271173675134,1.5,tribonacci,0.04070606500960288,0.9999999899238228
1000,992.3286228832545,1.5,tribonacci,0.046288249830963496,0.9999999878905478
1000,1023.3717986325192,1.5,tribonacci,0.0418442704500785,0.9999999884365144
1000,1055.386103036523,1.5,tribonacci,0.04112876392240535,0.9999999880450736
1000,1088.4019160690054,1.5,tribonacci,0.04360509355286386,0.9999999874185157
1000,1122.4505680853058,1.5,tribonacci,0.04627024806628695,0.9999999870731082
1000,1157.5643695533035,1.5,tribonacci,0.04278078864939681,0.9999999870135149
1000,1193.7766417144358,1.5,tribonacci,0.03182582301152509,0.9999999854661226
1000,1231.1217482038908,1.5,tribonacci,0.03949918994311497,0.9999999845569835
1000,1269.6351276599742,1.5,tribonacci,0.03680358021359462,0.9999999841377871
1000,1309.353327353611,1.5,tribonacci,0.041664906585829276,0.9999999837979534
1000,1350.3140378698736,1.5,tribonacci,0.03901309247045926,0.9999999828919482
1000,1392.5561288744634,1.5,tribonacci,0.04580202811100896,0.9999999813850446
1000,1436.1196859990787,1.5,tribonacci,0.04554923905398514,0.9999999798896051
1000,1481.0460488806755,1.5,tribonacci,0.04038569195455624,0.9999999779875157
1000,1527.377850390714,1.5,tribonacci,0.04027410535388012,0.9999999773934511
1000,1575.1590570916228,1.5,tribonacci,0.03793291258260426,0.9999999782013371
1000,1624.435010958867,1.5,tribonacci,0.036875893532084994,0.9999999757841086
1000,1675.2524724082155,1.5,tribonacci,0.035940416614895256,0.9999999743761679
1000,1727.6596646690364,1.5,tribonacci,0.03836272823981596,0.9999999715642034
1000,1781.7063195457306,1.5,tribonacci,0.03756349756493759,0.9999999719611959
1000,1837.4437246107268,1.5,tribonacci,0.031440183991177706,0.9999999707002194
1000,1894.9247718738216,1.5,tribonacci,0.036563370749706475,0.9999999687049725
1000,1954.2040079740534,1.5,tribonacci,0.03489474174748032,0.9999999663607156
1000,2015.337685941733,1.5,tribonacci,0.040216033117385426,0.9999999666721398
1000,2078.383818579757,1.5,tribonacci,0.03739498723983549,0.9999999652011445
1000,2143.4022335148566,1.5,tribonacci,0.03634110057660929,0.9999999629291907
1000,2210.4546299710214,1.5,tribonacci,0.03893326131397014,0.999999961987392
1000,2279.6046373189797,1.5,tribonacci,0.03741710644602046,0.9999999606761172
1000,2350.9178754572868,1.5,tribonacci,0.04147101915476776,0.9999999578753754
1000,2424.462017082328,1.5,tribonacci,0.038801930023140044,0.9999999557558898
1000,2500.306851906324,1.5,tribonacci,0.03891949430083725,0.9999999536870825
1000,2578.524352884274,1.5,tribonacci,0.03853855248707164,0.9999999525562827
1000,2659.1887445126936,1.5,tribonacci,0.032544184764344355,0.9999999493029317
1000,2742.3765732649495,1.5,tribonacci,0.03954782868474305,0.9999999461129816
1000,2828.166780230032,1.5,tribonacci,0.03893745784195042,0.999999945234119
1000,2916.640776023704,1.5,tribonacci,0.03923786904653567,0.9999999423000466
1000,3007.882518043099,1.5,tribonacci,0.04074069299192892,0.9999999403336082
1000,3101.978590138097,1.5,tribonacci,0.03469585897791965,0.9999999364649225
1000,3199.018284775064,1.5,tribonacci,0.037988318779340315,0.9999999345237404
1000,3299.093687770939,1.5,tribonacci,0.03939871924712947,0.9999999314515567
1000,3402.2997656780676,1.5,tribonacci,0.040488631290385574,0.9999999287964633
1000,3508.7344559027115,1.5,tribonacci,0.03809705846707336,0.9999999256975951
1000,3618.4987596427463,1.5,tribonacci,0.038773614271313754,0.9999999234186471
1000,3731.6968377327516,1.5,tribonacci,0.042226795626069916,0.9999999199206641
1000,3848.436109487429,1.5,tribonacci,0.03763269633067232,0.999999917671837
1000,3968.827354637162,1.5,tribonacci,0.034014948494411695,0.9999999149674595
1000,4092.984818452438,1.5,tribonacci,0.042751359401676035,0.9999999110670296
1000,4221.026320156899,1.5,tribonacci,0.038317100131615,0.9999999078702175
1000,4353.0733647318875,1.5,tribonacci,0.03746685512686563,0.9999999049368016
1000,4489.251258218603,1.5,tribonacci,0.037497820954914746,0.9999998994584485
1000,4629.689226627263,1.5,tribonacci,0.03850678354597548,0.9999998967584304
1000,4774.520538566127,1.5,tribonacci,0.03319688028158484,0.9999998911377567
1000,4923.882631706737,1.5,tribonacci,0.030880666845953312,0.9999998881552676
1000,5077.917243205398,1.5,tribonacci,0.04366566656004713,0.9999998843452784
1000,5236.77054420465,1.5,tribonacci,0.0358713602066759,0.99999987962225
1000,5400.593278542368,1.5,tribonacci,0.03693713675744199,0.9999998747689772
1000,5569.5409058001305,1.5,tribonacci,0.044067655472380035,0.9999998715915787
1000,5743.773748826581,1.5,tribonacci,0.03499020646000926,0.9999998639732096
1000,5923.4571458758055,1.5,tribonacci,0.03054470207439225,0.9999998600106673
1000,6108.76160750504,1.5,tribonacci,0.036902338471199496,0.9999998564368879
1000,6299.862978380694,1.5,tribonacci,0.0379551196186871,0.9999998510583031
1000,6496.942604146125,1.5,tribonacci,0.03225001437732778,0.9999998460688065
1000,6700.18750350959,1.5,tribonacci,0.031241197685364878,0.999999841350278
1000,6909.790545715645,1.5,tribonacci,0.03368973058018724,0.999999835134871
1000,7125.950633568411,1.5,tribonacci,0.03159117078383904,0.9999998294911054
1000,7348.872892180388,1.5,tribonacci,0.027531616854064977,0.9999998240043132
1000,7578.76886362593,1.5,tribonacci,0.03338962783314874,0.9999998177201811
1000,7815.856707684091,1.5,tribonacci,0.030550305732424055,0.9999998112085596
1000,8060.361408861345,1.5,tribonacci,0.03353872035447909,0.999999804687619
1000,8312.514989890631,1.5,tribonacci,0.02089667305239386,0.9999997988240437
1000,8572.556731909324,1.5,tribonacci,0.02272004440515381,0.9999997904753793
1000,8840.733401525064,1.5,tribonacci,0.021144841043386292,0.9999997856410753
1000,9117.299484984922,1.5,tribonacci,0.019515970314591326,0.9999997796207083
1000,9402.517429670132,1.5,tribonacci,0.017574229943355373,0.9999997717614776
1000,9696.65789314552,1.5,tribonacci,0.01832018570002126,0.999999764489093
1000,10000.0,1.5,tribonacci,0.01343976894414354,0.9999997573236455
2000,0.0,1.5,fibonacci,0.00940313707633849,1.0
2000,1.0,1.5,fibonacci,0.009401945233736907,1.00000000000283
2000,1.0312831606721848,1.5,fibonacci,0.009401813388035203,1.0000000000030727
2000,1.0635449574860112,1.5,fibonacci,0.009401666981178055,1.000000000002719
2000,1.096816005273138,1.5,fibonacci,0.009401504493115945,1.0000000000016462
2000,1.1311278765939214,1.5,fibonacci,0.009401324267301357,0.9999999999999195
2000,1.1665131316981963,1.5,fibonacci,0.009401124503035575,0.9999999999978624
2000,1.2030053494233244,1.5,fibonacci,0.00940090324833813,0.9999999999960728
2000,1.240639159058832,1.5,fibonacci,0.009400658393573203,0.9999999999953125
2000,1.2794502732078736,1.5,fibonacci,0.009400387666092611,0.9999999999961796
2000,1.3194755216767062,1.5,fibonacci,0.009400088626172377,0.9999999999984416
2000,1.3607528864243335,1.5,fibonacci,0.009399758664535957,0.9999999999999084
2000,1.403321537605485,1.5,fibonacci,0.009399395004522528,1.0000000000000564
2000,1.4472218707411348,1.5,fibonacci,0.009398994706003095,0.9999999999999831
2000,1.4924955450518296,1.5,fibonacci,0.0093985546706343,0.9999999999998477
2000,1.5391855229902058,1.5,fibonacci,0.009398071653705662,1.0000000000001794
2000,1.587336111010209,1.5,fibonacci,0.009397542280067915,1.0000000000012303
2000,1.6369930016117025,1.5,fibonacci,0.009396963065616734,1.000000000002619
2000,1.6882033167003634,1.5,fibonacci,0.009396330445069797,1.0000000000033893
2000,1.7410156523040161,1.5,fibonacci,0.009395640806753779,1.0000000000025169
2000,1.7954801246878311,1.5,fibonacci,0.009394890535050479,0.9999999999997301
2000,1.8516484179121548,1.5,fibonacci,0.009394076061019893,0.9999999999962459
2000,1.9095738328780973,1.5,fibonacci,0.009393193921498533,0.9999999999946966
2000,1.9693113379074225,1.5,fibonacci,0.009392240826632316,0.9999999999971366
2000,2.0309176209047357,1.5,fibonacci,0.00939121373532069,0.9999999999998561
2000,2.0944511431514696,1.5,fibonacci,0.009390109940790446,1.0000000000000289
2000,2.159972194782718,1.5,fibonacci,0.009388927164164396,0.9999999999997697
2000,2.2275429519995575,1.5,fibonacci,0.009387663650419525,1.0000000000005502
2000,2.2972275360711523,1.5,fibonacci,0.009386318272336566,1.0000000000028029
2000,2.369092074182633,1.5,fibonacci,0.00938489063549868,1.0000000000042173
2000,2.4432047621864883,1.5,fibonacci,0.009383381181245952,1.0000000000018021
2000,2.519635929317015,1.5,fibonacci,0.009381791284408324,0.9999999999961351
2000,2.598458104929249,1.5,fibonacci,0.009380123342752891,0.9999999999934668
2000,2.6797460873256913,1.5,fibonacci,0.009378380855610744,0.9999999999985367
2000,2.763577014736159,1.5,fibonacci,0.009376568487059702,0.9999999999999661
2000,2.850030438518107,1.5,fibonacci,0.009374692094578864,0.9999999999996844
2000,2.9391883986468863,1.5,fibonacci,0.009372758740771937,1.0000000000012321
2000,3.0311355015675785,1.5,fibonacci,0.009370776675511857,1.0000000000040743
2000,3.1259590004822804,1.5,fibonacci,0.009368755282900772,1.0000000000020122
2000,3.2237488781490296,1.5,fibonacci,0.009366704985538614,0.9999999999947913
2000,3.3245979322709407,1.5,fibonacci,0.009364637113650995,0.9999999999949932
2000,3.428601863556586,1.5,fibonacci,0.009362563757184753,0.9999999999997982
2000,3.5358593665351785,1.5,fibonacci,0.00936049755958868,0.9999999999996039
2000,3.646472223212748,1.5,fibonacci,0.009358451455484033,1.0000000000017235
2000,3.760545399658171,1.5,fibonacci,0.009356438384976606,1.0000000000035683
2000,3.8781871456107226,1.5,fibonacci,0.009354470915318549,0.999999999996922
2000,3.9995090972036653,1.5,fibonacci,0.00935256074058393,0.999999999994858
2000,4.1246263829013525,1.5,fibonacci,0.009350718051294858,0.9999999999997908
2000,4.253657732750387,1.5,fibonacci,0.009348950653541603,0.999999999999768
2000,4.386725591048498,1.5,fibonacci,0.009347262721386838,1.0000000000036942
2000,4.523956232538054,1.5,fibonacci,0.009345653124739686,0.9999999999997773
2000,4.6654798822344725,1.5,fibonacci,0.00934411312031156,0.9999999999933137
2000,4.811430839003259,1.5,fibonacci,0.00934262331530283,0.9999999999997478
2000,4.961947603002903,1.5,fibonacci,0.009341149809552382,1.000000000000061
2000,5.117173007114605,1.5,fibonacci,0.009339639439941792,1.0000000000052065
2000,5.277254352483538,1.5,fibonacci,0.00933801431360288,0.9999999999946134
2000,5.442343548300267,1.5,fibonacci,0.009336165905185377,0.9999999999979297
2000,5.612597255954972,1.5,fibonacci,0.009333949295879981,0.9999999999993041
2000,5.788177037701274,1.5,fibonacci,0.009331178449251562,1.0000000000039497
2000,5.969249509970735,1.5,fibonacci,0.009327623683213373,0.9999999999955074
2000,6.155986501483509,1.5,fibonacci,0.009323012823902981,0.9999999999991829
2000,6.348565216305219,1.5,fibonacci,0.009317037482095177,0.9999999999996037
2000,6.547168402004738,1.5,fibonacci,0.009309365958540016,1.0000000000031908
2000,6.751984523072503,1.5,fibonacci,0.00929966357152478,0.999999999992941
2000,6.963207939763885,1.5,fibonacci,0.009287620512918272,0.9999999999992052
2000,7.181039092537351,1.5,fibonacci,0.009272985768494526,1.0000000000044442
2000,7.405684692262437,1.5,fibonacci,0.009255604399986453,0.9999999999915571
2000,7.637357916378021,1.5,fibonacci,0.009235453597448135,0.9999999999992464
2000,7.876278611187057,1.5,fibonacci,0.00921267173927104,1.0000000000039122
2000,8.122673500479713,1.5,fibonacci,0.009187574528277686,0.9999999999916757
2000,8.376776400682918,1.5,fibonacci,0.00916065278572871,0.9999999999989122
2000,8.638828442740447,1.5,fibonacci,0.009132548904154615,1.0000000000036253
2000,8.909078300934137,1.5,fibonacci,0.009104012292376836,0.9999999999964727
2000,9.187782428863335,1.5,fibonacci,0.009075837748090131,1.000000000000916
2000,9.475205302806543,1.5,fibonacci,0.00904879353515171,0.9999999999926245
2000,9.771619672696177,1.5,fibonacci,0.009023545793498932,0.9999999999987543
2000,10.077306820944612,1.5,fibonacci,0.009000582842500004,1.0000000000013394
2000,10.392556829367125,1.5,fibonacci,0.008980137180122317,0.9999999999988637
2000,10.71766885445503,1.5,fibonacci,0.008962100551451208,1.000000000004157
2000,11.052951411260215,1.5,fibonacci,0.008945934222289485,0.999999999998524
2000,11.39872266616052,1.5,fibonacci,0.008930597662335595,1.0000000000059661
2000,11.755310738783693,1.5,fibonacci,0.008914549490828271,0.9999999999964846
2000,12.123054013376523,1.5,fibonacci,0.00889589550980323,1.0000000000038947
2000,12.502301459914554,1.5,fibonacci,0.00887274213134035,0.9999999999983065
2000,12.89341296525715,1.5,fibonacci,0.008843739338319882,1.0000000000017177
2000,13.29675967466212,1.5,fibonacci,0.008808678560507986,0.9999999999981545
2000,13.712724343984002,1.5,fibonacci,0.008768909238614685,0.9999999999911658
2000,14.141701702890233,1.5,fibonacci,0.008727336059191671,1.000000000000094
2000,14.584098829439856,1.5,fibonacci,0.008687900877230011,0.9999999999951299
2000,15.040335536380244,1.5,fibonacci,0.00865468240989613,1.000000000001648
2000,15.510844769528397,1.5,fibonacci,0.008630914762337811,0.9999999999979293
2000,15.996073018614878,1.5,fibonacci,0.008618184735139022,0.9999999999944296
2000,16.496480740980207,1.5,fibonacci,0.008615838602893347,0.9999999999980295
2000,17.012542798525892,1.5,fibonacci,0.008620524615957997,1.0000000000014881
2000,17.544748908334597,1.5,fibonacci,0.008626165709493861,0.9999999999975457
2000,18.093604107387165,1.5,fibonacci,0.008625218782125544,0.9999999999890968
2000,18.65962923181746,1.5,fibonacci,0.008611797354171552,0.9999999999947291
2000,19.2433614111598,1.5,fibonacci,0.008585538637568314,1.0000000000045586
2000,19.845354578058032,1.5,fibonacci,0.008553361035656019,1.000000000000375
2000,20.466179993919898,1.5,fibonacci,0.008527025902353323,0.9999999999965653
2000,21.106426791015547,1.5,fibonacci,0.008517763372018202,0.999999999996723
2000,21.76670253153459,1.5,fibonacci,0.008531182839290873,0.999999999996825
2000,22.44763378413224,1.5,fibonacci,0.00856366902371317,0.9999999999962501
2000,23.14986671851161,1.5,fibonacci,0.008600457716015366,0.999999999995736
2000,23.87406771860647,1.5,fibonacci,0.008619938778648672,0.999999999996156
2000,24.620924014946254,1.5,fibonacci,0.008608077166580153,0.9999999999959536
2000,25.39114433680347,1.5,fibonacci,0.008572935076149873,0.9999999999956166
2000,26.185459584742325,1.5,fibonacci,0.00854173911598723,0.9999999999969622
2000,27.00462352420682,1.5,fibonacci,0.008540765596152385,1.00000000000001
2000,27.849413500806442,1.5,fibonacci,0.008575518626519438,0.9999999999881722
2000,28.72063117797828,1.5,fibonacci,0.008620542581801742,0.9999999999921405
2000,29.619103297725534,1.5,fibonacci,0.008629613217326993,0.9999999999953509
2000,30.545682465154318,1.5,fibonacci,0.00857859153308526,0.999999999997821
2000,31.50124795755328,1.5,fibonacci,0.008500505944998278,0.9999999999918523
2000,32.486706558783744,1.5,fibonacci,0.00845580026848647,0.9999999999974493
2000,33.502993419772295,1.5,fibonacci,0.008467954374048531,0.9999999999840432
2000,34.55107294592218,1.5,fibonacci,0.008487682865073216,0.9999999999948649
2000,35.631939712285856,1.5,fibonacci,0.00842539123638534,0.999999999987823
2000,36.7466194073669,1.5,fibonacci,0.008269266612532113,1.0000000000023623
2000,37.896169806447176,1.5,fibonacci,0.008119583474996417,0.9999999999933595
2000,39.08168177536266,1.5,fibonacci,0.008044498260654327,0.9999999999826732
2000,40.30428030568053,1.5,fibonacci,0.007967683191058433,0.9999999999981988
2000,41.5651255822599,1.5,fibonacci,0.007745193767129091,0.9999999999935124
2000,42.86541408420927,1.5,fibonacci,0.007414896283510353,0.999999999992163
2000,44.20637972028532,1.5,fibonacci,0.007149307089770484,0.9999999999914061
2000,45.58929499981062,1.5,fibonacci,0.006956819076190441,0.9999999999783532
2000,47.01547224022132,1.5,fibonacci,0.006672691564800334,0.9999999999859981
2000,48.48626481239081,1.5,fibonacci,0.006311309535101589,0.9999999999860243
2000,50.00306842491092,1.5,fibonacci,0.006084568232497567,0.9999999999903948
2000,51.56732244854966,1.5,fibonacci,0.005982935310666846,0.9999999999910295
2000,53.180511282142,1.5,fibonacci,0.005823092119541805,0.9999999999899531
2000,54.84416576121018,1.5,fibonacci,0.005683668537595521,0.9999999999889013
2000,56.55986461065005,1.5,fibonacci,0.005713342085675478,0.9999999999964173
2000,58.329235942862034,1.5,fibonacci,0.005759924917967121,0.9999999999884334
2000,60.153958802748356,1.5,fibonacci,0.005734235818947161,0.999999999980209
2000,62.035764761042714,1.5,fibonacci,0.005821833983450711,0.9999999999959822
2000,63.97643955748427,1.5,fibonacci,0.0058622474991956025,0.9999999999907879
2000,65.97782479539536,1.5,fibonacci,0.0056757662275551185,0.9999999999870004
2000,68.04181968927098,1.5,fibonacci,0.005510645328885908,0.9999999999865494
2000,70.17038286703826,1.5,fibonacci,0.005217686232001604,0.9999999999903293
2000,72.36553422869653,1.5,fibonacci,0.004883479676584276,0.9999999999913651
2000,74.62935686310134,1.5,fibonacci,0.004690686944469225,0.9999999999762172
2000,76.96399902471158,1.5,fibonacci,0.004480720896309695,0.999999999985867
2000,79.37167617217551,1.5,fibonacci,0.004434141429334533,0.9999999999724615
2000,81.8546730706903,1.5,fibonacci,0.004413258028205148,0.9999999999909559
2000,84.41534596012986,1.5,fibonacci,0.004478503801644875,0.9999999999836495
2000,87.05612479099865,1.5,fibonacci,0.004570235287253051,0.9999999999822141
2000,89.77951553033323,1.5,fibonacci,0.004637617402322991,0.9999999999825682
2000,92.58810253973955,1.5,fibonacci,0.004730691062324811,0.9999999999890794
2000,95.48455102782293,1.5,fibonacci,0.004767620908535641,0.9999999999703182
2000,98.47160957933774,1.5,fibonacci,0.004807378725510078,0.9999999999810194
2000,101.5521127634568,1.5,fibonacci,0.004745257082128795,0.9999999999710829
2000,104.72898382363586,1.5,fibonacci,0.004550037072089913,0.9999999999794521
2000,108.00523745162529,1.5,fibonacci,0.004401701373687568,0.9999999999849201
2000,111.38398264826195,1.5,fibonacci,0.004256269338133708,0.9999999999838893
2000,114.86842567375535,1.5,fibonacci,0.004383361403364047,0.9999999999675135
2000,118.46187309026836,1.5,fibonacci,0.00458208974321114,0.9999999999761684
2000,122.16773489967919,1.5,fibonacci,0.004864825138954058,0.9999999999692785
2000,125.98952777950272,1.5,fibonacci,0.0050479777530705264,0.9999999999812766
2000,129.93087842004158,1.5,fibonacci,0.004780628350313984,0.999999999980345
2000,133.99552696593383,1.5,fibonacci,0.004431056695638311,0.9999999999799052
2000,138.18733056536323,1.5,fibonacci,0.0043839906918283315,0.9999999999621091
2000,142.5102670302998,1.5,fibonacci,0.00460398797543908,0.99999999997119
2000,146.9684386112446,1.5,fibonacci,0.004901432771267195,0.9999999999584835
2000,151.5660758900603,1.5,fibonacci,0.005150314366171988,0.9999999999593867
2000,156.30754179458157,1.5,fibonacci,0.0053759752771918344,0.999999999967753
2000,161.1973357388157,1.5,fibonacci,0.005487645505919525,0.9999999999718151
2000,166.2400978926612,1.5,fibonacci,0.005319305021935326,0.9999999999655221
2000,171.440613585197,1.5,fibonacci,0.005164581368173673,0.9999999999520995
2000,176.8038178457207,1.5,fibonacci,0.005406018360169888,0.9999999999563471
2000,182.33480008684404,1.5,fibonacci,0.00604887914182514,0.9999999999624181
2000,188.03880893409146,1.5,fibonacci,0.0059611437360700915,0.9999999999504285
2000,193.9212572065829,1.5,fibonacci,0.0051125438813679125,0.9999999999598842
2000,199.9877270535285,1.5,fibonacci,0.004751150601766703,0.9999999999417072
2000,206.24397525140904,1.5,fibonacci,0.0046866155925099654,0.9999999999568946
2000,212.69593866686898,1.5,fibonacci,0.004521766414654415,0.9999999999548518
2000,219.3497398905058,1.5,fibonacci,0.004280424144855994,0.99999999995419
2000,226.2116930469024,1.5,fibonacci,0.0038244752246619617,0.9999999999524037
2000,233.2883097864156,1.5,fibonacci,0.0035934385098293307,0.9999999999446385
2000,240.58630546440645,1.5,fibonacci,0.0040447685430564425,0.9999999999377536
2000,248.11260551377677,1.5,fibonacci,0.004482164973005358,0.9999999999467644
2000,255.87435201685892,1.5,fibonacci,0.004507436018911728,0.9999999999436997
2000,263.87891048289345,1.5,fibonacci,0.005024817916315704,0.9999999999435669
2000,272.13387683753086,1.5,fibonacci,0.004855843272395752,0.9999999999407218
2000,280.6470846309839,1.5,fibonacci,0.004524372347820803,0.999999999942492
2000,289.4266124716752,1.5,fibonacci,0.0047169180267814925,0.9999999999286303
2000,298.4807916924327,1.5,fibonacci,0.005430755619571633,0.9999999999357015
2000,307.81821425650804,1.5,fibonacci,0.006459330077166446,0.999999999921176
2000,317.4477409109193,1.5,fibonacci,0.008051056397960847,0.9999999999388608
2000,327.3785095948577,1.5,fibonacci,0.00847314047907336,0.9999999999336416
2000,337.61994411113403,1.5,fibonacci,0.007641746758437757,0.9999999999272561
2000,348.18176306889666,1.5,fibonacci,0.006571920045026265,0.9999999999255247
2000,359.0739891061055,1.5,fibonacci,0.005415116901208343,0.9999999999127709
2000,370.30695840051413,1.5,fibonacci,0.004597572375712026,0.9999999999076352
2000,381.8913304781854,1.5,fibonacci,0.004571274328639607,0.9999999999215712
2000,393.8380983288489,1.5,fibonacci,0.004599375416342064,0.9999999999211198
2000,406.158598837698,1.5,fibonacci,0.004484710587940735,0.9999999999115403
2000,418.86452354352707,1.5,fibonacci,0.004655098012765597,0.9999999999120259
2000,431.96792973341735,1.5,fibonacci,0.004990928103199272,0.9999999999117779
2000,445.4812518844989,1.5,fibonacci,0.006396768674870346,0.9999999998985686
2000,459.41731346364764,1.5,fibonacci,0.007945537601263656,0.9999999998973145
2000,473.7893390963144,1.5,fibonacci,0.0075967250725528755,0.999999999893782
2000,488.6109671160326,1.5,fibonacci,0.0066763736130742365,0.9999999998727827
2000,503.89626250651503,1.5,fibonacci,0.004617213217206129,0.9999999998883777
2000,519.6597302486197,1.5,fibonacci,0.003996483215495426,0.9999999998762696
2000,535.9163290848514,1.5,fibonacci,0.004590644576926658,0.9999999998614083
2000,552.6814857144603,1.5,fibonacci,0.004243255060826445,0.9999999998709748
2000,569.9711094326076,1.5,fibonacci,0.004183820844926089,0.9999999998652125
2000,587.8016072274912,1.5,fibonacci,0.004618980001938892,0.9999999998608808
2000,606.1898993497572,1.5,fibonacci,0.00824817812205049,0.9999999998538962
2000,625.1534353689711,1.5,fibonacci,0.009321932034826837,0.999999999831489
2000,644.7102107323869,1.5,fibonacci,0.006032802039474201,0.9999999998419232
2000,664.8787838417263,1.5,fibonacci,0.004721224077648485,0.999999999837346
2000,685.6782936641738,1.5,fibonacci,0.004230473764739088,0.999999999823979
2000,707.1284778942996,1.5,fibonacci,0.004264039245033532,0.9999999998117843
2000,729.2496916841444,1.5,fibonacci,0.00437018340513864,0.9999999998266648
2000,752.0629269592407,1.5,fibonacci,0.0038773464162941084,0.9999999998150461
2000,775.5898323389001,1.5,fibonacci,0.00442961011726504,0.9999999998049176
2000,799.8527336796708,1.5,fibonacci,0.00514238956089162,0.9999999997979312
2000,824.8746552614581,1.5,fibonacci,0.004775865109629333,0.9999999997887918
2000,850.6793416364153,1.5,fibonacci,0.004972345795444038,0.99999999979248
2000,877.2912801613356,1.5,fibonacci,0.004917494599756634,0.99999999977842
2000,904.7357242349293,1.5,fibonacci,0.003931215376212517,0.999999999744818
2000,933.038717262036,1.5,fibonacci,0.00371614298029778,0.9999999997383355
2000,962.2271173675134,1.5,fibonacci,0.0040058277775391355,0.9999999997490225
2000,992.3286228832545,1.5,fibonacci,0.004643897331513105,0.9999999997248387
2000,1023.3717986325192,1.5,fibonacci,0.0034682781985214974,0.9999999997296651
2000,1055.386103036523,1.5,fibonacci,0.0034930396104833994,0.999999999702237
2000,1088.4019160690054,1.5,fibonacci,0.004569473853856778,0.9999999997214747
2000,1122.4505680853058,1.5,fibonacci,0.0044130138006084185,0.9999999996979685
2000,1157.5643695533035,1.5,fibonacci,0.0038576719509339336,0.9999999996861895
2000,1193.7766417144358,1.5,fibonacci,0.0037996304869225557,0.9999999996745503
2000,1231.1217482038908,1.5,fibonacci,0.0038881818375000694,0.9999999996431727
2000,1269.6351276599742,1.5,fibonacci,0.004287293846933685,0.9999999996502936
2000,1309.353327353611,1.5,fibonacci,0.004713705473916683,0.9999999996376762
2000,1350.3140378698736,1.5,fibonacci,0.004819840751427828,0.999999999608057
2000,1392.5561288744634,1.5,fibonacci,0.004315199572133171,0.9999999996247988
2000,1436.1196859990787,1.5,fibonacci,0.003458579594454409,0.9999999996001332
2000,1481.0460488806755,1.5,fibonacci,0.003962849817716632,0.9999999995863009
2000,1527.377850390714,1.5,fibonacci,0.004273613574691091,0.9999999995720215
2000,1575.1590570916228,1.5,fibonacci,0.005103151765882462,0.9999999995541929
2000,1624.435010958867,1.5,fibonacci,0.004587498301346891,0.999999999549128
2000,1675.2524724082155,1.5,fibonacci,0.004088687474706088,0.9999999995237848
2000,1727.6596646690364,1.5,fibonacci,0.0037929073122466416,0.9999999994823728
2000,1781.7063195457306,1.5,fibonacci,0.0037566291078944187,0.9999999994808643
2000,1837.4437246107268,1.5,fibonacci,0.003652038701604121,0.9999999994670983
2000,1894.9247718738216,1.5,fibonacci,0.00382089950617317,0.9999999994541533
2000,1954.2040079740534,1.5,fibonacci,0.004013108098520351,0.9999999993986411
2000,2015.337685941733,1.5,fibonacci,0.003497337442579802,0.9999999994006705
2000,2078.383818579757,1.5,fibonacci,0.003427143178784163,0.9999999993646683
2000,2143.4022335148566,1.5,fibonacci,0.003902363479811599,0.9999999993359778
2000,2210.4546299710214,1.5,fibonacci,0.004177132943549154,0.9999999993094735
2000,2279.6046373189797,1.5,fibonacci,0.0037310524616852385,0.9999999993205225
2000,2350.9178754572868,1.5,fibonacci,0.004672651733724597,0.9999999992820766
2000,2424.462017082328,1.5,fibonacci,0.003774095696439778,0.99999999923037
2000,2500.306851906324,1.5,fibonacci,0.003728955363444809,0.9999999992272713
2000,2578.524352884274,1.5,fibonacci,0.0038838675071521723,0.9999999991868304
2000,2659.1887445126936,1.5,fibonacci,0.003364655146538933,0.9999999991693881
2000,2742.3765732649495,1.5,fibonacci,0.003597644038818748,0.9999999991381237
2000,2828.166780230032,1.5,fibonacci,0.003399626030814279,0.9999999991139946
2000,2916.640776023704,1.5,fibonacci,0.003244106281197943,0.9999999990749022
2000,3007.882518043099,1.5,fibonacci,0.0031448864223230263,0.9999999990210398
2000,3101.978590138097,1.5,fibonacci,0.0032980290177402997,0.9999999990207081
2000,3199.018284775064,1.5,fibonacci,0.0032647511603966137,0.9999999989693751
2000,3299.093687770939,1.5,fibonacci,0.004149055796725551,0.9999999989437575
2000,3402.2997656780676,1.5,fibonacci,0.0037951344506437163,0.9999999988838928
2000,3508.7344559027115,1.5,fibonacci,0.004548807806386067,0.9999999988278221
2000,3618.4987596427463,1.5,fibonacci,0.00320228626290774,0.9999999988117527
2000,3731.6968377327516,1.5,fibonacci,0.003378250874920791,0.9999999987422199
2000,3848.436109487429,1.5,fibonacci,0.0032036564572523606,0.9999999986938428
2000,3968.827354637162,1.5,fibonacci,0.0035030063955766516,0.9999999986906933
2000,4092.984818452438,1.5,fibonacci,0.0034408764821376235,0.9999999986256376
2000,4221.026320156899,1.5,fibonacci,0.003458519336059528,0.9999999985762131
2000,4353.0733647318875,1.5,fibonacci,0.003516920317112724,0.9999999985045341
2000,4489.251258218603,1.5,fibonacci,0.0033974912918833524,0.9999999984463375
2000,4629.689226627263,1.5,fibonacci,0.0037851539376448583,0.9999999984141518
2000,4774.520538566127,1.5,fibonacci,0.004474378624750886,0.9999999983467114
2000,4923.882631706737,1.5,fibonacci,0.0038851566578098334,0.9999999983047194
2000,5077.917243205398,1.5,fibonacci,0.002942646754999931,0.9999999982353768
2000,5236.77054420465,1.5,fibonacci,0.004071014019559531,0.9999999981918939
2000,5400.593278542368,1.5,fibonacci,0.0031488394216648637,0.9999999981258643
2000,5569.5409058001305,1.5,fibonacci,0.003225025665944658,0.9999999980349267
2000,5743.773748826581,1.5,fibonacci,0.003581258334739857,0.9999999980059564
2000,5923.4571458758055,1.5,fibonacci,0.003175910108917776,0.9999999979254703
2000,6108.76160750504,1.5,fibonacci,0.0031778241284809838,0.999999997844635
2000,6299.862978380694,1.5,fibonacci,0.0032593705939831176,0.9999999977924687
2000,6496.942604146125,1.5,fibonacci,0.0043176278356732494,0.9999999976946898
2000,6700.18750350959,1.5,fibonacci,0.0029800760766183028,0.9999999976205208
2000,6909.790545715645,1.5,fibonacci,0.00360393909754698,0.9999999975746099
2000,7125.950633568411,1.5,fibonacci,0.003961374367380028,0.9999999974894838
2000,7348.872892180388,1.5,fibonacci,0.003037484546956648,0.9999999974152357
2000,7578.76886362593,1.5,fibonacci,0.0032305237745139243,0.9999999973171959
2000,7815.856707684091,1.5,fibonacci,0.0038372610543261246,0.9999999972448291
2000,8060.361408861345,1.5,fibonacci,0.0035722170156338388,0.9999999971379403
2000,8312.514989890631,1.5,fibonacci,0.0035114470559965364,0.9999999970452855
2000,8572.556731909324,1.5,fibonacci,0.0036634170437681982,0.9999999969529549
2000,8840.733401525064,1.5,fibonacci,0.003477282514834353,0.999999996843688
2000,9117.299484984922,1.5,fibonacci,0.003550020421929965,0.9999999967059612
2000,9402.517429670132,1.5,fibonacci,0.0032074462440422682,0.9999999965962122
2000,9696.65789314552,1.5,fibonacci,0.0032660903444116126,0.9999999964555331
2000,10000.0,1.5,fibonacci,0.0033724641408872315,0.9999999962836633
2000,0.0,1.5,tribonacci,0.0483982089007412,1.0
2000,1.0,1.5,tribonacci,0.0483567343817958,0.9999999999844328
2000,1.0312831606721848,1.5,tribonacci,0.04835171483627548,0.9999999999763307
2000,1.0635449574860112,1.5,tribonacci,0.04834611729005501,0.9999999999752672
2000,1.096816005273138,1.5,tribonacci,0.048339880927738534,0.9999999999834026
2000,1.1311278765939214,1.5,tribonacci,0.04833293964608082,0.9999999999963732
2000,1.1665131316981963,1.5,tribonacci,0.04832522181340697,0.999999999999997
2000,1.2030053494233244,1.5,tribonacci,0.048316650107216245,1.000000000000623
2000,1.240639159058832,1.5,tribonacci,0.048307141345219344,0.9999999999997716
2000,1.2794502732078736,1.5,tribonacci,0.04829660641332782,0.9999999999994581
2000,1.3194755216767062,1.5,tribonacci,0.048284950282517974,1.0000000000025457
2000,1.3607528864243335,1.5,tribonacci,0.04827207213167556,1.0000000000097042
2000,1.403321537605485,1.5,tribonacci,0.04825786560519464,1.0000000000179554
2000,1.4472218707411348,1.5,tribonacci,0.048242219232900806,1.0000000000214175
2000,1.4924955450518296,1.5,tribonacci,0.04822501704242229,1.0000000000143947
2000,1.5391855229902058,1.5,tribonacci,0.048206139396142995,0.9999999999960619
2000,1.587336111010209,1.5,tribonacci,0.04818546408594765,0.999999999974552
2000,1.6369930016117025,1.5,tribonacci,0.04816286771855649,0.9999999999661945
2000,1.6882033167003634,1.5,tribonacci,0.04813822742159224,0.9999999999829632
2000,1.7410156523040161,1.5,tribonacci,0.04811142289551301,0.9999999999995075
2000,1.7954801246878311,1.5,tribonacci,0.04808233891576646,1.000000000000512
2000,1.8516484179121548,1.5,tribonacci,0.048050868251989245,0.9999999999989162
2000,1.9095738328780973,1.5,tribonacci,0.04801691497086226,1.0000000000033158
2000,1.9693113379074225,1.5,tribonacci,0.04798039825129392,1.0000000000168683
2000,2.0309176209047357,1.5,tribonacci,0.04794125664134781,1.0000000000269809
2000,2.0944511431514696,1.5,tribonacci,0.047899452750138335,1.0000000000151994
2000,2.159972194782718,1.5,tribonacci,0.04785497834049185,0.9999999999808303
2000,2.2275429519995575,1.5,tribonacci,0.047807859764903836,0.9999999999574039
2000,2.2972275360711523,1.5,tribonacci,0.047758163658037624,0.9999999999832297
2000,2.369092074182633,1.5,tribonacci,0.04770600275893846,1.000000000000216
2000,2.4432047621864883,1.5,tribonacci,0.047651541699778525,0.9999999999986824
2000,2.519635929317015,1.5,tribonacci,0.0475950025793257,1.0000000000043365
2000,2.598458104929249,1.5,tribonacci,0.04753667013785601,1.0000000000267508
2000,2.6797460873256913,1.5,tribonacci,0.047476896292615096,1.0000000000298273
2000,2.763577014736159,1.5,tribonacci,0.04741610364721293,0.9999999999850302
2000,2.850030438518107,1.5,tribonacci,0.04735478778941979,0.9999999999484744
2000,2.9391883986468863,1.5,tribonacci,0.047293518329663976,0.9999999999932535
2000,3.0311355015675785,1.5,tribonacci,0.047232938566337264,0.9999999999996031
2000,3.1259590004822804,1.5,tribonacci,0.047173762931103584,1.0000000000008065
2000,3.2237488781490296,1.5,tribonacci,0.04711677349476608,1.0000000000266278
2000,3.3245979322709407,1.5,tribonacci,0.04706281532470623,1.0000000000204607
2000,3.428601863556586,1.5,tribonacci,0.04701279093823281,0.9999999999566296
2000,3.5358593665351785,1.5,tribonacci,0.04696765490160363,0.9999999999746861
2000,3.646472223212748,1.5,tribonacci,0.04692841051003063,0.9999999999991674
2000,3.760545399658171,1.5,tribonacci,0.046896107501077776,1.000000000002226
2000,3.8781871456107226,1.5,tribonacci,0.04687184284154605,1.0000000000293279
2000,3.9995090972036653,1.5,tribonacci,0.04685676453314161,0.9999999999854233
2000,4.1246263829013525,1.5,tribonacci,0.04685207561966112,0.9999999999564828
2000,4.253657732750387,1.5,tribonacci,0.04685903659427514,0.9999999999990078
2000,4.386725591048498,1.5,tribonacci,0.04687895941284713,1.000000000004382
2000,4.523956232538054,1.5,tribonacci,0.046913183362398116,1.000000000032284
2000,4.6654798822344725,1.5,tribonacci,0.04696302336784018,0.9999999999534793
2000,4.811430839003259,1.5,tribonacci,0.04702967570501222,0.9999999999956961
2000,4.961947603002903,1.5,tribonacci,0.04711407123841874,0.9999999999962166
2000,5.117173007114605,1.5,tribonacci,0.04721666522024253,1.0000000000509253
2000,5.277254352483538,1.5,tribonacci,0.04733716530324325,0.9999999999582246
2000,5.442343548300267,1.5,tribonacci,0.047474208502187934,0.9999999999859351
2000,5.612597255954972,1.5,tribonacci,0.047625015662088606,0.9999999999960022
2000,5.788177037701274,1.5,tribonacci,0.04778507059482482,1.0000000000327498
2000,5.969249509970735,1.5,tribonacci,0.04794788996581222,0.9999999999407341
2000,6.155986501483509,1.5,tribonacci,0.048104966779908616,0.9999999999949291
2000,6.348565216305219,1.5,tribonacci,0.04824597389814519,1.0000000000140188
2000,6.547168402004738,1.5,tribonacci,0.0483593103730819,0.9999999999676712
2000,6.751984523072503,1.5,tribonacci,0.04843303804463766,0.999999999994073
2000,6.963207939763885,1.5,tribonacci,0.04845619865896188,1.0000000000149538
2000,7.181039092537351,1.5,tribonacci,0.048420418102930546,0.9999999999848328
2000,7.405684692262437,1.5,tribonacci,0.04832159952790585,1.0000000000050469
2000,7.637357916378021,1.5,tribonacci,0.04816141350535774,0.9999999999724353
2000,7.876278611187057,1.5,tribonacci,0.047948242926979044,0.9999999999948885
2000,8.122673500479713,1.5,tribonacci,0.04769726501123783,1.0000000000273157
2000,8.376776400682918,1.5,tribonacci,0.04742949254916111,0.9999999999670968
2000,8.638828442740447,1.5,tribonacci,0.04716984245806127,1.0000000000051648
2000,8.909078300934137,1.5,tribonacci,0.04694461567108691,0.9999999999531554
2000,9.187782428863335,1.5,tribonacci,0.04677902056360129,0.9999999999970174
2000,9.475205302806543,1.5,tribonacci,0.04669535948487181,0.9999999999505158
2000,9.771619672696177,1.5,tribonacci,0.0467120191158891,0.999999999995843
2000,10.077306820944612,1.5,tribonacci,0.04684254497734727,0.9999999999429089
2000,10.392556829367125,1.5,tribonacci,0.047093318607779336,1.0000000000012026
2000,10.71766885445503,1.5,tribonacci,0.047458574051765574,0.9999999999473952
2000,11.052951411260215,1.5,tribonacci,0.04791318213410588,1.0000000000182794
2000,11.39872266616052,1.5,tribonacci,0.048406317425387056,0.9999999999906038
2000,11.755310738783693,1.5,tribonacci,0.04886114930605209,0.9999999999875631
2000,12.123054013376523,1.5,tribonacci,0.04918530326019997,0.9999999999957391
2000,12.502301459914554,1.5,tribonacci,0.04929315250578281,0.9999999999888175
2000,12.89341296525715,1.5,tribonacci,0.04913470832251861,0.9999999999841948
2000,13.29675967466212,1.5,tribonacci,0.04871957399017671,1.0000000000048466
2000,13.712724343984002,1.5,tribonacci,0.04812269583586535,0.9999999999895015
2000,14.141701702890233,1.5,tribonacci,0.04746571935469721,0.9999999999517262
2000,14.584098829439856,1.5,tribonacci,0.04688215117647282,0.9999999999933754
2000,15.040335536380244,1.5,tribonacci,0.04648545703057638,1.000000000009595
2000,15.510844769528397,1.5,tribonacci,0.04635301419544777,0.9999999999883621
2000,15.996073018614878,1.5,tribonacci,0.04651697688739885,0.999999999988177
2000,16.496480740980207,1.5,tribonacci,0.04694275573310913,0.9999999999755457
2000,17.012542798525892,1.5,tribonacci,0.04750192842947323,0.9999999999504737
2000,17.544748908334597,1.5,tribonacci,0.047984242637109396,0.9999999999468498
2000,18.093604107387165,1.5,tribonacci,0.04818302845136691,0.9999999999408511
2000,18.65962923181746,1.5,tribonacci,0.04801831825624044,0.9999999999399746
2000,19.2433614111598,1.5,tribonacci,0.047601674542630326,0.9999999999461758
2000,19.845354578058032,1.5,tribonacci,0.04717691666632788,0.9999999999602331
2000,20.466179993919898,1.5,tribonacci,0.04698455764259252,0.9999999999835707
2000,21.106426791015547,1.5,tribonacci,0.04715856171504172,0.9999999999839
2000,21.76670253153459,1.5,tribonacci,0.04767200180628229,0.9999999999873509
2000,22.44763378413224,1.5,tribonacci,0.04828739913231552,1.000000000006126
2000,23.14986671851161,1.5,tribonacci,0.048608470127933956,0.9999999999468777
2000,23.87406771860647,1.5,tribonacci,0.0483489403350832,0.999999999982625
2000,24.620924014946254,1.5,tribonacci,0.04761791001853727,1.0000000000027016
2000,25.39114433680347,1.5,tribonacci,0.046873764268532285,0.9999999999461558
2000,26.185459584742325,1.5,tribonacci,0.046581268173093666,0.9999999999812947
2000,27.00462352420682,1.5,tribonacci,0.04691685215558182,0.999999999960689
2000,27.849413500806442,1.5,tribonacci,0.047623399477189465,0.999999999978746
2000,28.72063117797828,1.5,tribonacci,0.048067101491370515,0.9999999999386608
2000,29.619103297725534,1.5,tribonacci,0.0477471219541853,0.9999999999965814
2000,30.545682465154318,1.5,tribonacci,0.04690777247812388,0.9999999999778737
2000,31.50124795755328,1.5,tribonacci,0.04637800743050755,0.9999999999446283
2000,32.486706558783744,1.5,tribonacci,0.04675983968607988,1.0000000000007778
2000,33.502993419772295,1.5,tribonacci,0.04788045988904502,0.9999999999846807
2000,34.55107294592218,1.5,tribonacci,0.04867768763845152,0.999999999974679
2000,35.631939712285856,1.5,tribonacci,0.04809712138893107,0.9999999999735293
2000,36.7466194073669,1.5,tribonacci,0.04674967767338387,0.9999999999729281
2000,37.896169806447176,1.5,tribonacci,0.04620739813661076,0.9999999999725361
2000,39.08168177536266,1.5,tribonacci,0.046971240005112685,0.9999999999825658
2000,40.30428030568053,1.5,tribonacci,0.04783445851954254,1.0000000000014995
2000,41.5651255822599,1.5,tribonacci,0.047235533875969675,0.9999999999268799
2000,42.86541408420927,1.5,tribonacci,0.0462985720949546,0.9999999999697438
2000,44.20637972028532,1.5,tribonacci,0.04686673180930801,0.9999999999963982
2000,45.58929499981062,1.5,tribonacci,0.04826719000478488,0.9999999999664327
2000,47.01547224022132,1.5,tribonacci,0.04780194170267025,0.9999999999875436
2000,48.48626481239081,1.5,tribonacci,0.04634638551616234,0.9999999999655128
2000,50.00306842491092,1.5,tribonacci,0.046733650681097444,0.9999999999629627
2000,51.56732244854966,1.5,tribonacci,0.0478856059446751,0.9999999999128846
2000,53.180511282142,1.5,tribonacci,0.04673182338510004,0.9999999999255101
2000,54.84416576121018,1.5,tribonacci,0.04632954522778675,0.999999999914721
2000,56.55986461065005,1.5,tribonacci,0.048353870146906876,0.9999999999248315
2000,58.329235942862034,1.5,tribonacci,0.047856715438517515,0.999999999956833
2000,60.153958802748356,1.5,tribonacci,0.04604293897422021,0.9999999999860384
2000,62.035764761042714,1.5,tribonacci,0.0481252815189795,0.9999999999132811
2000,63.97643955748427,1.5,tribonacci,0.047540872209745025,0.999999999985756
2000,65.97782479539536,1.5,tribonacci,0.04548286168562455,0.9999999999510487
2000,68.04181968927098,1.5,tribonacci,0.049668085491463086,0.9999999998860337
2000,70.17038286703826,1.5,tribonacci,0.04708665601334345,0.9999999999100281
2000,72.36553422869653,1.5,tribonacci,0.04598194700423522,0.9999999999047257
2000,74.62935686310134,1.5,tribonacci,0.049346173521159754,0.9999999998912518
2000,76.96399902471158,1.5,tribonacci,0.045091965737716566,0.9999999999357939
2000,79.37167617217551,1.5,tribonacci,0.04950528239811314,0.9999999999634537
2000,81.8546730706903,1.5,tribonacci,0.045694337695607865,0.9999999999292191
2000,84.41534596012986,1.5,tribonacci,0.04813611829076157,0.9999999998803326
2000,87.05612479099865,1.5,tribonacci,0.045775528135343996,0.9999999998557626
2000,89.77951553033323,1.5,tribonacci,0.04741922300443729,0.999999999878534
2000,92.58810253973955,1.5,tribonacci,0.0463622350203354,0.9999999999169977
2000,95.48455102782293,1.5,tribonacci,0.047021163187066756,0.9999999999029484
2000,98.47160957933774,1.5,tribonacci,0.0452886832204535,0.9999999999196654
2000,101.5521127634568,1.5,tribonacci,0.04803331185940799,0.9999999999076713
2000,104.72898382363586,1.5,tribonacci,0.044351593196293525,0.9999999999014086
2000,108.00523745162529,1.5,tribonacci,0.048968796133561136,0.9999999999317915
2000,111.38398264826195,1.5,tribonacci,0.044239289891486545,0.9999999998043964
2000,114.86842567375535,1.5,tribonacci,0.04651254134312985,0.9999999999236384
2000,118.46187309026836,1.5,tribonacci,0.048442541400098536,0.9999999998916349
2000,122.16773489967919,1.5,tribonacci,0.04365364345249027,0.999999999915917
2000,125.98952777950272,1.5,tribonacci,0.04667413758023166,0.9999999998337121
2000,129.93087842004158,1.5,tribonacci,0.04945240814026707,0.9999999998690781
2000,133.99552696593383,1.5,tribonacci,0.04417746083871392,0.999999999859138
2000,138.18733056536323,1.5,tribonacci,0.04372809583133838,0.9999999998487241
2000,142.5102670302998,1.5,tribonacci,0.04779899549043282,0.9999999998989325
2000,146.9684386112446,1.5,tribonacci,0.049860223815724254,0.9999999998401612
2000,151.5660758900603,1.5,tribonacci,0.04647108416066697,0.9999999998240496
2000,156.30754179458157,1.5,tribonacci,0.043069087447512845,0.9999999998725905
2000,161.1973357388157,1.5,tribonacci,0.04206173084942783,0.9999999997684234
2000,166.2400978926612,1.5,tribonacci,0.0425345573223047,0.9999999997537564
2000,171.440613585197,1.5,tribonacci,0.04368208313821268,0.9999999997793663
2000,176.8038178457207,1.5,tribonacci,0.04473401904401032,0.9999999996249654
2000,182.33480008684404,1.5,tribonacci,0.044636585669547334,0.9999999995711178
2000,188.03880893409146,1.5,tribonacci,0.044285940440855064,0.9999999997353898
2000,193.9212572065829,1.5,tribonacci,0.04259652168120196,0.9999999997017764
2000,199.9877270535285,1.5,tribonacci,0.041186218308020016,0.9999999997004082
2000,206.24397525140904,1.5,tribonacci,0.04031600140037529,0.9999999994816071
2000,212.69593866686898,1.5,tribonacci,0.04180999950634662,0.9999999994641693
2000,219.3497398905058,1.5,tribonacci,0.047799674112648294,0.9999999997591015
2000,226.2116930469024,1.5,tribonacci,0.050947546475859154,0.999999999750813
2000,233.2883097864156,1.5,tribonacci,0.04096788263676158,0.999999999585641
2000,240.58630546440645,1.5,tribonacci,0.039167387876797646,0.9999999995634633
2000,248.11260551377677,1.5,tribonacci,0.05152749741981239,0.9999999994115685
2000,255.87435201685892,1.5,tribonacci,0.03890863350950238,0.9999999992899133
2000,263.87891048289345,1.5,tribonacci,0.04269204244979902,0.9999999991078093
2000,272.13387683753086,1.5,tribonacci,0.04086125215828967,0.9999999992205291
2000,280.6470846309839,1.5,tribonacci,0.04110403691173689,0.9999999995111603
2000,289.4266124716752,1.5,tribonacci,0.03632480442098107,0.9999999993961086
2000,298.4807916924327,1.5,tribonacci,0.049590950618687034,0.9999999995765684
2000,307.81821425650804,1.5,tribonacci,0.03357894331440379,0.9999999990400995
2000,317.4477409109193,1.5,tribonacci,0.02991743817015441,0.9999999989767557
2000,327.3785095948577,1.5,tribonacci,0.03426366349155688,0.9999999979331211
2000,337.61994411113403,1.5,tribonacci,0.03627382358688762,0.999999998186525
2000,348.18176306889666,1.5,tribonacci,0.03279256037180157,0.9999999975437366
2000,359.0739891061055,1.5,tribonacci,0.029992602347635663,0.9999999969092922
2000,370.30695840051413,1.5,tribonacci,0.031160834776180542,0.9999999958494672
2000,381.8913304781854,1.5,tribonacci,0.038124663956461066,0.9999999956239596
2000,393.8380983288489,1.5,tribonacci,0.03291282309796322,0.9999999927869169
2000,406.158598837698,1.5,tribonacci,0.0268865508087698,0.9999999942186881
2000,418.86452354352707,1.5,tribonacci,0.03439457756314537,0.9999999951847907
2000,431.96792973341735,1.5,tribonacci,0.03714804212426981,0.9999999930503476
2000,445.4812518844989,1.5,tribonacci,0.027364081213976845,0.9999999933812792
2000,459.41731346364764,1.5,tribonacci,0.03421563323179948,0.9999999935155943
2000,473.7893390963144,1.5,tribonacci,0.022312287366131237,0.9999999913972267
2000,488.6109671160326,1.5,tribonacci,0.02722864967031556,0.9999999905123959
2000,503.89626250651503,1.5,tribonacci,0.02163111901696993,0.9999999924385831
2000,519.6597302486197,1.5,tribonacci,0.02284604000647877,0.9999999917589512
2000,535.9163290848514,1.5,tribonacci,0.02096485963995703,0.9999999910284563
2000,552.6814857144603,1.5,tribonacci,0.02173039804274356,0.9999999903562719
2000,569.9711094326076,1.5,tribonacci,0.021431299936330014,0.999999988609894
2000,587.8016072274912,1.5,tribonacci,0.023066733657372645,0.9999999900994618
2000,606.1898993497572,1.5,tribonacci,0.022135729360657573,0.9999999870049948
2000,625.1534353689711,1.5,tribonacci,0.0207570391348484,0.9999999881058338
2000,644.7102107323869,1.5,tribonacci,0.01994829578919166,0.9999999884931104
2000,664.8787838417263,1.5,tribonacci,0.022861970086028353,0.9999999881279147
2000,685.6782936641738,1.5,tribonacci,0.030502925642712474,0.9999999868608676
2000,707.1284778942996,1.5,tribonacci,0.023613485911527225,0.9999999854550433
2000,729.2496916841444,1.5,tribonacci,0.021177534563378727,0.9999999847110502
2000,752.0629269592407,1.5,tribonacci,0.022213050799823664,0.9999999836536798
2000,775.5898323389001,1.5,tribonacci,0.023092299545667598,0.9999999841506015
2000,799.8527336796708,1.5,tribonacci,0.023506591863301052,0.9999999802002132
2000,824.8746552614581,1.5,tribonacci,0.026029827811527798,0.9999999812934376
2000,850.6793416364153,1.5,tribonacci,0.027022909506362783,0.9999999808453085
2000,877.2912801613356,1.5,tribonacci,0.02934617068862628,0.9999999799018732
2000,904.7357242349293,1.5,tribonacci,0.03000735700418564,0.9999999800840891
2000,933.038717262036,1.5,tribonacci,0.031091653165090542,0.999999976295999
2000,962.2271173675134,1.5,tribonacci,0.023549768905087733,0.9999999771318233
2000,992.3286228832545,1.5,tribonacci,0.02477151562442885,0.9999999763604027
2000,1023.3717986325192,1.5,tribonacci,0.02628821923463461,0.9999999751777325
2000,1055.386103036523,1.5,tribonacci,0.02020308465137843,0.9999999731646645
2000,1088.4019160690054,1.5,tribonacci,0.02139346525966168,0.9999999732935826
2000,1122.4505680853058,1.5,tribonacci,0.026194396552315258,0.9999999706783794
2000,1157.5643695533035,1.5,tribonacci,0.024567523916912082,0.99999996854901
2000,1193.7766417144358,1.5,tribonacci,0.020713023788619413,0.9999999678717462
2000,1231.1217482038908,1.5,tribonacci,0.027208767047288876,0.999999967548968
2000,1269.6351276599742,1.5,tribonacci,0.024591103618152952,0.9999999660395321
2000,1309.353327353611,1.5,tribonacci,0.021053445246249566,0.99999996284631
2000,1350.3140378698736,1.5,tribonacci,0.01971358601466455,0.9999999633504464
2000,1392.5561288744634,1.5,tribonacci,0.018591672682205115,0.9999999628345669
2000,1436.1196859990787,1.5,tribonacci,0.027431026608564446,0.9999999588574692
2000,1481.0460488806755,1.5,tribonacci,0.01881901984349189,0.9999999583434543
2000,1527.377850390714,1.5,tribonacci,0.019656994032616896,0.9999999576511648
2000,1575.1590570916228,1.5,tribonacci,0.027183503346090262,0.9999999561300003
2000,1624.435010958867,1.5,tribonacci,0.0222730488427483,0.9999999547828119
2000,1675.2524724082155,1.5,tribonacci,0.03235881467278026,0.9999999522747232
2000,1727.6596646690364,1.5,tribonacci,0.023363665869564215,0.99999995003457
2000,1781.7063195457306,1.5,tribonacci,0.024507016869953633,0.9999999480652784
2000,1837.4437246107268,1.5,tribonacci,0.020934199466317988,0.9999999474773773
2000,1894.9247718738216,1.5,tribonacci,0.018551803577948767,0.9999999441217071
2000,1954.2040079740534,1.5,tribonacci,0.021882102968236936,0.9999999402657571
2000,2015.337685941733,1.5,tribonacci,0.01832269030922813,0.9999999389378055
2000,2078.383818579757,1.5,tribonacci,0.020346536240399456,0.9999999359952845
2000,2143.4022335148566,1.5,tribonacci,0.025705070902965792,0.9999999354530249
2000,2210.4546299710214,1.5,tribonacci,0.01831308529123265,0.9999999310943876
2000,2279.6046373189797,1.5,tribonacci,0.017622483421392957,0.9999999301499949
2000,2350.9178754572868,1.5,tribonacci,0.02093063330828844,0.999999928576619
2000,2424.462017082328,1.5,tribonacci,0.01993497794369305,0.9999999247942133
2000,2500.306851906324,1.5,tribonacci,0.016889471579705297,0.9999999224946018
2000,2578.524352884274,1.5,tribonacci,0.020164677630741142,0.9999999170375585
2000,2659.1887445126936,1.5,tribonacci,0.017046898457614465,0.9999999161448875
2000,2742.3765732649495,1.5,tribonacci,0.015993733964326816,0.9999999121488913
2000,2828.166780230032,1.5,tribonacci,0.01632462134318324,0.9999999087610015
2000,2916.640776023704,1.5,tribonacci,0.018031272086295107,0.9999999070771063
2000,3007.882518043099,1.5,tribonacci,0.017707503883496647,0.9999999040270344
2000,3101.978590138097,1.5,tribonacci,0.014950807897014187,0.9999999013717504
2000,3199.018284775064,1.5,tribonacci,0.01493825765574152,0.999999899326817
2000,3299.093687770939,1.5,tribonacci,0.016602183332792973,0.9999998946951639
2000,3402.2997656780676,1.5,tribonacci,0.01515694877806968,0.999999891545643
2000,3508.7344559027115,1.5,tribonacci,0.01310830707639315,0.9999998879025624
2000,3618.4987596427463,1.5,tribonacci,0.016497687831183515,0.9999998837720195
2000,3731.6968377327516,1.5,tribonacci,0.0163634762957545,0.9999998792538947
2000,3848.436109487429,1.5,tribonacci,0.014646517055758083,0.9999998752824772
2000,3968.827354637162,1.5,tribonacci,0.01681795750972507,0.9999998730826293
2000,4092.984818452438,1.5,tribonacci,0.015009432090981134,0.9999998692465277
2000,4221.026320156899,1.5,tribonacci,0.017782199623124238,0.9999998649606457
2000,4353.0733647318875,1.5,tribonacci,0.013612998512450661,0.99999986110155
2000,4489.251258218603,1.5,tribonacci,0.019518854782840735,0.9999998572109708
2000,4629.689226627263,1.5,tribonacci,0.013254456590761856,0.9999998523549635
2000,4774.520538566127,1.5,tribonacci,0.015776672231259364,0.9999998488703477
2000,4923.882631706737,1.5,tribonacci,0.016166703906782685,0.9999998436960092
2000,5077.917243205398,1.5,tribonacci,0.013873976197599764,0.9999998381543576
2000,5236.77054420465,1.5,tribonacci,0.013375105787691978,0.999999832760011
2000,5400.593278542368,1.5,tribonacci,0.013077997912500298,0.9999998285412834
2000,5569.5409058001305,1.5,tribonacci,0.01261966680847733,0.9999998241292357
2000,5743.773748826581,1.5,tribonacci,0.012594670273016818,0.9999998176630749
2000,5923.4571458758055,1.5,tribonacci,0.013397372310827443,0.9999998121504279
2000,6108.76160750504,1.5,tribonacci,0.011065694369020124,0.9999998066074955
2000,6299.862978380694,1.5,tribonacci,0.013632507615104237,0.9999997996059702
2000,6496.942604146125,1.5,tribonacci,0.012383868576176361,0.9999997941912034
2000,6700.18750350959,1.5,tribonacci,0.013825910857438428,0.9999997893217042
2000,6909.790545715645,1.5,tribonacci,0.012030938641421428,0.9999997824913469
2000,7125.950633568411,1.5,tribonacci,0.014057377927627852,0.9999997734358174
2000,7348.872892180388,1.5,tribonacci,0.013177565264623272,0.9999997685257968
2000,7578.76886362593,1.5,tribonacci,0.010548938399841288,0.9999997618223642
2000,7815.856707684091,1.5,tribonacci,0.009462213364002579,0.9999997546484851
2000,8060.361408861345,1.5,tribonacci,0.010734028787942865,0.999999748467404
2000,8312.514989890631,1.5,tribonacci,0.009874117516648153,0.99999973977296
2000,8572.556731909324,1.5,tribonacci,0.011119005994643605,0.9999997342188737
2000,8840.733401525064,1.5,tribonacci,0.010596406132775269,0.9999997241571511
2000,9117.299484984922,1.5,tribonacci,0.01111906531770156,0.9999997158590108
2000,9402.517429670132,1.5,tribonacci,0.009928273971407095,0.9999997082327278
2000,9696.65789314552,1.5,tribonacci,0.011338103988980658,0.9999997004344721
2000,10000.0,1.5,tribonacci,0.010706468928807174,0.9999996911476527
